NOM_USUEL;AAAAMMJJ;TN;TX
CLERMONT-FD;20000101;4.3;9.2
CLERMONT-FD;20000102;5.6;8.4
CLERMONT-FD;20000103;-1.7;7.3
CLERMONT-FD;20000104;-2.0;12.5
CLERMONT-FD;20000105;4.5;12.8
CLERMONT-FD;20000106;0.1;12.3
CLERMONT-FD;20000107;2.0;8.0
CLERMONT-FD;20000108;-0.9;7.0
CLERMONT-FD;20000109;3.3;6.7
CLERMONT-FD;20000110;1.7;2.8
CLERMONT-FD;20000111;0.9;2.9
CLERMONT-FD;20000112;-0.4;2.0
CLERMONT-FD;20000113;-9.4;6.9
CLERMONT-FD;20000114;-4.4;9.3
CLERMONT-FD;20000115;-2.0;5.1
CLERMONT-FD;20000116;-5.5;0.9
CLERMONT-FD;20000117;-6.1;2.8
CLERMONT-FD;20000118;0.5;5.0
CLERMONT-FD;20000119;2.1;4.4
CLERMONT-FD;20000120;-3.7;2.1
CLERMONT-FD;20000121;-2.6;2.2
CLERMONT-FD;20000122;1.0;4.7
CLERMONT-FD;20000123;1.4;3.7
CLERMONT-FD;20000124;-0.6;0.9
CLERMONT-FD;20000125;-6.9;-2.9
CLERMONT-FD;20000126;-9.7;4.8
CLERMONT-FD;20000127;-5.7;8.6
CLERMONT-FD;20000128;-1.9;11.5
CLERMONT-FD;20000129;0.7;11.2
CLERMONT-FD;20000130;10.1;13.3
CLERMONT-FD;20000131;1.6;13.2
CLERMONT-FD;20000201;1.1;18.1
CLERMONT-FD;20000202;9.8;13.7
CLERMONT-FD;20000203;3.3;7.7
CLERMONT-FD;20000204;-1.2;12.3
CLERMONT-FD;20000205;-0.5;17.0
CLERMONT-FD;20000206;0.0;17.3
CLERMONT-FD;20000207;6.7;12.6
CLERMONT-FD;20000208;9.1;14.0
CLERMONT-FD;20000209;5.3;10.5
CLERMONT-FD;20000210;-0.9;15.8
CLERMONT-FD;20000211;2.9;6.8
CLERMONT-FD;20000212;-4.2;7.9
CLERMONT-FD;20000213;2.9;8.9
CLERMONT-FD;20000214;4.5;12.3
CLERMONT-FD;20000215;7.5;13.9
CLERMONT-FD;20000216;3.6;9.2
CLERMONT-FD;20000217;1.5;8.1
CLERMONT-FD;20000218;0.7;13.1
CLERMONT-FD;20000219;6.5;10.1
CLERMONT-FD;20000220;1.4;6.0
CLERMONT-FD;20000221;-5.9;6.7
CLERMONT-FD;20000222;-5.1;7.8
CLERMONT-FD;20000223;-4.6;10.5
CLERMONT-FD;20000224;0.6;14.1
CLERMONT-FD;20000225;3.5;14.4
CLERMONT-FD;20000226;4.3;16.1
CLERMONT-FD;20000227;3.4;21.6
CLERMONT-FD;20000228;8.7;17.5
CLERMONT-FD;20000229;5.9;12.3
CLERMONT-FD;20000301;5.2;10.8
CLERMONT-FD;20000302;1.6;9.8
CLERMONT-FD;20000303;0.2;12.6
CLERMONT-FD;20000304;4.1;8.8
CLERMONT-FD;20000305;-6.1;8.1
CLERMONT-FD;20000306;-3.8;13.4
CLERMONT-FD;20000307;0.6;15.3
CLERMONT-FD;20000308;-2.5;16.0
CLERMONT-FD;20000309;1.9;18.9
CLERMONT-FD;20000310;4.1;14.9
CLERMONT-FD;20000311;2.4;19.1
CLERMONT-FD;20000312;3.5;14.6
CLERMONT-FD;20000313;-1.2;15.4
CLERMONT-FD;20000314;0.2;17.5
CLERMONT-FD;20000315;6.1;10.5
CLERMONT-FD;20000316;-3.3;11.7
CLERMONT-FD;20000317;5.5;12.7
CLERMONT-FD;20000318;7.0;8.3
CLERMONT-FD;20000319;3.0;8.0
CLERMONT-FD;20000320;2.8;13.0
CLERMONT-FD;20000321;0.2;17.1
CLERMONT-FD;20000322;2.7;18.4
CLERMONT-FD;20000323;8.3;16.3
CLERMONT-FD;20000324;7.3;13.5
CLERMONT-FD;20000325;4.0;17.0
CLERMONT-FD;20000326;4.6;10.6
CLERMONT-FD;20000327;0.7;9.4
CLERMONT-FD;20000328;2.4;9.1
CLERMONT-FD;20000329;2.6;6.2
CLERMONT-FD;20000330;2.3;11.1
CLERMONT-FD;20000331;0.0;13.5
CLERMONT-FD;20000401;4.7;12.7
CLERMONT-FD;20000402;0.1;16.7
CLERMONT-FD;20000403;7.7;17.3
CLERMONT-FD;20000404;1.6;15.2
CLERMONT-FD;20000405;5.0;7.1
CLERMONT-FD;20000406;3.7;6.7
CLERMONT-FD;20000407;0.7;12.5
CLERMONT-FD;20000408;-0.8;18.9
CLERMONT-FD;20000409;5.5;11.5
CLERMONT-FD;20000410;2.8;14.8
CLERMONT-FD;20000411;7.6;14.4
CLERMONT-FD;20000412;4.3;12.6
CLERMONT-FD;20000413;5.7;14.3
CLERMONT-FD;20000414;6.7;19.6
CLERMONT-FD;20000415;6.6;15.0
CLERMONT-FD;20000416;3.6;16.9
CLERMONT-FD;20000417;5.5;15.7
CLERMONT-FD;20000418;3.1;18.3
CLERMONT-FD;20000419;7.7;17.4
CLERMONT-FD;20000420;4.5;22.6
CLERMONT-FD;20000421;11.9;24.2
CLERMONT-FD;20000422;11.5;25.6
CLERMONT-FD;20000423;10.1;12.0
CLERMONT-FD;20000424;3.2;16.6
CLERMONT-FD;20000425;5.2;23.7
CLERMONT-FD;20000426;11.5;22.8
CLERMONT-FD;20000427;6.0;14.4
CLERMONT-FD;20000428;9.0;11.6
CLERMONT-FD;20000429;3.0;17.7
CLERMONT-FD;20000430;4.3;22.3
CLERMONT-FD;20000501;7.9;23.0
CLERMONT-FD;20000502;9.6;22.8
CLERMONT-FD;20000503;10.9;22.5
CLERMONT-FD;20000504;8.6;26.8
CLERMONT-FD;20000505;13.0;24.7
CLERMONT-FD;20000506;10.0;15.6
CLERMONT-FD;20000507;9.9;22.1
CLERMONT-FD;20000508;9.9;24.2
CLERMONT-FD;20000509;11.1;21.3
CLERMONT-FD;20000510;11.1;22.2
CLERMONT-FD;20000511;10.7;20.5
CLERMONT-FD;20000512;9.3;23.2
CLERMONT-FD;20000513;10.4;22.6
CLERMONT-FD;20000514;8.9;24.2
CLERMONT-FD;20000515;13.1;28.9
CLERMONT-FD;20000516;12.5;29.2
CLERMONT-FD;20000517;12.8;15.3
CLERMONT-FD;20000518;9.0;16.4
CLERMONT-FD;20000519;8.7;15.6
CLERMONT-FD;20000520;9.1;17.4
CLERMONT-FD;20000521;6.7;20.4
CLERMONT-FD;20000522;7.8;17.7
CLERMONT-FD;20000523;4.3;20.5
CLERMONT-FD;20000524;9.1;25.9
CLERMONT-FD;20000525;14.6;21.8
CLERMONT-FD;20000526;11.1;26.6
CLERMONT-FD;20000527;11.0;19.7
CLERMONT-FD;20000528;11.8;18.0
CLERMONT-FD;20000529;9.9;19.0
CLERMONT-FD;20000530;12.2;22.4
CLERMONT-FD;20000531;14.6;20.4
CLERMONT-FD;20000601;9.8;28.3
CLERMONT-FD;20000602;16.1;31.2
CLERMONT-FD;20000603;16.7;30.6
CLERMONT-FD;20000604;14.8;27.0
CLERMONT-FD;20000605;15.0;20.3
CLERMONT-FD;20000606;11.3;18.2
CLERMONT-FD;20000607;7.8;19.9
CLERMONT-FD;20000608;8.0;29.7
CLERMONT-FD;20000609;18.1;28.3
CLERMONT-FD;20000610;13.4;17.4
CLERMONT-FD;20000611;11.1;13.9
CLERMONT-FD;20000612;10.0;21.3
CLERMONT-FD;20000613;14.2;22.9
CLERMONT-FD;20000614;14.5;26.4
CLERMONT-FD;20000615;13.0;26.2
CLERMONT-FD;20000616;13.9;24.8
CLERMONT-FD;20000617;11.0;25.3
CLERMONT-FD;20000618;10.2;30.6
CLERMONT-FD;20000619;15.4;31.4
CLERMONT-FD;20000620;12.3;30.9
CLERMONT-FD;20000621;13.1;30.2
CLERMONT-FD;20000622;14.8;19.3
CLERMONT-FD;20000623;12.9;18.8
CLERMONT-FD;20000624;13.4;20.0
CLERMONT-FD;20000625;11.1;18.7
CLERMONT-FD;20000626;8.2;21.6
CLERMONT-FD;20000627;7.5;26.6
CLERMONT-FD;20000628;15.4;24.4
CLERMONT-FD;20000629;16.4;22.5
CLERMONT-FD;20000630;11.7;27.1
CLERMONT-FD;20000701;14.6;30.4
CLERMONT-FD;20000702;15.2;34.5
CLERMONT-FD;20000703;14.7;27.2
CLERMONT-FD;20000704;14.1;23.7
CLERMONT-FD;20000705;11.9;24.8
CLERMONT-FD;20000706;11.7;31.0
CLERMONT-FD;20000707;16.0;24.9
CLERMONT-FD;20000708;13.1;19.9
CLERMONT-FD;20000709;11.8;20.6
CLERMONT-FD;20000710;14.8;20.7
CLERMONT-FD;20000711;10.9;16.0
CLERMONT-FD;20000712;9.8;18.0
CLERMONT-FD;20000713;9.7;19.8
CLERMONT-FD;20000714;15.2;19.6
CLERMONT-FD;20000715;12.7;19.1
CLERMONT-FD;20000716;9.8;16.5
CLERMONT-FD;20000717;4.7;21.9
CLERMONT-FD;20000718;7.1;24.8
CLERMONT-FD;20000719;9.2;23.3
CLERMONT-FD;20000720;9.2;24.5
CLERMONT-FD;20000721;9.1;26.8
CLERMONT-FD;20000722;11.2;30.8
CLERMONT-FD;20000723;16.2;29.6
CLERMONT-FD;20000724;14.8;24.5
CLERMONT-FD;20000725;12.8;22.2
CLERMONT-FD;20000726;12.2;25.7
CLERMONT-FD;20000727;14.1;24.8
CLERMONT-FD;20000728;12.4;25.1
CLERMONT-FD;20000729;13.6;23.2
CLERMONT-FD;20000730;11.5;24.4
CLERMONT-FD;20000731;10.4;28.2
CLERMONT-FD;20000801;14.5;33.3
CLERMONT-FD;20000802;17.5;23.9
CLERMONT-FD;20000803;13.7;23.7
CLERMONT-FD;20000804;11.8;19.2
CLERMONT-FD;20000805;11.3;21.9
CLERMONT-FD;20000806;13.9;23.1
CLERMONT-FD;20000807;10.6;25.1
CLERMONT-FD;20000808;12.2;25.3
CLERMONT-FD;20000809;13.1;28.5
CLERMONT-FD;20000810;15.1;31.0
CLERMONT-FD;20000811;15.8;32.2
CLERMONT-FD;20000812;16.2;30.6
CLERMONT-FD;20000813;14.0;28.3
CLERMONT-FD;20000814;15.6;29.1
CLERMONT-FD;20000815;18.7;29.0
CLERMONT-FD;20000816;13.9;29.7
CLERMONT-FD;20000817;16.0;25.6
CLERMONT-FD;20000818;17.7;27.5
CLERMONT-FD;20000819;19.7;31.3
CLERMONT-FD;20000820;18.8;33.3
CLERMONT-FD;20000821;16.6;19.4
CLERMONT-FD;20000822;10.7;23.9
CLERMONT-FD;20000823;13.2;30.4
CLERMONT-FD;20000824;14.6;33.4
CLERMONT-FD;20000825;16.6;34.2
CLERMONT-FD;20000826;17.3;28.0
CLERMONT-FD;20000827;13.2;22.6
CLERMONT-FD;20000828;11.2;21.5
CLERMONT-FD;20000829;9.8;25.0
CLERMONT-FD;20000830;14.1;25.8
CLERMONT-FD;20000831;12.4;22.5
CLERMONT-FD;20000901;12.2;24.3
CLERMONT-FD;20000902;13.3;20.9
CLERMONT-FD;20000903;13.2;19.1
CLERMONT-FD;20000904;10.4;18.2
CLERMONT-FD;20000905;5.1;20.6
CLERMONT-FD;20000906;7.7;23.1
CLERMONT-FD;20000907;15.8;23.3
CLERMONT-FD;20000908;10.0;24.6
CLERMONT-FD;20000909;10.7;27.3
CLERMONT-FD;20000910;11.7;29.7
CLERMONT-FD;20000911;13.4;31.0
CLERMONT-FD;20000912;16.1;27.9
CLERMONT-FD;20000913;14.3;25.4
CLERMONT-FD;20000914;13.8;28.0
CLERMONT-FD;20000915;10.8;31.7
CLERMONT-FD;20000916;15.1;22.0
CLERMONT-FD;20000917;7.5;21.1
CLERMONT-FD;20000918;8.2;23.2
CLERMONT-FD;20000919;11.2;24.7
CLERMONT-FD;20000920;7.4;17.9
CLERMONT-FD;20000921;6.3;19.8
CLERMONT-FD;20000922;9.9;24.1
CLERMONT-FD;20000923;10.8;27.3
CLERMONT-FD;20000924;13.2;26.2
CLERMONT-FD;20000925;15.9;24.2
CLERMONT-FD;20000926;12.9;28.7
CLERMONT-FD;20000927;15.3;23.7
CLERMONT-FD;20000928;15.5;26.8
CLERMONT-FD;20000929;12.7;13.9
CLERMONT-FD;20000930;7.5;17.8
CLERMONT-FD;20001001;10.7;18.2
CLERMONT-FD;20001002;10.2;14.8
CLERMONT-FD;20001003;4.9;16.2
CLERMONT-FD;20001004;6.3;18.9
CLERMONT-FD;20001005;9.8;17.2
CLERMONT-FD;20001006;7.2;13.9
CLERMONT-FD;20001007;2.6;13.9
CLERMONT-FD;20001008;4.0;17.0
CLERMONT-FD;20001009;8.1;15.5
CLERMONT-FD;20001010;9.6;15.4
CLERMONT-FD;20001011;10.2;14.1
CLERMONT-FD;20001012;7.4;13.2
CLERMONT-FD;20001013;6.1;12.6
CLERMONT-FD;20001014;8.7;13.1
CLERMONT-FD;20001015;10.3;11.9
CLERMONT-FD;20001016;8.0;16.0
CLERMONT-FD;20001017;7.0;15.9
CLERMONT-FD;20001018;5.2;18.5
CLERMONT-FD;20001019;8.8;15.9
CLERMONT-FD;20001020;7.5;20.4
CLERMONT-FD;20001021;13.6;21.2
CLERMONT-FD;20001022;6.6;21.9
CLERMONT-FD;20001023;6.3;21.8
CLERMONT-FD;20001024;12.7;21.0
CLERMONT-FD;20001025;7.4;23.0
CLERMONT-FD;20001026;12.3;18.8
CLERMONT-FD;20001027;9.7;16.0
CLERMONT-FD;20001028;2.3;24.1
CLERMONT-FD;20001029;9.9;15.8
CLERMONT-FD;20001030;9.1;17.3
CLERMONT-FD;20001031;8.8;14.1
CLERMONT-FD;20001101;6.7;14.8
CLERMONT-FD;20001102;9.0;16.4
CLERMONT-FD;20001103;7.6;12.7
CLERMONT-FD;20001104;4.2;12.1
CLERMONT-FD;20001105;0.1;13.7
CLERMONT-FD;20001106;8.8;14.2
CLERMONT-FD;20001107;7.7;11.6
CLERMONT-FD;20001108;6.4;9.8
CLERMONT-FD;20001109;5.1;12.2
CLERMONT-FD;20001110;4.6;11.4
CLERMONT-FD;20001111;-1.2;14.0
CLERMONT-FD;20001112;9.9;18.1
CLERMONT-FD;20001113;9.6;13.6
CLERMONT-FD;20001114;5.0;12.0
CLERMONT-FD;20001115;2.2;11.3
CLERMONT-FD;20001116;0.4;12.0
CLERMONT-FD;20001117;1.9;8.4
CLERMONT-FD;20001118;2.5;9.0
CLERMONT-FD;20001119;5.5;14.1
CLERMONT-FD;20001120;3.4;10.9
CLERMONT-FD;20001121;1.5;12.1
CLERMONT-FD;20001122;9.6;13.9
CLERMONT-FD;20001123;6.7;15.6
CLERMONT-FD;20001124;2.7;10.5
CLERMONT-FD;20001125;2.4;13.2
CLERMONT-FD;20001126;5.3;11.1
CLERMONT-FD;20001127;5.7;15.6
CLERMONT-FD;20001128;8.6;16.0
CLERMONT-FD;20001129;11.9;16.2
CLERMONT-FD;20001130;8.4;17.3
CLERMONT-FD;20001201;10.3;15.9
CLERMONT-FD;20001202;9.9;15.9
CLERMONT-FD;20001203;4.1;11.9
CLERMONT-FD;20001204;0.0;13.0
CLERMONT-FD;20001205;6.3;15.2
CLERMONT-FD;20001206;11.3;15.9
CLERMONT-FD;20001207;8.6;17.4
CLERMONT-FD;20001208;10.1;15.0
CLERMONT-FD;20001209;5.8;10.1
CLERMONT-FD;20001210;5.7;14.5
CLERMONT-FD;20001211;1.7;13.9
CLERMONT-FD;20001212;3.7;19.1
CLERMONT-FD;20001213;11.2;14.7
CLERMONT-FD;20001214;7.2;12.9
CLERMONT-FD;20001215;4.8;9.0
CLERMONT-FD;20001216;1.0;7.4
CLERMONT-FD;20001217;3.9;8.0
CLERMONT-FD;20001218;3.6;11.3
CLERMONT-FD;20001219;4.2;15.6
CLERMONT-FD;20001220;2.0;13.7
CLERMONT-FD;20001221;-1.2;13.6
CLERMONT-FD;20001222;-0.8;13.0
CLERMONT-FD;20001223;4.0;12.1
CLERMONT-FD;20001224;5.6;11.6
CLERMONT-FD;20001225;2.6;12.8
CLERMONT-FD;20001226;3.8;13.0
CLERMONT-FD;20001227;5.1;11.2
CLERMONT-FD;20001228;2.3;7.2
CLERMONT-FD;20001229;-2.7;6.5
CLERMONT-FD;20001230;-0.9;2.8
CLERMONT-FD;20001231;-5.3;7.9
CLERMONT-FD;20010101;0.8;12.3
CLERMONT-FD;20010102;7.2;14.2
CLERMONT-FD;20010103;6.2;11.5
CLERMONT-FD;20010104;7.2;12.2
CLERMONT-FD;20010105;6.4;16.3
CLERMONT-FD;20010106;5.5;8.9
CLERMONT-FD;20010107;4.0;10.2
CLERMONT-FD;20010108;3.1;5.8
CLERMONT-FD;20010109;-3.1;7.5
CLERMONT-FD;20010110;5.1;14.0
CLERMONT-FD;20010111;8.3;15.2
CLERMONT-FD;20010112;8.3;13.3
CLERMONT-FD;20010113;0.7;4.0
CLERMONT-FD;20010114;-0.9;2.4
CLERMONT-FD;20010115;-0.5;6.8
CLERMONT-FD;20010116;2.0;3.9
CLERMONT-FD;20010117;-0.3;8.5
CLERMONT-FD;20010118;1.2;9.1
CLERMONT-FD;20010119;3.9;7.8
CLERMONT-FD;20010120;2.1;5.8
CLERMONT-FD;20010121;-1.3;8.9
CLERMONT-FD;20010122;0.7;11.0
CLERMONT-FD;20010123;7.8;14.0
CLERMONT-FD;20010124;6.0;12.3
CLERMONT-FD;20010125;4.5;10.1
CLERMONT-FD;20010126;1.6;10.4
CLERMONT-FD;20010127;3.5;9.7
CLERMONT-FD;20010128;-0.2;5.8
CLERMONT-FD;20010129;2.6;3.6
CLERMONT-FD;20010130;0.4;3.9
CLERMONT-FD;20010131;-2.8;3.7
CLERMONT-FD;20010201;-0.1;4.3
CLERMONT-FD;20010202;-5.8;6.9
CLERMONT-FD;20010203;2.2;13.0
CLERMONT-FD;20010204;5.8;14.7
CLERMONT-FD;20010205;7.3;12.7
CLERMONT-FD;20010206;9.5;15.8
CLERMONT-FD;20010207;11.1;17.0
CLERMONT-FD;20010208;7.5;14.1
CLERMONT-FD;20010209;4.0;7.5
CLERMONT-FD;20010210;1.8;11.5
CLERMONT-FD;20010211;2.1;16.8
CLERMONT-FD;20010212;2.4;19.9
CLERMONT-FD;20010213;6.7;8.2
CLERMONT-FD;20010214;4.6;10.7
CLERMONT-FD;20010215;-1.9;14.0
CLERMONT-FD;20010216;-4.4;11.5
CLERMONT-FD;20010217;2.8;5.5
CLERMONT-FD;20010218;2.2;4.8
CLERMONT-FD;20010219;-3.9;9.7
CLERMONT-FD;20010220;-2.9;5.6
CLERMONT-FD;20010221;-3.5;7.8
CLERMONT-FD;20010222;-1.8;9.1
CLERMONT-FD;20010223;5.4;10.0
CLERMONT-FD;20010224;-0.1;6.3
CLERMONT-FD;20010225;-3.6;1.6
CLERMONT-FD;20010226;-10.5;4.5
CLERMONT-FD;20010227;-4.9;9.6
CLERMONT-FD;20010228;-0.6;6.9
CLERMONT-FD;20010301;0.7;8.5
CLERMONT-FD;20010302;-2.5;12.9
CLERMONT-FD;20010303;3.6;11.1
CLERMONT-FD;20010304;5.0;10.5
CLERMONT-FD;20010305;1.8;12.7
CLERMONT-FD;20010306;1.7;20.7
CLERMONT-FD;20010307;12.3;21.4
CLERMONT-FD;20010308;9.1;12.4
CLERMONT-FD;20010309;4.8;14.6
CLERMONT-FD;20010310;9.4;18.2
CLERMONT-FD;20010311;10.9;19.6
CLERMONT-FD;20010312;9.4;12.4
CLERMONT-FD;20010313;4.3;13.8
CLERMONT-FD;20010314;7.2;12.7
CLERMONT-FD;20010315;7.1;16.7
CLERMONT-FD;20010316;4.5;19.1
CLERMONT-FD;20010317;7.5;13.8
CLERMONT-FD;20010318;6.4;14.5
CLERMONT-FD;20010319;6.1;14.0
CLERMONT-FD;20010320;8.5;19.4
CLERMONT-FD;20010321;12.4;16.1
CLERMONT-FD;20010322;11.6;18.0
CLERMONT-FD;20010323;10.9;23.3
CLERMONT-FD;20010324;8.3;26.4
CLERMONT-FD;20010325;9.3;15.4
CLERMONT-FD;20010326;6.4;10.7
CLERMONT-FD;20010327;3.7;13.9
CLERMONT-FD;20010328;6.2;13.8
CLERMONT-FD;20010329;5.4;12.6
CLERMONT-FD;20010330;5.2;11.8
CLERMONT-FD;20010331;-1.3;15.4
CLERMONT-FD;20010401;1.4;20.4
CLERMONT-FD;20010402;7.1;22.9
CLERMONT-FD;20010403;8.6;16.8
CLERMONT-FD;20010404;9.2;14.2
CLERMONT-FD;20010405;3.7;14.6
CLERMONT-FD;20010406;10.8;16.9
CLERMONT-FD;20010407;7.0;12.4
CLERMONT-FD;20010408;5.5;10.9
CLERMONT-FD;20010409;5.4;14.5
CLERMONT-FD;20010410;8.6;14.0
CLERMONT-FD;20010411;6.0;9.6
CLERMONT-FD;20010412;6.5;10.7
CLERMONT-FD;20010413;2.4;9.0
CLERMONT-FD;20010414;-2.8;9.1
CLERMONT-FD;20010415;0.9;11.7
CLERMONT-FD;20010416;5.9;11.3
CLERMONT-FD;20010417;4.3;9.8
CLERMONT-FD;20010418;-0.5;12.8
CLERMONT-FD;20010419;3.4;7.2
CLERMONT-FD;20010420;1.2;8.8
CLERMONT-FD;20010421;0.6;6.9
CLERMONT-FD;20010422;-1.8;11.8
CLERMONT-FD;20010423;4.1;11.7
CLERMONT-FD;20010424;4.2;21.5
CLERMONT-FD;20010425;7.9;15.1
CLERMONT-FD;20010426;7.9;17.3
CLERMONT-FD;20010427;5.3;18.4
CLERMONT-FD;20010428;9.6;18.6
CLERMONT-FD;20010429;10.0;13.4
CLERMONT-FD;20010430;8.7;16.3
CLERMONT-FD;20010501;4.7;16.5
CLERMONT-FD;20010502;8.4;16.4
CLERMONT-FD;20010503;8.2;16.6
CLERMONT-FD;20010504;5.7;12.0
CLERMONT-FD;20010505;6.6;9.4
CLERMONT-FD;20010506;7.1;8.5
CLERMONT-FD;20010507;7.4;10.1
CLERMONT-FD;20010508;9.2;14.8
CLERMONT-FD;20010509;7.1;22.2
CLERMONT-FD;20010510;10.4;21.3
CLERMONT-FD;20010511;9.3;23.0
CLERMONT-FD;20010512;8.0;24.7
CLERMONT-FD;20010513;11.9;25.4
CLERMONT-FD;20010514;11.8;19.0
CLERMONT-FD;20010515;11.3;22.0
CLERMONT-FD;20010516;10.4;22.8
CLERMONT-FD;20010517;13.7;20.8
CLERMONT-FD;20010518;6.2;16.1
CLERMONT-FD;20010519;4.1;18.8
CLERMONT-FD;20010520;6.1;21.7
CLERMONT-FD;20010521;8.6;22.9
CLERMONT-FD;20010522;10.7;22.5
CLERMONT-FD;20010523;13.1;23.4
CLERMONT-FD;20010524;11.9;24.0
CLERMONT-FD;20010525;14.4;24.2
CLERMONT-FD;20010526;11.2;23.2
CLERMONT-FD;20010527;13.2;26.7
CLERMONT-FD;20010528;12.7;29.1
CLERMONT-FD;20010529;13.5;29.5
CLERMONT-FD;20010530;14.9;31.0
CLERMONT-FD;20010531;17.9;23.1
CLERMONT-FD;20010601;8.2;20.4
CLERMONT-FD;20010602;7.0;22.4
CLERMONT-FD;20010603;8.2;16.9
CLERMONT-FD;20010604;2.7;20.8
CLERMONT-FD;20010605;7.8;25.9
CLERMONT-FD;20010606;13.9;21.9
CLERMONT-FD;20010607;7.4;21.6
CLERMONT-FD;20010608;9.7;21.4
CLERMONT-FD;20010609;13.6;17.6
CLERMONT-FD;20010610;12.4;17.6
CLERMONT-FD;20010611;8.6;18.4
CLERMONT-FD;20010612;4.7;23.6
CLERMONT-FD;20010613;11.8;25.5
CLERMONT-FD;20010614;10.3;26.7
CLERMONT-FD;20010615;13.5;20.4
CLERMONT-FD;20010616;11.7;21.2
CLERMONT-FD;20010617;12.6;19.4
CLERMONT-FD;20010618;11.5;17.5
CLERMONT-FD;20010619;4.9;20.0
CLERMONT-FD;20010620;6.2;24.9
CLERMONT-FD;20010621;10.6;28.6
CLERMONT-FD;20010622;13.5;29.1
CLERMONT-FD;20010623;9.9;28.8
CLERMONT-FD;20010624;12.8;30.3
CLERMONT-FD;20010625;13.9;32.4
CLERMONT-FD;20010626;18.2;35.1
CLERMONT-FD;20010627;16.0;17.4
CLERMONT-FD;20010628;13.4;24.2
CLERMONT-FD;20010629;10.0;27.8
CLERMONT-FD;20010630;14.5;30.7
CLERMONT-FD;20010701;13.3;26.1
CLERMONT-FD;20010702;11.1;29.1
CLERMONT-FD;20010703;14.6;33.2
CLERMONT-FD;20010704;16.6;26.3
CLERMONT-FD;20010705;16.1;23.6
CLERMONT-FD;20010706;14.1;29.0
CLERMONT-FD;20010707;14.3;21.7
CLERMONT-FD;20010708;15.4;21.8
CLERMONT-FD;20010709;10.3;24.7
CLERMONT-FD;20010710;13.2;25.5
CLERMONT-FD;20010711;15.5;22.2
CLERMONT-FD;20010712;11.2;24.2
CLERMONT-FD;20010713;16.0;26.3
CLERMONT-FD;20010714;18.2;26.3
CLERMONT-FD;20010715;12.7;19.7
CLERMONT-FD;20010716;7.9;21.9
CLERMONT-FD;20010717;11.1;21.9
CLERMONT-FD;20010718;13.4;21.8
CLERMONT-FD;20010719;13.2;21.7
CLERMONT-FD;20010720;12.7;19.6
CLERMONT-FD;20010721;6.4;26.0
CLERMONT-FD;20010722;12.9;30.8
CLERMONT-FD;20010723;15.3;28.4
CLERMONT-FD;20010724;12.3;27.6
CLERMONT-FD;20010725;14.2;30.3
CLERMONT-FD;20010726;15.6;31.4
CLERMONT-FD;20010727;18.5;30.7
CLERMONT-FD;20010728;15.9;27.4
CLERMONT-FD;20010729;16.4;30.5
CLERMONT-FD;20010730;16.8;30.6
CLERMONT-FD;20010731;15.8;31.5
CLERMONT-FD;20010801;15.7;32.6
CLERMONT-FD;20010802;21.2;33.3
CLERMONT-FD;20010803;17.3;25.7
CLERMONT-FD;20010804;15.8;23.3
CLERMONT-FD;20010805;9.0;24.0
CLERMONT-FD;20010806;16.2;25.5
CLERMONT-FD;20010807;15.8;27.2
CLERMONT-FD;20010808;19.2;25.1
CLERMONT-FD;20010809;12.8;22.4
CLERMONT-FD;20010810;12.0;22.0
CLERMONT-FD;20010811;6.2;22.9
CLERMONT-FD;20010812;7.2;27.8
CLERMONT-FD;20010813;9.7;29.3
CLERMONT-FD;20010814;13.5;36.0
CLERMONT-FD;20010815;20.4;34.9
CLERMONT-FD;20010816;17.3;22.6
CLERMONT-FD;20010817;16.9;23.5
CLERMONT-FD;20010818;14.5;30.3
CLERMONT-FD;20010819;14.4;22.4
CLERMONT-FD;20010820;15.5;22.9
CLERMONT-FD;20010821;11.8;26.3
CLERMONT-FD;20010822;12.9;28.0
CLERMONT-FD;20010823;14.8;30.1
CLERMONT-FD;20010824;15.5;31.8
CLERMONT-FD;20010825;17.0;34.8
CLERMONT-FD;20010826;16.7;33.7
CLERMONT-FD;20010827;18.8;31.1
CLERMONT-FD;20010828;18.7;29.2
CLERMONT-FD;20010829;16.4;29.1
CLERMONT-FD;20010830;16.2;22.2
CLERMONT-FD;20010831;14.2;20.2
CLERMONT-FD;20010901;10.9;18.7
CLERMONT-FD;20010902;9.2;22.0
CLERMONT-FD;20010903;10.0;25.2
CLERMONT-FD;20010904;12.4;19.9
CLERMONT-FD;20010905;5.5;18.5
CLERMONT-FD;20010906;5.0;21.3
CLERMONT-FD;20010907;14.8;20.4
CLERMONT-FD;20010908;10.1;23.1
CLERMONT-FD;20010909;10.5;18.6
CLERMONT-FD;20010910;8.0;15.7
CLERMONT-FD;20010911;6.7;18.6
CLERMONT-FD;20010912;5.7;19.5
CLERMONT-FD;20010913;8.2;21.2
CLERMONT-FD;20010914;12.5;16.2
CLERMONT-FD;20010915;6.3;20.1
CLERMONT-FD;20010916;10.3;17.1
CLERMONT-FD;20010917;6.1;15.0
CLERMONT-FD;20010918;4.2;12.2
CLERMONT-FD;20010919;9.4;17.2
CLERMONT-FD;20010920;11.9;23.0
CLERMONT-FD;20010921;8.8;22.4
CLERMONT-FD;20010922;10.5;18.3
CLERMONT-FD;20010923;11.0;12.0
CLERMONT-FD;20010924;10.7;17.6
CLERMONT-FD;20010925;7.3;19.9
CLERMONT-FD;20010926;7.9;21.2
CLERMONT-FD;20010927;7.7;22.4
CLERMONT-FD;20010928;6.5;25.2
CLERMONT-FD;20010929;13.0;20.4
CLERMONT-FD;20010930;9.2;23.8
CLERMONT-FD;20011001;15.9;27.7
CLERMONT-FD;20011002;16.6;27.7
CLERMONT-FD;20011003;13.4;22.6
CLERMONT-FD;20011004;6.8;18.9
CLERMONT-FD;20011005;8.1;21.4
CLERMONT-FD;20011006;13.4;24.1
CLERMONT-FD;20011007;12.1;22.2
CLERMONT-FD;20011008;12.1;15.3
CLERMONT-FD;20011009;8.1;12.4
CLERMONT-FD;20011010;5.4;19.0
CLERMONT-FD;20011011;7.7;23.4
CLERMONT-FD;20011012;9.3;28.0
CLERMONT-FD;20011013;12.2;28.8
CLERMONT-FD;20011014;13.3;24.5
CLERMONT-FD;20011015;12.2;24.0
CLERMONT-FD;20011016;8.8;21.2
CLERMONT-FD;20011017;8.0;23.2
CLERMONT-FD;20011018;13.4;17.4
CLERMONT-FD;20011019;9.6;23.8
CLERMONT-FD;20011020;12.1;20.7
CLERMONT-FD;20011021;10.2;19.0
CLERMONT-FD;20011022;9.7;20.1
CLERMONT-FD;20011023;11.2;15.7
CLERMONT-FD;20011024;9.3;18.2
CLERMONT-FD;20011025;6.0;17.1
CLERMONT-FD;20011026;5.5;21.1
CLERMONT-FD;20011027;6.1;20.2
CLERMONT-FD;20011028;4.7;20.9
CLERMONT-FD;20011029;8.8;22.8
CLERMONT-FD;20011030;8.8;23.0
CLERMONT-FD;20011031;12.4;21.7
CLERMONT-FD;20011101;1.7;11.1
CLERMONT-FD;20011102;3.1;8.5
CLERMONT-FD;20011103;-0.4;12.4
CLERMONT-FD;20011104;0.4;17.9
CLERMONT-FD;20011105;4.7;7.7
CLERMONT-FD;20011106;5.7;12.7
CLERMONT-FD;20011107;10.0;15.7
CLERMONT-FD;20011108;6.7;14.0
CLERMONT-FD;20011109;0.6;3.6
CLERMONT-FD;20011110;-0.9;2.9
CLERMONT-FD;20011111;-4.4;3.6
CLERMONT-FD;20011112;-5.1;4.2
CLERMONT-FD;20011113;2.2;8.9
CLERMONT-FD;20011114;2.1;4.9
CLERMONT-FD;20011115;0.2;3.2
CLERMONT-FD;20011116;-5.7;7.0
CLERMONT-FD;20011117;-4.9;6.4
CLERMONT-FD;20011118;0.5;11.2
CLERMONT-FD;20011119;-0.4;2.1
CLERMONT-FD;20011120;-0.7;2.4
CLERMONT-FD;20011121;-3.1;5.0
CLERMONT-FD;20011122;-5.0;6.8
CLERMONT-FD;20011123;0.6;6.3
CLERMONT-FD;20011124;-3.8;4.4
CLERMONT-FD;20011125;3.2;7.6
CLERMONT-FD;20011126;5.1;9.7
CLERMONT-FD;20011127;1.2;7.5
CLERMONT-FD;20011128;0.0;10.4
CLERMONT-FD;20011129;-1.4;12.5
CLERMONT-FD;20011130;7.4;14.3
CLERMONT-FD;20011201;9.2;11.5
CLERMONT-FD;20011202;5.3;12.0
CLERMONT-FD;20011203;-1.1;12.0
CLERMONT-FD;20011204;5.1;12.9
CLERMONT-FD;20011205;4.9;14.6
CLERMONT-FD;20011206;6.4;11.1
CLERMONT-FD;20011207;0.1;6.9
CLERMONT-FD;20011208;-4.5;3.0
CLERMONT-FD;20011209;1.9;3.4
CLERMONT-FD;20011210;-0.2;6.6
CLERMONT-FD;20011211;-2.6;0.4
CLERMONT-FD;20011212;-5.6;1.8
CLERMONT-FD;20011213;0.2;4.2
CLERMONT-FD;20011214;-8.0;-4.7
CLERMONT-FD;20011215;-11.9;-3.9
CLERMONT-FD;20011216;-13.2;-3.8
CLERMONT-FD;20011217;-13.5;-2.3
CLERMONT-FD;20011218;-12.1;-3.6
CLERMONT-FD;20011219;-7.4;-3.2
CLERMONT-FD;20011220;-9.2;-0.9
CLERMONT-FD;20011221;-5.7;3.1
CLERMONT-FD;20011222;-2.1;4.4
CLERMONT-FD;20011223;-4.9;-0.9
CLERMONT-FD;20011224;-9.7;0.4
CLERMONT-FD;20011225;-1.7;6.6
CLERMONT-FD;20011226;0.1;3.7
CLERMONT-FD;20011227;-2.9;8.7
CLERMONT-FD;20011228;5.2;11.0
CLERMONT-FD;20011229;9.3;11.2
CLERMONT-FD;20011230;1.5;3.6
CLERMONT-FD;20011231;-3.4;0.7
CLERMONT-FD;20020101;-9.6;3.0
CLERMONT-FD;20020102;-7.4;8.2
CLERMONT-FD;20020103;-5.4;7.3
CLERMONT-FD;20020104;-4.0;9.4
CLERMONT-FD;20020105;-1.3;8.4
CLERMONT-FD;20020106;-7.5;3.7
CLERMONT-FD;20020107;-2.6;-1.9
CLERMONT-FD;20020108;-6.5;11.7
CLERMONT-FD;20020109;-3.9;10.7
CLERMONT-FD;20020110;-2.9;9.4
CLERMONT-FD;20020111;-1.1;11.0
CLERMONT-FD;20020112;-0.8;11.6
CLERMONT-FD;20020113;-0.4;9.2
CLERMONT-FD;20020114;1.8;8.8
CLERMONT-FD;20020115;3.5;8.1
CLERMONT-FD;20020116;2.7;6.6
CLERMONT-FD;20020117;-1.8;7.7
CLERMONT-FD;20020118;-3.6;7.6
CLERMONT-FD;20020119;1.4;8.6
CLERMONT-FD;20020120;1.0;9.4
CLERMONT-FD;20020121;-2.2;14.6
CLERMONT-FD;20020122;2.4;11.3
CLERMONT-FD;20020123;1.8;14.2
CLERMONT-FD;20020124;8.6;10.7
CLERMONT-FD;20020125;5.0;11.8
CLERMONT-FD;20020126;4.1;15.4
CLERMONT-FD;20020127;9.9;14.6
CLERMONT-FD;20020128;10.1;16.8
CLERMONT-FD;20020129;1.6;12.9
CLERMONT-FD;20020130;3.0;22.1
CLERMONT-FD;20020131;6.0;15.6
CLERMONT-FD;20020201;7.6;16.2
CLERMONT-FD;20020202;8.3;20.2
CLERMONT-FD;20020203;9.3;16.6
CLERMONT-FD;20020204;1.0;17.2
CLERMONT-FD;20020205;9.3;15.1
CLERMONT-FD;20020206;4.9;8.8
CLERMONT-FD;20020207;0.9;8.1
CLERMONT-FD;20020208;0.9;12.6
CLERMONT-FD;20020209;8.4;13.6
CLERMONT-FD;20020210;7.4;11.5
CLERMONT-FD;20020211;2.5;17.8
CLERMONT-FD;20020212;4.6;12.4
CLERMONT-FD;20020213;5.0;17.3
CLERMONT-FD;20020214;4.3;9.9
CLERMONT-FD;20020215;0.9;3.0
CLERMONT-FD;20020216;0.9;5.3
CLERMONT-FD;20020217;-0.2;7.2
CLERMONT-FD;20020218;-0.5;7.2
CLERMONT-FD;20020219;-1.9;9.0
CLERMONT-FD;20020220;6.2;9.8
CLERMONT-FD;20020221;1.0;4.8
CLERMONT-FD;20020222;-4.1;10.5
CLERMONT-FD;20020223;7.5;12.4
CLERMONT-FD;20020224;4.4;10.0
CLERMONT-FD;20020225;6.1;13.7
CLERMONT-FD;20020226;8.7;13.3
CLERMONT-FD;20020227;10.9;13.2
CLERMONT-FD;20020228;4.5;12.0
CLERMONT-FD;20020301;1.2;7.8
CLERMONT-FD;20020302;1.2;9.4
CLERMONT-FD;20020303;1.1;6.9
CLERMONT-FD;20020304;-5.8;11.5
CLERMONT-FD;20020305;0.1;7.8
CLERMONT-FD;20020306;3.5;9.7
CLERMONT-FD;20020307;4.2;12.1
CLERMONT-FD;20020308;8.0;16.0
CLERMONT-FD;20020309;1.1;13.8
CLERMONT-FD;20020310;0.3;15.5
CLERMONT-FD;20020311;4.3;19.7
CLERMONT-FD;20020312;9.6;17.3
CLERMONT-FD;20020313;7.4;23.2
CLERMONT-FD;20020314;9.2;17.6
CLERMONT-FD;20020315;7.1;16.7
CLERMONT-FD;20020316;4.4;15.5
CLERMONT-FD;20020317;7.4;18.8
CLERMONT-FD;20020318;8.8;17.0
CLERMONT-FD;20020319;13.2;16.8
CLERMONT-FD;20020320;14.3;19.4
CLERMONT-FD;20020321;4.7;19.9
CLERMONT-FD;20020322;10.1;18.0
CLERMONT-FD;20020323;8.9;13.6
CLERMONT-FD;20020324;1.0;11.9
CLERMONT-FD;20020325;-1.4;10.6
CLERMONT-FD;20020326;-5.8;11.0
CLERMONT-FD;20020327;-4.8;10.6
CLERMONT-FD;20020328;-1.3;18.0
CLERMONT-FD;20020329;1.5;16.5
CLERMONT-FD;20020330;4.1;17.3
CLERMONT-FD;20020331;5.6;18.3
CLERMONT-FD;20020401;2.8;21.1
CLERMONT-FD;20020402;6.2;21.5
CLERMONT-FD;20020403;2.8;14.4
CLERMONT-FD;20020404;4.2;18.7
CLERMONT-FD;20020405;7.7;13.7
CLERMONT-FD;20020406;1.9;15.9
CLERMONT-FD;20020407;6.5;15.9
CLERMONT-FD;20020408;4.4;11.4
CLERMONT-FD;20020409;4.5;14.6
CLERMONT-FD;20020410;4.3;12.4
CLERMONT-FD;20020411;6.1;17.8
CLERMONT-FD;20020412;5.0;14.4
CLERMONT-FD;20020413;6.1;7.4
CLERMONT-FD;20020414;5.6;11.0
CLERMONT-FD;20020415;-0.7;10.3
CLERMONT-FD;20020416;2.1;10.3
CLERMONT-FD;20020417;-0.1;15.9
CLERMONT-FD;20020418;3.2;16.0
CLERMONT-FD;20020419;1.1;16.0
CLERMONT-FD;20020420;-0.2;16.1
CLERMONT-FD;20020421;4.8;17.6
CLERMONT-FD;20020422;3.2;20.6
CLERMONT-FD;20020423;5.5;21.9
CLERMONT-FD;20020424;5.8;22.5
CLERMONT-FD;20020425;7.3;24.5
CLERMONT-FD;20020426;11.6;17.2
CLERMONT-FD;20020427;4.9;17.9
CLERMONT-FD;20020428;3.6;18.1
CLERMONT-FD;20020429;9.7;14.4
CLERMONT-FD;20020430;2.0;25.2
CLERMONT-FD;20020501;9.4;10.7
CLERMONT-FD;20020502;7.0;14.8
CLERMONT-FD;20020503;6.0;12.8
CLERMONT-FD;20020504;6.6;13.8
CLERMONT-FD;20020505;5.3;11.1
CLERMONT-FD;20020506;-0.3;15.2
CLERMONT-FD;20020507;5.4;20.2
CLERMONT-FD;20020508;9.8;20.4
CLERMONT-FD;20020509;12.3;17.6
CLERMONT-FD;20020510;7.3;17.7
CLERMONT-FD;20020511;10.1;13.7
CLERMONT-FD;20020512;9.2;15.8
CLERMONT-FD;20020513;4.8;25.2
CLERMONT-FD;20020514;5.7;21.9
CLERMONT-FD;20020515;5.2;24.4
CLERMONT-FD;20020516;10.7;29.8
CLERMONT-FD;20020517;14.8;27.9
CLERMONT-FD;20020518;11.8;15.7
CLERMONT-FD;20020519;5.8;19.9
CLERMONT-FD;20020520;11.6;24.1
CLERMONT-FD;20020521;11.4;28.0
CLERMONT-FD;20020522;10.7;20.6
CLERMONT-FD;20020523;8.0;14.9
CLERMONT-FD;20020524;5.6;20.1
CLERMONT-FD;20020525;10.0;17.0
CLERMONT-FD;20020526;5.8;16.3
CLERMONT-FD;20020527;5.7;16.8
CLERMONT-FD;20020528;6.1;17.5
CLERMONT-FD;20020529;10.4;18.6
CLERMONT-FD;20020530;5.3;22.2
CLERMONT-FD;20020531;7.4;25.0
CLERMONT-FD;20020601;10.3;25.6
CLERMONT-FD;20020602;11.7;28.5
CLERMONT-FD;20020603;16.2;23.1
CLERMONT-FD;20020604;15.0;23.1
CLERMONT-FD;20020605;13.2;19.2
CLERMONT-FD;20020606;11.1;14.7
CLERMONT-FD;20020607;9.7;17.8
CLERMONT-FD;20020608;11.1;15.0
CLERMONT-FD;20020609;8.5;19.4
CLERMONT-FD;20020610;10.9;18.4
CLERMONT-FD;20020611;10.4;21.3
CLERMONT-FD;20020612;10.4;27.2
CLERMONT-FD;20020613;13.2;29.1
CLERMONT-FD;20020614;15.1;33.3
CLERMONT-FD;20020615;17.5;29.5
CLERMONT-FD;20020616;17.3;32.3
CLERMONT-FD;20020617;16.9;36.1
CLERMONT-FD;20020618;17.7;32.6
CLERMONT-FD;20020619;19.4;30.3
CLERMONT-FD;20020620;17.6;29.0
CLERMONT-FD;20020621;18.2;29.2
CLERMONT-FD;20020622;16.6;30.8
CLERMONT-FD;20020623;16.7;28.5
CLERMONT-FD;20020624;16.5;22.6
CLERMONT-FD;20020625;14.0;24.1
CLERMONT-FD;20020626;10.2;26.6
CLERMONT-FD;20020627;12.8;26.8
CLERMONT-FD;20020628;13.7;20.9
CLERMONT-FD;20020629;6.4;22.1
CLERMONT-FD;20020630;7.7;23.9
CLERMONT-FD;20020701;13.3;26.5
CLERMONT-FD;20020702;16.1;20.9
CLERMONT-FD;20020703;10.6;20.9
CLERMONT-FD;20020704;12.5;21.7
CLERMONT-FD;20020705;8.2;25.1
CLERMONT-FD;20020706;12.6;20.6
CLERMONT-FD;20020707;9.7;25.0
CLERMONT-FD;20020708;12.4;30.7
CLERMONT-FD;20020709;16.6;28.1
CLERMONT-FD;20020710;12.5;22.7
CLERMONT-FD;20020711;12.7;22.3
CLERMONT-FD;20020712;9.9;25.0
CLERMONT-FD;20020713;14.6;20.3
CLERMONT-FD;20020714;13.7;17.1
CLERMONT-FD;20020715;14.0;17.5
CLERMONT-FD;20020716;15.6;21.7
CLERMONT-FD;20020717;15.9;25.2
CLERMONT-FD;20020718;13.2;25.4
CLERMONT-FD;20020719;10.1;26.6
CLERMONT-FD;20020720;13.0;33.5
CLERMONT-FD;20020721;18.0;27.3
CLERMONT-FD;20020722;9.2;26.4
CLERMONT-FD;20020723;10.3;28.6
CLERMONT-FD;20020724;16.1;24.3
CLERMONT-FD;20020725;15.1;22.8
CLERMONT-FD;20020726;16.7;23.7
CLERMONT-FD;20020727;12.8;29.9
CLERMONT-FD;20020728;14.8;32.0
CLERMONT-FD;20020729;17.7;33.5
CLERMONT-FD;20020730;18.7;26.2
CLERMONT-FD;20020731;17.5;23.7
CLERMONT-FD;20020801;12.5;24.2
CLERMONT-FD;20020802;9.8;27.0
CLERMONT-FD;20020803;14.6;22.2
CLERMONT-FD;20020804;14.5;24.4
CLERMONT-FD;20020805;11.6;24.8
CLERMONT-FD;20020806;15.8;21.6
CLERMONT-FD;20020807;14.5;25.0
CLERMONT-FD;20020808;13.1;21.6
CLERMONT-FD;20020809;11.7;19.9
CLERMONT-FD;20020810;12.2;20.5
CLERMONT-FD;20020811;12.2;20.8
CLERMONT-FD;20020812;13.8;20.8
CLERMONT-FD;20020813;14.3;24.4
CLERMONT-FD;20020814;9.3;28.0
CLERMONT-FD;20020815;13.1;31.7
CLERMONT-FD;20020816;14.3;30.5
CLERMONT-FD;20020817;14.8;31.5
CLERMONT-FD;20020818;16.0;32.8
CLERMONT-FD;20020819;19.0;31.1
CLERMONT-FD;20020820;16.1;23.2
CLERMONT-FD;20020821;15.0;24.1
CLERMONT-FD;20020822;8.6;24.3
CLERMONT-FD;20020823;12.5;22.3
CLERMONT-FD;20020824;12.6;22.3
CLERMONT-FD;20020825;16.6;23.7
CLERMONT-FD;20020826;15.6;23.9
CLERMONT-FD;20020827;13.7;22.1
CLERMONT-FD;20020828;11.0;21.9
CLERMONT-FD;20020829;16.0;20.3
CLERMONT-FD;20020830;17.3;23.0
CLERMONT-FD;20020831;13.7;23.3
CLERMONT-FD;20020901;14.6;17.7
CLERMONT-FD;20020902;14.4;24.3
CLERMONT-FD;20020903;12.9;25.2
CLERMONT-FD;20020904;13.3;23.3
CLERMONT-FD;20020905;13.9;17.0
CLERMONT-FD;20020906;10.6;19.7
CLERMONT-FD;20020907;10.0;23.4
CLERMONT-FD;20020908;10.4;19.4
CLERMONT-FD;20020909;13.5;22.1
CLERMONT-FD;20020910;10.6;22.1
CLERMONT-FD;20020911;7.3;19.9
CLERMONT-FD;20020912;11.5;17.5
CLERMONT-FD;20020913;11.4;22.9
CLERMONT-FD;20020914;6.8;20.6
CLERMONT-FD;20020915;6.3;18.7
CLERMONT-FD;20020916;4.0;21.6
CLERMONT-FD;20020917;8.5;25.5
CLERMONT-FD;20020918;11.3;27.1
CLERMONT-FD;20020919;14.9;27.7
CLERMONT-FD;20020920;11.5;25.0
CLERMONT-FD;20020921;13.9;19.5
CLERMONT-FD;20020922;13.1;17.6
CLERMONT-FD;20020923;9.4;13.5
CLERMONT-FD;20020924;6.9;10.7
CLERMONT-FD;20020925;-1.4;13.6
CLERMONT-FD;20020926;9.3;16.8
CLERMONT-FD;20020927;9.6;15.8
CLERMONT-FD;20020928;4.5;17.9
CLERMONT-FD;20020929;3.0;21.5
CLERMONT-FD;20020930;3.9;23.5
CLERMONT-FD;20021001;8.3;23.3
CLERMONT-FD;20021002;10.6;20.4
CLERMONT-FD;20021003;8.7;21.5
CLERMONT-FD;20021004;12.0;17.7
CLERMONT-FD;20021005;5.0;17.0
CLERMONT-FD;20021006;4.6;16.0
CLERMONT-FD;20021007;5.0;13.7
CLERMONT-FD;20021008;0.7;17.0
CLERMONT-FD;20021009;4.3;17.8
CLERMONT-FD;20021010;10.7;14.6
CLERMONT-FD;20021011;11.4;18.8
CLERMONT-FD;20021012;10.7;17.4
CLERMONT-FD;20021013;3.4;17.2
CLERMONT-FD;20021014;12.8;14.5
CLERMONT-FD;20021015;11.0;20.2
CLERMONT-FD;20021016;14.2;24.3
CLERMONT-FD;20021017;10.6;14.1
CLERMONT-FD;20021018;7.9;14.9
CLERMONT-FD;20021019;5.6;14.5
CLERMONT-FD;20021020;1.3;23.8
CLERMONT-FD;20021021;14.4;21.4
CLERMONT-FD;20021022;10.5;19.4
CLERMONT-FD;20021023;10.5;14.7
CLERMONT-FD;20021024;3.8;15.5
CLERMONT-FD;20021025;11.1;19.7
CLERMONT-FD;20021026;11.7;19.0
CLERMONT-FD;20021027;8.8;20.4
CLERMONT-FD;20021028;1.5;13.9
CLERMONT-FD;20021029;0.6;23.7
CLERMONT-FD;20021030;6.3;21.2
CLERMONT-FD;20021031;9.8;18.5
CLERMONT-FD;20021101;6.6;18.0
CLERMONT-FD;20021102;10.9;17.9
CLERMONT-FD;20021103;11.5;17.9
CLERMONT-FD;20021104;8.9;13.7
CLERMONT-FD;20021105;3.8;11.2
CLERMONT-FD;20021106;1.8;12.7
CLERMONT-FD;20021107;5.5;10.5
CLERMONT-FD;20021108;0.9;12.1
CLERMONT-FD;20021109;8.2;15.5
CLERMONT-FD;20021110;10.8;18.0
CLERMONT-FD;20021111;8.9;16.3
CLERMONT-FD;20021112;3.2;16.6
CLERMONT-FD;20021113;7.8;15.8
CLERMONT-FD;20021114;9.1;15.4
CLERMONT-FD;20021115;7.3;14.4
CLERMONT-FD;20021116;7.1;12.0
CLERMONT-FD;20021117;2.4;14.2
CLERMONT-FD;20021118;2.8;11.1
CLERMONT-FD;20021119;0.3;12.9
CLERMONT-FD;20021120;1.9;15.1
CLERMONT-FD;20021121;7.4;15.1
CLERMONT-FD;20021122;6.7;13.2
CLERMONT-FD;20021123;5.2;15.1
CLERMONT-FD;20021124;6.5;10.8
CLERMONT-FD;20021125;7.1;13.0
CLERMONT-FD;20021126;1.8;9.7
CLERMONT-FD;20021127;4.4;14.1
CLERMONT-FD;20021128;0.4;14.0
CLERMONT-FD;20021129;6.0;10.6
CLERMONT-FD;20021130;4.0;9.1
CLERMONT-FD;20021201;3.2;11.4
CLERMONT-FD;20021202;5.0;9.1
CLERMONT-FD;20021203;4.1;7.7
CLERMONT-FD;20021204;2.9;7.7
CLERMONT-FD;20021205;4.3;5.3
CLERMONT-FD;20021206;3.6;5.1
CLERMONT-FD;20021207;2.0;2.5
CLERMONT-FD;20021208;2.0;3.3
CLERMONT-FD;20021209;2.3;4.6
CLERMONT-FD;20021210;1.2;9.3
CLERMONT-FD;20021211;2.3;10.9
CLERMONT-FD;20021212;3.9;10.7
CLERMONT-FD;20021213;3.2;10.9
CLERMONT-FD;20021214;1.1;10.7
CLERMONT-FD;20021215;7.1;13.0
CLERMONT-FD;20021216;7.7;13.3
CLERMONT-FD;20021217;6.2;8.9
CLERMONT-FD;20021218;4.2;5.0
CLERMONT-FD;20021219;-3.8;8.4
CLERMONT-FD;20021220;1.8;9.6
CLERMONT-FD;20021221;6.4;11.7
CLERMONT-FD;20021222;6.7;16.4
CLERMONT-FD;20021223;8.5;16.1
CLERMONT-FD;20021224;6.3;13.4
CLERMONT-FD;20021225;6.6;13.9
CLERMONT-FD;20021226;8.7;15.6
CLERMONT-FD;20021227;9.6;14.9
CLERMONT-FD;20021228;7.2;11.2
CLERMONT-FD;20021229;6.6;14.2
CLERMONT-FD;20021230;7.5;14.5
CLERMONT-FD;20021231;8.4;10.4
CLERMONT-FD;20030101;3.3;15.3
CLERMONT-FD;20030102;11.7;17.9
CLERMONT-FD;20030103;6.9;13.1
CLERMONT-FD;20030104;2.2;9.7
CLERMONT-FD;20030105;-3.7;-1.5
CLERMONT-FD;20030106;-8.0;-1.0
CLERMONT-FD;20030107;-6.4;-2.3
CLERMONT-FD;20030108;-10.5;-3.8
CLERMONT-FD;20030109;-4.5;-1.9
CLERMONT-FD;20030110;-9.9;-5.9
CLERMONT-FD;20030111;-11.6;-3.9
CLERMONT-FD;20030112;-9.7;-5.0
CLERMONT-FD;20030113;-14.1;-0.3
CLERMONT-FD;20030114;-1.7;3.5
CLERMONT-FD;20030115;-3.0;11.1
CLERMONT-FD;20030116;-2.3;2.9
CLERMONT-FD;20030117;-2.1;8.2
CLERMONT-FD;20030118;0.1;9.4
CLERMONT-FD;20030119;1.3;10.3
CLERMONT-FD;20030120;1.8;11.5
CLERMONT-FD;20030121;4.6;12.5
CLERMONT-FD;20030122;5.3;10.7
CLERMONT-FD;20030123;4.5;6.4
CLERMONT-FD;20030124;1.2;7.1
CLERMONT-FD;20030125;-4.4;5.8
CLERMONT-FD;20030126;-1.8;7.5
CLERMONT-FD;20030127;3.2;11.5
CLERMONT-FD;20030128;0.9;10.6
CLERMONT-FD;20030129;1.5;5.5
CLERMONT-FD;20030130;-0.3;4.0
CLERMONT-FD;20030131;-4.9;-0.4
CLERMONT-FD;20030201;-2.1;1.5
CLERMONT-FD;20030202;-0.5;8.5
CLERMONT-FD;20030203;5.9;9.9
CLERMONT-FD;20030204;0.6;4.7
CLERMONT-FD;20030205;-0.2;3.4
CLERMONT-FD;20030206;-5.3;4.4
CLERMONT-FD;20030207;-4.3;7.2
CLERMONT-FD;20030208;-2.5;8.8
CLERMONT-FD;20030209;-6.1;10.1
CLERMONT-FD;20030210;2.1;6.9
CLERMONT-FD;20030211;3.2;6.0
CLERMONT-FD;20030212;-0.2;3.5
CLERMONT-FD;20030213;-2.3;1.0
CLERMONT-FD;20030214;-2.4;0.2
CLERMONT-FD;20030215;-1.4;2.9
CLERMONT-FD;20030216;-6.7;-1.4
CLERMONT-FD;20030217;-3.6;1.1
CLERMONT-FD;20030218;-10.3;3.4
CLERMONT-FD;20030219;-7.6;10.9
CLERMONT-FD;20030220;2.6;9.6
CLERMONT-FD;20030221;-5.1;12.7
CLERMONT-FD;20030222;-0.6;13.7
CLERMONT-FD;20030223;3.7;12.7
CLERMONT-FD;20030224;2.0;13.0
CLERMONT-FD;20030225;3.5;13.3
CLERMONT-FD;20030226;7.9;12.0
CLERMONT-FD;20030227;5.9;13.6
CLERMONT-FD;20030228;5.2;15.8
CLERMONT-FD;20030301;6.8;13.7
CLERMONT-FD;20030302;7.1;12.0
CLERMONT-FD;20030303;0.9;10.9
CLERMONT-FD;20030304;6.2;13.8
CLERMONT-FD;20030305;7.4;21.0
CLERMONT-FD;20030306;7.3;10.4
CLERMONT-FD;20030307;-1.7;11.5
CLERMONT-FD;20030308;4.6;12.2
CLERMONT-FD;20030309;0.8;17.6
CLERMONT-FD;20030310;3.2;20.3
CLERMONT-FD;20030311;6.0;23.2
CLERMONT-FD;20030312;8.4;18.7
CLERMONT-FD;20030313;2.8;13.5
CLERMONT-FD;20030314;0.5;11.8
CLERMONT-FD;20030315;-4.7;11.3
CLERMONT-FD;20030316;-4.5;11.0
CLERMONT-FD;20030317;-3.1;14.0
CLERMONT-FD;20030318;-3.1;14.5
CLERMONT-FD;20030319;-0.7;15.9
CLERMONT-FD;20030320;-2.3;16.2
CLERMONT-FD;20030321;-2.1;13.4
CLERMONT-FD;20030322;0.3;18.4
CLERMONT-FD;20030323;1.4;20.1
CLERMONT-FD;20030324;4.3;20.8
CLERMONT-FD;20030325;4.5;20.9
CLERMONT-FD;20030326;4.6;20.7
CLERMONT-FD;20030327;7.9;19.6
CLERMONT-FD;20030328;10.8;18.3
CLERMONT-FD;20030329;8.0;21.4
CLERMONT-FD;20030330;7.7;20.2
CLERMONT-FD;20030331;6.5;19.0
CLERMONT-FD;20030401;2.3;21.1
CLERMONT-FD;20030402;4.1;9.4
CLERMONT-FD;20030403;2.1;8.1
CLERMONT-FD;20030404;0.5;10.9
CLERMONT-FD;20030405;1.6;13.5
CLERMONT-FD;20030406;4.9;10.3
CLERMONT-FD;20030407;0.0;9.7
CLERMONT-FD;20030408;-7.1;11.8
CLERMONT-FD;20030409;-0.9;14.1
CLERMONT-FD;20030410;3.2;11.2
CLERMONT-FD;20030411;-2.1;10.4
CLERMONT-FD;20030412;5.2;17.6
CLERMONT-FD;20030413;2.5;22.7
CLERMONT-FD;20030414;10.3;20.7
CLERMONT-FD;20030415;6.7;24.2
CLERMONT-FD;20030416;6.6;22.5
CLERMONT-FD;20030417;7.5;23.9
CLERMONT-FD;20030418;5.2;22.4
CLERMONT-FD;20030419;2.0;19.3
CLERMONT-FD;20030420;9.2;17.5
CLERMONT-FD;20030421;6.1;18.5
CLERMONT-FD;20030422;5.4;21.6
CLERMONT-FD;20030423;5.1;22.7
CLERMONT-FD;20030424;8.7;24.4
CLERMONT-FD;20030425;12.5;26.9
CLERMONT-FD;20030426;12.5;15.5
CLERMONT-FD;20030427;7.4;21.6
CLERMONT-FD;20030428;10.7;25.1
CLERMONT-FD;20030429;11.2;24.5
CLERMONT-FD;20030430;13.5;17.0
CLERMONT-FD;20030501;5.6;20.5
CLERMONT-FD;20030502;7.9;21.6
CLERMONT-FD;20030503;4.0;20.5
CLERMONT-FD;20030504;5.8;29.3
CLERMONT-FD;20030505;12.3;24.5
CLERMONT-FD;20030506;10.4;20.9
CLERMONT-FD;20030507;12.2;21.7
CLERMONT-FD;20030508;9.9;22.7
CLERMONT-FD;20030509;6.9;20.9
CLERMONT-FD;20030510;11.6;18.6
CLERMONT-FD;20030511;6.0;20.0
CLERMONT-FD;20030512;7.5;22.0
CLERMONT-FD;20030513;9.4;16.2
CLERMONT-FD;20030514;5.3;16.2
CLERMONT-FD;20030515;0.9;17.5
CLERMONT-FD;20030516;2.7;24.2
CLERMONT-FD;20030517;11.5;20.4
CLERMONT-FD;20030518;13.4;22.0
CLERMONT-FD;20030519;13.4;26.6
CLERMONT-FD;20030520;9.6;17.6
CLERMONT-FD;20030521;10.4;15.8
CLERMONT-FD;20030522;11.8;22.6
CLERMONT-FD;20030523;10.0;30.0
CLERMONT-FD;20030524;11.2;22.5
CLERMONT-FD;20030525;9.7;14.4
CLERMONT-FD;20030526;10.0;16.5
CLERMONT-FD;20030527;13.1;19.4
CLERMONT-FD;20030528;10.7;24.1
CLERMONT-FD;20030529;11.3;27.9
CLERMONT-FD;20030530;13.5;29.6
CLERMONT-FD;20030531;16.2;30.5
CLERMONT-FD;20030601;16.3;30.4
CLERMONT-FD;20030602;16.0;25.2
CLERMONT-FD;20030603;15.2;27.4
CLERMONT-FD;20030604;15.6;29.2
CLERMONT-FD;20030605;17.7;24.9
CLERMONT-FD;20030606;15.8;25.9
CLERMONT-FD;20030607;15.0;29.4
CLERMONT-FD;20030608;16.6;28.0
CLERMONT-FD;20030609;16.8;30.1
CLERMONT-FD;20030610;18.9;34.3
CLERMONT-FD;20030611;19.4;32.2
CLERMONT-FD;20030612;18.8;34.6
CLERMONT-FD;20030613;19.1;30.0
CLERMONT-FD;20030614;16.5;33.4
CLERMONT-FD;20030615;18.4;29.3
CLERMONT-FD;20030616;19.1;29.6
CLERMONT-FD;20030617;16.1;29.2
CLERMONT-FD;20030618;17.9;25.3
CLERMONT-FD;20030619;10.9;28.4
CLERMONT-FD;20030620;15.8;31.2
CLERMONT-FD;20030621;14.7;32.4
CLERMONT-FD;20030622;16.7;37.1
CLERMONT-FD;20030623;20.7;34.0
CLERMONT-FD;20030624;16.9;35.0
CLERMONT-FD;20030625;18.5;34.2
CLERMONT-FD;20030626;18.2;28.2
CLERMONT-FD;20030627;18.9;26.1
CLERMONT-FD;20030628;13.7;27.3
CLERMONT-FD;20030629;15.3;35.0
CLERMONT-FD;20030630;20.6;29.5
CLERMONT-FD;20030701;15.3;22.6
CLERMONT-FD;20030702;13.4;21.4
CLERMONT-FD;20030703;13.4;22.4
CLERMONT-FD;20030704;12.4;23.6
CLERMONT-FD;20030705;11.5;23.8
CLERMONT-FD;20030706;8.8;25.4
CLERMONT-FD;20030707;11.8;28.9
CLERMONT-FD;20030708;13.5;29.0
CLERMONT-FD;20030709;13.7;29.7
CLERMONT-FD;20030710;13.3;31.4
CLERMONT-FD;20030711;16.2;32.0
CLERMONT-FD;20030712;15.7;32.9
CLERMONT-FD;20030713;16.1;35.4
CLERMONT-FD;20030714;17.4;36.0
CLERMONT-FD;20030715;18.0;35.1
CLERMONT-FD;20030716;17.2;26.5
CLERMONT-FD;20030717;15.5;25.5
CLERMONT-FD;20030718;10.8;30.0
CLERMONT-FD;20030719;15.2;35.9
CLERMONT-FD;20030720;18.2;32.7
CLERMONT-FD;20030721;17.7;26.4
CLERMONT-FD;20030722;16.0;27.1
CLERMONT-FD;20030723;15.6;29.2
CLERMONT-FD;20030724;17.1;26.0
CLERMONT-FD;20030725;14.4;28.6
CLERMONT-FD;20030726;19.1;32.9
CLERMONT-FD;20030727;18.7;23.8
CLERMONT-FD;20030728;14.8;25.0
CLERMONT-FD;20030729;10.9;26.2
CLERMONT-FD;20030730;12.9;28.1
CLERMONT-FD;20030731;16.0;22.3
CLERMONT-FD;20030801;9.6;28.8
CLERMONT-FD;20030802;14.7;32.9
CLERMONT-FD;20030803;18.8;36.3
CLERMONT-FD;20030804;21.2;38.4
CLERMONT-FD;20030805;19.8;38.0
CLERMONT-FD;20030806;21.3;38.1
CLERMONT-FD;20030807;19.4;37.5
CLERMONT-FD;20030808;19.4;37.6
CLERMONT-FD;20030809;20.6;37.2
CLERMONT-FD;20030810;20.7;39.5
CLERMONT-FD;20030811;20.2;38.5
CLERMONT-FD;20030812;21.3;39.2
CLERMONT-FD;20030813;19.4;37.6
CLERMONT-FD;20030814;20.1;32.6
CLERMONT-FD;20030815;19.5;28.0
CLERMONT-FD;20030816;16.9;30.3
CLERMONT-FD;20030817;18.1;29.7
CLERMONT-FD;20030818;17.2;29.2
CLERMONT-FD;20030819;15.9;30.7
CLERMONT-FD;20030820;15.4;23.6
CLERMONT-FD;20030821;17.0;26.8
CLERMONT-FD;20030822;12.5;29.4
CLERMONT-FD;20030823;12.5;31.0
CLERMONT-FD;20030824;15.5;29.7
CLERMONT-FD;20030825;15.3;29.5
CLERMONT-FD;20030826;16.2;30.5
CLERMONT-FD;20030827;15.4;34.9
CLERMONT-FD;20030828;18.2;32.5
CLERMONT-FD;20030829;15.9;25.7
CLERMONT-FD;20030830;14.8;21.8
CLERMONT-FD;20030831;12.0;19.9
CLERMONT-FD;20030901;7.3;20.3
CLERMONT-FD;20030902;5.5;20.3
CLERMONT-FD;20030903;4.4;21.9
CLERMONT-FD;20030904;9.4;26.9
CLERMONT-FD;20030905;12.8;22.8
CLERMONT-FD;20030906;14.7;24.6
CLERMONT-FD;20030907;12.1;17.0
CLERMONT-FD;20030908;9.7;16.6
CLERMONT-FD;20030909;13.4;17.5
CLERMONT-FD;20030910;11.1;20.2
CLERMONT-FD;20030911;14.8;19.5
CLERMONT-FD;20030912;14.6;20.6
CLERMONT-FD;20030913;10.2;21.5
CLERMONT-FD;20030914;11.0;22.0
CLERMONT-FD;20030915;6.8;25.1
CLERMONT-FD;20030916;10.5;25.8
CLERMONT-FD;20030917;9.8;27.0
CLERMONT-FD;20030918;11.5;30.1
CLERMONT-FD;20030919;12.6;30.5
CLERMONT-FD;20030920;8.3;28.8
CLERMONT-FD;20030921;8.5;27.8
CLERMONT-FD;20030922;16.5;24.3
CLERMONT-FD;20030923;13.1;16.8
CLERMONT-FD;20030924;4.2;17.5
CLERMONT-FD;20030925;3.7;24.7
CLERMONT-FD;20030926;10.0;23.8
CLERMONT-FD;20030927;14.8;20.1
CLERMONT-FD;20030928;13.8;20.5
CLERMONT-FD;20030929;10.3;18.7
CLERMONT-FD;20030930;5.7;23.3
CLERMONT-FD;20031001;14.4;26.3
CLERMONT-FD;20031002;15.1;25.9
CLERMONT-FD;20031003;14.2;22.5
CLERMONT-FD;20031004;12.3;18.3
CLERMONT-FD;20031005;5.9;9.4
CLERMONT-FD;20031006;4.4;15.2
CLERMONT-FD;20031007;10.4;15.1
CLERMONT-FD;20031008;7.6;15.4
CLERMONT-FD;20031009;12.8;18.6
CLERMONT-FD;20031010;7.8;18.2
CLERMONT-FD;20031011;8.3;18.1
CLERMONT-FD;20031012;2.3;21.3
CLERMONT-FD;20031013;10.9;18.7
CLERMONT-FD;20031014;12.4;21.3
CLERMONT-FD;20031015;10.5;17.9
CLERMONT-FD;20031016;9.5;16.9
CLERMONT-FD;20031017;6.0;17.3
CLERMONT-FD;20031018;8.5;18.4
CLERMONT-FD;20031019;4.7;15.8
CLERMONT-FD;20031020;9.5;16.8
CLERMONT-FD;20031021;4.7;11.3
CLERMONT-FD;20031022;0.5;13.3
CLERMONT-FD;20031023;4.3;10.5
CLERMONT-FD;20031024;0.5;2.6
CLERMONT-FD;20031025;-4.4;8.3
CLERMONT-FD;20031026;-4.3;6.0
CLERMONT-FD;20031027;-3.8;8.6
CLERMONT-FD;20031028;-2.3;14.5
CLERMONT-FD;20031029;7.6;12.2
CLERMONT-FD;20031030;5.7;13.8
CLERMONT-FD;20031031;7.9;9.6
CLERMONT-FD;20031101;4.2;13.8
CLERMONT-FD;20031102;3.5;13.5
CLERMONT-FD;20031103;8.9;15.3
CLERMONT-FD;20031104;4.0;15.5
CLERMONT-FD;20031105;1.5;19.7
CLERMONT-FD;20031106;0.0;16.5
CLERMONT-FD;20031107;-1.4;7.7
CLERMONT-FD;20031108;-3.3;12.1
CLERMONT-FD;20031109;4.9;13.4
CLERMONT-FD;20031110;3.8;17.3
CLERMONT-FD;20031111;2.5;17.9
CLERMONT-FD;20031112;6.7;11.4
CLERMONT-FD;20031113;4.7;11.8
CLERMONT-FD;20031114;-0.4;9.0
CLERMONT-FD;20031115;3.1;11.5
CLERMONT-FD;20031116;6.4;13.6
CLERMONT-FD;20031117;3.7;9.0
CLERMONT-FD;20031118;0.1;12.1
CLERMONT-FD;20031119;1.6;13.1
CLERMONT-FD;20031120;1.6;18.8
CLERMONT-FD;20031121;5.5;18.4
CLERMONT-FD;20031122;11.4;18.2
CLERMONT-FD;20031123;14.1;17.5
CLERMONT-FD;20031124;9.6;12.3
CLERMONT-FD;20031125;6.4;12.6
CLERMONT-FD;20031126;1.4;10.3
CLERMONT-FD;20031127;5.5;8.6
CLERMONT-FD;20031128;3.2;8.1
CLERMONT-FD;20031129;-3.4;10.6
CLERMONT-FD;20031130;6.6;14.0
CLERMONT-FD;20031201;4.9;8.8
CLERMONT-FD;20031202;2.6;6.3
CLERMONT-FD;20031203;4.8;6.5
CLERMONT-FD;20031204;4.9;13.3
CLERMONT-FD;20031205;0.4;8.9
CLERMONT-FD;20031206;-1.7;2.7
CLERMONT-FD;20031207;1.0;2.4
CLERMONT-FD;20031208;-3.9;10.1
CLERMONT-FD;20031209;-2.9;10.1
CLERMONT-FD;20031210;-4.8;7.8
CLERMONT-FD;20031211;-3.2;8.5
CLERMONT-FD;20031212;6.0;12.5
CLERMONT-FD;20031213;5.9;14.6
CLERMONT-FD;20031214;6.7;12.5
CLERMONT-FD;20031215;3.3;6.9
CLERMONT-FD;20031216;-3.8;4.7
CLERMONT-FD;20031217;-3.5;7.7
CLERMONT-FD;20031218;-2.9;13.3
CLERMONT-FD;20031219;5.9;12.2
CLERMONT-FD;20031220;3.9;12.8
CLERMONT-FD;20031221;6.5;11.4
CLERMONT-FD;20031222;0.5;2.9
CLERMONT-FD;20031223;-1.8;2.6
CLERMONT-FD;20031224;0.2;3.6
CLERMONT-FD;20031225;2.1;4.5
CLERMONT-FD;20031226;-0.2;11.5
CLERMONT-FD;20031227;5.4;10.0
CLERMONT-FD;20031228;3.8;8.5
CLERMONT-FD;20031229;-4.0;4.0
CLERMONT-FD;20031230;-3.1;2.2
CLERMONT-FD;20031231;-1.3;3.1
CLERMONT-FD;20040101;-0.9;3.9
CLERMONT-FD;20040102;-0.2;4.0
CLERMONT-FD;20040103;-2.6;-1.1
CLERMONT-FD;20040104;-4.0;-0.2
CLERMONT-FD;20040105;-0.9;3.6
CLERMONT-FD;20040106;-2.7;5.7
CLERMONT-FD;20040107;-4.5;7.8
CLERMONT-FD;20040108;-3.5;12.0
CLERMONT-FD;20040109;8.1;11.4
CLERMONT-FD;20040110;4.9;10.0
CLERMONT-FD;20040111;7.3;15.2
CLERMONT-FD;20040112;8.9;15.5
CLERMONT-FD;20040113;11.2;15.8
CLERMONT-FD;20040114;5.0;10.0
CLERMONT-FD;20040115;3.3;8.4
CLERMONT-FD;20040116;2.1;11.5
CLERMONT-FD;20040117;5.6;8.1
CLERMONT-FD;20040118;1.7;3.6
CLERMONT-FD;20040119;-3.2;6.9
CLERMONT-FD;20040120;2.2;9.3
CLERMONT-FD;20040121;6.5;9.5
CLERMONT-FD;20040122;5.0;6.9
CLERMONT-FD;20040123;4.2;7.7
CLERMONT-FD;20040124;4.7;10.7
CLERMONT-FD;20040125;0.6;7.3
CLERMONT-FD;20040126;0.6;11.4
CLERMONT-FD;20040127;1.5;4.3
CLERMONT-FD;20040128;-0.7;3.4
CLERMONT-FD;20040129;-1.8;2.5
CLERMONT-FD;20040130;-6.1;8.0
CLERMONT-FD;20040131;3.9;12.8
CLERMONT-FD;20040201;6.5;16.3
CLERMONT-FD;20040202;3.5;16.5
CLERMONT-FD;20040203;-0.5;15.5
CLERMONT-FD;20040204;0.3;17.7
CLERMONT-FD;20040205;-1.5;19.2
CLERMONT-FD;20040206;4.4;21.4
CLERMONT-FD;20040207;8.1;12.6
CLERMONT-FD;20040208;4.4;9.0
CLERMONT-FD;20040209;2.3;6.8
CLERMONT-FD;20040210;-5.5;9.4
CLERMONT-FD;20040211;-5.2;7.1
CLERMONT-FD;20040212;3.5;8.4
CLERMONT-FD;20040213;-4.3;7.7
CLERMONT-FD;20040214;-3.9;10.6
CLERMONT-FD;20040215;-1.3;7.0
CLERMONT-FD;20040216;2.7;5.7
CLERMONT-FD;20040217;3.0;8.9
CLERMONT-FD;20040218;1.3;4.3
CLERMONT-FD;20040219;-0.1;2.2
CLERMONT-FD;20040220;-2.7;9.8
CLERMONT-FD;20040221;2.1;12.4
CLERMONT-FD;20040222;7.8;11.8
CLERMONT-FD;20040223;-1.2;2.1
CLERMONT-FD;20040224;-6.3;3.2
CLERMONT-FD;20040225;-7.5;5.5
CLERMONT-FD;20040226;-4.9;2.0
CLERMONT-FD;20040227;-5.1;3.3
CLERMONT-FD;20040228;-4.7;3.6
CLERMONT-FD;20040229;-2.8;3.6
CLERMONT-FD;20040301;-5.4;3.4
CLERMONT-FD;20040302;-3.2;5.4
CLERMONT-FD;20040303;-6.7;11.3
CLERMONT-FD;20040304;-0.5;10.9
CLERMONT-FD;20040305;5.6;11.2
CLERMONT-FD;20040306;4.9;6.8
CLERMONT-FD;20040307;0.9;7.5
CLERMONT-FD;20040308;0.5;6.2
CLERMONT-FD;20040309;-2.2;4.8
CLERMONT-FD;20040310;-2.3;1.2
CLERMONT-FD;20040311;-3.6;7.6
CLERMONT-FD;20040312;2.0;11.9
CLERMONT-FD;20040313;5.5;8.0
CLERMONT-FD;20040314;1.2;16.8
CLERMONT-FD;20040315;2.0;17.9
CLERMONT-FD;20040316;4.2;22.4
CLERMONT-FD;20040317;4.4;25.0
CLERMONT-FD;20040318;9.3;22.7
CLERMONT-FD;20040319;7.1;16.6
CLERMONT-FD;20040320;12.2;17.3
CLERMONT-FD;20040321;10.1;13.4
CLERMONT-FD;20040322;4.3;10.9
CLERMONT-FD;20040323;2.7;7.7
CLERMONT-FD;20040324;1.9;7.5
CLERMONT-FD;20040325;1.1;5.5
CLERMONT-FD;20040326;0.5;5.3
CLERMONT-FD;20040327;-4.5;6.1
CLERMONT-FD;20040328;-4.8;13.8
CLERMONT-FD;20040329;-3.5;17.1
CLERMONT-FD;20040330;-1.2;16.2
CLERMONT-FD;20040331;8.3;16.3
CLERMONT-FD;20040401;5.2;16.3
CLERMONT-FD;20040402;6.6;11.2
CLERMONT-FD;20040403;3.5;14.4
CLERMONT-FD;20040404;6.6;16.5
CLERMONT-FD;20040405;8.1;13.9
CLERMONT-FD;20040406;7.0;12.9
CLERMONT-FD;20040407;3.5;10.0
CLERMONT-FD;20040408;-0.7;8.5
CLERMONT-FD;20040409;2.4;9.6
CLERMONT-FD;20040410;2.6;9.7
CLERMONT-FD;20040411;1.6;7.0
CLERMONT-FD;20040412;1.1;12.4
CLERMONT-FD;20040413;-0.3;12.7
CLERMONT-FD;20040414;5.0;13.7
CLERMONT-FD;20040415;1.8;14.4
CLERMONT-FD;20040416;1.4;15.6
CLERMONT-FD;20040417;9.0;13.2
CLERMONT-FD;20040418;4.4;14.3
CLERMONT-FD;20040419;2.1;11.1
CLERMONT-FD;20040420;6.5;16.5
CLERMONT-FD;20040421;7.1;24.8
CLERMONT-FD;20040422;10.5;14.7
CLERMONT-FD;20040423;10.8;16.6
CLERMONT-FD;20040424;5.8;17.6
CLERMONT-FD;20040425;7.8;18.4
CLERMONT-FD;20040426;3.5;19.5
CLERMONT-FD;20040427;8.4;22.7
CLERMONT-FD;20040428;9.6;12.2
CLERMONT-FD;20040429;8.7;11.1
CLERMONT-FD;20040430;6.9;14.7
CLERMONT-FD;20040501;2.7;18.3
CLERMONT-FD;20040502;6.7;15.8
CLERMONT-FD;20040503;5.1;17.9
CLERMONT-FD;20040504;5.8;18.5
CLERMONT-FD;20040505;4.7;13.5
CLERMONT-FD;20040506;5.6;13.5
CLERMONT-FD;20040507;2.4;12.4
CLERMONT-FD;20040508;7.4;12.2
CLERMONT-FD;20040509;7.4;16.1
CLERMONT-FD;20040510;2.4;18.3
CLERMONT-FD;20040511;6.3;19.2
CLERMONT-FD;20040512;6.4;17.7
CLERMONT-FD;20040513;9.1;12.9
CLERMONT-FD;20040514;7.7;15.9
CLERMONT-FD;20040515;4.5;20.3
CLERMONT-FD;20040516;5.8;22.8
CLERMONT-FD;20040517;6.6;23.7
CLERMONT-FD;20040518;9.4;27.3
CLERMONT-FD;20040519;9.6;27.0
CLERMONT-FD;20040520;11.1;28.0
CLERMONT-FD;20040521;10.9;20.7
CLERMONT-FD;20040522;10.7;16.0
CLERMONT-FD;20040523;4.8;17.7
CLERMONT-FD;20040524;2.2;19.6
CLERMONT-FD;20040525;3.4;23.1
CLERMONT-FD;20040526;9.9;24.1
CLERMONT-FD;20040527;12.0;18.2
CLERMONT-FD;20040528;6.5;20.4
CLERMONT-FD;20040529;6.8;23.2
CLERMONT-FD;20040530;11.0;18.0
CLERMONT-FD;20040531;13.1;19.1
CLERMONT-FD;20040601;12.8;22.3
CLERMONT-FD;20040602;13.8;21.1
CLERMONT-FD;20040603;11.6;15.6
CLERMONT-FD;20040604;8.7;21.3
CLERMONT-FD;20040605;13.3;20.7
CLERMONT-FD;20040606;7.9;23.1
CLERMONT-FD;20040607;9.9;28.9
CLERMONT-FD;20040608;15.5;30.9
CLERMONT-FD;20040609;14.2;32.3
CLERMONT-FD;20040610;16.1;32.5
CLERMONT-FD;20040611;15.4;23.4
CLERMONT-FD;20040612;16.5;22.4
CLERMONT-FD;20040613;11.6;19.3
CLERMONT-FD;20040614;11.0;22.5
CLERMONT-FD;20040615;9.4;23.5
CLERMONT-FD;20040616;12.1;24.4
CLERMONT-FD;20040617;8.4;27.1
CLERMONT-FD;20040618;13.7;27.6
CLERMONT-FD;20040619;9.8;18.9
CLERMONT-FD;20040620;9.8;17.8
CLERMONT-FD;20040621;10.2;22.7
CLERMONT-FD;20040622;14.3;27.2
CLERMONT-FD;20040623;16.8;22.9
CLERMONT-FD;20040624;15.2;22.1
CLERMONT-FD;20040625;12.0;22.5
CLERMONT-FD;20040626;9.2;31.3
CLERMONT-FD;20040627;18.4;29.9
CLERMONT-FD;20040628;17.0;26.8
CLERMONT-FD;20040629;10.3;25.3
CLERMONT-FD;20040630;11.5;32.3
CLERMONT-FD;20040701;16.2;25.0
CLERMONT-FD;20040702;14.4;23.1
CLERMONT-FD;20040703;10.1;23.8
CLERMONT-FD;20040704;10.0;30.7
CLERMONT-FD;20040705;16.4;23.3
CLERMONT-FD;20040706;15.5;23.9
CLERMONT-FD;20040707;15.0;27.6
CLERMONT-FD;20040708;12.1;21.7
CLERMONT-FD;20040709;12.9;19.4
CLERMONT-FD;20040710;8.1;20.5
CLERMONT-FD;20040711;7.7;20.9
CLERMONT-FD;20040712;12.0;19.7
CLERMONT-FD;20040713;10.2;20.9
CLERMONT-FD;20040714;6.3;25.0
CLERMONT-FD;20040715;10.6;26.3
CLERMONT-FD;20040716;13.8;30.7
CLERMONT-FD;20040717;16.9;31.7
CLERMONT-FD;20040718;14.7;17.5
CLERMONT-FD;20040719;13.1;26.1
CLERMONT-FD;20040720;16.2;26.9
CLERMONT-FD;20040721;15.3;28.1
CLERMONT-FD;20040722;15.4;33.2
CLERMONT-FD;20040723;17.9;29.4
CLERMONT-FD;20040724;18.0;25.5
CLERMONT-FD;20040725;10.5;25.5
CLERMONT-FD;20040726;11.1;24.1
CLERMONT-FD;20040727;15.8;24.1
CLERMONT-FD;20040728;10.0;27.3
CLERMONT-FD;20040729;13.8;30.2
CLERMONT-FD;20040730;14.6;29.7
CLERMONT-FD;20040731;15.9;31.9
CLERMONT-FD;20040801;17.1;33.1
CLERMONT-FD;20040802;19.0;34.5
CLERMONT-FD;20040803;17.7;27.4
CLERMONT-FD;20040804;16.7;26.7
CLERMONT-FD;20040805;16.7;21.4
CLERMONT-FD;20040806;15.7;25.7
CLERMONT-FD;20040807;15.4;29.9
CLERMONT-FD;20040808;16.4;32.0
CLERMONT-FD;20040809;18.9;29.2
CLERMONT-FD;20040810;15.9;22.9
CLERMONT-FD;20040811;13.2;29.1
CLERMONT-FD;20040812;16.2;23.3
CLERMONT-FD;20040813;17.0;23.9
CLERMONT-FD;20040814;12.9;24.2
CLERMONT-FD;20040815;15.7;28.0
CLERMONT-FD;20040816;17.5;26.3
CLERMONT-FD;20040817;16.9;23.1
CLERMONT-FD;20040818;15.9;29.2
CLERMONT-FD;20040819;15.8;23.5
CLERMONT-FD;20040820;13.8;22.1
CLERMONT-FD;20040821;13.3;19.9
CLERMONT-FD;20040822;7.5;23.1
CLERMONT-FD;20040823;13.3;29.7
CLERMONT-FD;20040824;15.7;23.3
CLERMONT-FD;20040825;11.6;20.2
CLERMONT-FD;20040826;13.4;20.5
CLERMONT-FD;20040827;10.6;23.3
CLERMONT-FD;20040828;12.5;23.8
CLERMONT-FD;20040829;14.8;23.0
CLERMONT-FD;20040830;16.4;21.0
CLERMONT-FD;20040831;11.9;20.8
CLERMONT-FD;20040901;8.0;24.7
CLERMONT-FD;20040902;11.2;25.8
CLERMONT-FD;20040903;14.3;28.6
CLERMONT-FD;20040904;15.2;29.0
CLERMONT-FD;20040905;13.2;28.6
CLERMONT-FD;20040906;15.7;29.7
CLERMONT-FD;20040907;14.3;27.8
CLERMONT-FD;20040908;13.7;28.2
CLERMONT-FD;20040909;13.4;30.7
CLERMONT-FD;20040910;17.0;26.3
CLERMONT-FD;20040911;15.3;22.4
CLERMONT-FD;20040912;13.6;22.8
CLERMONT-FD;20040913;11.6;26.4
CLERMONT-FD;20040914;14.6;21.7
CLERMONT-FD;20040915;9.7;18.6
CLERMONT-FD;20040916;7.6;18.4
CLERMONT-FD;20040917;4.3;21.3
CLERMONT-FD;20040918;8.6;26.5
CLERMONT-FD;20040919;12.4;21.6
CLERMONT-FD;20040920;10.6;22.1
CLERMONT-FD;20040921;12.1;20.6
CLERMONT-FD;20040922;10.1;20.2
CLERMONT-FD;20040923;10.1;21.6
CLERMONT-FD;20040924;11.0;16.7
CLERMONT-FD;20040925;3.3;12.8
CLERMONT-FD;20040926;6.4;16.7
CLERMONT-FD;20040927;8.9;20.4
CLERMONT-FD;20040928;12.0;20.5
CLERMONT-FD;20040929;14.4;21.9
CLERMONT-FD;20040930;10.3;24.7
CLERMONT-FD;20041001;11.8;23.8
CLERMONT-FD;20041002;10.2;21.2
CLERMONT-FD;20041003;11.4;23.4
CLERMONT-FD;20041004;12.7;29.7
CLERMONT-FD;20041005;16.2;27.0
CLERMONT-FD;20041006;12.3;14.9
CLERMONT-FD;20041007;11.9;16.8
CLERMONT-FD;20041008;13.8;25.1
CLERMONT-FD;20041009;12.0;25.3
CLERMONT-FD;20041010;11.7;20.6
CLERMONT-FD;20041011;12.2;18.9
CLERMONT-FD;20041012;11.5;18.5
CLERMONT-FD;20041013;7.3;18.5
CLERMONT-FD;20041014;9.7;15.7
CLERMONT-FD;20041015;8.4;12.4
CLERMONT-FD;20041016;4.6;12.9
CLERMONT-FD;20041017;6.4;14.4
CLERMONT-FD;20041018;7.0;13.9
CLERMONT-FD;20041019;9.6;18.6
CLERMONT-FD;20041020;14.7;23.9
CLERMONT-FD;20041021;11.9;19.8
CLERMONT-FD;20041022;11.8;23.6
CLERMONT-FD;20041023;11.9;24.7
CLERMONT-FD;20041024;13.0;24.9
CLERMONT-FD;20041025;12.9;17.3
CLERMONT-FD;20041026;9.0;13.1
CLERMONT-FD;20041027;4.6;14.9
CLERMONT-FD;20041028;12.2;16.3
CLERMONT-FD;20041029;6.9;14.1
CLERMONT-FD;20041030;5.5;16.1
CLERMONT-FD;20041031;4.1;10.4
CLERMONT-FD;20041101;7.7;15.4
CLERMONT-FD;20041102;7.0;10.9
CLERMONT-FD;20041103;6.3;14.0
CLERMONT-FD;20041104;9.4;15.3
CLERMONT-FD;20041105;9.1;11.3
CLERMONT-FD;20041106;2.9;9.3
CLERMONT-FD;20041107;6.1;9.8
CLERMONT-FD;20041108;4.7;8.2
CLERMONT-FD;20041109;2.6;6.1
CLERMONT-FD;20041110;0.4;6.3
CLERMONT-FD;20041111;2.9;5.0
CLERMONT-FD;20041112;1.6;8.0
CLERMONT-FD;20041113;2.1;7.3
CLERMONT-FD;20041114;1.5;5.7
CLERMONT-FD;20041115;-0.8;6.8
CLERMONT-FD;20041116;2.1;5.8
CLERMONT-FD;20041117;5.1;9.6
CLERMONT-FD;20041118;6.6;11.1
CLERMONT-FD;20041119;4.8;11.6
CLERMONT-FD;20041120;-2.9;8.6
CLERMONT-FD;20041121;4.4;10.0
CLERMONT-FD;20041122;6.1;13.1
CLERMONT-FD;20041123;3.8;11.7
CLERMONT-FD;20041124;3.6;12.2
CLERMONT-FD;20041125;-0.8;14.0
CLERMONT-FD;20041126;-3.2;10.2
CLERMONT-FD;20041127;4.9;9.0
CLERMONT-FD;20041128;0.4;10.9
CLERMONT-FD;20041129;3.7;8.2
CLERMONT-FD;20041130;3.3;5.2
CLERMONT-FD;20041201;0.3;11.7
CLERMONT-FD;20041202;0.3;11.5
CLERMONT-FD;20041203;3.5;10.6
CLERMONT-FD;20041204;5.2;6.4
CLERMONT-FD;20041205;4.0;5.3
CLERMONT-FD;20041206;2.2;3.8
CLERMONT-FD;20041207;-3.1;4.1
CLERMONT-FD;20041208;0.2;1.1
CLERMONT-FD;20041209;-0.3;3.2
CLERMONT-FD;20041210;-3.1;10.1
CLERMONT-FD;20041211;-2.3;-0.3
CLERMONT-FD;20041212;-3.6;7.4
CLERMONT-FD;20041213;-4.2;12.1
CLERMONT-FD;20041214;-1.7;10.9
CLERMONT-FD;20041215;-1.8;10.7
CLERMONT-FD;20041216;0.3;12.9
CLERMONT-FD;20041217;4.8;11.3
CLERMONT-FD;20041218;3.3;11.5
CLERMONT-FD;20041219;4.4;13.6
CLERMONT-FD;20041220;-0.6;0.7
CLERMONT-FD;20041221;-7.3;1.1
CLERMONT-FD;20041222;-2.4;7.8
CLERMONT-FD;20041223;2.2;12.1
CLERMONT-FD;20041224;6.0;12.4
CLERMONT-FD;20041225;3.0;7.9
CLERMONT-FD;20041226;0.3;2.8
CLERMONT-FD;20041227;0.0;2.7
CLERMONT-FD;20041228;-4.6;4.8
CLERMONT-FD;20041229;1.0;4.9
CLERMONT-FD;20041230;1.5;6.8
CLERMONT-FD;20041231;3.7;9.1
CLERMONT-FD;20050101;6.2;12.5
CLERMONT-FD;20050102;2.6;9.6
CLERMONT-FD;20050103;-0.4;7.3
CLERMONT-FD;20050104;-0.9;9.6
CLERMONT-FD;20050105;-2.7;11.0
CLERMONT-FD;20050106;7.1;10.7
CLERMONT-FD;20050107;0.3;12.6
CLERMONT-FD;20050108;0.7;16.3
CLERMONT-FD;20050109;5.9;14.6
CLERMONT-FD;20050110;-0.4;14.9
CLERMONT-FD;20050111;3.0;13.6
CLERMONT-FD;20050112;5.1;11.4
CLERMONT-FD;20050113;2.0;6.7
CLERMONT-FD;20050114;-7.1;5.3
CLERMONT-FD;20050115;-8.0;8.3
CLERMONT-FD;20050116;-5.8;10.2
CLERMONT-FD;20050117;-1.4;11.9
CLERMONT-FD;20050118;1.7;11.1
CLERMONT-FD;20050119;2.9;7.4
CLERMONT-FD;20050120;3.9;12.7
CLERMONT-FD;20050121;8.9;12.4
CLERMONT-FD;20050122;4.8;11.1
CLERMONT-FD;20050123;0.5;8.8
CLERMONT-FD;20050124;-1.7;1.3
CLERMONT-FD;20050125;-3.8;-1.6
CLERMONT-FD;20050126;-4.6;-2.2
CLERMONT-FD;20050127;-5.6;-1.4
CLERMONT-FD;20050128;-5.7;-1.9
CLERMONT-FD;20050129;-3.6;-1.3
CLERMONT-FD;20050130;-8.7;-2.1
CLERMONT-FD;20050131;-3.1;1.7
CLERMONT-FD;20050201;0.0;6.5
CLERMONT-FD;20050202;0.5;4.3
CLERMONT-FD;20050203;2.3;5.1
CLERMONT-FD;20050204;-2.2;6.7
CLERMONT-FD;20050205;-7.1;7.3
CLERMONT-FD;20050206;-2.4;8.4
CLERMONT-FD;20050207;-2.3;10.7
CLERMONT-FD;20050208;-0.4;12.7
CLERMONT-FD;20050209;-0.9;11.9
CLERMONT-FD;20050210;0.4;12.1
CLERMONT-FD;20050211;3.5;12.9
CLERMONT-FD;20050212;11.0;13.6
CLERMONT-FD;20050213;2.0;7.4
CLERMONT-FD;20050214;0.7;3.7
CLERMONT-FD;20050215;-1.3;1.2
CLERMONT-FD;20050216;-1.3;-0.1
CLERMONT-FD;20050217;-2.9;-0.5
CLERMONT-FD;20050218;-2.6;-0.1
CLERMONT-FD;20050219;-1.4;5.1
CLERMONT-FD;20050220;-2.5;2.1
CLERMONT-FD;20050221;-1.4;3.4
CLERMONT-FD;20050222;-4.6;0.5
CLERMONT-FD;20050223;-6.7;-0.2
CLERMONT-FD;20050224;-7.4;1.1
CLERMONT-FD;20050225;-7.5;2.3
CLERMONT-FD;20050226;-8.1;2.0
CLERMONT-FD;20050227;-4.8;0.2
CLERMONT-FD;20050228;-8.4;-1.9
CLERMONT-FD;20050301;-12.5;1.0
CLERMONT-FD;20050302;-9.8;7.8
CLERMONT-FD;20050303;-1.6;6.4
CLERMONT-FD;20050304;-1.5;1.3
CLERMONT-FD;20050305;-2.5;4.3
CLERMONT-FD;20050306;-2.1;1.6
CLERMONT-FD;20050307;-5.1;2.0
CLERMONT-FD;20050308;-0.5;5.1
CLERMONT-FD;20050309;0.6;5.3
CLERMONT-FD;20050310;2.2;5.3
CLERMONT-FD;20050311;0.8;8.0
CLERMONT-FD;20050312;-2.6;9.1
CLERMONT-FD;20050313;0.8;9.8
CLERMONT-FD;20050314;-3.3;15.8
CLERMONT-FD;20050315;0.1;19.9
CLERMONT-FD;20050316;5.4;23.3
CLERMONT-FD;20050317;7.8;22.9
CLERMONT-FD;20050318;4.1;22.9
CLERMONT-FD;20050319;4.8;23.3
CLERMONT-FD;20050320;4.7;22.9
CLERMONT-FD;20050321;8.6;24.9
CLERMONT-FD;20050322;10.0;12.6
CLERMONT-FD;20050323;5.4;18.8
CLERMONT-FD;20050324;11.3;15.2
CLERMONT-FD;20050325;4.9;19.0
CLERMONT-FD;20050326;9.1;18.8
CLERMONT-FD;20050327;7.4;14.8
CLERMONT-FD;20050328;9.4;15.1
CLERMONT-FD;20050329;6.3;16.1
CLERMONT-FD;20050330;6.4;13.7
CLERMONT-FD;20050331;7.5;12.8
CLERMONT-FD;20050401;5.8;18.3
CLERMONT-FD;20050402;7.1;18.4
CLERMONT-FD;20050403;9.0;17.3
CLERMONT-FD;20050404;9.0;19.2
CLERMONT-FD;20050405;7.4;17.5
CLERMONT-FD;20050406;6.0;19.5
CLERMONT-FD;20050407;10.2;12.6
CLERMONT-FD;20050408;4.0;12.4
CLERMONT-FD;20050409;1.9;5.4
CLERMONT-FD;20050410;3.7;9.7
CLERMONT-FD;20050411;5.3;14.1
CLERMONT-FD;20050412;0.5;14.7
CLERMONT-FD;20050413;4.3;16.4
CLERMONT-FD;20050414;5.7;18.9
CLERMONT-FD;20050415;4.2;11.4
CLERMONT-FD;20050416;4.8;7.3
CLERMONT-FD;20050417;4.7;13.7
CLERMONT-FD;20050418;5.2;11.8
CLERMONT-FD;20050419;4.0;13.1
CLERMONT-FD;20050420;3.0;13.4
CLERMONT-FD;20050421;0.2;14.2
CLERMONT-FD;20050422;0.5;20.5
CLERMONT-FD;20050423;8.8;19.6
CLERMONT-FD;20050424;9.6;15.2
CLERMONT-FD;20050425;7.0;14.8
CLERMONT-FD;20050426;5.4;20.6
CLERMONT-FD;20050427;10.7;17.6
CLERMONT-FD;20050428;7.4;23.4
CLERMONT-FD;20050429;10.4;25.5
CLERMONT-FD;20050430;11.6;29.6
CLERMONT-FD;20050501;13.3;28.9
CLERMONT-FD;20050502;16.7;26.3
CLERMONT-FD;20050503;12.4;21.7
CLERMONT-FD;20050504;9.3;16.9
CLERMONT-FD;20050505;9.8;12.4
CLERMONT-FD;20050506;4.6;17.9
CLERMONT-FD;20050507;7.7;17.4
CLERMONT-FD;20050508;6.9;16.3
CLERMONT-FD;20050509;2.2;16.9
CLERMONT-FD;20050510;3.0;17.4
CLERMONT-FD;20050511;6.2;18.3
CLERMONT-FD;20050512;5.1;19.0
CLERMONT-FD;20050513;11.5;23.4
CLERMONT-FD;20050514;11.0;18.8
CLERMONT-FD;20050515;7.2;20.3
CLERMONT-FD;20050516;7.8;19.2
CLERMONT-FD;20050517;6.8;17.3
CLERMONT-FD;20050518;6.5;16.3
CLERMONT-FD;20050519;3.4;21.6
CLERMONT-FD;20050520;9.8;30.1
CLERMONT-FD;20050521;13.8;20.0
CLERMONT-FD;20050522;11.5;13.3
CLERMONT-FD;20050523;8.3;18.0
CLERMONT-FD;20050524;6.7;22.3
CLERMONT-FD;20050525;9.0;26.3
CLERMONT-FD;20050526;13.8;30.7
CLERMONT-FD;20050527;14.2;31.8
CLERMONT-FD;20050528;14.4;28.7
CLERMONT-FD;20050529;14.3;31.3
CLERMONT-FD;20050530;15.4;19.8
CLERMONT-FD;20050531;5.6;20.4
CLERMONT-FD;20050601;7.4;21.6
CLERMONT-FD;20050602;8.3;26.7
CLERMONT-FD;20050603;14.6;30.0
CLERMONT-FD;20050604;12.8;20.7
CLERMONT-FD;20050605;12.1;21.4
CLERMONT-FD;20050606;12.9;18.1
CLERMONT-FD;20050607;13.1;19.2
CLERMONT-FD;20050608;7.0;19.7
CLERMONT-FD;20050609;6.4;20.4
CLERMONT-FD;20050610;4.6;21.0
CLERMONT-FD;20050611;5.1;24.0
CLERMONT-FD;20050612;7.9;26.2
CLERMONT-FD;20050613;13.8;24.6
CLERMONT-FD;20050614;14.4;21.4
CLERMONT-FD;20050615;11.3;23.9
CLERMONT-FD;20050616;14.3;23.3
CLERMONT-FD;20050617;13.5;26.6
CLERMONT-FD;20050618;14.6;29.3
CLERMONT-FD;20050619;15.9;30.8
CLERMONT-FD;20050620;15.5;30.7
CLERMONT-FD;20050621;17.4;28.9
CLERMONT-FD;20050622;17.0;30.5
CLERMONT-FD;20050623;17.9;33.4
CLERMONT-FD;20050624;19.6;32.3
CLERMONT-FD;20050625;17.3;29.9
CLERMONT-FD;20050626;18.3;30.2
CLERMONT-FD;20050627;19.3;34.8
CLERMONT-FD;20050628;20.7;33.4
CLERMONT-FD;20050629;17.6;25.3
CLERMONT-FD;20050630;15.8;24.1
CLERMONT-FD;20050701;14.1;22.7
CLERMONT-FD;20050702;15.9;24.9
CLERMONT-FD;20050703;13.8;30.5
CLERMONT-FD;20050704;17.9;22.0
CLERMONT-FD;20050705;10.6;22.0
CLERMONT-FD;20050706;15.7;21.6
CLERMONT-FD;20050707;12.7;19.0
CLERMONT-FD;20050708;12.7;18.1
CLERMONT-FD;20050709;12.0;17.2
CLERMONT-FD;20050710;12.6;24.1
CLERMONT-FD;20050711;12.6;26.8
CLERMONT-FD;20050712;10.7;27.7
CLERMONT-FD;20050713;13.1;28.5
CLERMONT-FD;20050714;13.1;31.3
CLERMONT-FD;20050715;18.6;34.2
CLERMONT-FD;20050716;21.1;33.2
CLERMONT-FD;20050717;17.3;34.1
CLERMONT-FD;20050718;19.4;25.5
CLERMONT-FD;20050719;16.9;25.4
CLERMONT-FD;20050720;10.1;26.7
CLERMONT-FD;20050721;12.0;27.0
CLERMONT-FD;20050722;14.4;26.1
CLERMONT-FD;20050723;11.6;27.5
CLERMONT-FD;20050724;16.6;31.2
CLERMONT-FD;20050725;19.3;28.8
CLERMONT-FD;20050726;13.1;33.0
CLERMONT-FD;20050727;17.6;37.2
CLERMONT-FD;20050728;21.5;36.8
CLERMONT-FD;20050729;18.3;26.4
CLERMONT-FD;20050730;13.1;24.7
CLERMONT-FD;20050731;11.0;22.5
CLERMONT-FD;20050801;10.6;23.1
CLERMONT-FD;20050802;12.0;20.3
CLERMONT-FD;20050803;10.7;25.5
CLERMONT-FD;20050804;12.8;23.6
CLERMONT-FD;20050805;9.5;28.1
CLERMONT-FD;20050806;15.2;25.3
CLERMONT-FD;20050807;14.8;19.5
CLERMONT-FD;20050808;6.4;22.4
CLERMONT-FD;20050809;6.4;26.1
CLERMONT-FD;20050810;7.8;27.3
CLERMONT-FD;20050811;14.2;26.2
CLERMONT-FD;20050812;11.4;29.0
CLERMONT-FD;20050813;11.6;26.3
CLERMONT-FD;20050814;12.1;24.2
CLERMONT-FD;20050815;10.5;21.6
CLERMONT-FD;20050816;5.7;25.3
CLERMONT-FD;20050817;10.1;29.5
CLERMONT-FD;20050818;16.4;25.7
CLERMONT-FD;20050819;17.7;24.6
CLERMONT-FD;20050820;12.6;19.8
CLERMONT-FD;20050821;13.1;18.8
CLERMONT-FD;20050822;15.4;22.3
CLERMONT-FD;20050823;13.1;22.5
CLERMONT-FD;20050824;10.5;23.6
CLERMONT-FD;20050825;15.0;24.2
CLERMONT-FD;20050826;8.9;21.7
CLERMONT-FD;20050827;8.5;23.1
CLERMONT-FD;20050828;10.4;24.7
CLERMONT-FD;20050829;8.7;28.9
CLERMONT-FD;20050830;13.6;32.5
CLERMONT-FD;20050831;14.7;34.8
CLERMONT-FD;20050901;19.5;26.3
CLERMONT-FD;20050902;13.0;29.3
CLERMONT-FD;20050903;14.1;32.9
CLERMONT-FD;20050904;14.7;34.4
CLERMONT-FD;20050905;17.9;22.2
CLERMONT-FD;20050906;15.4;18.9
CLERMONT-FD;20050907;14.5;27.2
CLERMONT-FD;20050908;13.0;23.2
CLERMONT-FD;20050909;11.2;26.4
CLERMONT-FD;20050910;14.7;21.3
CLERMONT-FD;20050911;9.0;22.7
CLERMONT-FD;20050912;12.1;20.5
CLERMONT-FD;20050913;15.0;23.4
CLERMONT-FD;20050914;11.5;24.3
CLERMONT-FD;20050915;9.1;27.2
CLERMONT-FD;20050916;10.9;25.5
CLERMONT-FD;20050917;7.8;15.0
CLERMONT-FD;20050918;1.8;16.4
CLERMONT-FD;20050919;5.3;18.5
CLERMONT-FD;20050920;3.8;19.3
CLERMONT-FD;20050921;2.1;20.8
CLERMONT-FD;20050922;5.6;24.1
CLERMONT-FD;20050923;9.3;25.5
CLERMONT-FD;20050924;10.3;25.0
CLERMONT-FD;20050925;10.6;22.3
CLERMONT-FD;20050926;13.8;22.0
CLERMONT-FD;20050927;11.5;24.2
CLERMONT-FD;20050928;12.4;19.1
CLERMONT-FD;20050929;9.8;18.5
CLERMONT-FD;20050930;5.6;19.3
CLERMONT-FD;20051001;13.1;18.7
CLERMONT-FD;20051002;8.6;14.1
CLERMONT-FD;20051003;9.6;11.8
CLERMONT-FD;20051004;9.2;10.5
CLERMONT-FD;20051005;8.0;14.6
CLERMONT-FD;20051006;4.4;17.8
CLERMONT-FD;20051007;5.3;20.3
CLERMONT-FD;20051008;8.5;24.5
CLERMONT-FD;20051009;9.4;24.6
CLERMONT-FD;20051010;8.1;25.9
CLERMONT-FD;20051011;12.6;22.0
CLERMONT-FD;20051012;14.5;22.3
CLERMONT-FD;20051013;12.9;21.4
CLERMONT-FD;20051014;7.6;23.1
CLERMONT-FD;20051015;7.9;23.0
CLERMONT-FD;20051016;12.0;19.2
CLERMONT-FD;20051017;9.0;21.0
CLERMONT-FD;20051018;12.3;19.5
CLERMONT-FD;20051019;12.8;22.7
CLERMONT-FD;20051020;9.7;21.9
CLERMONT-FD;20051021;14.5;22.2
CLERMONT-FD;20051022;13.4;22.7
CLERMONT-FD;20051023;13.0;18.5
CLERMONT-FD;20051024;6.0;18.6
CLERMONT-FD;20051025;12.0;23.8
CLERMONT-FD;20051026;10.9;25.0
CLERMONT-FD;20051027;13.4;23.6
CLERMONT-FD;20051028;15.9;21.6
CLERMONT-FD;20051029;17.0;23.6
CLERMONT-FD;20051030;14.5;23.5
CLERMONT-FD;20051031;14.1;21.9
CLERMONT-FD;20051101;8.5;17.5
CLERMONT-FD;20051102;9.2;20.0
CLERMONT-FD;20051103;11.8;22.2
CLERMONT-FD;20051104;10.6;13.0
CLERMONT-FD;20051105;3.9;12.9
CLERMONT-FD;20051106;0.9;14.2
CLERMONT-FD;20051107;2.6;17.0
CLERMONT-FD;20051108;2.6;20.0
CLERMONT-FD;20051109;8.1;10.9
CLERMONT-FD;20051110;3.3;11.0
CLERMONT-FD;20051111;1.8;14.2
CLERMONT-FD;20051112;0.9;16.4
CLERMONT-FD;20051113;8.7;13.3
CLERMONT-FD;20051114;6.9;9.8
CLERMONT-FD;20051115;5.8;14.2
CLERMONT-FD;20051116;4.3;12.4
CLERMONT-FD;20051117;1.5;7.0
CLERMONT-FD;20051118;-2.2;3.2
CLERMONT-FD;20051119;-3.0;4.5
CLERMONT-FD;20051120;-6.8;5.9
CLERMONT-FD;20051121;-4.2;2.6
CLERMONT-FD;20051122;-2.2;4.7
CLERMONT-FD;20051123;-1.5;3.4
CLERMONT-FD;20051124;0.4;5.4
CLERMONT-FD;20051125;0.3;5.6
CLERMONT-FD;20051126;-4.0;6.2
CLERMONT-FD;20051127;-1.5;5.9
CLERMONT-FD;20051128;-0.7;8.6
CLERMONT-FD;20051129;2.0;6.6
CLERMONT-FD;20051130;0.4;3.7
CLERMONT-FD;20051201;-5.2;9.0
CLERMONT-FD;20051202;4.0;12.7
CLERMONT-FD;20051203;4.1;11.0
CLERMONT-FD;20051204;6.5;13.1
CLERMONT-FD;20051205;3.4;8.6
CLERMONT-FD;20051206;2.0;6.9
CLERMONT-FD;20051207;2.6;7.4
CLERMONT-FD;20051208;1.6;9.1
CLERMONT-FD;20051209;3.6;5.6
CLERMONT-FD;20051210;0.7;2.1
CLERMONT-FD;20051211;-4.7;2.7
CLERMONT-FD;20051212;-8.7;2.9
CLERMONT-FD;20051213;-5.4;2.8
CLERMONT-FD;20051214;0.8;3.4
CLERMONT-FD;20051215;2.6;5.5
CLERMONT-FD;20051216;3.0;8.5
CLERMONT-FD;20051217;1.4;4.3
CLERMONT-FD;20051218;-3.7;2.9
CLERMONT-FD;20051219;-5.2;4.3
CLERMONT-FD;20051220;0.4;1.4
CLERMONT-FD;20051221;-3.7;-0.4
CLERMONT-FD;20051222;-4.8;-1.2
CLERMONT-FD;20051223;-5.9;6.4
CLERMONT-FD;20051224;-5.9;3.1
CLERMONT-FD;20051225;-2.7;1.0
CLERMONT-FD;20051226;-1.3;2.6
CLERMONT-FD;20051227;-7.4;-0.2
CLERMONT-FD;20051228;-5.1;-1.2
CLERMONT-FD;20051229;-6.3;-1.5
CLERMONT-FD;20051230;-9.5;11.8
CLERMONT-FD;20051231;6.7;12.2
CLERMONT-FD;20060101;2.7;6.8
CLERMONT-FD;20060102;3.3;4.5
CLERMONT-FD;20060103;1.9;5.0
CLERMONT-FD;20060104;-0.9;3.1
CLERMONT-FD;20060105;-2.2;0.5
CLERMONT-FD;20060106;-8.3;0.4
CLERMONT-FD;20060107;-1.2;4.3
CLERMONT-FD;20060108;2.2;9.9
CLERMONT-FD;20060109;0.9;10.4
CLERMONT-FD;20060110;-5.6;7.7
CLERMONT-FD;20060111;-3.7;8.8
CLERMONT-FD;20060112;0.9;7.3
CLERMONT-FD;20060113;-3.9;11.0
CLERMONT-FD;20060114;-1.9;9.5
CLERMONT-FD;20060115;-3.2;7.4
CLERMONT-FD;20060116;1.4;9.6
CLERMONT-FD;20060117;4.9;10.0
CLERMONT-FD;20060118;6.4;9.7
CLERMONT-FD;20060119;6.9;9.6
CLERMONT-FD;20060120;1.7;9.9
CLERMONT-FD;20060121;4.1;8.2
CLERMONT-FD;20060122;1.7;6.4
CLERMONT-FD;20060123;-1.7;2.5
CLERMONT-FD;20060124;-9.9;7.0
CLERMONT-FD;20060125;-7.6;8.2
CLERMONT-FD;20060126;-4.0;0.3
CLERMONT-FD;20060127;-2.9;-1.0
CLERMONT-FD;20060128;-4.3;-1.0
CLERMONT-FD;20060129;-3.5;3.5
CLERMONT-FD;20060130;-3.2;5.3
CLERMONT-FD;20060131;-7.2;5.4
CLERMONT-FD;20060201;-9.8;1.0
CLERMONT-FD;20060202;-1.3;-0.1
CLERMONT-FD;20060203;-3.4;-1.6
CLERMONT-FD;20060204;-3.9;-2.6
CLERMONT-FD;20060205;-4.1;-0.4
CLERMONT-FD;20060206;-3.6;3.5
CLERMONT-FD;20060207;0.7;3.8
CLERMONT-FD;20060208;0.9;7.4
CLERMONT-FD;20060209;2.3;6.7
CLERMONT-FD;20060210;-2.7;4.1
CLERMONT-FD;20060211;-7.2;4.4
CLERMONT-FD;20060212;-7.4;3.2
CLERMONT-FD;20060213;-1.2;7.5
CLERMONT-FD;20060214;-0.8;14.0
CLERMONT-FD;20060215;4.8;13.2
CLERMONT-FD;20060216;8.0;13.2
CLERMONT-FD;20060217;4.0;9.7
CLERMONT-FD;20060218;5.1;10.7
CLERMONT-FD;20060219;4.2;9.9
CLERMONT-FD;20060220;3.9;9.4
CLERMONT-FD;20060221;3.1;10.6
CLERMONT-FD;20060222;2.1;8.1
CLERMONT-FD;20060223;3.0;4.4
CLERMONT-FD;20060224;-0.1;3.4
CLERMONT-FD;20060225;0.9;5.9
CLERMONT-FD;20060226;-6.8;6.1
CLERMONT-FD;20060227;-2.5;4.2
CLERMONT-FD;20060228;-6.4;5.2
CLERMONT-FD;20060301;-2.6;4.1
CLERMONT-FD;20060302;-1.5;7.9
CLERMONT-FD;20060303;2.1;11.7
CLERMONT-FD;20060304;6.3;15.9
CLERMONT-FD;20060305;-1.9;3.0
CLERMONT-FD;20060306;1.1;7.4
CLERMONT-FD;20060307;-3.7;9.6
CLERMONT-FD;20060308;2.3;14.0
CLERMONT-FD;20060309;9.0;13.3
CLERMONT-FD;20060310;3.7;9.5
CLERMONT-FD;20060311;2.9;7.3
CLERMONT-FD;20060312;-2.2;2.7
CLERMONT-FD;20060313;-5.5;4.2
CLERMONT-FD;20060314;-7.8;9.1
CLERMONT-FD;20060315;-5.1;10.5
CLERMONT-FD;20060316;-5.0;10.1
CLERMONT-FD;20060317;-5.0;13.2
CLERMONT-FD;20060318;-2.0;13.9
CLERMONT-FD;20060319;5.0;15.6
CLERMONT-FD;20060320;5.8;17.5
CLERMONT-FD;20060321;3.3;15.3
CLERMONT-FD;20060322;6.6;13.7
CLERMONT-FD;20060323;7.0;14.9
CLERMONT-FD;20060324;7.9;17.5
CLERMONT-FD;20060325;11.5;16.8
CLERMONT-FD;20060326;9.7;24.7
CLERMONT-FD;20060327;11.7;21.2
CLERMONT-FD;20060328;7.3;13.2
CLERMONT-FD;20060329;6.3;14.6
CLERMONT-FD;20060330;9.2;21.3
CLERMONT-FD;20060331;12.1;18.3
CLERMONT-FD;20060401;5.9;17.2
CLERMONT-FD;20060402;6.6;16.8
CLERMONT-FD;20060403;5.8;13.8
CLERMONT-FD;20060404;0.0;16.1
CLERMONT-FD;20060405;3.1;7.7
CLERMONT-FD;20060406;0.6;10.4
CLERMONT-FD;20060407;-2.9;14.4
CLERMONT-FD;20060408;2.6;19.3
CLERMONT-FD;20060409;6.3;8.8
CLERMONT-FD;20060410;2.3;6.8
CLERMONT-FD;20060411;2.3;11.2
CLERMONT-FD;20060412;2.5;12.3
CLERMONT-FD;20060413;1.3;17.4
CLERMONT-FD;20060414;7.2;20.3
CLERMONT-FD;20060415;9.2;17.8
CLERMONT-FD;20060416;11.5;18.4
CLERMONT-FD;20060417;4.3;17.1
CLERMONT-FD;20060418;8.2;15.5
CLERMONT-FD;20060419;1.7;16.8
CLERMONT-FD;20060420;2.8;19.8
CLERMONT-FD;20060421;7.0;21.3
CLERMONT-FD;20060422;6.4;21.5
CLERMONT-FD;20060423;9.1;23.0
CLERMONT-FD;20060424;8.4;20.9
CLERMONT-FD;20060425;6.4;20.3
CLERMONT-FD;20060426;8.2;19.3
CLERMONT-FD;20060427;11.5;18.0
CLERMONT-FD;20060428;9.8;14.6
CLERMONT-FD;20060429;5.3;11.4
CLERMONT-FD;20060430;-1.9;15.7
CLERMONT-FD;20060501;4.5;18.3
CLERMONT-FD;20060502;5.6;23.0
CLERMONT-FD;20060503;11.9;25.4
CLERMONT-FD;20060504;11.5;25.6
CLERMONT-FD;20060505;13.9;21.3
CLERMONT-FD;20060506;13.1;21.6
CLERMONT-FD;20060507;12.2;19.7
CLERMONT-FD;20060508;7.6;13.9
CLERMONT-FD;20060509;6.2;15.6
CLERMONT-FD;20060510;2.6;14.4
CLERMONT-FD;20060511;2.1;19.2
CLERMONT-FD;20060512;8.6;19.0
CLERMONT-FD;20060513;7.7;17.6
CLERMONT-FD;20060514;5.5;21.2
CLERMONT-FD;20060515;11.0;27.3
CLERMONT-FD;20060516;15.6;24.1
CLERMONT-FD;20060517;11.1;27.5
CLERMONT-FD;20060518;13.5;18.8
CLERMONT-FD;20060519;11.1;18.4
CLERMONT-FD;20060520;11.5;17.5
CLERMONT-FD;20060521;10.3;25.2
CLERMONT-FD;20060522;13.5;19.4
CLERMONT-FD;20060523;6.3;16.1
CLERMONT-FD;20060524;3.9;17.5
CLERMONT-FD;20060525;6.9;20.3
CLERMONT-FD;20060526;9.6;21.4
CLERMONT-FD;20060527;11.7;24.5
CLERMONT-FD;20060528;10.4;26.7
CLERMONT-FD;20060529;11.4;20.2
CLERMONT-FD;20060530;7.3;13.3
CLERMONT-FD;20060531;5.5;13.5
CLERMONT-FD;20060601;7.6;13.6
CLERMONT-FD;20060602;7.7;15.3
CLERMONT-FD;20060603;1.7;19.3
CLERMONT-FD;20060604;5.3;21.0
CLERMONT-FD;20060605;6.0;21.7
CLERMONT-FD;20060606;7.4;22.1
CLERMONT-FD;20060607;5.5;22.5
CLERMONT-FD;20060608;6.1;25.2
CLERMONT-FD;20060609;8.6;29.0
CLERMONT-FD;20060610;10.6;29.3
CLERMONT-FD;20060611;10.8;29.7
CLERMONT-FD;20060612;17.4;30.9
CLERMONT-FD;20060613;15.2;32.2
CLERMONT-FD;20060614;17.2;32.2
CLERMONT-FD;20060615;17.4;31.4
CLERMONT-FD;20060616;17.0;29.4
CLERMONT-FD;20060617;17.2;29.3
CLERMONT-FD;20060618;13.5;29.5
CLERMONT-FD;20060619;14.5;29.2
CLERMONT-FD;20060620;16.9;26.0
CLERMONT-FD;20060621;17.5;27.7
CLERMONT-FD;20060622;17.4;21.9
CLERMONT-FD;20060623;11.0;25.0
CLERMONT-FD;20060624;14.3;30.9
CLERMONT-FD;20060625;16.6;25.1
CLERMONT-FD;20060626;15.2;25.2
CLERMONT-FD;20060627;14.8;26.6
CLERMONT-FD;20060628;15.1;27.5
CLERMONT-FD;20060629;15.0;27.2
CLERMONT-FD;20060630;15.1;28.6
CLERMONT-FD;20060701;14.3;29.5
CLERMONT-FD;20060702;15.0;30.7
CLERMONT-FD;20060703;16.5;31.4
CLERMONT-FD;20060704;18.8;32.5
CLERMONT-FD;20060705;17.1;23.5
CLERMONT-FD;20060706;16.1;23.5
CLERMONT-FD;20060707;15.2;23.8
CLERMONT-FD;20060708;13.1;27.1
CLERMONT-FD;20060709;15.0;28.3
CLERMONT-FD;20060710;14.1;30.5
CLERMONT-FD;20060711;18.4;31.4
CLERMONT-FD;20060712;18.5;29.7
CLERMONT-FD;20060713;18.1;29.8
CLERMONT-FD;20060714;16.5;29.8
CLERMONT-FD;20060715;18.5;31.2
CLERMONT-FD;20060716;18.6;33.0
CLERMONT-FD;20060717;18.8;32.2
CLERMONT-FD;20060718;16.8;33.5
CLERMONT-FD;20060719;20.0;33.3
CLERMONT-FD;20060720;17.4;33.8
CLERMONT-FD;20060721;19.7;34.7
CLERMONT-FD;20060722;20.2;31.0
CLERMONT-FD;20060723;19.6;29.0
CLERMONT-FD;20060724;15.9;32.7
CLERMONT-FD;20060725;18.5;35.1
CLERMONT-FD;20060726;19.9;36.5
CLERMONT-FD;20060727;18.4;31.8
CLERMONT-FD;20060728;16.3;27.9
CLERMONT-FD;20060729;15.8;28.8
CLERMONT-FD;20060730;16.1;29.6
CLERMONT-FD;20060731;18.6;23.1
CLERMONT-FD;20060801;18.8;25.7
CLERMONT-FD;20060802;16.5;20.7
CLERMONT-FD;20060803;15.0;20.6
CLERMONT-FD;20060804;15.7;23.0
CLERMONT-FD;20060805;11.1;21.0
CLERMONT-FD;20060806;11.6;24.0
CLERMONT-FD;20060807;10.9;25.9
CLERMONT-FD;20060808;16.0;23.7
CLERMONT-FD;20060809;15.3;23.1
CLERMONT-FD;20060810;16.2;23.3
CLERMONT-FD;20060811;12.8;19.6
CLERMONT-FD;20060812;11.9;19.6
CLERMONT-FD;20060813;13.3;20.0
CLERMONT-FD;20060814;13.1;22.2
CLERMONT-FD;20060815;9.5;24.8
CLERMONT-FD;20060816;14.3;25.1
CLERMONT-FD;20060817;13.9;24.9
CLERMONT-FD;20060818;11.1;24.7
CLERMONT-FD;20060819;13.8;23.6
CLERMONT-FD;20060820;12.8;22.0
CLERMONT-FD;20060821;10.1;22.3
CLERMONT-FD;20060822;15.5;24.2
CLERMONT-FD;20060823;10.6;26.1
CLERMONT-FD;20060824;12.7;22.4
CLERMONT-FD;20060825;10.1;17.9
CLERMONT-FD;20060826;14.3;20.6
CLERMONT-FD;20060827;14.3;21.6
CLERMONT-FD;20060828;11.6;22.1
CLERMONT-FD;20060829;12.2;21.1
CLERMONT-FD;20060830;8.2;19.3
CLERMONT-FD;20060831;7.0;22.7
CLERMONT-FD;20060901;10.0;29.5
CLERMONT-FD;20060902;16.7;25.9
CLERMONT-FD;20060903;17.3;28.4
CLERMONT-FD;20060904;16.7;27.0
CLERMONT-FD;20060905;15.9;29.0
CLERMONT-FD;20060906;16.7;31.9
CLERMONT-FD;20060907;19.3;29.3
CLERMONT-FD;20060908;15.3;22.9
CLERMONT-FD;20060909;9.5;30.3
CLERMONT-FD;20060910;18.4;26.3
CLERMONT-FD;20060911;12.6;30.5
CLERMONT-FD;20060912;11.8;28.8
CLERMONT-FD;20060913;14.2;27.7
CLERMONT-FD;20060914;17.0;24.6
CLERMONT-FD;20060915;14.0;17.6
CLERMONT-FD;20060916;12.5;24.4
CLERMONT-FD;20060917;14.5;20.2
CLERMONT-FD;20060918;11.4;20.2
CLERMONT-FD;20060919;10.3;22.7
CLERMONT-FD;20060920;11.5;26.8
CLERMONT-FD;20060921;13.6;27.2
CLERMONT-FD;20060922;18.4;23.6
CLERMONT-FD;20060923;13.8;22.9
CLERMONT-FD;20060924;13.2;22.6
CLERMONT-FD;20060925;10.4;18.8
CLERMONT-FD;20060926;13.2;18.7
CLERMONT-FD;20060927;11.0;19.6
CLERMONT-FD;20060928;10.5;22.6
CLERMONT-FD;20060929;11.3;25.5
CLERMONT-FD;20060930;14.8;21.7
CLERMONT-FD;20061001;15.7;23.5
CLERMONT-FD;20061002;13.9;25.4
CLERMONT-FD;20061003;11.6;19.3
CLERMONT-FD;20061004;9.2;16.1
CLERMONT-FD;20061005;7.5;17.4
CLERMONT-FD;20061006;11.7;19.8
CLERMONT-FD;20061007;10.9;17.2
CLERMONT-FD;20061008;4.9;22.2
CLERMONT-FD;20061009;11.2;24.4
CLERMONT-FD;20061010;11.2;25.7
CLERMONT-FD;20061011;12.5;20.4
CLERMONT-FD;20061012;13.3;16.9
CLERMONT-FD;20061013;13.2;17.0
CLERMONT-FD;20061014;7.5;18.0
CLERMONT-FD;20061015;9.1;20.1
CLERMONT-FD;20061016;7.3;22.8
CLERMONT-FD;20061017;9.6;20.5
CLERMONT-FD;20061018;12.7;18.9
CLERMONT-FD;20061019;14.1;19.4
CLERMONT-FD;20061020;10.6;19.1
CLERMONT-FD;20061021;10.9;19.5
CLERMONT-FD;20061022;7.3;20.3
CLERMONT-FD;20061023;16.2;22.1
CLERMONT-FD;20061024;12.9;18.8
CLERMONT-FD;20061025;8.9;22.2
CLERMONT-FD;20061026;16.4;24.1
CLERMONT-FD;20061027;14.1;24.4
CLERMONT-FD;20061028;11.6;23.2
CLERMONT-FD;20061029;8.1;21.7
CLERMONT-FD;20061030;13.2;18.3
CLERMONT-FD;20061031;5.6;20.5
CLERMONT-FD;20061101;6.8;11.5
CLERMONT-FD;20061102;1.8;8.5
CLERMONT-FD;20061103;-4.9;9.1
CLERMONT-FD;20061104;-4.7;7.8
CLERMONT-FD;20061105;-4.3;11.6
CLERMONT-FD;20061106;-2.5;13.7
CLERMONT-FD;20061107;-1.3;20.0
CLERMONT-FD;20061108;5.7;19.6
CLERMONT-FD;20061109;7.0;13.1
CLERMONT-FD;20061110;6.9;14.5
CLERMONT-FD;20061111;3.2;13.6
CLERMONT-FD;20061112;9.9;12.6
CLERMONT-FD;20061113;7.6;14.7
CLERMONT-FD;20061114;9.5;16.5
CLERMONT-FD;20061115;3.8;20.2
CLERMONT-FD;20061116;14.9;20.0
CLERMONT-FD;20061117;10.2;12.5
CLERMONT-FD;20061118;4.9;16.7
CLERMONT-FD;20061119;7.7;13.2
CLERMONT-FD;20061120;0.5;13.4
CLERMONT-FD;20061121;9.2;14.0
CLERMONT-FD;20061122;1.2;12.2
CLERMONT-FD;20061123;7.5;18.9
CLERMONT-FD;20061124;9.7;18.9
CLERMONT-FD;20061125;14.1;19.7
CLERMONT-FD;20061126;10.0;11.7
CLERMONT-FD;20061127;3.8;19.4
CLERMONT-FD;20061128;8.3;19.0
CLERMONT-FD;20061129;3.4;12.2
CLERMONT-FD;20061130;4.5;11.5
CLERMONT-FD;20061201;-2.9;14.9
CLERMONT-FD;20061202;7.7;14.9
CLERMONT-FD;20061203;4.0;15.6
CLERMONT-FD;20061204;11.0;17.9
CLERMONT-FD;20061205;11.8;18.9
CLERMONT-FD;20061206;4.0;11.2
CLERMONT-FD;20061207;1.4;12.0
CLERMONT-FD;20061208;7.0;12.0
CLERMONT-FD;20061209;2.6;8.6
CLERMONT-FD;20061210;3.2;8.2
CLERMONT-FD;20061211;-2.2;7.8
CLERMONT-FD;20061212;3.6;8.6
CLERMONT-FD;20061213;-0.3;4.6
CLERMONT-FD;20061214;-4.4;10.3
CLERMONT-FD;20061215;-2.0;13.7
CLERMONT-FD;20061216;5.8;15.3
CLERMONT-FD;20061217;3.5;5.6
CLERMONT-FD;20061218;-0.5;4.1
CLERMONT-FD;20061219;-1.2;2.4
CLERMONT-FD;20061220;-2.6;4.0
CLERMONT-FD;20061221;-6.9;0.2
CLERMONT-FD;20061222;-1.6;3.6
CLERMONT-FD;20061223;-3.7;1.9
CLERMONT-FD;20061224;-5.2;-2.9
CLERMONT-FD;20061225;-4.7;-3.9
CLERMONT-FD;20061226;-5.6;-0.9
CLERMONT-FD;20061227;-10.6;6.1
CLERMONT-FD;20061228;-5.7;11.6
CLERMONT-FD;20061229;-0.7;11.6
CLERMONT-FD;20061230;-0.5;14.3
CLERMONT-FD;20061231;7.3;16.4
CLERMONT-FD;20070101;6.9;14.0
CLERMONT-FD;20070102;5.3;9.4
CLERMONT-FD;20070103;1.6;10.9
CLERMONT-FD;20070104;3.7;12.8
CLERMONT-FD;20070105;6.9;10.5
CLERMONT-FD;20070106;6.0;13.9
CLERMONT-FD;20070107;8.4;13.0
CLERMONT-FD;20070108;6.8;15.1
CLERMONT-FD;20070109;10.0;16.1
CLERMONT-FD;20070110;3.7;17.8
CLERMONT-FD;20070111;5.2;13.1
CLERMONT-FD;20070112;8.9;14.9
CLERMONT-FD;20070113;3.7;13.9
CLERMONT-FD;20070114;4.7;10.8
CLERMONT-FD;20070115;3.5;10.9
CLERMONT-FD;20070116;-0.7;12.0
CLERMONT-FD;20070117;6.2;14.5
CLERMONT-FD;20070118;10.1;15.1
CLERMONT-FD;20070119;12.5;16.4
CLERMONT-FD;20070120;5.6;14.3
CLERMONT-FD;20070121;5.4;10.4
CLERMONT-FD;20070122;0.6;5.1
CLERMONT-FD;20070123;-3.0;0.4
CLERMONT-FD;20070124;-4.1;-0.5
CLERMONT-FD;20070125;-14.5;-2.9
CLERMONT-FD;20070126;-12.9;-3.4
CLERMONT-FD;20070127;-13.7;-0.8
CLERMONT-FD;20070128;-2.1;0.2
CLERMONT-FD;20070129;-3.0;0.7
CLERMONT-FD;20070130;-0.6;4.9
CLERMONT-FD;20070131;-3.9;2.8
CLERMONT-FD;20070201;-2.0;4.2
CLERMONT-FD;20070202;2.3;5.2
CLERMONT-FD;20070203;1.0;7.5
CLERMONT-FD;20070204;-4.5;9.1
CLERMONT-FD;20070205;-2.2;13.4
CLERMONT-FD;20070206;3.4;7.6
CLERMONT-FD;20070207;0.7;10.3
CLERMONT-FD;20070208;4.9;11.6
CLERMONT-FD;20070209;0.0;13.6
CLERMONT-FD;20070210;5.2;11.8
CLERMONT-FD;20070211;6.3;14.0
CLERMONT-FD;20070212;6.8;14.2
CLERMONT-FD;20070213;5.9;12.2
CLERMONT-FD;20070214;4.0;17.1
CLERMONT-FD;20070215;1.7;12.7
CLERMONT-FD;20070216;-0.4;23.0
CLERMONT-FD;20070217;9.5;12.9
CLERMONT-FD;20070218;5.7;13.1
CLERMONT-FD;20070219;4.1;14.6
CLERMONT-FD;20070220;1.9;16.3
CLERMONT-FD;20070221;3.7;11.5
CLERMONT-FD;20070222;3.4;16.3
CLERMONT-FD;20070223;5.0;17.2
CLERMONT-FD;20070224;7.4;13.7
CLERMONT-FD;20070225;5.8;12.0
CLERMONT-FD;20070226;6.1;10.3
CLERMONT-FD;20070227;1.4;14.6
CLERMONT-FD;20070228;10.6;14.4
CLERMONT-FD;20070301;10.3;14.2
CLERMONT-FD;20070302;6.9;14.5
CLERMONT-FD;20070303;12.8;15.0
CLERMONT-FD;20070304;2.4;21.7
CLERMONT-FD;20070305;8.3;14.9
CLERMONT-FD;20070306;4.0;13.2
CLERMONT-FD;20070307;6.5;10.5
CLERMONT-FD;20070308;6.5;12.3
CLERMONT-FD;20070309;1.4;11.9
CLERMONT-FD;20070310;2.9;11.1
CLERMONT-FD;20070311;-0.8;12.9
CLERMONT-FD;20070312;0.2;16.9
CLERMONT-FD;20070313;1.8;18.2
CLERMONT-FD;20070314;0.1;15.3
CLERMONT-FD;20070315;0.9;16.6
CLERMONT-FD;20070316;0.8;14.9
CLERMONT-FD;20070317;-1.4;14.5
CLERMONT-FD;20070318;3.1;13.9
CLERMONT-FD;20070319;1.3;7.7
CLERMONT-FD;20070320;-0.3;4.6
CLERMONT-FD;20070321;0.6;4.8
CLERMONT-FD;20070322;0.8;5.0
CLERMONT-FD;20070323;2.8;9.3
CLERMONT-FD;20070324;2.3;5.0
CLERMONT-FD;20070325;3.1;9.8
CLERMONT-FD;20070326;-0.9;17.0
CLERMONT-FD;20070327;0.5;17.9
CLERMONT-FD;20070328;3.5;15.4
CLERMONT-FD;20070329;2.5;15.0
CLERMONT-FD;20070330;4.5;9.7
CLERMONT-FD;20070331;-2.5;10.5
CLERMONT-FD;20070401;-0.5;13.0
CLERMONT-FD;20070402;3.0;17.7
CLERMONT-FD;20070403;8.1;13.8
CLERMONT-FD;20070404;3.1;7.2
CLERMONT-FD;20070405;0.6;12.4
CLERMONT-FD;20070406;0.9;16.9
CLERMONT-FD;20070407;3.9;20.6
CLERMONT-FD;20070408;3.4;19.0
CLERMONT-FD;20070409;5.4;21.1
CLERMONT-FD;20070410;6.7;21.1
CLERMONT-FD;20070411;3.6;21.7
CLERMONT-FD;20070412;8.8;18.3
CLERMONT-FD;20070413;11.7;17.7
CLERMONT-FD;20070414;11.0;20.2
CLERMONT-FD;20070415;10.6;23.2
CLERMONT-FD;20070416;10.4;25.0
CLERMONT-FD;20070417;8.4;24.7
CLERMONT-FD;20070418;12.1;19.2
CLERMONT-FD;20070419;2.6;20.9
CLERMONT-FD;20070420;6.4;23.7
CLERMONT-FD;20070421;5.0;24.5
CLERMONT-FD;20070422;7.2;26.4
CLERMONT-FD;20070423;9.2;27.2
CLERMONT-FD;20070424;11.7;27.6
CLERMONT-FD;20070425;11.9;28.6
CLERMONT-FD;20070426;12.4;26.6
CLERMONT-FD;20070427;12.9;22.5
CLERMONT-FD;20070428;10.2;24.0
CLERMONT-FD;20070429;10.5;23.6
CLERMONT-FD;20070430;9.1;22.2
CLERMONT-FD;20070501;10.8;20.5
CLERMONT-FD;20070502;9.7;15.9
CLERMONT-FD;20070503;3.9;16.7
CLERMONT-FD;20070504;6.0;19.6
CLERMONT-FD;20070505;11.1;13.8
CLERMONT-FD;20070506;9.4;19.1
CLERMONT-FD;20070507;5.7;17.8
CLERMONT-FD;20070508;13.7;20.2
CLERMONT-FD;20070509;13.4;22.3
CLERMONT-FD;20070510;9.3;28.5
CLERMONT-FD;20070511;14.2;19.7
CLERMONT-FD;20070512;15.5;22.8
CLERMONT-FD;20070513;12.5;27.1
CLERMONT-FD;20070514;11.2;14.7
CLERMONT-FD;20070515;7.6;18.1
CLERMONT-FD;20070516;9.3;16.4
CLERMONT-FD;20070517;12.7;20.5
CLERMONT-FD;20070518;13.6;19.8
CLERMONT-FD;20070519;9.2;24.4
CLERMONT-FD;20070520;16.2;26.4
CLERMONT-FD;20070521;11.3;25.7
CLERMONT-FD;20070522;11.1;27.1
CLERMONT-FD;20070523;13.5;27.1
CLERMONT-FD;20070524;14.1;23.9
CLERMONT-FD;20070525;14.7;30.7
CLERMONT-FD;20070526;13.6;25.5
CLERMONT-FD;20070527;12.0;18.7
CLERMONT-FD;20070528;8.5;14.0
CLERMONT-FD;20070529;6.5;17.0
CLERMONT-FD;20070530;7.6;22.2
CLERMONT-FD;20070531;11.0;15.7
CLERMONT-FD;20070601;8.7;18.2
CLERMONT-FD;20070602;9.7;18.0
CLERMONT-FD;20070603;9.9;23.4
CLERMONT-FD;20070604;14.9;23.3
CLERMONT-FD;20070605;13.0;23.7
CLERMONT-FD;20070606;13.2;24.9
CLERMONT-FD;20070607;14.9;24.7
CLERMONT-FD;20070608;16.4;25.8
CLERMONT-FD;20070609;16.0;28.3
CLERMONT-FD;20070610;17.1;27.1
CLERMONT-FD;20070611;16.1;24.6
CLERMONT-FD;20070612;13.7;25.0
CLERMONT-FD;20070613;13.5;27.9
CLERMONT-FD;20070614;16.3;23.2
CLERMONT-FD;20070615;15.0;22.1
CLERMONT-FD;20070616;12.2;23.8
CLERMONT-FD;20070617;12.9;23.3
CLERMONT-FD;20070618;14.0;27.2
CLERMONT-FD;20070619;15.9;31.3
CLERMONT-FD;20070620;15.7;23.0
CLERMONT-FD;20070621;14.0;21.8
CLERMONT-FD;20070622;11.9;20.3
CLERMONT-FD;20070623;13.4;21.9
CLERMONT-FD;20070624;9.6;29.0
CLERMONT-FD;20070625;15.7;19.6
CLERMONT-FD;20070626;13.5;19.5
CLERMONT-FD;20070627;10.5;17.4
CLERMONT-FD;20070628;7.9;19.1
CLERMONT-FD;20070629;7.0;22.6
CLERMONT-FD;20070630;8.8;26.2
CLERMONT-FD;20070701;15.1;24.5
CLERMONT-FD;20070702;13.6;21.3
CLERMONT-FD;20070703;12.8;22.5
CLERMONT-FD;20070704;13.0;19.3
CLERMONT-FD;20070705;11.2;22.6
CLERMONT-FD;20070706;14.8;25.3
CLERMONT-FD;20070707;13.0;27.6
CLERMONT-FD;20070708;15.1;22.7
CLERMONT-FD;20070709;13.6;19.8
CLERMONT-FD;20070710;11.5;16.7
CLERMONT-FD;20070711;11.7;20.2
CLERMONT-FD;20070712;9.0;23.5
CLERMONT-FD;20070713;11.6;31.3
CLERMONT-FD;20070714;18.1;31.8
CLERMONT-FD;20070715;19.4;32.3
CLERMONT-FD;20070716;19.4;32.1
CLERMONT-FD;20070717;16.1;27.1
CLERMONT-FD;20070718;16.3;22.9
CLERMONT-FD;20070719;16.3;23.9
CLERMONT-FD;20070720;16.2;22.8
CLERMONT-FD;20070721;10.9;19.7
CLERMONT-FD;20070722;9.3;24.8
CLERMONT-FD;20070723;15.3;23.4
CLERMONT-FD;20070724;14.8;23.6
CLERMONT-FD;20070725;13.3;25.1
CLERMONT-FD;20070726;12.2;30.5
CLERMONT-FD;20070727;14.4;29.4
CLERMONT-FD;20070728;16.2;26.4
CLERMONT-FD;20070729;15.1;26.6
CLERMONT-FD;20070730;14.3;22.7
CLERMONT-FD;20070731;7.1;23.2
CLERMONT-FD;20070801;9.6;33.4
CLERMONT-FD;20070802;17.8;25.4
CLERMONT-FD;20070803;14.0;22.8
CLERMONT-FD;20070804;9.2;27.8
CLERMONT-FD;20070805;15.3;33.4
CLERMONT-FD;20070806;18.0;23.5
CLERMONT-FD;20070807;14.5;16.8
CLERMONT-FD;20070808;11.9;20.5
CLERMONT-FD;20070809;12.9;18.3
CLERMONT-FD;20070810;11.8;14.9
CLERMONT-FD;20070811;14.0;20.6
CLERMONT-FD;20070812;12.5;28.1
CLERMONT-FD;20070813;13.2;25.5
CLERMONT-FD;20070814;12.6;29.0
CLERMONT-FD;20070815;19.0;32.8
CLERMONT-FD;20070816;15.7;23.1
CLERMONT-FD;20070817;11.0;20.9
CLERMONT-FD;20070818;8.3;22.8
CLERMONT-FD;20070819;12.6;23.4
CLERMONT-FD;20070820;13.4;19.1
CLERMONT-FD;20070821;9.1;17.8
CLERMONT-FD;20070822;12.1;20.6
CLERMONT-FD;20070823;13.5;21.2
CLERMONT-FD;20070824;11.6;24.7
CLERMONT-FD;20070825;13.2;26.9
CLERMONT-FD;20070826;14.6;27.1
CLERMONT-FD;20070827;16.3;28.6
CLERMONT-FD;20070828;16.5;24.9
CLERMONT-FD;20070829;14.8;17.6
CLERMONT-FD;20070830;12.8;19.6
CLERMONT-FD;20070831;7.6;17.1
CLERMONT-FD;20070901;12.6;19.1
CLERMONT-FD;20070902;8.1;22.4
CLERMONT-FD;20070903;9.2;20.3
CLERMONT-FD;20070904;10.8;16.7
CLERMONT-FD;20070905;5.3;17.0
CLERMONT-FD;20070906;6.1;17.6
CLERMONT-FD;20070907;13.7;20.2
CLERMONT-FD;20070908;10.2;21.3
CLERMONT-FD;20070909;8.8;19.9
CLERMONT-FD;20070910;8.6;21.7
CLERMONT-FD;20070911;12.2;18.2
CLERMONT-FD;20070912;4.5;19.6
CLERMONT-FD;20070913;8.6;26.9
CLERMONT-FD;20070914;13.2;25.9
CLERMONT-FD;20070915;7.8;23.4
CLERMONT-FD;20070916;9.9;28.4
CLERMONT-FD;20070917;14.6;25.9
CLERMONT-FD;20070918;11.1;15.7
CLERMONT-FD;20070919;2.3;16.7
CLERMONT-FD;20070920;3.4;20.7
CLERMONT-FD;20070921;7.8;26.5
CLERMONT-FD;20070922;13.8;21.7
CLERMONT-FD;20070923;14.6;19.6
CLERMONT-FD;20070924;12.9;22.7
CLERMONT-FD;20070925;7.3;17.0
CLERMONT-FD;20070926;8.4;14.5
CLERMONT-FD;20070927;7.1;11.0
CLERMONT-FD;20070928;9.9;16.1
CLERMONT-FD;20070929;2.5;18.2
CLERMONT-FD;20070930;8.4;24.0
CLERMONT-FD;20071001;12.1;25.7
CLERMONT-FD;20071002;15.7;23.8
CLERMONT-FD;20071003;11.1;25.1
CLERMONT-FD;20071004;12.6;25.5
CLERMONT-FD;20071005;12.3;22.8
CLERMONT-FD;20071006;12.6;23.3
CLERMONT-FD;20071007;15.6;22.1
CLERMONT-FD;20071008;14.4;19.7
CLERMONT-FD;20071009;10.3;15.2
CLERMONT-FD;20071010;11.0;13.0
CLERMONT-FD;20071011;10.4;14.9
CLERMONT-FD;20071012;4.8;12.8
CLERMONT-FD;20071013;9.6;14.0
CLERMONT-FD;20071014;4.9;22.8
CLERMONT-FD;20071015;7.6;23.5
CLERMONT-FD;20071016;7.2;20.9
CLERMONT-FD;20071017;11.2;23.0
CLERMONT-FD;20071018;8.4;14.0
CLERMONT-FD;20071019;1.3;12.4
CLERMONT-FD;20071020;2.5;10.7
CLERMONT-FD;20071021;0.0;10.5
CLERMONT-FD;20071022;-0.7;10.4
CLERMONT-FD;20071023;-3.8;7.4
CLERMONT-FD;20071024;4.3;6.4
CLERMONT-FD;20071025;2.7;11.9
CLERMONT-FD;20071026;0.4;9.8
CLERMONT-FD;20071027;6.2;11.7
CLERMONT-FD;20071028;-1.6;16.7
CLERMONT-FD;20071029;4.4;15.7
CLERMONT-FD;20071030;6.2;10.6
CLERMONT-FD;20071031;5.3;11.1
CLERMONT-FD;20071101;0.7;11.8
CLERMONT-FD;20071102;1.5;13.3
CLERMONT-FD;20071103;7.8;11.0
CLERMONT-FD;20071104;9.7;12.3
CLERMONT-FD;20071105;0.1;9.7
CLERMONT-FD;20071106;0.1;9.5
CLERMONT-FD;20071107;-1.5;10.2
CLERMONT-FD;20071108;6.2;10.0
CLERMONT-FD;20071109;5.5;10.6
CLERMONT-FD;20071110;-1.0;9.8
CLERMONT-FD;20071111;7.7;11.5
CLERMONT-FD;20071112;5.2;9.9
CLERMONT-FD;20071113;-4.3;7.8
CLERMONT-FD;20071114;4.3;7.4
CLERMONT-FD;20071115;-1.1;1.8
CLERMONT-FD;20071116;-2.9;2.4
CLERMONT-FD;20071117;-3.8;2.9
CLERMONT-FD;20071118;-6.7;8.5
CLERMONT-FD;20071119;1.5;13.0
CLERMONT-FD;20071120;10.3;14.2
CLERMONT-FD;20071121;9.1;11.4
CLERMONT-FD;20071122;8.5;12.7
CLERMONT-FD;20071123;7.1;10.4
CLERMONT-FD;20071124;3.6;4.8
CLERMONT-FD;20071125;-1.5;4.8
CLERMONT-FD;20071126;3.8;7.0
CLERMONT-FD;20071127;-1.3;5.9
CLERMONT-FD;20071128;-2.1;5.0
CLERMONT-FD;20071129;-1.9;6.8
CLERMONT-FD;20071130;5.0;10.4
CLERMONT-FD;20071201;0.7;11.5
CLERMONT-FD;20071202;4.8;12.8
CLERMONT-FD;20071203;8.2;11.5
CLERMONT-FD;20071204;7.9;12.0
CLERMONT-FD;20071205;2.4;15.3
CLERMONT-FD;20071206;9.8;14.0
CLERMONT-FD;20071207;9.2;14.3
CLERMONT-FD;20071208;4.2;12.7
CLERMONT-FD;20071209;6.2;10.5
CLERMONT-FD;20071210;5.7;8.0
CLERMONT-FD;20071211;2.2;5.5
CLERMONT-FD;20071212;1.8;3.4
CLERMONT-FD;20071213;2.0;4.4
CLERMONT-FD;20071214;-0.8;2.9
CLERMONT-FD;20071215;-3.9;-1.1
CLERMONT-FD;20071216;-7.7;-2.4
CLERMONT-FD;20071217;-7.0;1.4
CLERMONT-FD;20071218;-8.7;2.6
CLERMONT-FD;20071219;-10.2;3.4
CLERMONT-FD;20071220;-8.2;5.5
CLERMONT-FD;20071221;-4.3;11.7
CLERMONT-FD;20071222;-3.3;9.9
CLERMONT-FD;20071223;-1.4;8.5
CLERMONT-FD;20071224;-4.3;8.3
CLERMONT-FD;20071225;-4.1;8.0
CLERMONT-FD;20071226;-1.6;7.6
CLERMONT-FD;20071227;0.3;8.4
CLERMONT-FD;20071228;0.6;10.4
CLERMONT-FD;20071229;-2.3;8.8
CLERMONT-FD;20071230;2.7;8.0
CLERMONT-FD;20071231;2.5;5.7
CLERMONT-FD;20080101;-1.4;3.9
CLERMONT-FD;20080102;-7.9;5.4
CLERMONT-FD;20080103;0.1;10.1
CLERMONT-FD;20080104;4.8;12.7
CLERMONT-FD;20080105;5.5;14.3
CLERMONT-FD;20080106;8.5;14.3
CLERMONT-FD;20080107;4.9;12.9
CLERMONT-FD;20080108;-0.6;9.0
CLERMONT-FD;20080109;2.2;13.3
CLERMONT-FD;20080110;3.2;15.0
CLERMONT-FD;20080111;6.7;15.8
CLERMONT-FD;20080112;3.2;7.4
CLERMONT-FD;20080113;-3.0;9.4
CLERMONT-FD;20080114;5.9;11.7
CLERMONT-FD;20080115;3.3;10.3
CLERMONT-FD;20080116;5.2;9.4
CLERMONT-FD;20080117;6.0;12.3
CLERMONT-FD;20080118;4.4;15.7
CLERMONT-FD;20080119;10.3;13.5
CLERMONT-FD;20080120;5.8;12.7
CLERMONT-FD;20080121;-1.6;13.1
CLERMONT-FD;20080122;6.5;11.0
CLERMONT-FD;20080123;-3.3;9.7
CLERMONT-FD;20080124;-0.9;13.4
CLERMONT-FD;20080125;2.5;7.6
CLERMONT-FD;20080126;-6.8;11.8
CLERMONT-FD;20080127;-5.1;9.5
CLERMONT-FD;20080128;-5.7;11.8
CLERMONT-FD;20080129;-3.4;6.9
CLERMONT-FD;20080130;-3.2;7.8
CLERMONT-FD;20080131;1.0;9.3
CLERMONT-FD;20080201;3.5;12.5
CLERMONT-FD;20080202;0.8;6.4
CLERMONT-FD;20080203;-4.2;11.0
CLERMONT-FD;20080204;4.6;9.2
CLERMONT-FD;20080205;0.3;14.3
CLERMONT-FD;20080206;7.9;14.6
CLERMONT-FD;20080207;-0.6;12.2
CLERMONT-FD;20080208;-1.6;12.6
CLERMONT-FD;20080209;-4.4;14.1
CLERMONT-FD;20080210;-2.7;12.0
CLERMONT-FD;20080211;-2.6;12.1
CLERMONT-FD;20080212;-1.8;12.1
CLERMONT-FD;20080213;-2.4;13.8
CLERMONT-FD;20080214;-2.8;13.8
CLERMONT-FD;20080215;-5.4;8.8
CLERMONT-FD;20080216;0.0;6.5
CLERMONT-FD;20080217;-5.9;13.9
CLERMONT-FD;20080218;-4.2;14.1
CLERMONT-FD;20080219;-3.4;14.0
CLERMONT-FD;20080220;6.4;14.5
CLERMONT-FD;20080221;8.1;14.9
CLERMONT-FD;20080222;1.1;15.4
CLERMONT-FD;20080223;4.6;16.7
CLERMONT-FD;20080224;2.7;18.3
CLERMONT-FD;20080225;3.8;17.3
CLERMONT-FD;20080226;2.1;16.9
CLERMONT-FD;20080227;8.4;12.0
CLERMONT-FD;20080228;5.4;16.0
CLERMONT-FD;20080229;8.1;16.4
CLERMONT-FD;20080301;11.5;16.9
CLERMONT-FD;20080302;4.0;17.6
CLERMONT-FD;20080303;5.3;13.5
CLERMONT-FD;20080304;1.4;6.4
CLERMONT-FD;20080305;0.3;5.1
CLERMONT-FD;20080306;-1.5;7.7
CLERMONT-FD;20080307;-2.4;7.7
CLERMONT-FD;20080308;3.6;10.0
CLERMONT-FD;20080309;0.0;11.3
CLERMONT-FD;20080310;2.1;11.5
CLERMONT-FD;20080311;5.0;15.6
CLERMONT-FD;20080312;11.7;15.1
CLERMONT-FD;20080313;6.2;14.3
CLERMONT-FD;20080314;4.8;18.6
CLERMONT-FD;20080315;2.8;22.0
CLERMONT-FD;20080316;8.9;12.0
CLERMONT-FD;20080317;7.1;10.3
CLERMONT-FD;20080318;2.9;8.5
CLERMONT-FD;20080319;-5.5;6.3
CLERMONT-FD;20080320;-0.2;6.4
CLERMONT-FD;20080321;4.9;10.2
CLERMONT-FD;20080322;0.5;7.1
CLERMONT-FD;20080323;0.4;4.1
CLERMONT-FD;20080324;-1.4;6.0
CLERMONT-FD;20080325;1.6;8.0
CLERMONT-FD;20080326;-0.1;10.9
CLERMONT-FD;20080327;2.6;10.0
CLERMONT-FD;20080328;-0.7;14.1
CLERMONT-FD;20080329;1.4;17.7
CLERMONT-FD;20080330;5.1;18.0
CLERMONT-FD;20080331;3.4;13.4
CLERMONT-FD;20080401;1.3;15.7
CLERMONT-FD;20080402;6.0;16.1
CLERMONT-FD;20080403;7.5;13.3
CLERMONT-FD;20080404;1.3;13.0
CLERMONT-FD;20080405;-0.4;16.1
CLERMONT-FD;20080406;5.0;10.5
CLERMONT-FD;20080407;-1.5;9.9
CLERMONT-FD;20080408;-0.1;13.1
CLERMONT-FD;20080409;9.0;18.9
CLERMONT-FD;20080410;7.6;10.9
CLERMONT-FD;20080411;4.9;11.1
CLERMONT-FD;20080412;0.7;14.2
CLERMONT-FD;20080413;4.9;16.6
CLERMONT-FD;20080414;3.4;12.7
CLERMONT-FD;20080415;2.0;12.0
CLERMONT-FD;20080416;-2.2;12.6
CLERMONT-FD;20080417;0.0;12.8
CLERMONT-FD;20080418;3.2;14.1
CLERMONT-FD;20080419;6.8;17.8
CLERMONT-FD;20080420;8.5;15.4
CLERMONT-FD;20080421;7.2;15.6
CLERMONT-FD;20080422;9.6;14.5
CLERMONT-FD;20080423;9.6;16.9
CLERMONT-FD;20080424;4.8;19.1
CLERMONT-FD;20080425;4.8;18.3
CLERMONT-FD;20080426;3.9;22.5
CLERMONT-FD;20080427;9.3;26.8
CLERMONT-FD;20080428;8.9;11.8
CLERMONT-FD;20080429;5.5;16.5
CLERMONT-FD;20080430;6.9;14.8
CLERMONT-FD;20080501;4.0;17.8
CLERMONT-FD;20080502;5.1;22.1
CLERMONT-FD;20080503;9.2;26.3
CLERMONT-FD;20080504;11.2;26.5
CLERMONT-FD;20080505;10.4;23.4
CLERMONT-FD;20080506;11.2;21.0
CLERMONT-FD;20080507;8.8;25.7
CLERMONT-FD;20080508;6.4;26.0
CLERMONT-FD;20080509;7.4;22.8
CLERMONT-FD;20080510;10.9;24.4
CLERMONT-FD;20080511;10.3;25.5
CLERMONT-FD;20080512;8.0;22.8
CLERMONT-FD;20080513;9.7;22.9
CLERMONT-FD;20080514;12.2;24.7
CLERMONT-FD;20080515;12.3;18.5
CLERMONT-FD;20080516;11.3;21.4
CLERMONT-FD;20080517;9.0;20.5
CLERMONT-FD;20080518;11.0;18.8
CLERMONT-FD;20080519;6.7;18.4
CLERMONT-FD;20080520;10.0;19.2
CLERMONT-FD;20080521;6.4;19.1
CLERMONT-FD;20080522;6.6;20.8
CLERMONT-FD;20080523;8.5;23.0
CLERMONT-FD;20080524;12.6;22.7
CLERMONT-FD;20080525;10.6;15.9
CLERMONT-FD;20080526;12.9;21.7
CLERMONT-FD;20080527;14.0;22.5
CLERMONT-FD;20080528;13.4;21.5
CLERMONT-FD;20080529;12.6;21.0
CLERMONT-FD;20080530;14.8;20.2
CLERMONT-FD;20080531;12.4;21.4
CLERMONT-FD;20080601;11.8;19.3
CLERMONT-FD;20080602;12.9;20.6
CLERMONT-FD;20080603;12.0;18.5
CLERMONT-FD;20080604;12.4;18.9
CLERMONT-FD;20080605;7.8;14.6
CLERMONT-FD;20080606;11.0;16.3
CLERMONT-FD;20080607;9.7;16.2
CLERMONT-FD;20080608;11.3;16.3
CLERMONT-FD;20080609;12.3;23.8
CLERMONT-FD;20080610;13.2;24.0
CLERMONT-FD;20080611;12.8;21.2
CLERMONT-FD;20080612;14.0;22.4
CLERMONT-FD;20080613;10.4;15.9
CLERMONT-FD;20080614;4.8;18.5
CLERMONT-FD;20080615;11.1;17.2
CLERMONT-FD;20080616;11.2;14.9
CLERMONT-FD;20080617;13.2;18.3
CLERMONT-FD;20080618;9.2;24.1
CLERMONT-FD;20080619;10.3;26.9
CLERMONT-FD;20080620;11.4;27.1
CLERMONT-FD;20080621;14.1;30.1
CLERMONT-FD;20080622;18.3;32.8
CLERMONT-FD;20080623;16.4;32.4
CLERMONT-FD;20080624;18.7;29.6
CLERMONT-FD;20080625;17.5;24.1
CLERMONT-FD;20080626;13.2;26.8
CLERMONT-FD;20080627;18.1;24.6
CLERMONT-FD;20080628;11.4;26.0
CLERMONT-FD;20080629;13.3;27.9
CLERMONT-FD;20080630;18.4;26.9
CLERMONT-FD;20080701;14.5;32.6
CLERMONT-FD;20080702;18.6;31.2
CLERMONT-FD;20080703;14.5;22.3
CLERMONT-FD;20080704;10.0;24.4
CLERMONT-FD;20080705;13.2;27.0
CLERMONT-FD;20080706;12.4;19.3
CLERMONT-FD;20080707;11.6;20.6
CLERMONT-FD;20080708;11.7;22.7
CLERMONT-FD;20080709;10.3;26.4
CLERMONT-FD;20080710;13.5;29.3
CLERMONT-FD;20080711;16.1;27.1
CLERMONT-FD;20080712;14.4;21.9
CLERMONT-FD;20080713;13.8;19.5
CLERMONT-FD;20080714;7.8;21.1
CLERMONT-FD;20080715;7.9;24.6
CLERMONT-FD;20080716;11.4;27.0
CLERMONT-FD;20080717;15.8;21.3
CLERMONT-FD;20080718;9.9;25.7
CLERMONT-FD;20080719;13.2;30.0
CLERMONT-FD;20080720;14.2;26.6
CLERMONT-FD;20080721;7.0;20.3
CLERMONT-FD;20080722;6.8;22.7
CLERMONT-FD;20080723;7.8;26.0
CLERMONT-FD;20080724;10.8;28.9
CLERMONT-FD;20080725;17.1;25.8
CLERMONT-FD;20080726;14.5;25.2
CLERMONT-FD;20080727;12.9;28.0
CLERMONT-FD;20080728;16.1;32.0
CLERMONT-FD;20080729;17.9;23.8
CLERMONT-FD;20080730;16.3;29.1
CLERMONT-FD;20080731;15.7;33.0
CLERMONT-FD;20080801;16.5;18.5
CLERMONT-FD;20080802;12.9;25.9
CLERMONT-FD;20080803;16.9;29.0
CLERMONT-FD;20080804;16.8;29.6
CLERMONT-FD;20080805;13.8;29.1
CLERMONT-FD;20080806;17.3;32.4
CLERMONT-FD;20080807;18.1;27.3
CLERMONT-FD;20080808;16.8;24.1
CLERMONT-FD;20080809;11.1;24.7
CLERMONT-FD;20080810;11.8;29.7
CLERMONT-FD;20080811;14.8;24.0
CLERMONT-FD;20080812;17.7;24.9
CLERMONT-FD;20080813;13.6;23.9
CLERMONT-FD;20080814;9.2;18.7
CLERMONT-FD;20080815;11.0;20.6
CLERMONT-FD;20080816;8.4;21.6
CLERMONT-FD;20080817;13.6;23.5
CLERMONT-FD;20080818;13.2;30.7
CLERMONT-FD;20080819;15.3;19.8
CLERMONT-FD;20080820;13.4;20.6
CLERMONT-FD;20080821;10.9;25.9
CLERMONT-FD;20080822;13.0;23.5
CLERMONT-FD;20080823;9.9;20.6
CLERMONT-FD;20080824;10.4;23.7
CLERMONT-FD;20080825;12.9;24.5
CLERMONT-FD;20080826;9.6;23.6
CLERMONT-FD;20080827;10.5;25.9
CLERMONT-FD;20080828;11.8;25.9
CLERMONT-FD;20080829;9.9;28.1
CLERMONT-FD;20080830;13.5;33.1
CLERMONT-FD;20080831;16.7;29.2
CLERMONT-FD;20080901;14.6;21.6
CLERMONT-FD;20080902;11.6;27.5
CLERMONT-FD;20080903;15.8;23.9
CLERMONT-FD;20080904;14.2;21.5
CLERMONT-FD;20080905;13.4;29.0
CLERMONT-FD;20080906;16.3;19.4
CLERMONT-FD;20080907;9.7;22.1
CLERMONT-FD;20080908;8.9;24.9
CLERMONT-FD;20080909;12.8;27.1
CLERMONT-FD;20080910;14.8;27.6
CLERMONT-FD;20080911;15.3;29.2
CLERMONT-FD;20080912;11.6;18.6
CLERMONT-FD;20080913;11.1;17.1
CLERMONT-FD;20080914;11.5;18.3
CLERMONT-FD;20080915;7.1;15.8
CLERMONT-FD;20080916;2.4;15.9
CLERMONT-FD;20080917;4.4;20.4
CLERMONT-FD;20080918;9.0;20.6
CLERMONT-FD;20080919;9.8;20.2
CLERMONT-FD;20080920;4.8;19.0
CLERMONT-FD;20080921;3.1;18.0
CLERMONT-FD;20080922;2.1;17.6
CLERMONT-FD;20080923;2.2;16.6
CLERMONT-FD;20080924;2.7;17.5
CLERMONT-FD;20080925;2.7;16.7
CLERMONT-FD;20080926;8.8;14.7
CLERMONT-FD;20080927;2.5;18.1
CLERMONT-FD;20080928;2.9;19.2
CLERMONT-FD;20080929;6.0;21.8
CLERMONT-FD;20080930;6.9;19.3
CLERMONT-FD;20081001;11.7;16.4
CLERMONT-FD;20081002;10.4;17.2
CLERMONT-FD;20081003;7.0;14.3
CLERMONT-FD;20081004;-0.2;13.5
CLERMONT-FD;20081005;3.0;18.8
CLERMONT-FD;20081006;12.2;21.8
CLERMONT-FD;20081007;9.4;26.2
CLERMONT-FD;20081008;11.0;13.8
CLERMONT-FD;20081009;10.2;12.8
CLERMONT-FD;20081010;8.8;19.2
CLERMONT-FD;20081011;8.3;25.0
CLERMONT-FD;20081012;8.4;24.9
CLERMONT-FD;20081013;12.8;24.1
CLERMONT-FD;20081014;12.7;23.8
CLERMONT-FD;20081015;14.7;22.5
CLERMONT-FD;20081016;11.5;19.8
CLERMONT-FD;20081017;7.9;13.8
CLERMONT-FD;20081018;0.4;13.9
CLERMONT-FD;20081019;2.9;19.2
CLERMONT-FD;20081020;6.3;23.4
CLERMONT-FD;20081021;10.4;18.6
CLERMONT-FD;20081022;6.9;8.1
CLERMONT-FD;20081023;4.3;11.6
CLERMONT-FD;20081024;4.0;13.8
CLERMONT-FD;20081025;4.8;13.7
CLERMONT-FD;20081026;3.5;19.2
CLERMONT-FD;20081027;8.4;14.9
CLERMONT-FD;20081028;6.3;8.3
CLERMONT-FD;20081029;2.8;6.3
CLERMONT-FD;20081030;0.2;8.4
CLERMONT-FD;20081031;5.3;14.4
CLERMONT-FD;20081101;6.7;15.2
CLERMONT-FD;20081102;7.5;12.7
CLERMONT-FD;20081103;6.1;15.8
CLERMONT-FD;20081104;1.4;9.6
CLERMONT-FD;20081105;8.1;12.8
CLERMONT-FD;20081106;7.3;11.9
CLERMONT-FD;20081107;4.7;13.0
CLERMONT-FD;20081108;2.5;14.2
CLERMONT-FD;20081109;7.9;14.9
CLERMONT-FD;20081110;9.9;17.3
CLERMONT-FD;20081111;7.9;15.1
CLERMONT-FD;20081112;2.1;12.4
CLERMONT-FD;20081113;6.4;8.4
CLERMONT-FD;20081114;0.7;8.9
CLERMONT-FD;20081115;-0.8;6.9
CLERMONT-FD;20081116;6.0;9.3
CLERMONT-FD;20081117;8.0;10.6
CLERMONT-FD;20081118;7.4;9.7
CLERMONT-FD;20081119;6.2;10.0
CLERMONT-FD;20081120;4.0;11.8
CLERMONT-FD;20081121;6.2;12.7
CLERMONT-FD;20081122;1.9;6.0
CLERMONT-FD;20081123;0.0;10.1
CLERMONT-FD;20081124;1.1;6.5
CLERMONT-FD;20081125;-0.6;3.1
CLERMONT-FD;20081126;1.2;4.6
CLERMONT-FD;20081127;-1.2;5.5
CLERMONT-FD;20081128;-5.4;1.1
CLERMONT-FD;20081129;-4.0;8.8
CLERMONT-FD;20081130;3.3;9.7
CLERMONT-FD;20081201;3.2;6.5
CLERMONT-FD;20081202;2.1;5.8
CLERMONT-FD;20081203;2.0;9.2
CLERMONT-FD;20081204;1.5;11.3
CLERMONT-FD;20081205;5.4;9.8
CLERMONT-FD;20081206;4.4;9.9
CLERMONT-FD;20081207;-2.2;6.6
CLERMONT-FD;20081208;-2.9;8.9
CLERMONT-FD;20081209;-1.9;4.4
CLERMONT-FD;20081210;1.1;2.1
CLERMONT-FD;20081211;0.5;3.4
CLERMONT-FD;20081212;-5.6;2.7
CLERMONT-FD;20081213;-5.4;6.1
CLERMONT-FD;20081214;0.2;1.4
CLERMONT-FD;20081215;-0.6;2.0
CLERMONT-FD;20081216;0.2;0.8
CLERMONT-FD;20081217;-0.2;3.2
CLERMONT-FD;20081218;0.4;3.3
CLERMONT-FD;20081219;1.7;9.2
CLERMONT-FD;20081220;0.3;8.5
CLERMONT-FD;20081221;4.7;9.0
CLERMONT-FD;20081222;4.6;6.8
CLERMONT-FD;20081223;3.6;6.5
CLERMONT-FD;20081224;-0.9;2.7
CLERMONT-FD;20081225;0.7;4.1
CLERMONT-FD;20081226;-0.1;4.2
CLERMONT-FD;20081227;-7.4;2.2
CLERMONT-FD;20081228;-6.2;2.0
CLERMONT-FD;20081229;-1.4;2.3
CLERMONT-FD;20081230;-0.1;5.8
CLERMONT-FD;20081231;-0.1;5.2
CLERMONT-FD;20090101;0.1;2.1
CLERMONT-FD;20090102;-1.1;0.6
CLERMONT-FD;20090103;-1.7;-1.1
CLERMONT-FD;20090104;-7.2;1.7
CLERMONT-FD;20090105;-8.7;-2.3
CLERMONT-FD;20090106;-4.6;-2.6
CLERMONT-FD;20090107;-4.5;-3.2
CLERMONT-FD;20090108;-9.7;-1.1
CLERMONT-FD;20090109;-7.6;4.3
CLERMONT-FD;20090110;-9.1;4.6
CLERMONT-FD;20090111;-8.5;7.1
CLERMONT-FD;20090112;-5.9;8.1
CLERMONT-FD;20090113;-6.5;8.3
CLERMONT-FD;20090114;-1.2;7.3
CLERMONT-FD;20090115;-1.1;7.2
CLERMONT-FD;20090116;-3.7;11.3
CLERMONT-FD;20090117;-3.7;10.5
CLERMONT-FD;20090118;-0.2;9.6
CLERMONT-FD;20090119;5.5;12.0
CLERMONT-FD;20090120;0.5;8.3
CLERMONT-FD;20090121;-1.1;7.3
CLERMONT-FD;20090122;-1.7;9.9
CLERMONT-FD;20090123;6.4;14.4
CLERMONT-FD;20090124;2.8;8.7
CLERMONT-FD;20090125;-1.1;9.3
CLERMONT-FD;20090126;2.6;8.2
CLERMONT-FD;20090127;2.0;4.3
CLERMONT-FD;20090128;-1.9;4.7
CLERMONT-FD;20090129;-5.9;5.2
CLERMONT-FD;20090130;-5.8;6.8
CLERMONT-FD;20090131;-3.6;8.9
CLERMONT-FD;20090201;1.1;10.5
CLERMONT-FD;20090202;1.3;9.4
CLERMONT-FD;20090203;-1.5;0.8
CLERMONT-FD;20090204;-2.7;10.7
CLERMONT-FD;20090205;3.9;14.3
CLERMONT-FD;20090206;1.2;10.3
CLERMONT-FD;20090207;1.5;5.6
CLERMONT-FD;20090208;-1.8;3.5
CLERMONT-FD;20090209;-2.3;13.4
CLERMONT-FD;20090210;6.1;10.4
CLERMONT-FD;20090211;1.2;5.7
CLERMONT-FD;20090212;-2.5;3.6
CLERMONT-FD;20090213;-1.4;2.3
CLERMONT-FD;20090214;0.0;2.4
CLERMONT-FD;20090215;-7.1;2.7
CLERMONT-FD;20090216;-6.6;2.1
CLERMONT-FD;20090217;0.5;8.1
CLERMONT-FD;20090218;4.3;7.0
CLERMONT-FD;20090219;-4.6;4.8
CLERMONT-FD;20090220;-6.4;8.4
CLERMONT-FD;20090221;-2.3;7.9
CLERMONT-FD;20090222;3.1;8.1
CLERMONT-FD;20090223;4.7;8.4
CLERMONT-FD;20090224;4.6;7.5
CLERMONT-FD;20090225;-4.0;9.4
CLERMONT-FD;20090226;-2.7;14.3
CLERMONT-FD;20090227;-0.8;13.2
CLERMONT-FD;20090228;-1.1;19.7
CLERMONT-FD;20090301;7.8;14.0
CLERMONT-FD;20090302;6.0;8.9
CLERMONT-FD;20090303;-0.5;11.7
CLERMONT-FD;20090304;1.3;11.0
CLERMONT-FD;20090305;-1.7;8.4
CLERMONT-FD;20090306;1.4;8.5
CLERMONT-FD;20090307;-3.9;10.5
CLERMONT-FD;20090308;0.7;13.7
CLERMONT-FD;20090309;2.8;10.9
CLERMONT-FD;20090310;2.6;9.0
CLERMONT-FD;20090311;6.1;11.9
CLERMONT-FD;20090312;-2.4;14.9
CLERMONT-FD;20090313;-0.1;17.7
CLERMONT-FD;20090314;5.3;19.5
CLERMONT-FD;20090315;8.4;14.1
CLERMONT-FD;20090316;0.9;15.5
CLERMONT-FD;20090317;0.0;17.1
CLERMONT-FD;20090318;0.3;18.7
CLERMONT-FD;20090319;-0.8;16.4
CLERMONT-FD;20090320;2.9;11.3
CLERMONT-FD;20090321;-5.9;10.6
CLERMONT-FD;20090322;-4.3;13.3
CLERMONT-FD;20090323;3.2;17.4
CLERMONT-FD;20090324;1.4;8.3
CLERMONT-FD;20090325;-0.7;9.8
CLERMONT-FD;20090326;6.6;14.4
CLERMONT-FD;20090327;7.4;14.2
CLERMONT-FD;20090328;7.1;10.3
CLERMONT-FD;20090329;4.4;11.0
CLERMONT-FD;20090330;-0.8;11.9
CLERMONT-FD;20090331;-0.7;15.2
CLERMONT-FD;20090401;6.8;14.0
CLERMONT-FD;20090402;2.0;14.9
CLERMONT-FD;20090403;10.1;14.0
CLERMONT-FD;20090404;1.1;16.3
CLERMONT-FD;20090405;4.9;19.1
CLERMONT-FD;20090406;6.4;23.9
CLERMONT-FD;20090407;9.2;10.4
CLERMONT-FD;20090408;7.5;17.7
CLERMONT-FD;20090409;4.3;20.4
CLERMONT-FD;20090410;8.0;18.3
CLERMONT-FD;20090411;9.1;14.0
CLERMONT-FD;20090412;8.2;16.1
CLERMONT-FD;20090413;11.1;14.9
CLERMONT-FD;20090414;10.8;20.5
CLERMONT-FD;20090415;9.7;18.6
CLERMONT-FD;20090416;6.8;16.2
CLERMONT-FD;20090417;5.5;14.3
CLERMONT-FD;20090418;3.8;15.7
CLERMONT-FD;20090419;3.5;17.5
CLERMONT-FD;20090420;9.6;17.6
CLERMONT-FD;20090421;8.8;19.2
CLERMONT-FD;20090422;9.8;19.1
CLERMONT-FD;20090423;3.8;18.5
CLERMONT-FD;20090424;2.3;19.6
CLERMONT-FD;20090425;10.3;16.4
CLERMONT-FD;20090426;8.2;10.9
CLERMONT-FD;20090427;5.9;16.4
CLERMONT-FD;20090428;5.6;14.4
CLERMONT-FD;20090429;6.4;15.7
CLERMONT-FD;20090430;6.1;17.0
CLERMONT-FD;20090501;3.8;18.2
CLERMONT-FD;20090502;8.4;19.4
CLERMONT-FD;20090503;5.8;19.6
CLERMONT-FD;20090504;9.9;15.9
CLERMONT-FD;20090505;3.1;17.7
CLERMONT-FD;20090506;6.4;22.9
CLERMONT-FD;20090507;9.4;27.2
CLERMONT-FD;20090508;12.1;18.8
CLERMONT-FD;20090509;11.3;24.2
CLERMONT-FD;20090510;12.3;20.7
CLERMONT-FD;20090511;13.9;26.1
CLERMONT-FD;20090512;13.9;25.3
CLERMONT-FD;20090513;12.7;21.8
CLERMONT-FD;20090514;13.3;18.8
CLERMONT-FD;20090515;10.8;16.4
CLERMONT-FD;20090516;6.0;23.6
CLERMONT-FD;20090517;10.1;22.7
CLERMONT-FD;20090518;6.4;19.7
CLERMONT-FD;20090519;7.7;23.0
CLERMONT-FD;20090520;9.4;29.2
CLERMONT-FD;20090521;15.9;26.8
CLERMONT-FD;20090522;16.0;24.9
CLERMONT-FD;20090523;12.9;28.7
CLERMONT-FD;20090524;14.0;31.5
CLERMONT-FD;20090525;18.0;31.3
CLERMONT-FD;20090526;14.6;20.1
CLERMONT-FD;20090527;7.3;18.2
CLERMONT-FD;20090528;13.0;17.5
CLERMONT-FD;20090529;11.8;23.8
CLERMONT-FD;20090530;8.5;22.7
CLERMONT-FD;20090531;8.2;23.6
CLERMONT-FD;20090601;9.0;21.8
CLERMONT-FD;20090602;9.6;24.8
CLERMONT-FD;20090603;9.9;24.2
CLERMONT-FD;20090604;9.3;22.4
CLERMONT-FD;20090605;8.6;20.9
CLERMONT-FD;20090606;12.9;19.3
CLERMONT-FD;20090607;10.7;19.6
CLERMONT-FD;20090608;10.6;21.7
CLERMONT-FD;20090609;10.3;21.0
CLERMONT-FD;20090610;10.2;24.8
CLERMONT-FD;20090611;15.9;22.9
CLERMONT-FD;20090612;9.3;24.3
CLERMONT-FD;20090613;11.0;28.9
CLERMONT-FD;20090614;15.1;28.1
CLERMONT-FD;20090615;17.9;24.8
CLERMONT-FD;20090616;12.2;21.7
CLERMONT-FD;20090617;11.0;29.0
CLERMONT-FD;20090618;18.7;28.8
CLERMONT-FD;20090619;15.2;22.0
CLERMONT-FD;20090620;12.0;18.8
CLERMONT-FD;20090621;10.0;18.8
CLERMONT-FD;20090622;12.5;19.6
CLERMONT-FD;20090623;8.9;21.7
CLERMONT-FD;20090624;12.9;23.0
CLERMONT-FD;20090625;13.7;26.8
CLERMONT-FD;20090626;16.0;25.2
CLERMONT-FD;20090627;14.3;24.3
CLERMONT-FD;20090628;11.3;27.4
CLERMONT-FD;20090629;14.0;29.2
CLERMONT-FD;20090630;15.1;29.8
CLERMONT-FD;20090701;16.3;29.9
CLERMONT-FD;20090702;16.7;29.7
CLERMONT-FD;20090703;15.9;28.1
CLERMONT-FD;20090704;17.5;27.9
CLERMONT-FD;20090705;17.1;24.8
CLERMONT-FD;20090706;13.5;25.4
CLERMONT-FD;20090707;14.6;20.6
CLERMONT-FD;20090708;11.2;23.3
CLERMONT-FD;20090709;13.1;22.3
CLERMONT-FD;20090710;13.0;22.7
CLERMONT-FD;20090711;11.6;25.0
CLERMONT-FD;20090712;15.2;30.1
CLERMONT-FD;20090713;18.3;33.0
CLERMONT-FD;20090714;17.9;23.7
CLERMONT-FD;20090715;17.3;25.6
CLERMONT-FD;20090716;14.6;34.0
CLERMONT-FD;20090717;15.6;20.7
CLERMONT-FD;20090718;12.8;20.8
CLERMONT-FD;20090719;14.5;23.1
CLERMONT-FD;20090720;12.5;28.3
CLERMONT-FD;20090721;16.9;34.3
CLERMONT-FD;20090722;16.2;32.6
CLERMONT-FD;20090723;17.2;27.6
CLERMONT-FD;20090724;15.9;23.9
CLERMONT-FD;20090725;12.2;23.4
CLERMONT-FD;20090726;9.3;28.5
CLERMONT-FD;20090727;13.2;28.5
CLERMONT-FD;20090728;12.3;26.7
CLERMONT-FD;20090729;13.6;33.0
CLERMONT-FD;20090730;16.4;23.3
CLERMONT-FD;20090731;9.6;25.7
CLERMONT-FD;20090801;11.4;31.4
CLERMONT-FD;20090802;16.2;21.7
CLERMONT-FD;20090803;10.9;20.9
CLERMONT-FD;20090804;9.4;25.3
CLERMONT-FD;20090805;12.8;30.1
CLERMONT-FD;20090806;15.2;31.4
CLERMONT-FD;20090807;18.1;24.4
CLERMONT-FD;20090808;18.4;24.4
CLERMONT-FD;20090809;15.9;21.5
CLERMONT-FD;20090810;17.3;25.9
CLERMONT-FD;20090811;12.7;26.7
CLERMONT-FD;20090812;14.6;26.6
CLERMONT-FD;20090813;13.4;29.6
CLERMONT-FD;20090814;14.6;29.9
CLERMONT-FD;20090815;15.2;34.6
CLERMONT-FD;20090816;18.8;34.1
CLERMONT-FD;20090817;18.8;32.0
CLERMONT-FD;20090818;16.2;32.8
CLERMONT-FD;20090819;20.0;37.6
CLERMONT-FD;20090820;21.3;36.6
CLERMONT-FD;20090821;16.6;23.9
CLERMONT-FD;20090822;13.8;25.7
CLERMONT-FD;20090823;11.7;28.9
CLERMONT-FD;20090824;15.5;29.9
CLERMONT-FD;20090825;16.3;19.5
CLERMONT-FD;20090826;11.6;28.0
CLERMONT-FD;20090827;13.1;30.4
CLERMONT-FD;20090828;17.3;25.3
CLERMONT-FD;20090829;11.9;20.4
CLERMONT-FD;20090830;6.7;23.5
CLERMONT-FD;20090831;10.1;31.6
CLERMONT-FD;20090901;19.1;27.8
CLERMONT-FD;20090902;15.6;22.5
CLERMONT-FD;20090903;16.9;23.2
CLERMONT-FD;20090904;15.0;22.9
CLERMONT-FD;20090905;5.8;19.0
CLERMONT-FD;20090906;5.3;22.6
CLERMONT-FD;20090907;9.2;28.3
CLERMONT-FD;20090908;12.0;29.3
CLERMONT-FD;20090909;11.7;28.2
CLERMONT-FD;20090910;9.2;25.9
CLERMONT-FD;20090911;16.1;20.2
CLERMONT-FD;20090912;12.7;19.6
CLERMONT-FD;20090913;9.2;22.4
CLERMONT-FD;20090914;11.4;17.3
CLERMONT-FD;20090915;9.1;17.9
CLERMONT-FD;20090916;8.1;14.6
CLERMONT-FD;20090917;12.9;21.6
CLERMONT-FD;20090918;9.5;23.4
CLERMONT-FD;20090919;11.3;21.3
CLERMONT-FD;20090920;13.4;19.5
CLERMONT-FD;20090921;13.8;23.1
CLERMONT-FD;20090922;15.7;23.7
CLERMONT-FD;20090923;10.2;25.2
CLERMONT-FD;20090924;10.0;24.4
CLERMONT-FD;20090925;13.2;18.6
CLERMONT-FD;20090926;10.1;22.2
CLERMONT-FD;20090927;9.0;24.7
CLERMONT-FD;20090928;9.7;24.5
CLERMONT-FD;20090929;8.6;24.6
CLERMONT-FD;20090930;8.3;25.1
CLERMONT-FD;20091001;8.2;22.3
CLERMONT-FD;20091002;11.9;18.7
CLERMONT-FD;20091003;5.7;21.6
CLERMONT-FD;20091004;5.4;20.7
CLERMONT-FD;20091005;9.9;27.2
CLERMONT-FD;20091006;19.0;27.3
CLERMONT-FD;20091007;16.9;29.7
CLERMONT-FD;20091008;15.4;19.7
CLERMONT-FD;20091009;9.8;22.3
CLERMONT-FD;20091010;15.2;20.8
CLERMONT-FD;20091011;8.9;21.3
CLERMONT-FD;20091012;11.5;15.1
CLERMONT-FD;20091013;2.0;14.1
CLERMONT-FD;20091014;2.8;12.7
CLERMONT-FD;20091015;0.5;8.2
CLERMONT-FD;20091016;-4.8;12.2
CLERMONT-FD;20091017;5.7;11.0
CLERMONT-FD;20091018;-1.7;10.8
CLERMONT-FD;20091019;-3.0;13.7
CLERMONT-FD;20091020;4.4;15.9
CLERMONT-FD;20091021;8.8;16.2
CLERMONT-FD;20091022;3.8;15.6
CLERMONT-FD;20091023;8.2;15.9
CLERMONT-FD;20091024;8.8;18.1
CLERMONT-FD;20091025;10.4;16.9
CLERMONT-FD;20091026;5.9;16.5
CLERMONT-FD;20091027;2.5;18.1
CLERMONT-FD;20091028;4.4;20.6
CLERMONT-FD;20091029;3.3;20.5
CLERMONT-FD;20091030;4.5;19.1
CLERMONT-FD;20091031;5.0;19.6
CLERMONT-FD;20091101;13.1;20.7
CLERMONT-FD;20091102;8.1;12.7
CLERMONT-FD;20091103;5.7;14.3
CLERMONT-FD;20091104;7.3;12.0
CLERMONT-FD;20091105;5.4;11.2
CLERMONT-FD;20091106;3.9;12.5
CLERMONT-FD;20091107;5.5;12.1
CLERMONT-FD;20091108;2.1;8.6
CLERMONT-FD;20091109;4.7;7.1
CLERMONT-FD;20091110;3.9;9.1
CLERMONT-FD;20091111;-2.9;11.3
CLERMONT-FD;20091112;4.6;14.7
CLERMONT-FD;20091113;8.9;18.1
CLERMONT-FD;20091114;10.7;17.2
CLERMONT-FD;20091115;6.7;17.1
CLERMONT-FD;20091116;9.2;21.4
CLERMONT-FD;20091117;8.9;22.0
CLERMONT-FD;20091118;4.9;16.5
CLERMONT-FD;20091119;3.2;19.1
CLERMONT-FD;20091120;11.5;20.1
CLERMONT-FD;20091121;10.6;19.5
CLERMONT-FD;20091122;11.7;15.3
CLERMONT-FD;20091123;10.4;13.6
CLERMONT-FD;20091124;7.8;14.8
CLERMONT-FD;20091125;4.7;18.0
CLERMONT-FD;20091126;3.8;13.6
CLERMONT-FD;20091127;5.9;12.2
CLERMONT-FD;20091128;7.2;12.5
CLERMONT-FD;20091129;7.0;12.8
CLERMONT-FD;20091130;1.2;10.3
CLERMONT-FD;20091201;4.1;7.7
CLERMONT-FD;20091202;-0.6;11.0
CLERMONT-FD;20091203;7.6;12.1
CLERMONT-FD;20091204;3.0;7.0
CLERMONT-FD;20091205;2.7;12.9
CLERMONT-FD;20091206;9.8;16.0
CLERMONT-FD;20091207;8.8;15.3
CLERMONT-FD;20091208;2.2;10.5
CLERMONT-FD;20091209;5.7;12.8
CLERMONT-FD;20091210;9.1;12.0
CLERMONT-FD;20091211;2.7;6.5
CLERMONT-FD;20091212;2.0;4.2
CLERMONT-FD;20091213;-0.4;0.5
CLERMONT-FD;20091214;-2.0;-0.1
CLERMONT-FD;20091215;-3.6;-2.1
CLERMONT-FD;20091216;-4.0;-2.5
CLERMONT-FD;20091217;-7.9;1.0
CLERMONT-FD;20091218;-5.2;0.6
CLERMONT-FD;20091219;-11.6;-2.1
CLERMONT-FD;20091220;-6.5;5.6
CLERMONT-FD;20091221;-0.5;13.0
CLERMONT-FD;20091222;7.0;15.4
CLERMONT-FD;20091223;0.5;4.6
CLERMONT-FD;20091224;2.9;14.5
CLERMONT-FD;20091225;1.4;8.2
CLERMONT-FD;20091226;-3.6;1.3
CLERMONT-FD;20091227;-5.8;8.3
CLERMONT-FD;20091228;2.1;10.4
CLERMONT-FD;20091229;3.9;17.9
CLERMONT-FD;20091230;7.0;15.6
CLERMONT-FD;20091231;5.8;11.7
CLERMONT-FD;20100101;1.7;6.4
CLERMONT-FD;20100102;-2.5;2.5
CLERMONT-FD;20100103;-3.9;0.5
CLERMONT-FD;20100104;-2.3;-1.0
CLERMONT-FD;20100105;-3.6;-1.5
CLERMONT-FD;20100106;-8.0;0.1
CLERMONT-FD;20100107;-8.1;0.6
CLERMONT-FD;20100108;-3.6;-2.7
CLERMONT-FD;20100109;-5.4;-3.8
CLERMONT-FD;20100110;-5.6;-2.4
CLERMONT-FD;20100111;-5.1;-3.1
CLERMONT-FD;20100112;-4.3;6.7
CLERMONT-FD;20100113;-3.3;9.4
CLERMONT-FD;20100114;1.0;7.3
CLERMONT-FD;20100115;2.1;5.4
CLERMONT-FD;20100116;-0.1;10.7
CLERMONT-FD;20100117;4.1;10.2
CLERMONT-FD;20100118;2.6;8.6
CLERMONT-FD;20100119;-2.6;8.0
CLERMONT-FD;20100120;-5.2;10.1
CLERMONT-FD;20100121;0.9;9.8
CLERMONT-FD;20100122;-4.8;9.2
CLERMONT-FD;20100123;-3.4;9.6
CLERMONT-FD;20100124;1.1;7.7
CLERMONT-FD;20100125;2.5;4.3
CLERMONT-FD;20100126;-1.2;0.8
CLERMONT-FD;20100127;-3.3;-1.9
CLERMONT-FD;20100128;-6.5;2.0
CLERMONT-FD;20100129;0.2;7.0
CLERMONT-FD;20100130;-0.8;2.2
CLERMONT-FD;20100131;-4.6;1.8
CLERMONT-FD;20100201;-8.4;3.8
CLERMONT-FD;20100202;-0.9;6.9
CLERMONT-FD;20100203;1.1;10.7
CLERMONT-FD;20100204;-4.7;12.3
CLERMONT-FD;20100205;6.4;10.5
CLERMONT-FD;20100206;4.9;10.3
CLERMONT-FD;20100207;2.1;4.7
CLERMONT-FD;20100208;-1.3;7.9
CLERMONT-FD;20100209;-0.7;1.2
CLERMONT-FD;20100210;-3.8;0.6
CLERMONT-FD;20100211;-7.5;-3.3
CLERMONT-FD;20100212;-5.1;-3.2
CLERMONT-FD;20100213;-4.4;-2.5
CLERMONT-FD;20100214;-4.5;-1.8
CLERMONT-FD;20100215;-4.6;-0.3
CLERMONT-FD;20100216;-9.9;2.6
CLERMONT-FD;20100217;0.3;12.4
CLERMONT-FD;20100218;2.7;12.2
CLERMONT-FD;20100219;3.7;6.9
CLERMONT-FD;20100220;-2.1;8.3
CLERMONT-FD;20100221;0.2;10.3
CLERMONT-FD;20100222;6.7;16.5
CLERMONT-FD;20100223;7.2;13.1
CLERMONT-FD;20100224;6.1;13.0
CLERMONT-FD;20100225;5.7;18.0
CLERMONT-FD;20100226;6.5;12.0
CLERMONT-FD;20100227;2.1;13.9
CLERMONT-FD;20100228;8.8;13.0
CLERMONT-FD;20100301;-1.2;11.4
CLERMONT-FD;20100302;6.0;14.4
CLERMONT-FD;20100303;0.3;7.6
CLERMONT-FD;20100304;3.9;8.4
CLERMONT-FD;20100305;-2.0;5.7
CLERMONT-FD;20100306;-6.8;8.0
CLERMONT-FD;20100307;-3.6;-0.9
CLERMONT-FD;20100308;-2.9;4.6
CLERMONT-FD;20100309;-5.1;2.1
CLERMONT-FD;20100310;-4.1;-0.6
CLERMONT-FD;20100311;-3.6;-0.5
CLERMONT-FD;20100312;-6.2;6.5
CLERMONT-FD;20100313;-6.1;7.9
CLERMONT-FD;20100314;1.9;6.8
CLERMONT-FD;20100315;0.2;11.6
CLERMONT-FD;20100316;-3.7;13.3
CLERMONT-FD;20100317;1.6;21.5
CLERMONT-FD;20100318;5.8;18.6
CLERMONT-FD;20100319;8.1;22.5
CLERMONT-FD;20100320;11.5;18.1
CLERMONT-FD;20100321;12.0;16.8
CLERMONT-FD;20100322;3.9;18.6
CLERMONT-FD;20100323;1.2;20.3
CLERMONT-FD;20100324;8.7;19.3
CLERMONT-FD;20100325;11.1;20.4
CLERMONT-FD;20100326;4.8;13.4
CLERMONT-FD;20100327;5.7;13.1
CLERMONT-FD;20100328;8.2;15.1
CLERMONT-FD;20100329;4.8;21.4
CLERMONT-FD;20100330;6.5;12.4
CLERMONT-FD;20100331;4.9;13.3
CLERMONT-FD;20100401;0.7;11.0
CLERMONT-FD;20100402;3.6;14.0
CLERMONT-FD;20100403;5.5;14.4
CLERMONT-FD;20100404;6.8;12.6
CLERMONT-FD;20100405;0.9;13.1
CLERMONT-FD;20100406;0.9;22.5
CLERMONT-FD;20100407;9.6;16.1
CLERMONT-FD;20100408;7.2;11.2
CLERMONT-FD;20100409;8.0;14.2
CLERMONT-FD;20100410;3.1;17.0
CLERMONT-FD;20100411;5.7;13.9
CLERMONT-FD;20100412;2.7;9.8
CLERMONT-FD;20100413;4.3;11.8
CLERMONT-FD;20100414;-0.7;14.6
CLERMONT-FD;20100415;0.2;13.9
CLERMONT-FD;20100416;0.5;16.3
CLERMONT-FD;20100417;1.3;18.1
CLERMONT-FD;20100418;5.7;22.0
CLERMONT-FD;20100419;4.0;21.5
CLERMONT-FD;20100420;8.8;20.4
CLERMONT-FD;20100421;5.3;21.3
CLERMONT-FD;20100422;5.7;22.9
CLERMONT-FD;20100423;10.0;18.6
CLERMONT-FD;20100424;3.9;22.5
CLERMONT-FD;20100425;7.0;23.3
CLERMONT-FD;20100426;8.0;20.2
CLERMONT-FD;20100427;4.1;20.6
CLERMONT-FD;20100428;7.2;26.5
CLERMONT-FD;20100429;12.0;28.1
CLERMONT-FD;20100430;12.9;15.0
CLERMONT-FD;20100501;10.1;14.4
CLERMONT-FD;20100502;10.5;14.9
CLERMONT-FD;20100503;6.6;10.7
CLERMONT-FD;20100504;5.0;7.1
CLERMONT-FD;20100505;2.4;5.2
CLERMONT-FD;20100506;4.1;8.0
CLERMONT-FD;20100507;4.0;13.9
CLERMONT-FD;20100508;5.3;14.7
CLERMONT-FD;20100509;7.0;15.7
CLERMONT-FD;20100510;8.6;21.8
CLERMONT-FD;20100511;10.1;16.4
CLERMONT-FD;20100512;7.6;9.2
CLERMONT-FD;20100513;6.0;9.2
CLERMONT-FD;20100514;6.4;10.8
CLERMONT-FD;20100515;6.9;11.4
CLERMONT-FD;20100516;4.3;16.3
CLERMONT-FD;20100517;4.1;17.3
CLERMONT-FD;20100518;2.9;18.2
CLERMONT-FD;20100519;7.5;17.1
CLERMONT-FD;20100520;4.1;19.7
CLERMONT-FD;20100521;9.5;21.5
CLERMONT-FD;20100522;6.5;22.8
CLERMONT-FD;20100523;6.9;24.8
CLERMONT-FD;20100524;11.0;29.1
CLERMONT-FD;20100525;12.3;28.8
CLERMONT-FD;20100526;14.3;23.9
CLERMONT-FD;20100527;12.0;19.1
CLERMONT-FD;20100528;9.4;20.0
CLERMONT-FD;20100529;9.0;21.4
CLERMONT-FD;20100530;15.4;22.8
CLERMONT-FD;20100531;9.5;17.5
CLERMONT-FD;20100601;7.5;19.0
CLERMONT-FD;20100602;13.0;18.3
CLERMONT-FD;20100603;7.0;23.9
CLERMONT-FD;20100604;9.0;25.3
CLERMONT-FD;20100605;13.9;29.5
CLERMONT-FD;20100606;17.5;25.8
CLERMONT-FD;20100607;10.4;23.6
CLERMONT-FD;20100608;13.1;18.2
CLERMONT-FD;20100609;14.6;18.1
CLERMONT-FD;20100610;14.9;24.0
CLERMONT-FD;20100611;10.6;25.1
CLERMONT-FD;20100612;11.9;23.5
CLERMONT-FD;20100613;13.0;21.0
CLERMONT-FD;20100614;13.8;20.6
CLERMONT-FD;20100615;11.5;17.3
CLERMONT-FD;20100616;12.8;16.1
CLERMONT-FD;20100617;10.7;21.3
CLERMONT-FD;20100618;13.0;18.4
CLERMONT-FD;20100619;9.7;15.7
CLERMONT-FD;20100620;8.1;13.3
CLERMONT-FD;20100621;9.1;16.6
CLERMONT-FD;20100622;4.4;19.4
CLERMONT-FD;20100623;6.6;22.3
CLERMONT-FD;20100624;8.4;24.3
CLERMONT-FD;20100625;11.6;26.2
CLERMONT-FD;20100626;13.6;27.7
CLERMONT-FD;20100627;14.6;28.7
CLERMONT-FD;20100628;16.0;28.8
CLERMONT-FD;20100629;16.9;26.9
CLERMONT-FD;20100630;14.6;27.5
CLERMONT-FD;20100701;14.8;31.1
CLERMONT-FD;20100702;19.0;33.3
CLERMONT-FD;20100703;18.8;29.6
CLERMONT-FD;20100704;19.2;27.5
CLERMONT-FD;20100705;15.1;28.2
CLERMONT-FD;20100706;17.0;24.6
CLERMONT-FD;20100707;10.1;28.4
CLERMONT-FD;20100708;15.7;33.6
CLERMONT-FD;20100709;17.3;33.6
CLERMONT-FD;20100710;20.6;29.7
CLERMONT-FD;20100711;17.1;32.6
CLERMONT-FD;20100712;20.1;28.4
CLERMONT-FD;20100713;15.1;28.9
CLERMONT-FD;20100714;17.9;33.7
CLERMONT-FD;20100715;14.1;26.9
CLERMONT-FD;20100716;13.7;30.0
CLERMONT-FD;20100717;16.9;21.4
CLERMONT-FD;20100718;9.0;24.9
CLERMONT-FD;20100719;10.6;28.3
CLERMONT-FD;20100720;14.8;32.4
CLERMONT-FD;20100721;16.5;24.9
CLERMONT-FD;20100722;15.2;17.8
CLERMONT-FD;20100723;11.4;22.6
CLERMONT-FD;20100724;12.1;22.9
CLERMONT-FD;20100725;13.3;22.1
CLERMONT-FD;20100726;15.7;23.4
CLERMONT-FD;20100727;16.6;24.5
CLERMONT-FD;20100728;15.2;28.7
CLERMONT-FD;20100729;17.3;21.8
CLERMONT-FD;20100730;11.6;25.3
CLERMONT-FD;20100731;12.0;28.1
CLERMONT-FD;20100801;16.9;28.6
CLERMONT-FD;20100802;16.3;22.7
CLERMONT-FD;20100803;15.7;23.6
CLERMONT-FD;20100804;12.4;24.2
CLERMONT-FD;20100805;13.9;21.4
CLERMONT-FD;20100806;9.7;23.8
CLERMONT-FD;20100807;10.5;27.1
CLERMONT-FD;20100808;14.6;26.8
CLERMONT-FD;20100809;12.2;28.5
CLERMONT-FD;20100810;16.5;26.0
CLERMONT-FD;20100811;13.4;25.6
CLERMONT-FD;20100812;13.9;22.3
CLERMONT-FD;20100813;13.4;21.6
CLERMONT-FD;20100814;13.5;20.7
CLERMONT-FD;20100815;10.9;19.3
CLERMONT-FD;20100816;13.9;21.6
CLERMONT-FD;20100817;11.2;25.7
CLERMONT-FD;20100818;15.5;21.7
CLERMONT-FD;20100819;12.7;28.6
CLERMONT-FD;20100820;17.8;30.1
CLERMONT-FD;20100821;16.9;32.0
CLERMONT-FD;20100822;17.8;29.0
CLERMONT-FD;20100823;19.6;26.3
CLERMONT-FD;20100824;19.1;23.4
CLERMONT-FD;20100825;9.6;29.0
CLERMONT-FD;20100826;17.4;36.6
CLERMONT-FD;20100827;18.4;27.1
CLERMONT-FD;20100828;15.4;20.3
CLERMONT-FD;20100829;6.0;22.0
CLERMONT-FD;20100830;10.6;19.1
CLERMONT-FD;20100831;6.4;19.8
CLERMONT-FD;20100901;5.2;23.5
CLERMONT-FD;20100902;8.4;26.0
CLERMONT-FD;20100903;9.7;26.6
CLERMONT-FD;20100904;11.7;25.9
CLERMONT-FD;20100905;8.9;26.4
CLERMONT-FD;20100906;13.2;27.1
CLERMONT-FD;20100907;15.8;18.4
CLERMONT-FD;20100908;13.6;20.5
CLERMONT-FD;20100909;12.0;21.0
CLERMONT-FD;20100910;10.4;22.2
CLERMONT-FD;20100911;9.9;24.7
CLERMONT-FD;20100912;13.3;24.4
CLERMONT-FD;20100913;8.3;19.0
CLERMONT-FD;20100914;6.5;22.7
CLERMONT-FD;20100915;10.6;26.4
CLERMONT-FD;20100916;12.2;19.6
CLERMONT-FD;20100917;9.6;18.3
CLERMONT-FD;20100918;4.8;17.4
CLERMONT-FD;20100919;1.2;18.1
CLERMONT-FD;20100920;3.8;24.5
CLERMONT-FD;20100921;7.5;25.7
CLERMONT-FD;20100922;10.9;26.9
CLERMONT-FD;20100923;14.7;27.1
CLERMONT-FD;20100924;14.1;18.8
CLERMONT-FD;20100925;9.9;13.6
CLERMONT-FD;20100926;8.1;12.7
CLERMONT-FD;20100927;2.7;12.6
CLERMONT-FD;20100928;6.0;14.9
CLERMONT-FD;20100929;10.3;17.6
CLERMONT-FD;20100930;8.6;17.0
CLERMONT-FD;20101001;6.9;19.2
CLERMONT-FD;20101002;11.9;26.9
CLERMONT-FD;20101003;17.3;23.3
CLERMONT-FD;20101004;13.3;19.3
CLERMONT-FD;20101005;12.4;21.0
CLERMONT-FD;20101006;11.6;25.8
CLERMONT-FD;20101007;10.6;25.3
CLERMONT-FD;20101008;10.5;25.0
CLERMONT-FD;20101009;12.4;24.1
CLERMONT-FD;20101010;15.0;19.8
CLERMONT-FD;20101011;10.2;15.2
CLERMONT-FD;20101012;9.8;16.3
CLERMONT-FD;20101013;2.6;15.3
CLERMONT-FD;20101014;3.4;11.2
CLERMONT-FD;20101015;7.4;12.1
CLERMONT-FD;20101016;7.2;10.6
CLERMONT-FD;20101017;4.4;6.3
CLERMONT-FD;20101018;4.9;6.6
CLERMONT-FD;20101019;0.5;12.6
CLERMONT-FD;20101020;5.0;12.3
CLERMONT-FD;20101021;-2.8;10.7
CLERMONT-FD;20101022;0.7;16.8
CLERMONT-FD;20101023;6.2;17.4
CLERMONT-FD;20101024;7.2;9.8
CLERMONT-FD;20101025;4.4;8.1
CLERMONT-FD;20101026;-1.5;10.6
CLERMONT-FD;20101027;-0.1;15.4
CLERMONT-FD;20101028;3.1;17.5
CLERMONT-FD;20101029;2.7;19.9
CLERMONT-FD;20101030;11.6;15.2
CLERMONT-FD;20101031;6.8;16.4
CLERMONT-FD;20101101;9.7;14.7
CLERMONT-FD;20101102;9.2;15.0
CLERMONT-FD;20101103;10.0;17.8
CLERMONT-FD;20101104;12.1;18.4
CLERMONT-FD;20101105;13.9;17.6
CLERMONT-FD;20101106;11.7;15.1
CLERMONT-FD;20101107;6.9;11.4
CLERMONT-FD;20101108;1.8;8.9
CLERMONT-FD;20101109;4.8;11.2
CLERMONT-FD;20101110;6.9;11.0
CLERMONT-FD;20101111;0.6;16.4
CLERMONT-FD;20101112;12.4;18.5
CLERMONT-FD;20101113;13.4;20.5
CLERMONT-FD;20101114;11.2;19.2
CLERMONT-FD;20101115;4.1;9.3
CLERMONT-FD;20101116;0.9;8.9
CLERMONT-FD;20101117;1.8;7.3
CLERMONT-FD;20101118;2.9;11.5
CLERMONT-FD;20101119;3.4;12.6
CLERMONT-FD;20101120;3.3;10.5
CLERMONT-FD;20101121;0.6;8.9
CLERMONT-FD;20101122;3.9;5.9
CLERMONT-FD;20101123;2.4;4.0
CLERMONT-FD;20101124;1.6;5.8
CLERMONT-FD;20101125;0.4;6.9
CLERMONT-FD;20101126;-0.8;1.8
CLERMONT-FD;20101127;-3.0;7.7
CLERMONT-FD;20101128;-5.1;5.9
CLERMONT-FD;20101129;-0.7;5.4
CLERMONT-FD;20101130;-4.6;-1.4
CLERMONT-FD;20101201;-3.7;-1.6
CLERMONT-FD;20101202;-12.3;1.4
CLERMONT-FD;20101203;-5.1;0.4
CLERMONT-FD;20101204;-9.2;4.2
CLERMONT-FD;20101205;-3.5;9.7
CLERMONT-FD;20101206;3.1;14.1
CLERMONT-FD;20101207;8.8;17.5
CLERMONT-FD;20101208;9.8;18.3
CLERMONT-FD;20101209;0.3;1.5
CLERMONT-FD;20101210;-4.4;3.0
CLERMONT-FD;20101211;-4.5;5.7
CLERMONT-FD;20101212;-3.4;3.2
CLERMONT-FD;20101213;-1.2;3.1
CLERMONT-FD;20101214;-7.5;-1.8
CLERMONT-FD;20101215;-4.2;0.2
CLERMONT-FD;20101216;-4.6;5.6
CLERMONT-FD;20101217;-2.2;1.6
CLERMONT-FD;20101218;-7.2;3.6
CLERMONT-FD;20101219;0.3;11.5
CLERMONT-FD;20101220;6.7;13.1
CLERMONT-FD;20101221;4.5;10.3
CLERMONT-FD;20101222;5.1;12.5
CLERMONT-FD;20101223;2.3;9.0
CLERMONT-FD;20101224;-0.9;0.6
CLERMONT-FD;20101225;-4.1;-2.9
CLERMONT-FD;20101226;-13.4;-2.7
CLERMONT-FD;20101227;-10.4;1.9
CLERMONT-FD;20101228;-0.8;6.4
CLERMONT-FD;20101229;-1.0;6.0
CLERMONT-FD;20101230;0.7;9.6
CLERMONT-FD;20101231;1.0;5.0
CLERMONT-FD;20110101;1.3;4.1
CLERMONT-FD;20110102;-0.5;1.8
CLERMONT-FD;20110103;-5.9;1.0
CLERMONT-FD;20110104;-8.6;2.6
CLERMONT-FD;20110105;-6.9;9.6
CLERMONT-FD;20110106;7.2;13.4
CLERMONT-FD;20110107;10.9;15.8
CLERMONT-FD;20110108;10.1;14.9
CLERMONT-FD;20110109;6.3;11.3
CLERMONT-FD;20110110;2.9;6.0
CLERMONT-FD;20110111;-2.1;11.9
CLERMONT-FD;20110112;1.9;12.3
CLERMONT-FD;20110113;8.2;16.4
CLERMONT-FD;20110114;3.4;12.9
CLERMONT-FD;20110115;5.1;13.7
CLERMONT-FD;20110116;-0.9;15.6
CLERMONT-FD;20110117;1.9;16.1
CLERMONT-FD;20110118;2.8;12.3
CLERMONT-FD;20110119;2.4;5.5
CLERMONT-FD;20110120;-4.3;2.1
CLERMONT-FD;20110121;-1.2;1.9
CLERMONT-FD;20110122;-3.5;-0.7
CLERMONT-FD;20110123;-6.0;0.3
CLERMONT-FD;20110124;-5.6;2.6
CLERMONT-FD;20110125;-0.2;3.9
CLERMONT-FD;20110126;-3.6;4.9
CLERMONT-FD;20110127;-5.1;5.6
CLERMONT-FD;20110128;-2.4;3.3
CLERMONT-FD;20110129;-7.6;3.0
CLERMONT-FD;20110130;-3.9;-0.2
CLERMONT-FD;20110131;-2.6;-0.8
CLERMONT-FD;20110201;-2.6;-2.0
CLERMONT-FD;20110202;-4.2;1.1
CLERMONT-FD;20110203;-0.6;6.8
CLERMONT-FD;20110204;1.5;12.5
CLERMONT-FD;20110205;-0.4;13.0
CLERMONT-FD;20110206;-3.3;15.5
CLERMONT-FD;20110207;-1.7;19.7
CLERMONT-FD;20110208;-3.0;11.5
CLERMONT-FD;20110209;-4.1;17.2
CLERMONT-FD;20110210;-1.1;17.5
CLERMONT-FD;20110211;2.4;19.2
CLERMONT-FD;20110212;0.5;14.0
CLERMONT-FD;20110213;-0.6;14.5
CLERMONT-FD;20110214;4.6;6.9
CLERMONT-FD;20110215;1.7;12.5
CLERMONT-FD;20110216;-1.3;13.0
CLERMONT-FD;20110217;-0.5;8.8
CLERMONT-FD;20110218;-2.7;5.0
CLERMONT-FD;20110219;-4.2;10.9
CLERMONT-FD;20110220;5.8;10.3
CLERMONT-FD;20110221;2.4;10.1
CLERMONT-FD;20110222;4.1;8.2
CLERMONT-FD;20110223;-4.2;7.4
CLERMONT-FD;20110224;3.7;11.6
CLERMONT-FD;20110225;7.7;12.3
CLERMONT-FD;20110226;3.0;12.3
CLERMONT-FD;20110227;3.4;7.7
CLERMONT-FD;20110228;1.7;6.6
CLERMONT-FD;20110301;2.6;6.4
CLERMONT-FD;20110302;2.0;3.5
CLERMONT-FD;20110303;-5.2;7.2
CLERMONT-FD;20110304;-3.6;11.0
CLERMONT-FD;20110305;-3.8;11.9
CLERMONT-FD;20110306;-2.9;9.6
CLERMONT-FD;20110307;-4.4;13.5
CLERMONT-FD;20110308;3.2;14.8
CLERMONT-FD;20110309;1.3;16.3
CLERMONT-FD;20110310;2.9;16.9
CLERMONT-FD;20110311;0.1;14.4
CLERMONT-FD;20110312;5.5;12.2
CLERMONT-FD;20110313;6.4;10.1
CLERMONT-FD;20110314;1.4;16.3
CLERMONT-FD;20110315;5.4;16.6
CLERMONT-FD;20110316;9.0;16.8
CLERMONT-FD;20110317;8.0;10.1
CLERMONT-FD;20110318;2.8;12.8
CLERMONT-FD;20110319;7.8;11.8
CLERMONT-FD;20110320;2.6;12.2
CLERMONT-FD;20110321;-1.9;13.8
CLERMONT-FD;20110322;-1.9;16.5
CLERMONT-FD;20110323;0.1;17.7
CLERMONT-FD;20110324;3.8;22.3
CLERMONT-FD;20110325;2.8;20.9
CLERMONT-FD;20110326;6.2;19.8
CLERMONT-FD;20110327;7.9;13.5
CLERMONT-FD;20110328;8.8;13.0
CLERMONT-FD;20110329;4.9;16.2
CLERMONT-FD;20110330;7.0;16.3
CLERMONT-FD;20110331;9.9;19.1
CLERMONT-FD;20110401;7.6;21.0
CLERMONT-FD;20110402;9.7;25.6
CLERMONT-FD;20110403;10.6;21.2
CLERMONT-FD;20110404;7.3;15.6
CLERMONT-FD;20110405;3.5;19.0
CLERMONT-FD;20110406;5.5;23.8
CLERMONT-FD;20110407;9.5;26.1
CLERMONT-FD;20110408;7.6;22.7
CLERMONT-FD;20110409;5.7;23.2
CLERMONT-FD;20110410;7.2;21.8
CLERMONT-FD;20110411;11.6;21.7
CLERMONT-FD;20110412;10.1;14.2
CLERMONT-FD;20110413;0.4;13.9
CLERMONT-FD;20110414;2.1;14.3
CLERMONT-FD;20110415;1.0;15.2
CLERMONT-FD;20110416;-0.5;16.9
CLERMONT-FD;20110417;1.8;20.2
CLERMONT-FD;20110418;8.2;23.5
CLERMONT-FD;20110419;7.6;23.5
CLERMONT-FD;20110420;5.3;22.4
CLERMONT-FD;20110421;8.0;23.2
CLERMONT-FD;20110422;9.2;22.9
CLERMONT-FD;20110423;8.8;21.2
CLERMONT-FD;20110424;11.1;21.8
CLERMONT-FD;20110425;5.9;23.1
CLERMONT-FD;20110426;4.5;21.6
CLERMONT-FD;20110427;5.8;20.3
CLERMONT-FD;20110428;9.5;12.1
CLERMONT-FD;20110429;9.3;16.9
CLERMONT-FD;20110430;5.3;21.6
CLERMONT-FD;20110501;9.3;24.1
CLERMONT-FD;20110502;9.5;24.6
CLERMONT-FD;20110503;11.7;17.7
CLERMONT-FD;20110504;7.5;18.6
CLERMONT-FD;20110505;3.8;23.2
CLERMONT-FD;20110506;11.1;25.0
CLERMONT-FD;20110507;14.9;25.0
CLERMONT-FD;20110508;12.0;27.1
CLERMONT-FD;20110509;12.0;26.3
CLERMONT-FD;20110510;15.1;28.2
CLERMONT-FD;20110511;14.0;27.0
CLERMONT-FD;20110512;14.5;20.8
CLERMONT-FD;20110513;6.8;22.4
CLERMONT-FD;20110514;10.2;14.1
CLERMONT-FD;20110515;6.6;16.1
CLERMONT-FD;20110516;5.7;19.8
CLERMONT-FD;20110517;6.8;23.6
CLERMONT-FD;20110518;9.1;26.1
CLERMONT-FD;20110519;14.5;22.9
CLERMONT-FD;20110520;12.0;24.9
CLERMONT-FD;20110521;11.1;26.3
CLERMONT-FD;20110522;13.9;25.2
CLERMONT-FD;20110523;7.6;26.3
CLERMONT-FD;20110524;10.4;24.7
CLERMONT-FD;20110525;9.2;26.8
CLERMONT-FD;20110526;15.3;23.9
CLERMONT-FD;20110527;11.3;17.1
CLERMONT-FD;20110528;3.1;20.4
CLERMONT-FD;20110529;7.7;26.9
CLERMONT-FD;20110530;14.6;28.7
CLERMONT-FD;20110531;12.1;14.2
CLERMONT-FD;20110601;8.1;15.0
CLERMONT-FD;20110602;11.5;16.5
CLERMONT-FD;20110603;11.4;23.4
CLERMONT-FD;20110604;14.6;20.6
CLERMONT-FD;20110605;13.0;25.7
CLERMONT-FD;20110606;13.4;20.9
CLERMONT-FD;20110607;12.3;24.5
CLERMONT-FD;20110608;11.8;17.5
CLERMONT-FD;20110609;8.9;17.5
CLERMONT-FD;20110610;8.5;19.4
CLERMONT-FD;20110611;9.8;18.8
CLERMONT-FD;20110612;7.0;22.5
CLERMONT-FD;20110613;13.0;21.8
CLERMONT-FD;20110614;12.8;22.8
CLERMONT-FD;20110615;11.0;26.8
CLERMONT-FD;20110616;15.4;20.1
CLERMONT-FD;20110617;12.0;25.5
CLERMONT-FD;20110618;14.2;20.1
CLERMONT-FD;20110619;11.2;20.7
CLERMONT-FD;20110620;12.0;27.4
CLERMONT-FD;20110621;14.5;29.9
CLERMONT-FD;20110622;17.0;25.8
CLERMONT-FD;20110623;13.5;23.0
CLERMONT-FD;20110624;9.2;21.9
CLERMONT-FD;20110625;8.2;27.1
CLERMONT-FD;20110626;12.4;33.4
CLERMONT-FD;20110627;20.5;37.4
CLERMONT-FD;20110628;21.5;35.1
CLERMONT-FD;20110629;16.6;20.0
CLERMONT-FD;20110630;8.1;22.4
CLERMONT-FD;20110701;7.1;22.9
CLERMONT-FD;20110702;7.5;23.9
CLERMONT-FD;20110703;7.5;26.4
CLERMONT-FD;20110704;10.4;29.8
CLERMONT-FD;20110705;12.4;31.5
CLERMONT-FD;20110706;15.2;25.9
CLERMONT-FD;20110707;10.6;16.7
CLERMONT-FD;20110708;9.2;26.0
CLERMONT-FD;20110709;15.6;22.6
CLERMONT-FD;20110710;14.9;25.0
CLERMONT-FD;20110711;12.9;30.3
CLERMONT-FD;20110712;16.5;30.8
CLERMONT-FD;20110713;15.0;17.5
CLERMONT-FD;20110714;9.5;21.3
CLERMONT-FD;20110715;7.6;24.3
CLERMONT-FD;20110716;12.4;24.6
CLERMONT-FD;20110717;13.9;20.5
CLERMONT-FD;20110718;11.3;19.9
CLERMONT-FD;20110719;13.2;18.2
CLERMONT-FD;20110720;13.5;19.2
CLERMONT-FD;20110721;12.2;21.5
CLERMONT-FD;20110722;13.9;20.7
CLERMONT-FD;20110723;13.0;20.4
CLERMONT-FD;20110724;12.2;20.7
CLERMONT-FD;20110725;13.3;20.6
CLERMONT-FD;20110726;14.7;22.2
CLERMONT-FD;20110727;11.9;22.3
CLERMONT-FD;20110728;14.2;20.5
CLERMONT-FD;20110729;10.2;23.0
CLERMONT-FD;20110730;12.9;22.7
CLERMONT-FD;20110731;8.8;23.6
CLERMONT-FD;20110801;9.9;26.9
CLERMONT-FD;20110802;13.4;29.8
CLERMONT-FD;20110803;17.4;24.6
CLERMONT-FD;20110804;16.1;28.3
CLERMONT-FD;20110805;17.1;27.3
CLERMONT-FD;20110806;17.6;28.1
CLERMONT-FD;20110807;14.7;24.7
CLERMONT-FD;20110808;13.9;21.9
CLERMONT-FD;20110809;9.6;20.7
CLERMONT-FD;20110810;8.6;23.9
CLERMONT-FD;20110811;10.7;29.5
CLERMONT-FD;20110812;14.1;27.7
CLERMONT-FD;20110813;13.5;29.4
CLERMONT-FD;20110814;16.0;24.4
CLERMONT-FD;20110815;17.7;25.9
CLERMONT-FD;20110816;14.8;29.4
CLERMONT-FD;20110817;16.0;32.4
CLERMONT-FD;20110818;20.2;33.0
CLERMONT-FD;20110819;18.9;32.7
CLERMONT-FD;20110820;18.2;36.9
CLERMONT-FD;20110821;21.7;37.2
CLERMONT-FD;20110822;20.9;38.1
CLERMONT-FD;20110823;20.1;33.0
CLERMONT-FD;20110824;17.0;25.4
CLERMONT-FD;20110825;17.5;26.7
CLERMONT-FD;20110826;12.9;19.0
CLERMONT-FD;20110827;11.3;20.7
CLERMONT-FD;20110828;7.8;22.9
CLERMONT-FD;20110829;8.8;21.9
CLERMONT-FD;20110830;8.3;23.7
CLERMONT-FD;20110831;11.8;27.2
CLERMONT-FD;20110901;14.0;28.2
CLERMONT-FD;20110902;17.1;28.0
CLERMONT-FD;20110903;17.2;28.8
CLERMONT-FD;20110904;18.0;23.2
CLERMONT-FD;20110905;12.5;22.1
CLERMONT-FD;20110906;9.2;24.9
CLERMONT-FD;20110907;14.9;23.0
CLERMONT-FD;20110908;9.9;26.4
CLERMONT-FD;20110909;16.8;28.3
CLERMONT-FD;20110910;17.9;33.4
CLERMONT-FD;20110911;17.6;26.7
CLERMONT-FD;20110912;11.2;24.5
CLERMONT-FD;20110913;16.6;26.1
CLERMONT-FD;20110914;13.8;21.4
CLERMONT-FD;20110915;6.8;25.5
CLERMONT-FD;20110916;12.1;27.6
CLERMONT-FD;20110917;15.1;18.6
CLERMONT-FD;20110918;11.8;17.7
CLERMONT-FD;20110919;11.9;18.0
CLERMONT-FD;20110920;7.3;20.2
CLERMONT-FD;20110921;7.5;22.6
CLERMONT-FD;20110922;6.5;21.4
CLERMONT-FD;20110923;6.7;23.0
CLERMONT-FD;20110924;10.9;25.0
CLERMONT-FD;20110925;13.1;26.9
CLERMONT-FD;20110926;13.0;27.0
CLERMONT-FD;20110927;12.0;25.9
CLERMONT-FD;20110928;10.5;28.4
CLERMONT-FD;20110929;13.3;29.0
CLERMONT-FD;20110930;13.0;28.8
CLERMONT-FD;20111001;11.9;27.7
CLERMONT-FD;20111002;11.7;27.7
CLERMONT-FD;20111003;10.5;27.0
CLERMONT-FD;20111004;10.9;27.3
CLERMONT-FD;20111005;13.2;21.8
CLERMONT-FD;20111006;9.1;22.3
CLERMONT-FD;20111007;8.4;14.3
CLERMONT-FD;20111008;9.1;14.3
CLERMONT-FD;20111009;10.1;16.2
CLERMONT-FD;20111010;12.9;24.2
CLERMONT-FD;20111011;13.8;22.8
CLERMONT-FD;20111012;11.6;20.5
CLERMONT-FD;20111013;13.0;17.2
CLERMONT-FD;20111014;8.5;16.1
CLERMONT-FD;20111015;2.5;22.1
CLERMONT-FD;20111016;6.4;21.8
CLERMONT-FD;20111017;7.5;21.4
CLERMONT-FD;20111018;9.1;24.8
CLERMONT-FD;20111019;7.4;10.7
CLERMONT-FD;20111020;3.7;10.9
CLERMONT-FD;20111021;-0.2;9.2
CLERMONT-FD;20111022;-0.6;19.4
CLERMONT-FD;20111023;2.2;19.5
CLERMONT-FD;20111024;10.1;18.3
CLERMONT-FD;20111025;10.6;15.4
CLERMONT-FD;20111026;3.7;17.6
CLERMONT-FD;20111027;7.9;17.8
CLERMONT-FD;20111028;11.3;15.9
CLERMONT-FD;20111029;9.8;17.9
CLERMONT-FD;20111030;9.3;17.7
CLERMONT-FD;20111031;5.0;20.2
CLERMONT-FD;20111101;9.8;16.9
CLERMONT-FD;20111102;4.7;20.7
CLERMONT-FD;20111103;14.1;19.6
CLERMONT-FD;20111104;7.1;13.8
CLERMONT-FD;20111105;10.8;14.9
CLERMONT-FD;20111106;10.7;14.2
CLERMONT-FD;20111107;10.3;11.0
CLERMONT-FD;20111108;9.1;16.3
CLERMONT-FD;20111109;5.8;17.5
CLERMONT-FD;20111110;6.4;17.7
CLERMONT-FD;20111111;5.5;18.7
CLERMONT-FD;20111112;4.0;18.6
CLERMONT-FD;20111113;6.2;18.4
CLERMONT-FD;20111114;5.9;15.9
CLERMONT-FD;20111115;7.1;14.3
CLERMONT-FD;20111116;3.8;14.8
CLERMONT-FD;20111117;5.1;16.0
CLERMONT-FD;20111118;2.5;14.4
CLERMONT-FD;20111119;4.4;15.9
CLERMONT-FD;20111120;3.9;14.4
CLERMONT-FD;20111121;8.6;17.3
CLERMONT-FD;20111122;5.7;16.3
CLERMONT-FD;20111123;-0.2;10.3
CLERMONT-FD;20111124;5.2;11.6
CLERMONT-FD;20111125;-0.3;13.1
CLERMONT-FD;20111126;1.5;11.3
CLERMONT-FD;20111127;-0.4;11.3
CLERMONT-FD;20111128;5.9;12.3
CLERMONT-FD;20111129;-0.2;17.8
CLERMONT-FD;20111130;7.7;13.8
CLERMONT-FD;20111201;5.2;17.4
CLERMONT-FD;20111202;8.6;11.6
CLERMONT-FD;20111203;4.3;12.5
CLERMONT-FD;20111204;10.1;15.9
CLERMONT-FD;20111205;6.8;10.0
CLERMONT-FD;20111206;6.6;9.9
CLERMONT-FD;20111207;6.8;12.3
CLERMONT-FD;20111208;6.4;11.9
CLERMONT-FD;20111209;6.9;13.6
CLERMONT-FD;20111210;7.7;13.4
CLERMONT-FD;20111211;1.1;13.1
CLERMONT-FD;20111212;3.0;9.5
CLERMONT-FD;20111213;1.2;13.6
CLERMONT-FD;20111214;6.9;12.1
CLERMONT-FD;20111215;4.4;11.8
CLERMONT-FD;20111216;5.0;12.9
CLERMONT-FD;20111217;0.8;5.2
CLERMONT-FD;20111218;1.2;4.9
CLERMONT-FD;20111219;-0.5;8.4
CLERMONT-FD;20111220;1.3;10.3
CLERMONT-FD;20111221;4.7;11.7
CLERMONT-FD;20111222;8.6;12.5
CLERMONT-FD;20111223;7.0;10.4
CLERMONT-FD;20111224;1.9;6.5
CLERMONT-FD;20111225;-2.1;7.3
CLERMONT-FD;20111226;0.7;8.6
CLERMONT-FD;20111227;-2.4;3.1
CLERMONT-FD;20111228;-3.1;9.8
CLERMONT-FD;20111229;1.8;8.2
CLERMONT-FD;20111230;5.0;12.1
CLERMONT-FD;20111231;7.0;14.3
CLERMONT-FD;20120101;9.9;16.5
CLERMONT-FD;20120102;6.7;11.0
CLERMONT-FD;20120103;1.8;13.1
CLERMONT-FD;20120104;4.9;9.7
CLERMONT-FD;20120105;4.5;11.9
CLERMONT-FD;20120106;1.9;7.6
CLERMONT-FD;20120107;-1.4;9.6
CLERMONT-FD;20120108;5.8;9.0
CLERMONT-FD;20120109;3.9;7.5
CLERMONT-FD;20120110;2.1;8.5
CLERMONT-FD;20120111;1.3;7.5
CLERMONT-FD;20120112;0.6;7.0
CLERMONT-FD;20120113;2.6;5.9
CLERMONT-FD;20120114;-3.1;1.3
CLERMONT-FD;20120115;-5.1;-0.4
CLERMONT-FD;20120116;-5.5;0.2
CLERMONT-FD;20120117;-6.4;8.0
CLERMONT-FD;20120118;-5.1;6.8
CLERMONT-FD;20120119;1.2;12.7
CLERMONT-FD;20120120;8.0;10.4
CLERMONT-FD;20120121;6.7;12.9
CLERMONT-FD;20120122;7.6;12.8
CLERMONT-FD;20120123;6.0;9.2
CLERMONT-FD;20120124;1.5;10.0
CLERMONT-FD;20120125;6.3;11.1
CLERMONT-FD;20120126;-1.1;10.6
CLERMONT-FD;20120127;4.3;7.4
CLERMONT-FD;20120128;-1.0;5.8
CLERMONT-FD;20120129;-0.3;1.9
CLERMONT-FD;20120130;-1.2;1.3
CLERMONT-FD;20120131;-1.5;-0.5
CLERMONT-FD;20120201;-3.3;-2.4
CLERMONT-FD;20120202;-7.2;-6.0
CLERMONT-FD;20120203;-9.8;-5.0
CLERMONT-FD;20120204;-10.7;-4.8
CLERMONT-FD;20120205;-15.8;-4.3
CLERMONT-FD;20120206;-17.1;-4.1
CLERMONT-FD;20120207;-15.1;-5.4
CLERMONT-FD;20120208;-9.8;-6.9
CLERMONT-FD;20120209;-16.3;-3.7
CLERMONT-FD;20120210;-10.3;-2.6
CLERMONT-FD;20120211;-10.5;-4.6
CLERMONT-FD;20120212;-12.4;-2.8
CLERMONT-FD;20120213;-13.5;-1.4
CLERMONT-FD;20120214;-3.6;2.4
CLERMONT-FD;20120215;0.1;5.7
CLERMONT-FD;20120216;3.8;6.3
CLERMONT-FD;20120217;2.1;6.5
CLERMONT-FD;20120218;-3.2;9.5
CLERMONT-FD;20120219;-0.1;6.9
CLERMONT-FD;20120220;-5.5;4.2
CLERMONT-FD;20120221;-7.0;4.9
CLERMONT-FD;20120222;-6.4;8.4
CLERMONT-FD;20120223;-2.3;8.3
CLERMONT-FD;20120224;5.0;11.0
CLERMONT-FD;20120225;6.6;10.4
CLERMONT-FD;20120226;6.0;9.7
CLERMONT-FD;20120227;-3.7;9.7
CLERMONT-FD;20120228;-4.3;13.2
CLERMONT-FD;20120229;0.4;15.4
CLERMONT-FD;20120301;2.2;18.6
CLERMONT-FD;20120302;2.1;20.5
CLERMONT-FD;20120303;4.3;18.0
CLERMONT-FD;20120304;3.4;15.0
CLERMONT-FD;20120305;2.1;9.0
CLERMONT-FD;20120306;2.2;5.6
CLERMONT-FD;20120307;2.4;10.3
CLERMONT-FD;20120308;4.5;8.5
CLERMONT-FD;20120309;-3.6;10.5
CLERMONT-FD;20120310;-3.8;12.6
CLERMONT-FD;20120311;6.4;12.9
CLERMONT-FD;20120312;3.6;16.5
CLERMONT-FD;20120313;2.5;18.6
CLERMONT-FD;20120314;1.5;20.8
CLERMONT-FD;20120315;4.3;23.8
CLERMONT-FD;20120316;7.6;25.3
CLERMONT-FD;20120317;8.7;19.3
CLERMONT-FD;20120318;6.2;11.6
CLERMONT-FD;20120319;4.1;7.8
CLERMONT-FD;20120320;4.6;8.3
CLERMONT-FD;20120321;0.9;14.5
CLERMONT-FD;20120322;5.7;17.3
CLERMONT-FD;20120323;3.4;19.8
CLERMONT-FD;20120324;4.5;20.2
CLERMONT-FD;20120325;1.9;19.4
CLERMONT-FD;20120326;4.1;20.2
CLERMONT-FD;20120327;3.0;19.1
CLERMONT-FD;20120328;2.3;20.4
CLERMONT-FD;20120329;3.6;20.8
CLERMONT-FD;20120330;7.2;18.3
CLERMONT-FD;20120331;2.1;19.0
CLERMONT-FD;20120401;5.7;14.4
CLERMONT-FD;20120402;0.4;22.3
CLERMONT-FD;20120403;8.9;13.3
CLERMONT-FD;20120404;7.4;11.1
CLERMONT-FD;20120405;7.4;15.8
CLERMONT-FD;20120406;5.1;18.0
CLERMONT-FD;20120407;7.6;13.9
CLERMONT-FD;20120408;4.8;10.8
CLERMONT-FD;20120409;1.8;17.1
CLERMONT-FD;20120410;7.3;15.7
CLERMONT-FD;20120411;4.1;14.0
CLERMONT-FD;20120412;5.9;10.4
CLERMONT-FD;20120413;-0.2;14.1
CLERMONT-FD;20120414;-0.3;12.8
CLERMONT-FD;20120415;4.9;6.6
CLERMONT-FD;20120416;2.8;7.7
CLERMONT-FD;20120417;-2.8;13.6
CLERMONT-FD;20120418;5.1;12.5
CLERMONT-FD;20120419;5.5;14.2
CLERMONT-FD;20120420;2.1;13.0
CLERMONT-FD;20120421;6.7;14.2
CLERMONT-FD;20120422;6.3;14.0
CLERMONT-FD;20120423;4.0;14.0
CLERMONT-FD;20120424;6.0;12.3
CLERMONT-FD;20120425;4.8;17.8
CLERMONT-FD;20120426;9.7;13.2
CLERMONT-FD;20120427;8.4;17.4
CLERMONT-FD;20120428;9.2;25.4
CLERMONT-FD;20120429;8.7;18.7
CLERMONT-FD;20120430;5.6;15.6
CLERMONT-FD;20120501;6.0;18.5
CLERMONT-FD;20120502;6.2;17.6
CLERMONT-FD;20120503;4.4;21.7
CLERMONT-FD;20120504;9.2;20.4
CLERMONT-FD;20120505;8.0;19.7
CLERMONT-FD;20120506;6.5;17.6
CLERMONT-FD;20120507;3.5;19.6
CLERMONT-FD;20120508;9.8;19.0
CLERMONT-FD;20120509;13.6;25.3
CLERMONT-FD;20120510;14.6;30.8
CLERMONT-FD;20120511;15.7;32.7
CLERMONT-FD;20120512;11.4;15.1
CLERMONT-FD;20120513;6.6;16.7
CLERMONT-FD;20120514;2.6;18.9
CLERMONT-FD;20120515;5.4;16.4
CLERMONT-FD;20120516;2.9;14.1
CLERMONT-FD;20120517;0.6;23.4
CLERMONT-FD;20120518;13.0;18.9
CLERMONT-FD;20120519;5.0;23.4
CLERMONT-FD;20120520;11.5;17.2
CLERMONT-FD;20120521;9.6;13.4
CLERMONT-FD;20120522;11.7;15.8
CLERMONT-FD;20120523;13.8;19.3
CLERMONT-FD;20120524;15.7;23.7
CLERMONT-FD;20120525;12.6;26.7
CLERMONT-FD;20120526;14.2;28.1
CLERMONT-FD;20120527;14.3;24.3
CLERMONT-FD;20120528;15.1;23.8
CLERMONT-FD;20120529;11.7;25.2
CLERMONT-FD;20120530;12.9;26.4
CLERMONT-FD;20120531;13.5;25.1
CLERMONT-FD;20120601;10.9;25.0
CLERMONT-FD;20120602;13.0;31.0
CLERMONT-FD;20120603;15.4;20.2
CLERMONT-FD;20120604;12.8;20.5
CLERMONT-FD;20120605;11.7;22.0
CLERMONT-FD;20120606;13.7;22.0
CLERMONT-FD;20120607;13.8;28.1
CLERMONT-FD;20120608;14.3;21.0
CLERMONT-FD;20120609;9.6;17.8
CLERMONT-FD;20120610;9.6;16.6
CLERMONT-FD;20120611;11.3;21.3
CLERMONT-FD;20120612;11.5;18.8
CLERMONT-FD;20120613;12.7;18.7
CLERMONT-FD;20120614;9.8;27.2
CLERMONT-FD;20120615;16.1;27.9
CLERMONT-FD;20120616;16.2;30.1
CLERMONT-FD;20120617;14.0;24.6
CLERMONT-FD;20120618;17.3;27.0
CLERMONT-FD;20120619;16.4;23.8
CLERMONT-FD;20120620;17.6;27.2
CLERMONT-FD;20120621;17.7;29.9
CLERMONT-FD;20120622;8.8;23.2
CLERMONT-FD;20120623;10.3;24.0
CLERMONT-FD;20120624;10.8;27.7
CLERMONT-FD;20120625;19.4;25.8
CLERMONT-FD;20120626;15.4;27.9
CLERMONT-FD;20120627;17.2;30.2
CLERMONT-FD;20120628;18.8;35.5
CLERMONT-FD;20120629;17.6;31.3
CLERMONT-FD;20120630;19.5;26.0
CLERMONT-FD;20120701;13.7;17.8
CLERMONT-FD;20120702;13.5;22.1
CLERMONT-FD;20120703;10.9;25.7
CLERMONT-FD;20120704;15.6;27.2
CLERMONT-FD;20120705;15.3;18.7
CLERMONT-FD;20120706;11.1;22.6
CLERMONT-FD;20120707;10.7;25.6
CLERMONT-FD;20120708;16.0;24.2
CLERMONT-FD;20120709;13.6;25.1
CLERMONT-FD;20120710;15.9;23.0
CLERMONT-FD;20120711;13.9;23.5
CLERMONT-FD;20120712;11.8;20.9
CLERMONT-FD;20120713;15.0;25.8
CLERMONT-FD;20120714;14.1;21.9
CLERMONT-FD;20120715;10.0;20.8
CLERMONT-FD;20120716;8.7;23.1
CLERMONT-FD;20120717;9.5;26.4
CLERMONT-FD;20120718;13.3;32.4
CLERMONT-FD;20120719;14.2;27.4
CLERMONT-FD;20120720;16.4;22.5
CLERMONT-FD;20120721;11.4;22.2
CLERMONT-FD;20120722;7.4;22.4
CLERMONT-FD;20120723;7.9;23.9
CLERMONT-FD;20120724;11.6;29.5
CLERMONT-FD;20120725;15.2;31.9
CLERMONT-FD;20120726;18.1;34.8
CLERMONT-FD;20120727;19.2;34.8
CLERMONT-FD;20120728;18.8;27.4
CLERMONT-FD;20120729;15.6;23.5
CLERMONT-FD;20120730;9.8;27.5
CLERMONT-FD;20120731;12.0;28.5
CLERMONT-FD;20120801;13.5;33.0
CLERMONT-FD;20120802;14.4;26.6
CLERMONT-FD;20120803;13.3;25.9
CLERMONT-FD;20120804;11.7;27.9
CLERMONT-FD;20120805;15.7;26.4
CLERMONT-FD;20120806;13.2;23.7
CLERMONT-FD;20120807;11.3;24.0
CLERMONT-FD;20120808;9.4;26.6
CLERMONT-FD;20120809;11.7;28.7
CLERMONT-FD;20120810;12.1;28.3
CLERMONT-FD;20120811;11.8;31.6
CLERMONT-FD;20120812;18.9;27.2
CLERMONT-FD;20120813;13.1;27.3
CLERMONT-FD;20120814;14.8;32.6
CLERMONT-FD;20120815;20.0;33.2
CLERMONT-FD;20120816;11.8;26.0
CLERMONT-FD;20120817;13.4;32.5
CLERMONT-FD;20120818;18.5;38.9
CLERMONT-FD;20120819;16.6;39.1
CLERMONT-FD;20120820;19.5;35.9
CLERMONT-FD;20120821;19.2;36.4
CLERMONT-FD;20120822;17.7;28.3
CLERMONT-FD;20120823;16.1;31.3
CLERMONT-FD;20120824;19.8;24.5
CLERMONT-FD;20120825;17.8;21.6
CLERMONT-FD;20120826;12.8;23.4
CLERMONT-FD;20120827;9.7;29.5
CLERMONT-FD;20120828;15.2;27.6
CLERMONT-FD;20120829;14.9;29.0
CLERMONT-FD;20120830;15.7;22.5
CLERMONT-FD;20120831;11.5;17.6
CLERMONT-FD;20120901;9.5;16.4
CLERMONT-FD;20120902;12.8;20.3
CLERMONT-FD;20120903;15.4;23.9
CLERMONT-FD;20120904;15.9;23.9
CLERMONT-FD;20120905;11.1;25.2
CLERMONT-FD;20120906;15.5;25.1
CLERMONT-FD;20120907;8.5;27.4
CLERMONT-FD;20120908;8.7;31.0
CLERMONT-FD;20120909;16.0;30.9
CLERMONT-FD;20120910;15.1;30.2
CLERMONT-FD;20120911;17.8;28.3
CLERMONT-FD;20120912;12.2;17.0
CLERMONT-FD;20120913;12.8;18.8
CLERMONT-FD;20120914;7.8;22.7
CLERMONT-FD;20120915;12.3;20.1
CLERMONT-FD;20120916;7.5;25.7
CLERMONT-FD;20120917;11.4;27.3
CLERMONT-FD;20120918;13.2;21.9
CLERMONT-FD;20120919;12.3;17.8
CLERMONT-FD;20120920;2.9;19.2
CLERMONT-FD;20120921;5.0;25.5
CLERMONT-FD;20120922;15.8;25.0
CLERMONT-FD;20120923;13.4;27.6
CLERMONT-FD;20120924;16.3;18.9
CLERMONT-FD;20120925;14.7;20.5
CLERMONT-FD;20120926;11.1;13.8
CLERMONT-FD;20120927;9.7;19.3
CLERMONT-FD;20120928;4.0;20.6
CLERMONT-FD;20120929;9.0;15.6
CLERMONT-FD;20120930;10.0;17.7
CLERMONT-FD;20121001;7.8;17.1
CLERMONT-FD;20121002;6.0;21.9
CLERMONT-FD;20121003;12.4;20.0
CLERMONT-FD;20121004;11.5;20.1
CLERMONT-FD;20121005;9.0;26.7
CLERMONT-FD;20121006;13.9;27.2
CLERMONT-FD;20121007;17.1;22.2
CLERMONT-FD;20121008;15.2;21.8
CLERMONT-FD;20121009;15.5;21.3
CLERMONT-FD;20121010;13.6;22.7
CLERMONT-FD;20121011;11.7;22.1
CLERMONT-FD;20121012;9.3;16.2
CLERMONT-FD;20121013;3.1;16.7
CLERMONT-FD;20121014;10.5;16.5
CLERMONT-FD;20121015;2.1;13.6
CLERMONT-FD;20121016;4.1;15.7
CLERMONT-FD;20121017;8.5;22.0
CLERMONT-FD;20121018;17.1;22.2
CLERMONT-FD;20121019;17.5;22.3
CLERMONT-FD;20121020;13.4;25.0
CLERMONT-FD;20121021;16.8;24.8
CLERMONT-FD;20121022;12.1;22.5
CLERMONT-FD;20121023;11.1;21.2
CLERMONT-FD;20121024;10.0;21.1
CLERMONT-FD;20121025;6.1;20.4
CLERMONT-FD;20121026;10.9;14.8
CLERMONT-FD;20121027;2.5;6.0
CLERMONT-FD;20121028;0.4;6.6
CLERMONT-FD;20121029;-4.7;9.0
CLERMONT-FD;20121030;-2.6;12.3
CLERMONT-FD;20121031;-1.8;12.5
CLERMONT-FD;20121101;5.0;14.5
CLERMONT-FD;20121102;5.9;16.2
CLERMONT-FD;20121103;10.6;19.0
CLERMONT-FD;20121104;10.0;16.9
CLERMONT-FD;20121105;5.2;13.0
CLERMONT-FD;20121106;5.1;8.7
CLERMONT-FD;20121107;-1.3;11.0
CLERMONT-FD;20121108;0.7;14.1
CLERMONT-FD;20121109;2.8;16.3
CLERMONT-FD;20121110;10.6;17.0
CLERMONT-FD;20121111;7.7;10.3
CLERMONT-FD;20121112;-0.2;9.9
CLERMONT-FD;20121113;2.1;9.7
CLERMONT-FD;20121114;-0.1;13.2
CLERMONT-FD;20121115;1.1;18.0
CLERMONT-FD;20121116;0.7;17.6
CLERMONT-FD;20121117;1.8;16.2
CLERMONT-FD;20121118;3.9;15.6
CLERMONT-FD;20121119;0.3;15.2
CLERMONT-FD;20121120;4.8;12.2
CLERMONT-FD;20121121;0.8;11.4
CLERMONT-FD;20121122;0.1;11.5
CLERMONT-FD;20121123;-0.9;11.5
CLERMONT-FD;20121124;1.4;17.6
CLERMONT-FD;20121125;9.4;13.2
CLERMONT-FD;20121126;8.4;12.4
CLERMONT-FD;20121127;3.8;9.2
CLERMONT-FD;20121128;5.0;6.4
CLERMONT-FD;20121129;2.9;5.1
CLERMONT-FD;20121130;0.6;2.9
CLERMONT-FD;20121201;-5.0;3.2
CLERMONT-FD;20121202;-5.0;6.5
CLERMONT-FD;20121203;1.3;11.7
CLERMONT-FD;20121204;4.4;8.0
CLERMONT-FD;20121205;1.7;7.5
CLERMONT-FD;20121206;-0.4;3.9
CLERMONT-FD;20121207;-1.9;6.8
CLERMONT-FD;20121208;0.6;3.0
CLERMONT-FD;20121209;0.1;5.3
CLERMONT-FD;20121210;0.0;6.4
CLERMONT-FD;20121211;-1.1;2.5
CLERMONT-FD;20121212;-7.7;5.7
CLERMONT-FD;20121213;-4.3;8.9
CLERMONT-FD;20121214;3.2;11.7
CLERMONT-FD;20121215;6.9;12.2
CLERMONT-FD;20121216;6.9;11.5
CLERMONT-FD;20121217;6.4;10.5
CLERMONT-FD;20121218;6.2;9.9
CLERMONT-FD;20121219;2.3;9.2
CLERMONT-FD;20121220;2.0;11.9
CLERMONT-FD;20121221;3.7;7.5
CLERMONT-FD;20121222;4.1;14.7
CLERMONT-FD;20121223;8.3;17.2
CLERMONT-FD;20121224;3.6;18.1
CLERMONT-FD;20121225;10.0;15.6
CLERMONT-FD;20121226;6.1;11.7
CLERMONT-FD;20121227;7.7;14.2
CLERMONT-FD;20121228;6.1;10.2
CLERMONT-FD;20121229;2.0;15.7
CLERMONT-FD;20121230;6.4;11.2
CLERMONT-FD;20121231;3.3;10.2
CLERMONT-FD;20130101;3.0;12.0
CLERMONT-FD;20130102;-0.3;6.5
CLERMONT-FD;20130103;-0.4;8.1
CLERMONT-FD;20130104;6.1;7.7
CLERMONT-FD;20130105;5.0;6.7
CLERMONT-FD;20130106;5.0;6.2
CLERMONT-FD;20130107;3.0;4.1
CLERMONT-FD;20130108;-1.9;3.7
CLERMONT-FD;20130109;-1.2;-0.1
CLERMONT-FD;20130110;-0.5;10.0
CLERMONT-FD;20130111;1.9;7.6
CLERMONT-FD;20130112;-1.6;9.7
CLERMONT-FD;20130113;2.9;5.3
CLERMONT-FD;20130114;-0.1;2.8
CLERMONT-FD;20130115;-1.7;4.9
CLERMONT-FD;20130116;-3.2;1.5
CLERMONT-FD;20130117;-4.5;-3.8
CLERMONT-FD;20130118;-5.9;-0.2
CLERMONT-FD;20130119;-1.4;4.0
CLERMONT-FD;20130120;0.4;3.1
CLERMONT-FD;20130121;-2.0;7.8
CLERMONT-FD;20130122;1.1;7.5
CLERMONT-FD;20130123;-2.0;6.1
CLERMONT-FD;20130124;-3.0;2.8
CLERMONT-FD;20130125;-3.1;1.5
CLERMONT-FD;20130126;-5.6;4.6
CLERMONT-FD;20130127;-2.8;8.8
CLERMONT-FD;20130128;1.0;10.0
CLERMONT-FD;20130129;3.7;13.0
CLERMONT-FD;20130130;7.6;17.8
CLERMONT-FD;20130131;0.8;14.2
CLERMONT-FD;20130201;7.3;16.2
CLERMONT-FD;20130202;1.5;5.9
CLERMONT-FD;20130203;1.0;7.5
CLERMONT-FD;20130204;0.6;12.1
CLERMONT-FD;20130205;2.9;10.2
CLERMONT-FD;20130206;2.1;7.4
CLERMONT-FD;20130207;0.5;3.2
CLERMONT-FD;20130208;-2.7;2.0
CLERMONT-FD;20130209;-1.9;3.6
CLERMONT-FD;20130210;-0.5;5.6
CLERMONT-FD;20130211;2.8;7.5
CLERMONT-FD;20130212;-0.6;4.3
CLERMONT-FD;20130213;-0.6;2.3
CLERMONT-FD;20130214;-3.3;9.8
CLERMONT-FD;20130215;1.0;10.0
CLERMONT-FD;20130216;-1.6;7.5
CLERMONT-FD;20130217;-3.4;6.7
CLERMONT-FD;20130218;-3.8;4.7
CLERMONT-FD;20130219;-5.2;12.3
CLERMONT-FD;20130220;-4.7;9.4
CLERMONT-FD;20130221;-3.2;1.9
CLERMONT-FD;20130222;-4.0;-1.7
CLERMONT-FD;20130223;-5.6;-2.6
CLERMONT-FD;20130224;-5.6;-0.7
CLERMONT-FD;20130225;-3.0;0.5
CLERMONT-FD;20130226;-6.5;2.4
CLERMONT-FD;20130227;-1.4;2.3
CLERMONT-FD;20130228;-4.0;8.8
CLERMONT-FD;20130301;-5.4;2.0
CLERMONT-FD;20130302;0.0;2.9
CLERMONT-FD;20130303;0.2;8.6
CLERMONT-FD;20130304;-5.6;16.8
CLERMONT-FD;20130305;7.5;13.8
CLERMONT-FD;20130306;7.5;9.2
CLERMONT-FD;20130307;7.1;18.0
CLERMONT-FD;20130308;9.6;16.2
CLERMONT-FD;20130309;1.5;15.7
CLERMONT-FD;20130310;2.9;15.0
CLERMONT-FD;20130311;3.7;12.7
CLERMONT-FD;20130312;4.7;9.5
CLERMONT-FD;20130313;-1.3;0.6
CLERMONT-FD;20130314;-1.8;3.5
CLERMONT-FD;20130315;-6.2;5.7
CLERMONT-FD;20130316;-3.6;12.5
CLERMONT-FD;20130317;4.6;10.9
CLERMONT-FD;20130318;1.5;9.9
CLERMONT-FD;20130319;1.2;10.8
CLERMONT-FD;20130320;5.7;13.2
CLERMONT-FD;20130321;1.5;13.5
CLERMONT-FD;20130322;3.6;21.9
CLERMONT-FD;20130323;7.9;13.7
CLERMONT-FD;20130324;7.2;13.9
CLERMONT-FD;20130325;2.5;10.3
CLERMONT-FD;20130326;-0.3;8.3
CLERMONT-FD;20130327;-2.6;10.8
CLERMONT-FD;20130328;1.0;5.3
CLERMONT-FD;20130329;2.0;8.5
CLERMONT-FD;20130330;3.4;11.7
CLERMONT-FD;20130331;2.2;7.0
CLERMONT-FD;20130401;-4.8;12.3
CLERMONT-FD;20130402;3.6;12.8
CLERMONT-FD;20130403;-1.3;11.7
CLERMONT-FD;20130404;1.3;14.9
CLERMONT-FD;20130405;4.7;7.7
CLERMONT-FD;20130406;3.0;5.7
CLERMONT-FD;20130407;2.7;7.2
CLERMONT-FD;20130408;1.6;12.9
CLERMONT-FD;20130409;3.5;14.1
CLERMONT-FD;20130410;6.6;15.4
CLERMONT-FD;20130411;11.3;17.3
CLERMONT-FD;20130412;6.3;14.6
CLERMONT-FD;20130413;4.9;20.4
CLERMONT-FD;20130414;7.3;26.4
CLERMONT-FD;20130415;9.5;22.3
CLERMONT-FD;20130416;8.8;21.4
CLERMONT-FD;20130417;8.2;28.2
CLERMONT-FD;20130418;12.7;19.8
CLERMONT-FD;20130419;9.3;13.7
CLERMONT-FD;20130420;6.8;8.7
CLERMONT-FD;20130421;6.7;12.5
CLERMONT-FD;20130422;2.4;15.5
CLERMONT-FD;20130423;0.2;18.1
CLERMONT-FD;20130424;4.4;24.5
CLERMONT-FD;20130425;8.1;26.1
CLERMONT-FD;20130426;12.7;17.9
CLERMONT-FD;20130427;3.2;5.5
CLERMONT-FD;20130428;3.7;6.9
CLERMONT-FD;20130429;4.1;9.2
CLERMONT-FD;20130430;8.0;16.8
CLERMONT-FD;20130501;10.9;17.6
CLERMONT-FD;20130502;4.9;18.4
CLERMONT-FD;20130503;10.8;16.8
CLERMONT-FD;20130504;10.2;17.0
CLERMONT-FD;20130505;3.6;19.6
CLERMONT-FD;20130506;4.8;20.8
CLERMONT-FD;20130507;7.5;19.9
CLERMONT-FD;20130508;8.8;20.1
CLERMONT-FD;20130509;10.7;20.0
CLERMONT-FD;20130510;7.8;15.3
CLERMONT-FD;20130511;9.6;16.6
CLERMONT-FD;20130512;8.6;15.7
CLERMONT-FD;20130513;4.6;17.8
CLERMONT-FD;20130514;11.0;22.5
CLERMONT-FD;20130515;8.2;12.9
CLERMONT-FD;20130516;6.4;11.5
CLERMONT-FD;20130517;5.0;14.9
CLERMONT-FD;20130518;3.8;16.2
CLERMONT-FD;20130519;5.7;12.5
CLERMONT-FD;20130520;8.7;13.6
CLERMONT-FD;20130521;8.7;12.9
CLERMONT-FD;20130522;9.8;16.2
CLERMONT-FD;20130523;4.4;14.2
CLERMONT-FD;20130524;3.5;10.3
CLERMONT-FD;20130525;3.9;12.7
CLERMONT-FD;20130526;2.3;14.5
CLERMONT-FD;20130527;2.0;20.9
CLERMONT-FD;20130528;9.7;13.4
CLERMONT-FD;20130529;5.5;13.6
CLERMONT-FD;20130530;7.9;13.4
CLERMONT-FD;20130531;9.2;15.4
CLERMONT-FD;20130601;12.0;20.3
CLERMONT-FD;20130602;11.4;18.7
CLERMONT-FD;20130603;3.7;19.7
CLERMONT-FD;20130604;9.6;20.1
CLERMONT-FD;20130605;6.7;25.6
CLERMONT-FD;20130606;13.3;27.6
CLERMONT-FD;20130607;13.7;28.5
CLERMONT-FD;20130608;13.6;20.9
CLERMONT-FD;20130609;10.7;20.6
CLERMONT-FD;20130610;11.4;21.3
CLERMONT-FD;20130611;8.7;21.5
CLERMONT-FD;20130612;13.8;25.5
CLERMONT-FD;20130613;13.3;29.7
CLERMONT-FD;20130614;10.8;22.9
CLERMONT-FD;20130615;14.3;25.6
CLERMONT-FD;20130616;11.0;29.7
CLERMONT-FD;20130617;19.0;31.7
CLERMONT-FD;20130618;16.3;26.7
CLERMONT-FD;20130619;17.2;26.1
CLERMONT-FD;20130620;12.3;21.1
CLERMONT-FD;20130621;11.3;20.5
CLERMONT-FD;20130622;12.7;22.6
CLERMONT-FD;20130623;14.8;19.9
CLERMONT-FD;20130624;9.9;16.7
CLERMONT-FD;20130625;7.0;18.1
CLERMONT-FD;20130626;4.5;19.8
CLERMONT-FD;20130627;5.6;21.2
CLERMONT-FD;20130628;12.5;15.6
CLERMONT-FD;20130629;13.4;19.7
CLERMONT-FD;20130630;12.2;22.7
CLERMONT-FD;20130701;8.1;26.1
CLERMONT-FD;20130702;13.3;28.3
CLERMONT-FD;20130703;17.2;23.3
CLERMONT-FD;20130704;12.8;23.5
CLERMONT-FD;20130705;17.0;23.4
CLERMONT-FD;20130706;10.8;27.2
CLERMONT-FD;20130707;13.4;28.2
CLERMONT-FD;20130708;14.2;28.9
CLERMONT-FD;20130709;15.4;30.4
CLERMONT-FD;20130710;14.3;29.7
CLERMONT-FD;20130711;13.9;27.5
CLERMONT-FD;20130712;10.5;27.5
CLERMONT-FD;20130713;11.5;27.1
CLERMONT-FD;20130714;11.5;27.8
CLERMONT-FD;20130715;12.1;28.7
CLERMONT-FD;20130716;13.5;29.2
CLERMONT-FD;20130717;14.6;29.7
CLERMONT-FD;20130718;15.5;28.2
CLERMONT-FD;20130719;16.1;28.0
CLERMONT-FD;20130720;14.4;30.4
CLERMONT-FD;20130721;16.8;33.5
CLERMONT-FD;20130722;19.0;33.5
CLERMONT-FD;20130723;18.9;34.7
CLERMONT-FD;20130724;15.2;29.2
CLERMONT-FD;20130725;16.7;32.0
CLERMONT-FD;20130726;20.4;35.3
CLERMONT-FD;20130727;20.4;35.0
CLERMONT-FD;20130728;17.1;21.5
CLERMONT-FD;20130729;15.6;25.9
CLERMONT-FD;20130730;15.4;26.6
CLERMONT-FD;20130731;14.1;30.5
CLERMONT-FD;20130801;16.3;34.7
CLERMONT-FD;20130802;21.7;35.9
CLERMONT-FD;20130803;19.5;27.3
CLERMONT-FD;20130804;17.4;28.3
CLERMONT-FD;20130805;17.1;32.9
CLERMONT-FD;20130806;18.0;26.3
CLERMONT-FD;20130807;15.3;24.0
CLERMONT-FD;20130808;14.9;18.8
CLERMONT-FD;20130809;12.3;25.1
CLERMONT-FD;20130810;14.5;24.9
CLERMONT-FD;20130811;11.1;25.1
CLERMONT-FD;20130812;13.8;28.9
CLERMONT-FD;20130813;16.0;23.1
CLERMONT-FD;20130814;8.6;22.1
CLERMONT-FD;20130815;8.8;25.5
CLERMONT-FD;20130816;14.3;30.4
CLERMONT-FD;20130817;14.9;28.0
CLERMONT-FD;20130818;14.4;29.6
CLERMONT-FD;20130819;18.4;23.8
CLERMONT-FD;20130820;11.6;22.7
CLERMONT-FD;20130821;9.1;25.0
CLERMONT-FD;20130822;10.3;27.7
CLERMONT-FD;20130823;15.7;30.8
CLERMONT-FD;20130824;18.4;25.0
CLERMONT-FD;20130825;13.4;21.1
CLERMONT-FD;20130826;14.0;21.0
CLERMONT-FD;20130827;12.3;18.8
CLERMONT-FD;20130828;12.2;21.6
CLERMONT-FD;20130829;8.5;23.4
CLERMONT-FD;20130830;8.0;24.9
CLERMONT-FD;20130831;10.4;24.8
CLERMONT-FD;20130901;15.7;22.5
CLERMONT-FD;20130902;11.5;23.2
CLERMONT-FD;20130903;7.0;27.9
CLERMONT-FD;20130904;12.9;32.4
CLERMONT-FD;20130905;13.9;32.6
CLERMONT-FD;20130906;16.3;28.2
CLERMONT-FD;20130907;13.6;16.1
CLERMONT-FD;20130908;13.8;16.4
CLERMONT-FD;20130909;9.7;19.4
CLERMONT-FD;20130910;13.6;18.8
CLERMONT-FD;20130911;8.2;15.9
CLERMONT-FD;20130912;11.2;15.4
CLERMONT-FD;20130913;11.7;19.1
CLERMONT-FD;20130914;15.6;21.1
CLERMONT-FD;20130915;12.6;15.0
CLERMONT-FD;20130916;10.5;20.2
CLERMONT-FD;20130917;9.7;18.2
CLERMONT-FD;20130918;15.1;22.7
CLERMONT-FD;20130919;12.5;19.1
CLERMONT-FD;20130920;8.2;22.3
CLERMONT-FD;20130921;10.8;20.8
CLERMONT-FD;20130922;7.5;23.0
CLERMONT-FD;20130923;6.3;23.4
CLERMONT-FD;20130924;9.4;27.4
CLERMONT-FD;20130925;14.4;28.8
CLERMONT-FD;20130926;15.2;27.2
CLERMONT-FD;20130927;13.3;31.0
CLERMONT-FD;20130928;16.0;27.5
CLERMONT-FD;20130929;14.5;19.8
CLERMONT-FD;20130930;10.1;21.5
CLERMONT-FD;20131001;14.7;22.3
CLERMONT-FD;20131002;14.4;25.2
CLERMONT-FD;20131003;15.7;23.9
CLERMONT-FD;20131004;15.2;16.6
CLERMONT-FD;20131005;13.5;20.6
CLERMONT-FD;20131006;9.2;16.1
CLERMONT-FD;20131007;10.0;15.2
CLERMONT-FD;20131008;12.5;14.6
CLERMONT-FD;20131009;12.6;16.5
CLERMONT-FD;20131010;7.7;13.1
CLERMONT-FD;20131011;4.8;11.0
CLERMONT-FD;20131012;3.7;6.7
CLERMONT-FD;20131013;-0.9;17.4
CLERMONT-FD;20131014;11.6;18.8
CLERMONT-FD;20131015;9.1;17.8
CLERMONT-FD;20131016;13.1;19.5
CLERMONT-FD;20131017;5.9;18.2
CLERMONT-FD;20131018;5.0;19.2
CLERMONT-FD;20131019;10.9;23.2
CLERMONT-FD;20131020;16.0;23.5
CLERMONT-FD;20131021;12.8;23.6
CLERMONT-FD;20131022;17.4;25.3
CLERMONT-FD;20131023;15.9;22.3
CLERMONT-FD;20131024;9.2;23.0
CLERMONT-FD;20131025;15.4;23.7
CLERMONT-FD;20131026;16.6;25.1
CLERMONT-FD;20131027;13.0;19.8
CLERMONT-FD;20131028;13.0;22.3
CLERMONT-FD;20131029;7.8;13.7
CLERMONT-FD;20131030;3.2;12.2
CLERMONT-FD;20131031;-1.7;14.6
CLERMONT-FD;20131101;1.2;15.4
CLERMONT-FD;20131102;11.7;18.8
CLERMONT-FD;20131103;8.1;13.5
CLERMONT-FD;20131104;8.6;15.4
CLERMONT-FD;20131105;5.1;16.2
CLERMONT-FD;20131106;12.5;19.7
CLERMONT-FD;20131107;12.7;16.3
CLERMONT-FD;20131108;9.4;17.0
CLERMONT-FD;20131109;5.0;13.1
CLERMONT-FD;20131110;3.7;14.0
CLERMONT-FD;20131111;-1.9;8.4
CLERMONT-FD;20131112;-2.2;12.2
CLERMONT-FD;20131113;6.4;7.8
CLERMONT-FD;20131114;3.5;8.7
CLERMONT-FD;20131115;1.4;5.3
CLERMONT-FD;20131116;-0.9;4.0
CLERMONT-FD;20131117;2.1;5.9
CLERMONT-FD;20131118;1.8;7.9
CLERMONT-FD;20131119;2.9;4.3
CLERMONT-FD;20131120;2.0;4.7
CLERMONT-FD;20131121;1.1;4.9
CLERMONT-FD;20131122;0.7;2.5
CLERMONT-FD;20131123;0.7;4.5
CLERMONT-FD;20131124;3.8;5.5
CLERMONT-FD;20131125;1.6;5.2
CLERMONT-FD;20131126;-0.3;4.2
CLERMONT-FD;20131127;-4.8;2.3
CLERMONT-FD;20131128;-7.8;2.9
CLERMONT-FD;20131129;-0.2;6.4
CLERMONT-FD;20131130;0.8;5.8
CLERMONT-FD;20131201;0.6;4.9
CLERMONT-FD;20131202;0.1;5.2
CLERMONT-FD;20131203;-3.2;9.9
CLERMONT-FD;20131204;-0.7;10.2
CLERMONT-FD;20131205;1.9;6.0
CLERMONT-FD;20131206;0.6;7.7
CLERMONT-FD;20131207;-2.9;4.8
CLERMONT-FD;20131208;-5.0;8.0
CLERMONT-FD;20131209;-3.6;11.2
CLERMONT-FD;20131210;-3.1;12.3
CLERMONT-FD;20131211;-4.9;12.3
CLERMONT-FD;20131212;-1.9;8.9
CLERMONT-FD;20131213;-3.8;10.1
CLERMONT-FD;20131214;-0.9;10.0
CLERMONT-FD;20131215;0.6;13.5
CLERMONT-FD;20131216;-1.4;16.5
CLERMONT-FD;20131217;6.2;15.7
CLERMONT-FD;20131218;6.4;14.6
CLERMONT-FD;20131219;7.2;11.5
CLERMONT-FD;20131220;1.5;8.0
CLERMONT-FD;20131221;-4.5;11.1
CLERMONT-FD;20131222;8.0;12.3
CLERMONT-FD;20131223;6.2;14.6
CLERMONT-FD;20131224;8.6;14.2
CLERMONT-FD;20131225;6.4;12.2
CLERMONT-FD;20131226;4.7;7.9
CLERMONT-FD;20131227;0.3;12.7
CLERMONT-FD;20131228;6.6;10.9
CLERMONT-FD;20131229;1.5;8.9
CLERMONT-FD;20131230;-1.6;6.8
CLERMONT-FD;20131231;-3.0;12.3
CLERMONT-FD;20140101;5.0;11.7
CLERMONT-FD;20140102;7.3;13.2
CLERMONT-FD;20140103;5.5;15.1
CLERMONT-FD;20140104;4.9;17.1
CLERMONT-FD;20140105;4.4;10.2
CLERMONT-FD;20140106;6.7;17.7
CLERMONT-FD;20140107;10.0;17.0
CLERMONT-FD;20140108;10.1;16.4
CLERMONT-FD;20140109;8.9;17.8
CLERMONT-FD;20140110;5.7;13.2
CLERMONT-FD;20140111;3.0;13.3
CLERMONT-FD;20140112;1.5;14.3
CLERMONT-FD;20140113;5.3;10.4
CLERMONT-FD;20140114;1.9;9.1
CLERMONT-FD;20140115;-2.5;9.6
CLERMONT-FD;20140116;6.9;10.1
CLERMONT-FD;20140117;1.3;13.0
CLERMONT-FD;20140118;3.2;13.6
CLERMONT-FD;20140119;5.0;7.1
CLERMONT-FD;20140120;3.4;7.2
CLERMONT-FD;20140121;-0.5;6.5
CLERMONT-FD;20140122;-4.0;4.4
CLERMONT-FD;20140123;1.7;9.1
CLERMONT-FD;20140124;1.9;4.2
CLERMONT-FD;20140125;1.6;9.8
CLERMONT-FD;20140126;2.6;12.0
CLERMONT-FD;20140127;3.3;7.9
CLERMONT-FD;20140128;-0.4;7.1
CLERMONT-FD;20140129;3.1;9.0
CLERMONT-FD;20140130;1.5;7.7
CLERMONT-FD;20140131;-3.1;9.4
CLERMONT-FD;20140201;2.7;7.9
CLERMONT-FD;20140202;-0.5;9.1
CLERMONT-FD;20140203;-3.4;11.3
CLERMONT-FD;20140204;2.4;10.4
CLERMONT-FD;20140205;5.2;10.9
CLERMONT-FD;20140206;2.3;14.9
CLERMONT-FD;20140207;7.1;10.6
CLERMONT-FD;20140208;5.7;10.2
CLERMONT-FD;20140209;3.7;9.2
CLERMONT-FD;20140210;4.1;11.3
CLERMONT-FD;20140211;0.9;9.5
CLERMONT-FD;20140212;-1.1;10.9
CLERMONT-FD;20140213;6.5;14.5
CLERMONT-FD;20140214;3.5;15.2
CLERMONT-FD;20140215;8.8;10.9
CLERMONT-FD;20140216;3.5;10.7
CLERMONT-FD;20140217;-0.1;13.8
CLERMONT-FD;20140218;3.6;13.0
CLERMONT-FD;20140219;1.0;12.2
CLERMONT-FD;20140220;6.5;13.3
CLERMONT-FD;20140221;4.9;10.0
CLERMONT-FD;20140222;2.0;12.2
CLERMONT-FD;20140223;2.5;15.9
CLERMONT-FD;20140224;5.5;15.0
CLERMONT-FD;20140225;6.0;12.7
CLERMONT-FD;20140226;2.9;10.7
CLERMONT-FD;20140227;1.5;11.2
CLERMONT-FD;20140228;5.0;8.5
CLERMONT-FD;20140301;3.4;8.9
CLERMONT-FD;20140302;-3.7;9.1
CLERMONT-FD;20140303;4.6;11.4
CLERMONT-FD;20140304;2.7;10.0
CLERMONT-FD;20140305;-3.4;11.5
CLERMONT-FD;20140306;-2.9;12.5
CLERMONT-FD;20140307;-1.0;14.4
CLERMONT-FD;20140308;-2.0;17.6
CLERMONT-FD;20140309;2.7;21.2
CLERMONT-FD;20140310;2.6;18.6
CLERMONT-FD;20140311;0.4;15.7
CLERMONT-FD;20140312;2.6;19.3
CLERMONT-FD;20140313;2.4;18.4
CLERMONT-FD;20140314;1.2;17.9
CLERMONT-FD;20140315;2.0;16.6
CLERMONT-FD;20140316;4.6;18.9
CLERMONT-FD;20140317;2.7;21.2
CLERMONT-FD;20140318;3.9;22.5
CLERMONT-FD;20140319;7.9;15.7
CLERMONT-FD;20140320;2.9;24.1
CLERMONT-FD;20140321;9.6;17.3
CLERMONT-FD;20140322;7.3;13.6
CLERMONT-FD;20140323;2.7;10.8
CLERMONT-FD;20140324;0.9;10.1
CLERMONT-FD;20140325;3.1;10.7
CLERMONT-FD;20140326;4.5;10.1
CLERMONT-FD;20140327;-0.7;11.5
CLERMONT-FD;20140328;0.3;17.5
CLERMONT-FD;20140329;2.3;16.8
CLERMONT-FD;20140330;10.0;17.9
CLERMONT-FD;20140331;5.2;18.4
CLERMONT-FD;20140401;4.5;22.6
CLERMONT-FD;20140402;9.9;22.0
CLERMONT-FD;20140403;10.4;18.0
CLERMONT-FD;20140404;9.6;14.7
CLERMONT-FD;20140405;8.4;16.8
CLERMONT-FD;20140406;6.8;19.1
CLERMONT-FD;20140407;7.5;26.8
CLERMONT-FD;20140408;10.9;16.4
CLERMONT-FD;20140409;2.4;16.3
CLERMONT-FD;20140410;2.4;21.3
CLERMONT-FD;20140411;6.7;21.2
CLERMONT-FD;20140412;5.2;20.4
CLERMONT-FD;20140413;5.8;18.9
CLERMONT-FD;20140414;2.3;18.5
CLERMONT-FD;20140415;4.1;15.3
CLERMONT-FD;20140416;-1.7;15.9
CLERMONT-FD;20140417;0.8;19.9
CLERMONT-FD;20140418;3.6;17.3
CLERMONT-FD;20140419;3.3;13.6
CLERMONT-FD;20140420;0.2;14.1
CLERMONT-FD;20140421;7.0;15.7
CLERMONT-FD;20140422;4.5;19.7
CLERMONT-FD;20140423;5.6;21.6
CLERMONT-FD;20140424;6.9;21.2
CLERMONT-FD;20140425;10.5;16.0
CLERMONT-FD;20140426;5.1;14.3
CLERMONT-FD;20140427;5.8;15.4
CLERMONT-FD;20140428;7.3;16.5
CLERMONT-FD;20140429;6.1;16.5
CLERMONT-FD;20140430;8.9;15.2
CLERMONT-FD;20140501;6.2;17.9
CLERMONT-FD;20140502;9.8;15.1
CLERMONT-FD;20140503;8.3;11.9
CLERMONT-FD;20140504;4.4;16.0
CLERMONT-FD;20140505;3.1;25.9
CLERMONT-FD;20140506;10.8;17.5
CLERMONT-FD;20140507;14.2;19.7
CLERMONT-FD;20140508;7.1;23.4
CLERMONT-FD;20140509;12.1;20.6
CLERMONT-FD;20140510;10.1;22.2
CLERMONT-FD;20140511;11.7;17.7
CLERMONT-FD;20140512;8.1;13.1
CLERMONT-FD;20140513;6.7;14.9
CLERMONT-FD;20140514;7.1;16.5
CLERMONT-FD;20140515;5.4;15.8
CLERMONT-FD;20140516;5.5;18.7
CLERMONT-FD;20140517;8.9;21.4
CLERMONT-FD;20140518;4.8;25.0
CLERMONT-FD;20140519;9.8;21.9
CLERMONT-FD;20140520;14.7;23.9
CLERMONT-FD;20140521;10.5;26.8
CLERMONT-FD;20140522;8.8;24.3
CLERMONT-FD;20140523;7.8;22.5
CLERMONT-FD;20140524;6.6;20.1
CLERMONT-FD;20140525;4.8;22.8
CLERMONT-FD;20140526;11.2;18.1
CLERMONT-FD;20140527;10.5;17.3
CLERMONT-FD;20140528;7.3;19.6
CLERMONT-FD;20140529;10.0;18.9
CLERMONT-FD;20140530;7.4;20.7
CLERMONT-FD;20140531;10.8;22.4
CLERMONT-FD;20140601;6.8;20.5
CLERMONT-FD;20140602;11.0;19.3
CLERMONT-FD;20140603;10.2;21.5
CLERMONT-FD;20140604;11.9;19.5
CLERMONT-FD;20140605;5.7;24.1
CLERMONT-FD;20140606;11.0;30.5
CLERMONT-FD;20140607;17.5;33.7
CLERMONT-FD;20140608;13.8;32.4
CLERMONT-FD;20140609;14.6;36.8
CLERMONT-FD;20140610;19.7;31.6
CLERMONT-FD;20140611;14.5;29.2
CLERMONT-FD;20140612;14.5;29.4
CLERMONT-FD;20140613;16.7;28.2
CLERMONT-FD;20140614;12.7;24.6
CLERMONT-FD;20140615;12.1;22.2
CLERMONT-FD;20140616;12.1;23.7
CLERMONT-FD;20140617;11.8;21.8
CLERMONT-FD;20140618;11.1;22.0
CLERMONT-FD;20140619;11.4;24.9
CLERMONT-FD;20140620;10.1;25.4
CLERMONT-FD;20140621;10.2;27.3
CLERMONT-FD;20140622;14.6;30.0
CLERMONT-FD;20140623;17.8;21.5
CLERMONT-FD;20140624;15.5;23.6
CLERMONT-FD;20140625;11.2;25.5
CLERMONT-FD;20140626;11.3;23.0
CLERMONT-FD;20140627;12.0;25.7
CLERMONT-FD;20140628;15.9;29.4
CLERMONT-FD;20140629;13.8;20.6
CLERMONT-FD;20140630;12.1;22.1
CLERMONT-FD;20140701;8.9;27.1
CLERMONT-FD;20140702;14.3;24.6
CLERMONT-FD;20140703;13.2;29.2
CLERMONT-FD;20140704;17.9;20.5
CLERMONT-FD;20140705;15.5;25.7
CLERMONT-FD;20140706;16.8;29.5
CLERMONT-FD;20140707;13.7;17.9
CLERMONT-FD;20140708;12.6;21.4
CLERMONT-FD;20140709;11.4;18.8
CLERMONT-FD;20140710;11.7;15.2
CLERMONT-FD;20140711;13.1;18.4
CLERMONT-FD;20140712;11.6;21.9
CLERMONT-FD;20140713;15.9;20.1
CLERMONT-FD;20140714;15.0;24.1
CLERMONT-FD;20140715;14.8;25.2
CLERMONT-FD;20140716;11.6;29.2
CLERMONT-FD;20140717;15.4;33.9
CLERMONT-FD;20140718;18.1;36.2
CLERMONT-FD;20140719;19.4;32.0
CLERMONT-FD;20140720;16.3;23.8
CLERMONT-FD;20140721;15.6;23.9
CLERMONT-FD;20140722;17.5;22.9
CLERMONT-FD;20140723;17.5;25.9
CLERMONT-FD;20140724;15.3;28.3
CLERMONT-FD;20140725;14.5;27.5
CLERMONT-FD;20140726;14.7;25.1
CLERMONT-FD;20140727;13.9;26.2
CLERMONT-FD;20140728;15.3;22.9
CLERMONT-FD;20140729;13.6;19.8
CLERMONT-FD;20140730;17.0;23.4
CLERMONT-FD;20140731;12.0;25.2
CLERMONT-FD;20140801;13.2;27.3
CLERMONT-FD;20140802;16.4;22.3
CLERMONT-FD;20140803;14.5;23.6
CLERMONT-FD;20140804;13.0;23.4
CLERMONT-FD;20140805;11.1;23.9
CLERMONT-FD;20140806;12.4;26.0
CLERMONT-FD;20140807;16.2;26.5
CLERMONT-FD;20140808;15.7;27.5
CLERMONT-FD;20140809;16.5;26.1
CLERMONT-FD;20140810;17.1;29.3
CLERMONT-FD;20140811;15.4;23.4
CLERMONT-FD;20140812;15.2;22.9
CLERMONT-FD;20140813;13.9;20.6
CLERMONT-FD;20140814;12.7;20.9
CLERMONT-FD;20140815;13.1;21.1
CLERMONT-FD;20140816;8.8;20.9
CLERMONT-FD;20140817;9.5;24.3
CLERMONT-FD;20140818;10.6;23.6
CLERMONT-FD;20140819;11.3;21.4
CLERMONT-FD;20140820;9.9;20.5
CLERMONT-FD;20140821;8.9;20.6
CLERMONT-FD;20140822;10.2;24.4
CLERMONT-FD;20140823;10.1;20.5
CLERMONT-FD;20140824;11.9;20.8
CLERMONT-FD;20140825;9.7;26.0
CLERMONT-FD;20140826;17.0;24.7
CLERMONT-FD;20140827;13.1;24.3
CLERMONT-FD;20140828;13.2;26.3
CLERMONT-FD;20140829;15.1;22.4
CLERMONT-FD;20140830;12.6;24.4
CLERMONT-FD;20140831;13.7;23.9
CLERMONT-FD;20140901;9.2;21.4
CLERMONT-FD;20140902;7.0;22.6
CLERMONT-FD;20140903;8.6;22.4
CLERMONT-FD;20140904;10.3;27.6
CLERMONT-FD;20140905;14.8;27.5
CLERMONT-FD;20140906;13.3;26.6
CLERMONT-FD;20140907;13.5;29.0
CLERMONT-FD;20140908;15.1;29.3
CLERMONT-FD;20140909;16.7;24.0
CLERMONT-FD;20140910;13.5;23.9
CLERMONT-FD;20140911;13.1;22.0
CLERMONT-FD;20140912;8.1;20.7
CLERMONT-FD;20140913;7.6;21.4
CLERMONT-FD;20140914;9.5;21.9
CLERMONT-FD;20140915;12.7;26.3
CLERMONT-FD;20140916;12.7;27.4
CLERMONT-FD;20140917;15.8;24.8
CLERMONT-FD;20140918;15.4;24.7
CLERMONT-FD;20140919;14.7;23.7
CLERMONT-FD;20140920;12.5;25.1
CLERMONT-FD;20140921;13.3;23.0
CLERMONT-FD;20140922;12.6;17.8
CLERMONT-FD;20140923;6.4;17.3
CLERMONT-FD;20140924;9.1;14.6
CLERMONT-FD;20140925;8.2;17.9
CLERMONT-FD;20140926;4.3;20.1
CLERMONT-FD;20140927;6.4;23.6
CLERMONT-FD;20140928;9.9;26.1
CLERMONT-FD;20140929;14.9;22.3
CLERMONT-FD;20140930;14.0;22.9
CLERMONT-FD;20141001;15.4;22.1
CLERMONT-FD;20141002;9.1;21.8
CLERMONT-FD;20141003;8.9;21.6
CLERMONT-FD;20141004;10.7;23.6
CLERMONT-FD;20141005;12.2;16.6
CLERMONT-FD;20141006;8.3;19.8
CLERMONT-FD;20141007;15.2;20.2
CLERMONT-FD;20141008;14.4;26.3
CLERMONT-FD;20141009;16.2;22.0
CLERMONT-FD;20141010;13.8;16.0
CLERMONT-FD;20141011;11.0;19.9
CLERMONT-FD;20141012;8.8;24.6
CLERMONT-FD;20141013;11.5;21.6
CLERMONT-FD;20141014;8.7;22.2
CLERMONT-FD;20141015;11.8;21.3
CLERMONT-FD;20141016;13.1;21.4
CLERMONT-FD;20141017;11.9;24.6
CLERMONT-FD;20141018;11.4;26.7
CLERMONT-FD;20141019;14.7;28.5
CLERMONT-FD;20141020;12.3;23.8
CLERMONT-FD;20141021;13.4;21.3
CLERMONT-FD;20141022;7.5;12.5
CLERMONT-FD;20141023;6.7;14.6
CLERMONT-FD;20141024;9.6;17.7
CLERMONT-FD;20141025;7.0;17.4
CLERMONT-FD;20141026;8.0;17.2
CLERMONT-FD;20141027;4.3;18.6
CLERMONT-FD;20141028;3.8;20.5
CLERMONT-FD;20141029;7.4;19.9
CLERMONT-FD;20141030;4.9;22.1
CLERMONT-FD;20141031;8.4;24.9
CLERMONT-FD;20141101;7.2;24.3
CLERMONT-FD;20141102;5.8;20.6
CLERMONT-FD;20141103;12.1;20.1
CLERMONT-FD;20141104;7.6;11.2
CLERMONT-FD;20141105;3.8;12.1
CLERMONT-FD;20141106;2.3;12.6
CLERMONT-FD;20141107;2.2;16.3
CLERMONT-FD;20141108;5.7;14.6
CLERMONT-FD;20141109;6.0;10.7
CLERMONT-FD;20141110;4.4;13.8
CLERMONT-FD;20141111;1.5;18.0
CLERMONT-FD;20141112;8.2;15.8
CLERMONT-FD;20141113;2.9;16.7
CLERMONT-FD;20141114;7.6;14.2
CLERMONT-FD;20141115;5.6;13.3
CLERMONT-FD;20141116;7.3;11.4
CLERMONT-FD;20141117;6.5;12.1
CLERMONT-FD;20141118;5.8;12.4
CLERMONT-FD;20141119;0.6;12.7
CLERMONT-FD;20141120;4.7;16.8
CLERMONT-FD;20141121;2.9;18.1
CLERMONT-FD;20141122;9.6;19.5
CLERMONT-FD;20141123;11.4;19.2
CLERMONT-FD;20141124;8.0;14.9
CLERMONT-FD;20141125;10.0;14.7
CLERMONT-FD;20141126;5.3;14.5
CLERMONT-FD;20141127;9.8;17.0
CLERMONT-FD;20141128;7.1;15.7
CLERMONT-FD;20141129;6.6;14.0
CLERMONT-FD;20141130;6.1;9.0
CLERMONT-FD;20141201;2.7;4.7
CLERMONT-FD;20141202;2.1;3.7
CLERMONT-FD;20141203;0.7;3.1
CLERMONT-FD;20141204;2.4;7.0
CLERMONT-FD;20141205;-1.6;6.6
CLERMONT-FD;20141206;2.9;4.6
CLERMONT-FD;20141207;2.1;7.3
CLERMONT-FD;20141208;2.4;9.2
CLERMONT-FD;20141209;0.0;5.0
CLERMONT-FD;20141210;-3.7;8.8
CLERMONT-FD;20141211;5.0;9.8
CLERMONT-FD;20141212;2.6;10.6
CLERMONT-FD;20141213;4.1;13.6
CLERMONT-FD;20141214;4.7;12.4
CLERMONT-FD;20141215;6.7;8.0
CLERMONT-FD;20141216;4.9;8.5
CLERMONT-FD;20141217;3.9;12.0
CLERMONT-FD;20141218;9.2;14.7
CLERMONT-FD;20141219;4.6;13.7
CLERMONT-FD;20141220;5.9;9.5
CLERMONT-FD;20141221;2.1;8.5
CLERMONT-FD;20141222;-3.7;8.2
CLERMONT-FD;20141223;-4.1;15.1
CLERMONT-FD;20141224;-2.8;9.8
CLERMONT-FD;20141225;4.6;7.4
CLERMONT-FD;20141226;-0.5;9.6
CLERMONT-FD;20141227;1.4;8.9
CLERMONT-FD;20141228;-1.5;1.4
CLERMONT-FD;20141229;-9.1;0.3
CLERMONT-FD;20141230;-2.0;2.8
CLERMONT-FD;20141231;-0.3;1.9
CLERMONT-FD;20150101;-5.7;3.9
CLERMONT-FD;20150102;-3.6;7.0
CLERMONT-FD;20150103;3.6;13.7
CLERMONT-FD;20150104;6.6;12.3
CLERMONT-FD;20150105;-0.6;10.9
CLERMONT-FD;20150106;-3.4;8.9
CLERMONT-FD;20150107;1.5;9.5
CLERMONT-FD;20150108;4.8;13.2
CLERMONT-FD;20150109;1.7;15.5
CLERMONT-FD;20150110;9.8;18.8
CLERMONT-FD;20150111;1.7;8.5
CLERMONT-FD;20150112;-2.8;13.7
CLERMONT-FD;20150113;4.1;16.5
CLERMONT-FD;20150114;6.4;10.8
CLERMONT-FD;20150115;6.4;14.3
CLERMONT-FD;20150116;6.4;8.8
CLERMONT-FD;20150117;-0.4;7.8
CLERMONT-FD;20150118;-5.0;6.8
CLERMONT-FD;20150119;-4.6;5.5
CLERMONT-FD;20150120;1.4;2.8
CLERMONT-FD;20150121;-2.0;5.9
CLERMONT-FD;20150122;-2.6;3.1
CLERMONT-FD;20150123;-0.1;1.3
CLERMONT-FD;20150124;-2.2;2.9
CLERMONT-FD;20150125;0.3;4.9
CLERMONT-FD;20150126;0.6;6.5
CLERMONT-FD;20150127;2.7;5.7
CLERMONT-FD;20150128;1.7;10.5
CLERMONT-FD;20150129;4.2;7.4
CLERMONT-FD;20150130;0.6;6.1
CLERMONT-FD;20150131;0.5;7.2
CLERMONT-FD;20150201;0.3;4.8
CLERMONT-FD;20150202;1.0;4.2
CLERMONT-FD;20150203;-4.8;0.3
CLERMONT-FD;20150204;-1.7;0.5
CLERMONT-FD;20150205;-3.5;-0.1
CLERMONT-FD;20150206;-2.6;-0.2
CLERMONT-FD;20150207;-1.8;-0.2
CLERMONT-FD;20150208;-8.4;4.7
CLERMONT-FD;20150209;-2.6;5.2
CLERMONT-FD;20150210;-4.1;1.5
CLERMONT-FD;20150211;-5.8;13.6
CLERMONT-FD;20150212;-2.3;13.3
CLERMONT-FD;20150213;0.4;14.3
CLERMONT-FD;20150214;3.9;10.7
CLERMONT-FD;20150215;3.1;7.8
CLERMONT-FD;20150216;3.5;8.9
CLERMONT-FD;20150217;-1.2;5.8
CLERMONT-FD;20150218;2.6;5.1
CLERMONT-FD;20150219;-3.9;15.5
CLERMONT-FD;20150220;-0.6;15.1
CLERMONT-FD;20150221;3.7;9.2
CLERMONT-FD;20150222;1.0;6.9
CLERMONT-FD;20150223;-1.7;13.1
CLERMONT-FD;20150224;2.8;10.1
CLERMONT-FD;20150225;-0.2;8.8
CLERMONT-FD;20150226;5.0;10.0
CLERMONT-FD;20150227;4.2;7.1
CLERMONT-FD;20150228;-3.4;10.4
CLERMONT-FD;20150301;5.7;15.5
CLERMONT-FD;20150302;8.5;13.7
CLERMONT-FD;20150303;3.6;13.6
CLERMONT-FD;20150304;2.1;7.4
CLERMONT-FD;20150305;1.9;7.9
CLERMONT-FD;20150306;-3.4;11.6
CLERMONT-FD;20150307;-1.5;15.6
CLERMONT-FD;20150308;-2.4;18.7
CLERMONT-FD;20150309;-1.4;15.4
CLERMONT-FD;20150310;1.3;16.7
CLERMONT-FD;20150311;4.0;16.2
CLERMONT-FD;20150312;0.6;14.8
CLERMONT-FD;20150313;-1.3;9.8
CLERMONT-FD;20150314;3.4;7.7
CLERMONT-FD;20150315;1.9;11.1
CLERMONT-FD;20150316;3.0;13.8
CLERMONT-FD;20150317;0.4;17.2
CLERMONT-FD;20150318;7.8;18.1
CLERMONT-FD;20150319;2.7;13.7
CLERMONT-FD;20150320;6.5;10.4
CLERMONT-FD;20150321;6.7;10.1
CLERMONT-FD;20150322;3.6;7.8
CLERMONT-FD;20150323;-0.3;16.6
CLERMONT-FD;20150324;5.7;15.9
CLERMONT-FD;20150325;2.7;7.1
CLERMONT-FD;20150326;0.1;11.7
CLERMONT-FD;20150327;7.0;13.8
CLERMONT-FD;20150328;6.5;16.5
CLERMONT-FD;20150329;10.1;14.4
CLERMONT-FD;20150330;11.3;16.9
CLERMONT-FD;20150331;12.7;18.0
CLERMONT-FD;20150401;6.3;12.4
CLERMONT-FD;20150402;2.1;12.9
CLERMONT-FD;20150403;7.5;14.7
CLERMONT-FD;20150404;5.5;12.1
CLERMONT-FD;20150405;2.5;10.3
CLERMONT-FD;20150406;1.5;12.9
CLERMONT-FD;20150407;-1.6;15.3
CLERMONT-FD;20150408;-0.8;18.4
CLERMONT-FD;20150409;3.5;23.7
CLERMONT-FD;20150410;3.9;22.4
CLERMONT-FD;20150411;9.3;18.4
CLERMONT-FD;20150412;4.2;22.3
CLERMONT-FD;20150413;5.1;22.6
CLERMONT-FD;20150414;6.1;25.7
CLERMONT-FD;20150415;7.5;27.9
CLERMONT-FD;20150416;11.6;24.2
CLERMONT-FD;20150417;11.4;15.9
CLERMONT-FD;20150418;7.3;17.0
CLERMONT-FD;20150419;4.7;14.6
CLERMONT-FD;20150420;4.8;19.9
CLERMONT-FD;20150421;3.0;21.3
CLERMONT-FD;20150422;7.4;24.9
CLERMONT-FD;20150423;12.5;22.4
CLERMONT-FD;20150424;8.7;23.9
CLERMONT-FD;20150425;12.8;20.8
CLERMONT-FD;20150426;10.5;22.1
CLERMONT-FD;20150427;10.7;14.1
CLERMONT-FD;20150428;5.7;13.5
CLERMONT-FD;20150429;0.9;16.3
CLERMONT-FD;20150430;4.3;20.0
CLERMONT-FD;20150501;13.5;18.8
CLERMONT-FD;20150502;10.9;20.3
CLERMONT-FD;20150503;14.3;24.0
CLERMONT-FD;20150504;15.1;26.0
CLERMONT-FD;20150505;16.9;21.8
CLERMONT-FD;20150506;5.5;19.2
CLERMONT-FD;20150507;3.9;20.5
CLERMONT-FD;20150508;7.6;20.8
CLERMONT-FD;20150509;10.4;22.4
CLERMONT-FD;20150510;5.9;25.4
CLERMONT-FD;20150511;11.4;30.3
CLERMONT-FD;20150512;15.4;32.7
CLERMONT-FD;20150513;15.1;32.7
CLERMONT-FD;20150514;9.4;21.6
CLERMONT-FD;20150515;7.5;15.3
CLERMONT-FD;20150516;10.9;20.2
CLERMONT-FD;20150517;8.9;21.1
CLERMONT-FD;20150518;7.0;25.7
CLERMONT-FD;20150519;10.1;17.9
CLERMONT-FD;20150520;6.5;15.8
CLERMONT-FD;20150521;5.2;16.1
CLERMONT-FD;20150522;2.9;19.0
CLERMONT-FD;20150523;8.5;20.6
CLERMONT-FD;20150524;7.0;21.9
CLERMONT-FD;20150525;10.0;19.6
CLERMONT-FD;20150526;11.0;16.5
CLERMONT-FD;20150527;2.8;20.3
CLERMONT-FD;20150528;6.5;25.0
CLERMONT-FD;20150529;9.8;24.4
CLERMONT-FD;20150530;8.4;20.2
CLERMONT-FD;20150531;11.3;25.1
CLERMONT-FD;20150601;16.0;20.7
CLERMONT-FD;20150602;12.2;29.1
CLERMONT-FD;20150603;10.5;28.7
CLERMONT-FD;20150604;12.5;32.2
CLERMONT-FD;20150605;19.3;34.2
CLERMONT-FD;20150606;16.4;28.1
CLERMONT-FD;20150607;15.7;26.8
CLERMONT-FD;20150608;13.0;26.3
CLERMONT-FD;20150609;14.7;24.2
CLERMONT-FD;20150610;12.8;26.4
CLERMONT-FD;20150611;14.3;30.6
CLERMONT-FD;20150612;15.9;24.1
CLERMONT-FD;20150613;11.9;26.5
CLERMONT-FD;20150614;13.7;22.4
CLERMONT-FD;20150615;13.6;21.7
CLERMONT-FD;20150616;14.7;19.2
CLERMONT-FD;20150617;11.7;21.9
CLERMONT-FD;20150618;11.9;25.4
CLERMONT-FD;20150619;15.5;23.0
CLERMONT-FD;20150620;10.3;23.1
CLERMONT-FD;20150621;11.1;26.1
CLERMONT-FD;20150622;12.4;29.0
CLERMONT-FD;20150623;13.5;21.7
CLERMONT-FD;20150624;6.8;24.3
CLERMONT-FD;20150625;10.3;27.4
CLERMONT-FD;20150626;11.6;30.7
CLERMONT-FD;20150627;15.2;26.5
CLERMONT-FD;20150628;12.0;29.3
CLERMONT-FD;20150629;14.2;30.8
CLERMONT-FD;20150630;16.1;36.2
CLERMONT-FD;20150701;21.2;38.7
CLERMONT-FD;20150702;21.5;36.8
CLERMONT-FD;20150703;18.8;39.8
CLERMONT-FD;20150704;23.3;35.6
CLERMONT-FD;20150705;19.2;37.1
CLERMONT-FD;20150706;20.2;34.3
CLERMONT-FD;20150707;22.3;37.5
CLERMONT-FD;20150708;16.9;24.4
CLERMONT-FD;20150709;15.3;24.9
CLERMONT-FD;20150710;9.5;32.9
CLERMONT-FD;20150711;19.4;31.0
CLERMONT-FD;20150712;14.2;30.3
CLERMONT-FD;20150713;13.7;29.5
CLERMONT-FD;20150714;13.9;29.2
CLERMONT-FD;20150715;13.7;31.9
CLERMONT-FD;20150716;17.5;39.1
CLERMONT-FD;20150717;21.8;38.0
CLERMONT-FD;20150718;20.1;31.7
CLERMONT-FD;20150719;19.1;31.3
CLERMONT-FD;20150720;16.1;30.5
CLERMONT-FD;20150721;17.2;34.6
CLERMONT-FD;20150722;18.7;29.8
CLERMONT-FD;20150723;15.9;28.9
CLERMONT-FD;20150724;16.2;32.0
CLERMONT-FD;20150725;17.5;25.0
CLERMONT-FD;20150726;11.0;27.4
CLERMONT-FD;20150727;17.4;26.4
CLERMONT-FD;20150728;17.1;26.3
CLERMONT-FD;20150729;15.0;21.3
CLERMONT-FD;20150730;7.5;23.1
CLERMONT-FD;20150731;7.7;24.3
CLERMONT-FD;20150801;14.4;22.9
CLERMONT-FD;20150802;11.2;31.2
CLERMONT-FD;20150803;18.3;36.2
CLERMONT-FD;20150804;18.8;26.7
CLERMONT-FD;20150805;14.4;35.2
CLERMONT-FD;20150806;18.9;34.7
CLERMONT-FD;20150807;19.1;36.5
CLERMONT-FD;20150808;18.5;21.1
CLERMONT-FD;20150809;15.1;23.8
CLERMONT-FD;20150810;17.6;26.0
CLERMONT-FD;20150811;16.4;29.5
CLERMONT-FD;20150812;18.6;35.3
CLERMONT-FD;20150813;18.0;24.0
CLERMONT-FD;20150814;15.3;23.2
CLERMONT-FD;20150815;14.4;20.7
CLERMONT-FD;20150816;8.7;21.9
CLERMONT-FD;20150817;11.5;19.6
CLERMONT-FD;20150818;11.7;23.0
CLERMONT-FD;20150819;9.2;24.9
CLERMONT-FD;20150820;12.0;26.9
CLERMONT-FD;20150821;13.1;29.1
CLERMONT-FD;20150822;14.5;31.5
CLERMONT-FD;20150823;17.7;20.9
CLERMONT-FD;20150824;15.8;21.8
CLERMONT-FD;20150825;10.5;25.0
CLERMONT-FD;20150826;12.9;32.6
CLERMONT-FD;20150827;15.0;32.8
CLERMONT-FD;20150828;16.7;31.2
CLERMONT-FD;20150829;18.2;34.9
CLERMONT-FD;20150830;19.3;34.0
CLERMONT-FD;20150831;18.2;31.9
CLERMONT-FD;20150901;17.4;20.9
CLERMONT-FD;20150902;8.8;22.4
CLERMONT-FD;20150903;12.2;20.9
CLERMONT-FD;20150904;7.6;20.7
CLERMONT-FD;20150905;8.4;17.3
CLERMONT-FD;20150906;7.8;19.3
CLERMONT-FD;20150907;3.5;20.3
CLERMONT-FD;20150908;5.9;22.3
CLERMONT-FD;20150909;9.2;26.7
CLERMONT-FD;20150910;10.4;25.7
CLERMONT-FD;20150911;10.3;25.4
CLERMONT-FD;20150912;14.6;18.4
CLERMONT-FD;20150913;14.4;24.1
CLERMONT-FD;20150914;13.7;20.1
CLERMONT-FD;20150915;10.4;21.4
CLERMONT-FD;20150916;15.2;28.3
CLERMONT-FD;20150917;13.5;20.7
CLERMONT-FD;20150918;9.9;20.5
CLERMONT-FD;20150919;12.5;18.5
CLERMONT-FD;20150920;8.7;17.8
CLERMONT-FD;20150921;6.7;22.8
CLERMONT-FD;20150922;12.6;17.8
CLERMONT-FD;20150923;8.2;16.8
CLERMONT-FD;20150924;4.2;19.9
CLERMONT-FD;20150925;13.0;19.5
CLERMONT-FD;20150926;7.5;19.0
CLERMONT-FD;20150927;6.4;17.9
CLERMONT-FD;20150928;5.3;18.0
CLERMONT-FD;20150929;2.5;19.5
CLERMONT-FD;20150930;4.0;21.0
CLERMONT-FD;20151001;3.1;15.8
CLERMONT-FD;20151002;3.2;17.8
CLERMONT-FD;20151003;9.9;14.2
CLERMONT-FD;20151004;5.0;16.4
CLERMONT-FD;20151005;9.0;24.6
CLERMONT-FD;20151006;15.4;23.2
CLERMONT-FD;20151007;12.0;16.8
CLERMONT-FD;20151008;10.8;14.2
CLERMONT-FD;20151009;4.3;16.9
CLERMONT-FD;20151010;4.3;16.2
CLERMONT-FD;20151011;10.0;16.2
CLERMONT-FD;20151012;5.2;14.0
CLERMONT-FD;20151013;9.5;12.9
CLERMONT-FD;20151014;4.1;6.8
CLERMONT-FD;20151015;2.5;7.3
CLERMONT-FD;20151016;4.3;8.5
CLERMONT-FD;20151017;5.5;10.9
CLERMONT-FD;20151018;2.3;14.2
CLERMONT-FD;20151019;2.1;13.5
CLERMONT-FD;20151020;1.1;11.5
CLERMONT-FD;20151021;6.7;11.1
CLERMONT-FD;20151022;5.4;13.3
CLERMONT-FD;20151023;7.6;13.3
CLERMONT-FD;20151024;1.7;21.1
CLERMONT-FD;20151025;9.3;16.9
CLERMONT-FD;20151026;4.7;21.1
CLERMONT-FD;20151027;11.9;20.7
CLERMONT-FD;20151028;10.1;14.2
CLERMONT-FD;20151029;4.9;15.5
CLERMONT-FD;20151030;4.2;19.2
CLERMONT-FD;20151031;6.9;23.2
CLERMONT-FD;20151101;6.6;19.7
CLERMONT-FD;20151102;6.1;19.3
CLERMONT-FD;20151103;11.5;19.2
CLERMONT-FD;20151104;13.1;20.9
CLERMONT-FD;20151105;7.9;19.3
CLERMONT-FD;20151106;13.0;21.4
CLERMONT-FD;20151107;11.5;24.6
CLERMONT-FD;20151108;8.7;24.7
CLERMONT-FD;20151109;11.4;22.6
CLERMONT-FD;20151110;3.0;17.0
CLERMONT-FD;20151111;1.8;14.8
CLERMONT-FD;20151112;0.9;17.8
CLERMONT-FD;20151113;0.4;15.6
CLERMONT-FD;20151114;6.0;14.2
CLERMONT-FD;20151115;2.5;19.7
CLERMONT-FD;20151116;6.4;15.8
CLERMONT-FD;20151117;4.1;18.4
CLERMONT-FD;20151118;9.5;19.3
CLERMONT-FD;20151119;8.4;18.9
CLERMONT-FD;20151120;15.1;17.5
CLERMONT-FD;20151121;2.3;7.8
CLERMONT-FD;20151122;1.3;5.3
CLERMONT-FD;20151123;-2.9;4.7
CLERMONT-FD;20151124;-4.6;7.8
CLERMONT-FD;20151125;2.9;8.9
CLERMONT-FD;20151126;3.6;5.7
CLERMONT-FD;20151127;0.2;5.6
CLERMONT-FD;20151128;-1.3;8.7
CLERMONT-FD;20151129;1.2;11.8
CLERMONT-FD;20151130;6.2;13.4
CLERMONT-FD;20151201;8.1;11.4
CLERMONT-FD;20151202;-0.2;11.4
CLERMONT-FD;20151203;-0.9;11.9
CLERMONT-FD;20151204;0.8;10.5
CLERMONT-FD;20151205;3.9;11.8
CLERMONT-FD;20151206;2.9;15.0
CLERMONT-FD;20151207;3.5;15.6
CLERMONT-FD;20151208;2.4;16.8
CLERMONT-FD;20151209;2.9;10.1
CLERMONT-FD;20151210;-1.3;10.9
CLERMONT-FD;20151211;-1.6;10.7
CLERMONT-FD;20151212;3.9;12.5
CLERMONT-FD;20151213;-0.2;11.1
CLERMONT-FD;20151214;-3.1;15.1
CLERMONT-FD;20151215;5.2;14.5
CLERMONT-FD;20151216;7.6;15.7
CLERMONT-FD;20151217;5.9;17.4
CLERMONT-FD;20151218;8.2;14.8
CLERMONT-FD;20151219;5.5;17.6
CLERMONT-FD;20151220;6.8;16.0
CLERMONT-FD;20151221;8.2;15.7
CLERMONT-FD;20151222;2.5;14.3
CLERMONT-FD;20151223;7.0;12.2
CLERMONT-FD;20151224;7.8;15.9
CLERMONT-FD;20151225;2.0;15.8
CLERMONT-FD;20151226;1.2;14.8
CLERMONT-FD;20151227;5.0;14.0
CLERMONT-FD;20151228;3.0;16.6
CLERMONT-FD;20151229;6.4;14.4
CLERMONT-FD;20151230;1.1;13.2
CLERMONT-FD;20151231;8.1;11.4
CLERMONT-FD;20160101;0.0;11.8
CLERMONT-FD;20160102;7.5;11.1
CLERMONT-FD;20160103;3.2;11.1
CLERMONT-FD;20160104;5.6;11.0
CLERMONT-FD;20160105;5.0;9.8
CLERMONT-FD;20160106;3.5;10.2
CLERMONT-FD;20160107;5.1;14.9
CLERMONT-FD;20160108;5.2;15.1
CLERMONT-FD;20160109;6.4;13.5
CLERMONT-FD;20160110;6.4;13.3
CLERMONT-FD;20160111;5.2;10.9
CLERMONT-FD;20160112;5.6;8.3
CLERMONT-FD;20160113;2.7;7.8
CLERMONT-FD;20160114;1.3;9.5
CLERMONT-FD;20160115;0.1;5.6
CLERMONT-FD;20160116;-0.1;4.0
CLERMONT-FD;20160117;-2.5;4.0
CLERMONT-FD;20160118;-2.3;3.0
CLERMONT-FD;20160119;1.2;8.9
CLERMONT-FD;20160120;3.5;6.1
CLERMONT-FD;20160121;1.4;6.8
CLERMONT-FD;20160122;-2.8;8.2
CLERMONT-FD;20160123;4.0;10.0
CLERMONT-FD;20160124;0.0;13.7
CLERMONT-FD;20160125;2.0;16.7
CLERMONT-FD;20160126;2.8;18.6
CLERMONT-FD;20160127;4.1;19.6
CLERMONT-FD;20160128;5.8;13.9
CLERMONT-FD;20160129;5.8;11.1
CLERMONT-FD;20160130;0.0;12.4
CLERMONT-FD;20160131;10.9;15.7
CLERMONT-FD;20160201;11.3;15.4
CLERMONT-FD;20160202;4.9;14.2
CLERMONT-FD;20160203;4.1;8.1
CLERMONT-FD;20160204;0.6;9.9
CLERMONT-FD;20160205;6.7;13.2
CLERMONT-FD;20160206;4.9;15.2
CLERMONT-FD;20160207;6.4;11.0
CLERMONT-FD;20160208;5.4;14.1
CLERMONT-FD;20160209;7.7;12.8
CLERMONT-FD;20160210;3.3;8.0
CLERMONT-FD;20160211;-0.1;6.9
CLERMONT-FD;20160212;0.9;11.8
CLERMONT-FD;20160213;5.8;14.1
CLERMONT-FD;20160214;5.2;10.1
CLERMONT-FD;20160215;1.5;3.9
CLERMONT-FD;20160216;-0.4;2.0
CLERMONT-FD;20160217;-0.7;3.6
CLERMONT-FD;20160218;-5.0;8.2
CLERMONT-FD;20160219;-2.6;9.0
CLERMONT-FD;20160220;1.0;13.8
CLERMONT-FD;20160221;5.0;20.0
CLERMONT-FD;20160222;2.1;10.9
CLERMONT-FD;20160223;5.1;13.2
CLERMONT-FD;20160224;3.4;13.9
CLERMONT-FD;20160225;3.8;8.3
CLERMONT-FD;20160226;-1.2;6.9
CLERMONT-FD;20160227;-3.6;8.1
CLERMONT-FD;20160228;1.5;5.7
CLERMONT-FD;20160229;1.1;5.6
CLERMONT-FD;20160301;-5.1;11.2
CLERMONT-FD;20160302;7.1;13.4
CLERMONT-FD;20160303;3.8;8.8
CLERMONT-FD;20160304;2.5;13.2
CLERMONT-FD;20160305;2.4;9.6
CLERMONT-FD;20160306;0.3;7.3
CLERMONT-FD;20160307;-1.2;9.3
CLERMONT-FD;20160308;0.7;4.7
CLERMONT-FD;20160309;-1.9;9.8
CLERMONT-FD;20160310;-3.2;9.3
CLERMONT-FD;20160311;2.6;10.5
CLERMONT-FD;20160312;3.0;9.8
CLERMONT-FD;20160313;-2.5;9.1
CLERMONT-FD;20160314;-1.7;13.0
CLERMONT-FD;20160315;-2.6;13.7
CLERMONT-FD;20160316;1.8;4.4
CLERMONT-FD;20160317;-1.5;10.0
CLERMONT-FD;20160318;-2.5;14.9
CLERMONT-FD;20160319;-1.2;16.1
CLERMONT-FD;20160320;-0.1;10.9
CLERMONT-FD;20160321;1.5;9.1
CLERMONT-FD;20160322;-1.9;12.2
CLERMONT-FD;20160323;4.6;11.1
CLERMONT-FD;20160324;-1.0;11.7
CLERMONT-FD;20160325;2.5;13.2
CLERMONT-FD;20160326;2.9;21.3
CLERMONT-FD;20160327;6.4;14.5
CLERMONT-FD;20160328;5.5;16.4
CLERMONT-FD;20160329;7.8;16.4
CLERMONT-FD;20160330;8.3;22.1
CLERMONT-FD;20160331;8.3;21.6
CLERMONT-FD;20160401;4.5;6.4
CLERMONT-FD;20160402;3.9;17.3
CLERMONT-FD;20160403;11.4;20.6
CLERMONT-FD;20160404;8.2;9.6
CLERMONT-FD;20160405;8.2;11.7
CLERMONT-FD;20160406;4.4;17.3
CLERMONT-FD;20160407;6.6;12.4
CLERMONT-FD;20160408;1.0;10.5
CLERMONT-FD;20160409;-0.1;14.4
CLERMONT-FD;20160410;2.4;21.0
CLERMONT-FD;20160411;8.0;15.9
CLERMONT-FD;20160412;6.5;20.2
CLERMONT-FD;20160413;7.9;17.8
CLERMONT-FD;20160414;3.1;20.1
CLERMONT-FD;20160415;10.2;19.5
CLERMONT-FD;20160416;10.6;20.7
CLERMONT-FD;20160417;6.6;10.8
CLERMONT-FD;20160418;2.1;10.5
CLERMONT-FD;20160419;-1.6;16.7
CLERMONT-FD;20160420;1.8;21.0
CLERMONT-FD;20160421;10.6;19.2
CLERMONT-FD;20160422;9.7;17.8
CLERMONT-FD;20160423;8.3;14.1
CLERMONT-FD;20160424;4.7;9.7
CLERMONT-FD;20160425;3.4;12.5
CLERMONT-FD;20160426;7.0;13.3
CLERMONT-FD;20160427;1.2;11.8
CLERMONT-FD;20160428;-0.3;12.6
CLERMONT-FD;20160429;3.2;16.6
CLERMONT-FD;20160430;3.2;11.9
CLERMONT-FD;20160501;4.6;10.6
CLERMONT-FD;20160502;6.1;17.1
CLERMONT-FD;20160503;3.3;16.6
CLERMONT-FD;20160504;0.9;18.4
CLERMONT-FD;20160505;2.0;23.2
CLERMONT-FD;20160506;8.9;22.1
CLERMONT-FD;20160507;8.6;23.5
CLERMONT-FD;20160508;10.6;21.9
CLERMONT-FD;20160509;12.4;19.1
CLERMONT-FD;20160510;12.8;23.3
CLERMONT-FD;20160511;12.3;17.3
CLERMONT-FD;20160512;9.6;17.1
CLERMONT-FD;20160513;11.5;15.1
CLERMONT-FD;20160514;10.3;16.4
CLERMONT-FD;20160515;7.3;14.3
CLERMONT-FD;20160516;1.4;17.5
CLERMONT-FD;20160517;4.7;19.3
CLERMONT-FD;20160518;7.3;20.8
CLERMONT-FD;20160519;9.2;16.9
CLERMONT-FD;20160520;5.9;19.7
CLERMONT-FD;20160521;9.1;29.7
CLERMONT-FD;20160522;10.7;15.6
CLERMONT-FD;20160523;8.5;17.6
CLERMONT-FD;20160524;7.3;17.7
CLERMONT-FD;20160525;4.8;20.0
CLERMONT-FD;20160526;12.6;25.8
CLERMONT-FD;20160527;13.6;26.2
CLERMONT-FD;20160528;12.2;24.9
CLERMONT-FD;20160529;11.8;19.4
CLERMONT-FD;20160530;13.4;18.2
CLERMONT-FD;20160531;12.1;13.7
CLERMONT-FD;20160601;11.0;16.2
CLERMONT-FD;20160602;12.8;15.7
CLERMONT-FD;20160603;12.2;18.5
CLERMONT-FD;20160604;13.5;16.8
CLERMONT-FD;20160605;13.8;19.7
CLERMONT-FD;20160606;12.6;25.5
CLERMONT-FD;20160607;14.2;24.3
CLERMONT-FD;20160608;14.3;25.1
CLERMONT-FD;20160609;11.3;24.0
CLERMONT-FD;20160610;11.1;21.9
CLERMONT-FD;20160611;14.0;22.6
CLERMONT-FD;20160612;10.0;22.1
CLERMONT-FD;20160613;15.6;21.3
CLERMONT-FD;20160614;13.7;18.9
CLERMONT-FD;20160615;13.0;20.9
CLERMONT-FD;20160616;11.1;21.8
CLERMONT-FD;20160617;12.1;21.5
CLERMONT-FD;20160618;12.3;18.2
CLERMONT-FD;20160619;12.8;18.2
CLERMONT-FD;20160620;9.4;21.8
CLERMONT-FD;20160621;16.0;26.9
CLERMONT-FD;20160622;14.9;32.1
CLERMONT-FD;20160623;19.0;33.4
CLERMONT-FD;20160624;17.1;28.9
CLERMONT-FD;20160625;15.5;22.1
CLERMONT-FD;20160626;13.8;21.1
CLERMONT-FD;20160627;9.5;23.5
CLERMONT-FD;20160628;13.9;24.7
CLERMONT-FD;20160629;13.8;27.3
CLERMONT-FD;20160630;17.0;27.2
CLERMONT-FD;20160701;13.0;29.0
CLERMONT-FD;20160702;16.1;20.1
CLERMONT-FD;20160703;11.2;23.1
CLERMONT-FD;20160704;16.3;25.6
CLERMONT-FD;20160705;15.4;26.1
CLERMONT-FD;20160706;15.2;25.3
CLERMONT-FD;20160707;9.5;28.4
CLERMONT-FD;20160708;16.3;31.3
CLERMONT-FD;20160709;14.1;29.2
CLERMONT-FD;20160710;16.4;33.8
CLERMONT-FD;20160711;17.8;26.5
CLERMONT-FD;20160712;16.3;21.4
CLERMONT-FD;20160713;11.9;20.8
CLERMONT-FD;20160714;11.7;19.6
CLERMONT-FD;20160715;5.6;21.5
CLERMONT-FD;20160716;6.8;25.3
CLERMONT-FD;20160717;10.9;30.5
CLERMONT-FD;20160718;15.1;34.0
CLERMONT-FD;20160719;17.2;37.6
CLERMONT-FD;20160720;20.1;37.0
CLERMONT-FD;20160721;17.4;27.4
CLERMONT-FD;20160722;17.8;22.4
CLERMONT-FD;20160723;16.9;25.2
CLERMONT-FD;20160724;12.6;27.7
CLERMONT-FD;20160725;14.2;28.4
CLERMONT-FD;20160726;14.2;27.4
CLERMONT-FD;20160727;14.3;28.6
CLERMONT-FD;20160728;13.5;28.4
CLERMONT-FD;20160729;14.6;31.0
CLERMONT-FD;20160730;15.0;28.3
CLERMONT-FD;20160731;17.0;23.9
CLERMONT-FD;20160801;15.4;26.5
CLERMONT-FD;20160802;13.0;29.8
CLERMONT-FD;20160803;13.6;31.6
CLERMONT-FD;20160804;15.2;21.4
CLERMONT-FD;20160805;12.3;23.2
CLERMONT-FD;20160806;9.9;24.4
CLERMONT-FD;20160807;10.8;27.3
CLERMONT-FD;20160808;14.8;30.6
CLERMONT-FD;20160809;16.0;19.3
CLERMONT-FD;20160810;6.9;21.8
CLERMONT-FD;20160811;7.7;22.7
CLERMONT-FD;20160812;10.5;27.5
CLERMONT-FD;20160813;13.2;31.8
CLERMONT-FD;20160814;17.2;33.2
CLERMONT-FD;20160815;16.9;33.6
CLERMONT-FD;20160816;15.2;33.6
CLERMONT-FD;20160817;17.9;31.1
CLERMONT-FD;20160818;19.0;26.3
CLERMONT-FD;20160819;12.4;28.5
CLERMONT-FD;20160820;14.6;22.6
CLERMONT-FD;20160821;13.7;24.4
CLERMONT-FD;20160822;9.1;26.5
CLERMONT-FD;20160823;13.7;33.5
CLERMONT-FD;20160824;18.0;34.5
CLERMONT-FD;20160825;19.9;36.7
CLERMONT-FD;20160826;20.4;36.6
CLERMONT-FD;20160827;20.0;36.2
CLERMONT-FD;20160828;19.4;30.0
CLERMONT-FD;20160829;17.8;23.8
CLERMONT-FD;20160830;14.5;26.0
CLERMONT-FD;20160831;14.7;30.1
CLERMONT-FD;20160901;14.9;29.2
CLERMONT-FD;20160902;13.0;30.6
CLERMONT-FD;20160903;16.3;31.8
CLERMONT-FD;20160904;17.1;30.2
CLERMONT-FD;20160905;14.7;26.3
CLERMONT-FD;20160906;19.0;25.7
CLERMONT-FD;20160907;11.2;31.9
CLERMONT-FD;20160908;16.7;28.5
CLERMONT-FD;20160909;17.4;27.8
CLERMONT-FD;20160910;13.3;28.8
CLERMONT-FD;20160911;14.3;29.3
CLERMONT-FD;20160912;18.2;33.5
CLERMONT-FD;20160913;19.7;33.1
CLERMONT-FD;20160914;16.7;18.9
CLERMONT-FD;20160915;13.8;20.8
CLERMONT-FD;20160916;13.6;19.8
CLERMONT-FD;20160917;12.2;16.1
CLERMONT-FD;20160918;12.1;16.6
CLERMONT-FD;20160919;14.9;19.5
CLERMONT-FD;20160920;10.7;20.7
CLERMONT-FD;20160921;8.8;20.1
CLERMONT-FD;20160922;6.7;22.6
CLERMONT-FD;20160923;12.2;24.0
CLERMONT-FD;20160924;9.0;26.2
CLERMONT-FD;20160925;14.3;23.9
CLERMONT-FD;20160926;7.9;19.5
CLERMONT-FD;20160927;6.9;21.4
CLERMONT-FD;20160928;7.6;25.4
CLERMONT-FD;20160929;11.0;28.3
CLERMONT-FD;20160930;13.4;25.5
CLERMONT-FD;20161001;14.3;21.7
CLERMONT-FD;20161002;8.5;19.0
CLERMONT-FD;20161003;1.9;18.5
CLERMONT-FD;20161004;2.9;19.0
CLERMONT-FD;20161005;3.6;20.5
CLERMONT-FD;20161006;4.6;13.8
CLERMONT-FD;20161007;-0.4;17.4
CLERMONT-FD;20161008;3.2;14.9
CLERMONT-FD;20161009;1.7;14.8
CLERMONT-FD;20161010;-1.0;13.2
CLERMONT-FD;20161011;-1.2;13.7
CLERMONT-FD;20161012;-2.5;11.8
CLERMONT-FD;20161013;6.9;13.5
CLERMONT-FD;20161014;10.6;13.9
CLERMONT-FD;20161015;4.6;19.5
CLERMONT-FD;20161016;6.2;18.9
CLERMONT-FD;20161017;9.4;15.8
CLERMONT-FD;20161018;5.2;18.7
CLERMONT-FD;20161019;6.2;12.4
CLERMONT-FD;20161020;6.9;11.6
CLERMONT-FD;20161021;7.7;12.5
CLERMONT-FD;20161022;4.7;14.3
CLERMONT-FD;20161023;1.4;20.3
CLERMONT-FD;20161024;13.6;18.6
CLERMONT-FD;20161025;11.5;17.2
CLERMONT-FD;20161026;12.5;14.9
CLERMONT-FD;20161027;6.9;13.9
CLERMONT-FD;20161028;0.8;15.7
CLERMONT-FD;20161029;1.5;8.0
CLERMONT-FD;20161030;4.8;10.7
CLERMONT-FD;20161031;4.0;12.3
CLERMONT-FD;20161101;1.0;20.6
CLERMONT-FD;20161102;4.6;11.1
CLERMONT-FD;20161103;5.8;12.0
CLERMONT-FD;20161104;-0.7;16.5
CLERMONT-FD;20161105;8.6;15.5
CLERMONT-FD;20161106;0.8;8.7
CLERMONT-FD;20161107;0.2;8.1
CLERMONT-FD;20161108;2.9;7.0
CLERMONT-FD;20161109;3.0;10.1
CLERMONT-FD;20161110;7.8;11.2
CLERMONT-FD;20161111;5.7;10.3
CLERMONT-FD;20161112;0.2;9.6
CLERMONT-FD;20161113;5.1;12.0
CLERMONT-FD;20161114;5.2;6.2
CLERMONT-FD;20161115;0.9;8.9
CLERMONT-FD;20161116;6.6;12.9
CLERMONT-FD;20161117;6.1;16.1
CLERMONT-FD;20161118;10.9;14.4
CLERMONT-FD;20161119;5.5;11.0
CLERMONT-FD;20161120;6.4;16.9
CLERMONT-FD;20161121;11.6;20.2
CLERMONT-FD;20161122;8.3;9.2
CLERMONT-FD;20161123;4.8;14.6
CLERMONT-FD;20161124;5.8;14.2
CLERMONT-FD;20161125;7.7;13.8
CLERMONT-FD;20161126;3.7;13.3
CLERMONT-FD;20161127;0.6;11.0
CLERMONT-FD;20161128;3.3;5.9
CLERMONT-FD;20161129;-0.9;6.6
CLERMONT-FD;20161130;-2.5;10.5
CLERMONT-FD;20161201;-1.7;7.3
CLERMONT-FD;20161202;-2.7;0.5
CLERMONT-FD;20161203;-1.2;0.1
CLERMONT-FD;20161204;-4.3;14.0
CLERMONT-FD;20161205;4.8;15.2
CLERMONT-FD;20161206;-0.1;12.9
CLERMONT-FD;20161207;-1.1;11.2
CLERMONT-FD;20161208;-3.5;15.1
CLERMONT-FD;20161209;-2.5;10.4
CLERMONT-FD;20161210;-4.5;12.6
CLERMONT-FD;20161211;-3.4;7.9
CLERMONT-FD;20161212;1.3;9.1
CLERMONT-FD;20161213;-0.7;11.7
CLERMONT-FD;20161214;-2.7;13.1
CLERMONT-FD;20161215;-1.4;7.9
CLERMONT-FD;20161216;-1.6;14.1
CLERMONT-FD;20161217;-0.8;12.5
CLERMONT-FD;20161218;1.8;7.5
CLERMONT-FD;20161219;1.3;3.1
CLERMONT-FD;20161220;0.8;4.6
CLERMONT-FD;20161221;1.4;7.4
CLERMONT-FD;20161222;0.6;7.7
CLERMONT-FD;20161223;3.9;9.3
CLERMONT-FD;20161224;2.4;12.6
CLERMONT-FD;20161225;3.2;9.9
CLERMONT-FD;20161226;1.2;8.5
CLERMONT-FD;20161227;2.0;6.9
CLERMONT-FD;20161228;-2.4;2.3
CLERMONT-FD;20161229;-5.9;2.4
CLERMONT-FD;20161230;-8.2;4.0
CLERMONT-FD;20161231;-6.5;0.6
CLERMONT-FD;20170101;-7.4;9.0
CLERMONT-FD;20170102;-2.5;0.5
CLERMONT-FD;20170103;-1.2;0.9
CLERMONT-FD;20170104;-5.5;5.1
CLERMONT-FD;20170105;0.7;2.7
CLERMONT-FD;20170106;-3.8;0.4
CLERMONT-FD;20170107;-9.2;1.7
CLERMONT-FD;20170108;-3.8;2.5
CLERMONT-FD;20170109;0.4;5.7
CLERMONT-FD;20170110;2.5;7.5
CLERMONT-FD;20170111;2.1;9.8
CLERMONT-FD;20170112;4.8;12.3
CLERMONT-FD;20170113;0.7;5.2
CLERMONT-FD;20170114;0.5;3.8
CLERMONT-FD;20170115;-0.7;2.6
CLERMONT-FD;20170116;-0.8;1.8
CLERMONT-FD;20170117;-4.6;-0.3
CLERMONT-FD;20170118;-4.8;-2.9
CLERMONT-FD;20170119;-4.8;0.7
CLERMONT-FD;20170120;-10.2;6.9
CLERMONT-FD;20170121;-4.8;6.9
CLERMONT-FD;20170122;-7.9;2.3
CLERMONT-FD;20170123;-6.7;3.2
CLERMONT-FD;20170124;-9.2;-0.4
CLERMONT-FD;20170125;-4.1;-3.1
CLERMONT-FD;20170126;-10.2;6.1
CLERMONT-FD;20170127;-2.5;10.3
CLERMONT-FD;20170128;5.7;10.0
CLERMONT-FD;20170129;0.5;10.5
CLERMONT-FD;20170130;2.6;10.4
CLERMONT-FD;20170131;7.3;16.4
CLERMONT-FD;20170201;6.8;14.5
CLERMONT-FD;20170202;6.5;14.3
CLERMONT-FD;20170203;4.0;10.4
CLERMONT-FD;20170204;5.5;11.7
CLERMONT-FD;20170205;6.2;10.1
CLERMONT-FD;20170206;3.1;8.0
CLERMONT-FD;20170207;0.9;13.5
CLERMONT-FD;20170208;0.4;7.7
CLERMONT-FD;20170209;2.8;4.2
CLERMONT-FD;20170210;-0.4;11.3
CLERMONT-FD;20170211;-1.2;2.3
CLERMONT-FD;20170212;-0.1;14.1
CLERMONT-FD;20170213;10.6;16.8
CLERMONT-FD;20170214;10.9;15.4
CLERMONT-FD;20170215;6.2;18.2
CLERMONT-FD;20170216;1.4;14.9
CLERMONT-FD;20170217;4.1;14.0
CLERMONT-FD;20170218;1.8;12.1
CLERMONT-FD;20170219;0.6;15.9
CLERMONT-FD;20170220;-1.3;14.1
CLERMONT-FD;20170221;7.8;14.0
CLERMONT-FD;20170222;3.4;16.2
CLERMONT-FD;20170223;-0.5;19.7
CLERMONT-FD;20170224;4.6;8.7
CLERMONT-FD;20170225;-3.5;12.1
CLERMONT-FD;20170226;-0.1;17.9
CLERMONT-FD;20170227;2.1;17.8
CLERMONT-FD;20170228;3.6;9.1
CLERMONT-FD;20170301;4.7;12.0
CLERMONT-FD;20170302;6.2;12.3
CLERMONT-FD;20170303;6.3;15.2
CLERMONT-FD;20170304;7.0;11.6
CLERMONT-FD;20170305;3.5;11.9
CLERMONT-FD;20170306;5.5;14.9
CLERMONT-FD;20170307;4.8;8.8
CLERMONT-FD;20170308;3.9;14.4
CLERMONT-FD;20170309;3.6;15.1
CLERMONT-FD;20170310;4.3;16.1
CLERMONT-FD;20170311;4.6;21.8
CLERMONT-FD;20170312;9.2;16.9
CLERMONT-FD;20170313;8.6;15.5
CLERMONT-FD;20170314;2.1;14.2
CLERMONT-FD;20170315;-1.7;16.0
CLERMONT-FD;20170316;2.3;22.7
CLERMONT-FD;20170317;7.5;23.4
CLERMONT-FD;20170318;4.9;16.0
CLERMONT-FD;20170319;5.9;18.1
CLERMONT-FD;20170320;10.3;18.1
CLERMONT-FD;20170321;6.7;14.5
CLERMONT-FD;20170322;0.7;15.7
CLERMONT-FD;20170323;2.0;8.2
CLERMONT-FD;20170324;2.4;9.5
CLERMONT-FD;20170325;6.9;11.5
CLERMONT-FD;20170326;3.3;17.0
CLERMONT-FD;20170327;4.0;20.5
CLERMONT-FD;20170328;4.4;18.5
CLERMONT-FD;20170329;3.8;20.0
CLERMONT-FD;20170330;6.3;24.4
CLERMONT-FD;20170331;12.6;20.5
CLERMONT-FD;20170401;7.6;13.0
CLERMONT-FD;20170402;7.0;13.3
CLERMONT-FD;20170403;3.5;17.7
CLERMONT-FD;20170404;7.1;17.9
CLERMONT-FD;20170405;9.5;15.3
CLERMONT-FD;20170406;6.0;13.1
CLERMONT-FD;20170407;-0.3;17.2
CLERMONT-FD;20170408;2.6;22.1
CLERMONT-FD;20170409;8.2;27.0
CLERMONT-FD;20170410;10.9;24.8
CLERMONT-FD;20170411;9.1;16.0
CLERMONT-FD;20170412;1.7;19.9
CLERMONT-FD;20170413;3.7;20.8
CLERMONT-FD;20170414;4.1;19.7
CLERMONT-FD;20170415;8.0;14.6
CLERMONT-FD;20170416;7.0;16.1
CLERMONT-FD;20170417;1.2;16.4
CLERMONT-FD;20170418;4.4;12.5
CLERMONT-FD;20170419;1.3;11.7
CLERMONT-FD;20170420;-0.1;12.2
CLERMONT-FD;20170421;-3.7;17.0
CLERMONT-FD;20170422;1.4;20.3
CLERMONT-FD;20170423;4.6;17.6
CLERMONT-FD;20170424;2.8;24.7
CLERMONT-FD;20170425;6.3;12.3
CLERMONT-FD;20170426;2.6;5.4
CLERMONT-FD;20170427;0.8;9.7
CLERMONT-FD;20170428;2.4;10.1
CLERMONT-FD;20170429;-1.2;18.3
CLERMONT-FD;20170430;6.4;18.9
CLERMONT-FD;20170501;4.7;14.5
CLERMONT-FD;20170502;6.9;14.0
CLERMONT-FD;20170503;3.6;15.9
CLERMONT-FD;20170504;7.3;16.4
CLERMONT-FD;20170505;1.7;22.5
CLERMONT-FD;20170506;10.5;15.8
CLERMONT-FD;20170507;9.5;16.4
CLERMONT-FD;20170508;7.9;13.5
CLERMONT-FD;20170509;6.8;16.3
CLERMONT-FD;20170510;4.5;22.5
CLERMONT-FD;20170511;11.3;14.7
CLERMONT-FD;20170512;9.7;22.2
CLERMONT-FD;20170513;11.9;17.0
CLERMONT-FD;20170514;7.0;20.8
CLERMONT-FD;20170515;8.7;23.9
CLERMONT-FD;20170516;10.0;27.3
CLERMONT-FD;20170517;13.9;29.4
CLERMONT-FD;20170518;13.6;20.8
CLERMONT-FD;20170519;7.6;16.2
CLERMONT-FD;20170520;8.5;16.7
CLERMONT-FD;20170521;5.1;21.5
CLERMONT-FD;20170522;8.4;25.9
CLERMONT-FD;20170523;11.6;25.4
CLERMONT-FD;20170524;10.5;24.5
CLERMONT-FD;20170525;10.8;26.3
CLERMONT-FD;20170526;12.7;31.5
CLERMONT-FD;20170527;16.9;31.2
CLERMONT-FD;20170528;16.6;32.0
CLERMONT-FD;20170529;14.7;29.6
CLERMONT-FD;20170530;16.6;24.4
CLERMONT-FD;20170531;14.9;22.5
CLERMONT-FD;20170601;14.1;25.9
CLERMONT-FD;20170602;14.0;26.3
CLERMONT-FD;20170603;15.0;19.9
CLERMONT-FD;20170604;12.4;19.6
CLERMONT-FD;20170605;12.3;22.4
CLERMONT-FD;20170606;13.2;19.3
CLERMONT-FD;20170607;9.0;21.3
CLERMONT-FD;20170608;8.7;29.9
CLERMONT-FD;20170609;15.2;25.5
CLERMONT-FD;20170610;14.1;27.4
CLERMONT-FD;20170611;15.8;32.4
CLERMONT-FD;20170612;17.9;25.0
CLERMONT-FD;20170613;17.7;28.0
CLERMONT-FD;20170614;17.6;29.2
CLERMONT-FD;20170615;17.5;30.9
CLERMONT-FD;20170616;16.8;25.4
CLERMONT-FD;20170617;11.5;24.6
CLERMONT-FD;20170618;13.2;29.5
CLERMONT-FD;20170619;17.6;34.9
CLERMONT-FD;20170620;20.1;34.9
CLERMONT-FD;20170621;19.9;34.6
CLERMONT-FD;20170622;20.0;35.9
CLERMONT-FD;20170623;19.8;30.8
CLERMONT-FD;20170624;19.6;27.9
CLERMONT-FD;20170625;18.1;27.7
CLERMONT-FD;20170626;14.8;24.3
CLERMONT-FD;20170627;16.2;30.5
CLERMONT-FD;20170628;15.4;23.2
CLERMONT-FD;20170629;13.3;18.9
CLERMONT-FD;20170630;12.5;17.7
CLERMONT-FD;20170701;13.1;18.0
CLERMONT-FD;20170702;12.7;21.1
CLERMONT-FD;20170703;14.1;25.6
CLERMONT-FD;20170704;12.3;29.3
CLERMONT-FD;20170705;15.2;33.5
CLERMONT-FD;20170706;18.1;33.0
CLERMONT-FD;20170707;20.7;34.8
CLERMONT-FD;20170708;17.3;32.9
CLERMONT-FD;20170709;17.8;26.1
CLERMONT-FD;20170710;17.3;25.3
CLERMONT-FD;20170711;16.4;26.7
CLERMONT-FD;20170712;15.7;24.9
CLERMONT-FD;20170713;17.2;26.6
CLERMONT-FD;20170714;15.3;25.7
CLERMONT-FD;20170715;13.4;25.2
CLERMONT-FD;20170716;12.4;27.7
CLERMONT-FD;20170717;15.7;31.0
CLERMONT-FD;20170718;18.5;35.4
CLERMONT-FD;20170719;21.7;30.8
CLERMONT-FD;20170720;15.7;25.3
CLERMONT-FD;20170721;15.5;24.2
CLERMONT-FD;20170722;15.3;24.4
CLERMONT-FD;20170723;16.6;23.5
CLERMONT-FD;20170724;15.0;21.3
CLERMONT-FD;20170725;15.5;20.9
CLERMONT-FD;20170726;14.0;24.7
CLERMONT-FD;20170727;16.9;27.1
CLERMONT-FD;20170728;17.3;27.3
CLERMONT-FD;20170729;15.2;33.0
CLERMONT-FD;20170730;16.8;28.9
CLERMONT-FD;20170731;17.6;31.3
CLERMONT-FD;20170801;16.0;29.4
CLERMONT-FD;20170802;18.0;34.9
CLERMONT-FD;20170803;20.6;32.9
CLERMONT-FD;20170804;16.7;30.1
CLERMONT-FD;20170805;16.9;28.2
CLERMONT-FD;20170806;16.0;25.3
CLERMONT-FD;20170807;9.3;28.1
CLERMONT-FD;20170808;16.0;23.2
CLERMONT-FD;20170809;10.9;20.1
CLERMONT-FD;20170810;8.5;17.4
CLERMONT-FD;20170811;9.3;20.2
CLERMONT-FD;20170812;10.5;24.1
CLERMONT-FD;20170813;14.2;24.5
CLERMONT-FD;20170814;12.3;32.2
CLERMONT-FD;20170815;20.5;28.4
CLERMONT-FD;20170816;14.9;28.2
CLERMONT-FD;20170817;16.2;30.1
CLERMONT-FD;20170818;16.1;27.1
CLERMONT-FD;20170819;11.5;23.4
CLERMONT-FD;20170820;7.1;23.2
CLERMONT-FD;20170821;8.9;27.7
CLERMONT-FD;20170822;12.7;33.1
CLERMONT-FD;20170823;20.1;32.3
CLERMONT-FD;20170824;17.1;31.8
CLERMONT-FD;20170825;20.0;34.9
CLERMONT-FD;20170826;16.0;33.9
CLERMONT-FD;20170827;22.1;34.0
CLERMONT-FD;20170828;21.2;34.5
CLERMONT-FD;20170829;16.7;35.9
CLERMONT-FD;20170830;19.7;26.2
CLERMONT-FD;20170831;13.3;17.6
CLERMONT-FD;20170901;7.8;20.4
CLERMONT-FD;20170902;11.6;19.5
CLERMONT-FD;20170903;8.3;22.1
CLERMONT-FD;20170904;13.7;24.9
CLERMONT-FD;20170905;14.8;26.1
CLERMONT-FD;20170906;14.7;22.0
CLERMONT-FD;20170907;14.3;21.2
CLERMONT-FD;20170908;11.5;19.8
CLERMONT-FD;20170909;13.1;19.1
CLERMONT-FD;20170910;9.4;18.1
CLERMONT-FD;20170911;12.8;19.6
CLERMONT-FD;20170912;11.8;20.0
CLERMONT-FD;20170913;10.9;24.6
CLERMONT-FD;20170914;11.8;18.4
CLERMONT-FD;20170915;7.6;18.3
CLERMONT-FD;20170916;8.4;17.5
CLERMONT-FD;20170917;8.6;14.6
CLERMONT-FD;20170918;6.3;17.6
CLERMONT-FD;20170919;7.5;15.0
CLERMONT-FD;20170920;4.8;17.5
CLERMONT-FD;20170921;4.9;23.3
CLERMONT-FD;20170922;8.9;23.0
CLERMONT-FD;20170923;8.3;24.3
CLERMONT-FD;20170924;11.3;26.0
CLERMONT-FD;20170925;12.9;17.1
CLERMONT-FD;20170926;13.7;19.2
CLERMONT-FD;20170927;11.0;25.1
CLERMONT-FD;20170928;12.2;25.5
CLERMONT-FD;20170929;12.9;27.7
CLERMONT-FD;20170930;12.7;15.1
CLERMONT-FD;20171001;8.7;17.6
CLERMONT-FD;20171002;14.3;23.2
CLERMONT-FD;20171003;14.4;18.8
CLERMONT-FD;20171004;6.1;19.8
CLERMONT-FD;20171005;4.8;24.0
CLERMONT-FD;20171006;10.3;15.3
CLERMONT-FD;20171007;1.4;17.9
CLERMONT-FD;20171008;5.8;14.6
CLERMONT-FD;20171009;6.2;17.6
CLERMONT-FD;20171010;8.9;19.7
CLERMONT-FD;20171011;7.0;26.3
CLERMONT-FD;20171012;10.6;22.7
CLERMONT-FD;20171013;7.8;24.1
CLERMONT-FD;20171014;9.0;26.3
CLERMONT-FD;20171015;9.9;28.7
CLERMONT-FD;20171016;10.6;29.1
CLERMONT-FD;20171017;9.1;27.7
CLERMONT-FD;20171018;8.6;23.8
CLERMONT-FD;20171019;15.3;23.6
CLERMONT-FD;20171020;13.6;21.0
CLERMONT-FD;20171021;11.0;19.5
CLERMONT-FD;20171022;9.2;14.6
CLERMONT-FD;20171023;8.7;13.5
CLERMONT-FD;20171024;9.9;17.9
CLERMONT-FD;20171025;6.5;24.6
CLERMONT-FD;20171026;10.0;27.7
CLERMONT-FD;20171027;7.7;18.3
CLERMONT-FD;20171028;2.8;14.0
CLERMONT-FD;20171029;0.4;13.8
CLERMONT-FD;20171030;5.1;11.1
CLERMONT-FD;20171031;-2.9;10.8
CLERMONT-FD;20171101;-0.3;15.9
CLERMONT-FD;20171102;6.0;19.4
CLERMONT-FD;20171103;5.9;20.1
CLERMONT-FD;20171104;9.6;19.2
CLERMONT-FD;20171105;6.1;11.5
CLERMONT-FD;20171106;4.2;6.2
CLERMONT-FD;20171107;0.1;7.1
CLERMONT-FD;20171108;-0.2;4.1
CLERMONT-FD;20171109;3.1;5.8
CLERMONT-FD;20171110;2.4;10.7
CLERMONT-FD;20171111;5.4;13.8
CLERMONT-FD;20171112;6.4;15.4
CLERMONT-FD;20171113;3.9;6.2
CLERMONT-FD;20171114;3.9;7.0
CLERMONT-FD;20171115;-1.9;6.9
CLERMONT-FD;20171116;-3.9;6.2
CLERMONT-FD;20171117;-2.9;9.6
CLERMONT-FD;20171118;1.9;7.7
CLERMONT-FD;20171119;-1.6;7.7
CLERMONT-FD;20171120;4.8;10.8
CLERMONT-FD;20171121;2.4;15.8
CLERMONT-FD;20171122;3.5;20.2
CLERMONT-FD;20171123;11.6;19.5
CLERMONT-FD;20171124;10.6;14.8
CLERMONT-FD;20171125;1.7;9.8
CLERMONT-FD;20171126;-2.5;7.5
CLERMONT-FD;20171127;-0.9;9.2
CLERMONT-FD;20171128;-0.6;7.2
CLERMONT-FD;20171129;1.9;6.0
CLERMONT-FD;20171130;0.7;6.0
CLERMONT-FD;20171201;-2.1;1.4
CLERMONT-FD;20171202;-0.6;0.8
CLERMONT-FD;20171203;-4.5;0.6
CLERMONT-FD;20171204;-1.4;3.7
CLERMONT-FD;20171205;1.5;7.9
CLERMONT-FD;20171206;-3.2;4.3
CLERMONT-FD;20171207;-6.1;11.0
CLERMONT-FD;20171208;3.7;9.0
CLERMONT-FD;20171209;0.7;5.8
CLERMONT-FD;20171210;-0.1;14.8
CLERMONT-FD;20171211;7.1;11.8
CLERMONT-FD;20171212;0.9;7.3
CLERMONT-FD;20171213;-0.4;11.9
CLERMONT-FD;20171214;7.8;12.2
CLERMONT-FD;20171215;3.7;8.8
CLERMONT-FD;20171216;3.0;4.8
CLERMONT-FD;20171217;0.7;6.3
CLERMONT-FD;20171218;1.5;8.8
CLERMONT-FD;20171219;3.1;5.6
CLERMONT-FD;20171220;3.5;5.6
CLERMONT-FD;20171221;4.2;7.6
CLERMONT-FD;20171222;6.0;9.5
CLERMONT-FD;20171223;6.3;8.2
CLERMONT-FD;20171224;2.3;4.7
CLERMONT-FD;20171225;-1.3;10.4
CLERMONT-FD;20171226;2.0;9.5
CLERMONT-FD;20171227;0.8;7.9
CLERMONT-FD;20171228;-0.4;5.6
CLERMONT-FD;20171229;-2.0;13.0
CLERMONT-FD;20171230;8.0;15.0
CLERMONT-FD;20171231;7.8;17.6
CLERMONT-FD;20180101;6.4;10.7
CLERMONT-FD;20180102;4.5;16.1
CLERMONT-FD;20180103;9.2;16.0
CLERMONT-FD;20180104;8.2;15.5
CLERMONT-FD;20180105;10.6;14.8
CLERMONT-FD;20180106;6.1;7.2
CLERMONT-FD;20180107;5.9;8.4
CLERMONT-FD;20180108;4.7;9.0
CLERMONT-FD;20180109;3.7;9.1
CLERMONT-FD;20180110;3.6;11.6
CLERMONT-FD;20180111;3.7;9.0
CLERMONT-FD;20180112;3.4;7.2
CLERMONT-FD;20180113;1.3;9.8
CLERMONT-FD;20180114;2.9;11.4
CLERMONT-FD;20180115;-0.8;11.3
CLERMONT-FD;20180116;7.7;14.3
CLERMONT-FD;20180117;4.6;8.7
CLERMONT-FD;20180118;5.7;12.1
CLERMONT-FD;20180119;6.2;10.5
CLERMONT-FD;20180120;3.0;13.5
CLERMONT-FD;20180121;7.7;13.4
CLERMONT-FD;20180122;11.0;15.8
CLERMONT-FD;20180123;2.8;13.2
CLERMONT-FD;20180124;4.0;18.3
CLERMONT-FD;20180125;10.1;13.0
CLERMONT-FD;20180126;3.5;5.9
CLERMONT-FD;20180127;4.2;7.0
CLERMONT-FD;20180128;1.2;11.2
CLERMONT-FD;20180129;4.5;8.4
CLERMONT-FD;20180130;6.3;10.9
CLERMONT-FD;20180131;3.0;14.1
CLERMONT-FD;20180201;2.7;7.7
CLERMONT-FD;20180202;-1.5;5.7
CLERMONT-FD;20180203;1.3;6.3
CLERMONT-FD;20180204;0.6;6.3
CLERMONT-FD;20180205;-0.2;0.9
CLERMONT-FD;20180206;-0.3;1.1
CLERMONT-FD;20180207;-1.6;0.5
CLERMONT-FD;20180208;-2.1;-0.7
CLERMONT-FD;20180209;-5.0;2.7
CLERMONT-FD;20180210;0.1;4.6
CLERMONT-FD;20180211;-2.0;9.5
CLERMONT-FD;20180212;-0.9;5.3
CLERMONT-FD;20180213;-4.5;4.7
CLERMONT-FD;20180214;-3.0;11.3
CLERMONT-FD;20180215;3.8;16.2
CLERMONT-FD;20180216;8.2;10.4
CLERMONT-FD;20180217;6.3;11.6
CLERMONT-FD;20180218;2.9;9.4
CLERMONT-FD;20180219;-4.6;7.0
CLERMONT-FD;20180220;2.9;5.9
CLERMONT-FD;20180221;-1.1;3.0
CLERMONT-FD;20180222;-1.2;1.0
CLERMONT-FD;20180223;-0.8;0.6
CLERMONT-FD;20180224;-4.2;4.3
CLERMONT-FD;20180225;-3.5;3.1
CLERMONT-FD;20180226;-6.6;-0.4
CLERMONT-FD;20180227;-9.5;-2.2
CLERMONT-FD;20180228;-13.4;6.9
CLERMONT-FD;20180301;-3.2;14.9
CLERMONT-FD;20180302;5.6;11.5
CLERMONT-FD;20180303;2.5;14.2
CLERMONT-FD;20180304;4.1;16.4
CLERMONT-FD;20180305;1.0;15.6
CLERMONT-FD;20180306;4.9;13.6
CLERMONT-FD;20180307;4.2;11.4
CLERMONT-FD;20180308;1.5;16.0
CLERMONT-FD;20180309;7.5;18.3
CLERMONT-FD;20180310;9.8;20.6
CLERMONT-FD;20180311;11.1;20.2
CLERMONT-FD;20180312;7.2;13.6
CLERMONT-FD;20180313;6.9;14.2
CLERMONT-FD;20180314;1.2;18.7
CLERMONT-FD;20180315;7.4;15.1
CLERMONT-FD;20180316;3.3;11.9
CLERMONT-FD;20180317;4.8;10.8
CLERMONT-FD;20180318;3.3;7.2
CLERMONT-FD;20180319;0.8;9.4
CLERMONT-FD;20180320;-0.3;6.4
CLERMONT-FD;20180321;-0.9;7.3
CLERMONT-FD;20180322;-5.6;8.5
CLERMONT-FD;20180323;2.9;10.3
CLERMONT-FD;20180324;1.2;13.2
CLERMONT-FD;20180325;4.1;16.4
CLERMONT-FD;20180326;7.0;9.0
CLERMONT-FD;20180327;4.6;13.9
CLERMONT-FD;20180328;8.5;15.0
CLERMONT-FD;20180329;3.9;14.6
CLERMONT-FD;20180330;2.8;12.5
CLERMONT-FD;20180331;0.3;10.8
CLERMONT-FD;20180401;4.5;14.5
CLERMONT-FD;20180402;3.8;17.4
CLERMONT-FD;20180403;9.2;18.4
CLERMONT-FD;20180404;8.4;18.6
CLERMONT-FD;20180405;8.5;16.0
CLERMONT-FD;20180406;2.7;23.6
CLERMONT-FD;20180407;11.4;20.8
CLERMONT-FD;20180408;7.6;17.5
CLERMONT-FD;20180409;8.8;15.5
CLERMONT-FD;20180410;6.6;15.9
CLERMONT-FD;20180411;8.1;14.4
CLERMONT-FD;20180412;6.3;16.6
CLERMONT-FD;20180413;3.8;16.4
CLERMONT-FD;20180414;8.3;15.1
CLERMONT-FD;20180415;4.0;19.5
CLERMONT-FD;20180416;9.3;17.6
CLERMONT-FD;20180417;3.5;22.2
CLERMONT-FD;20180418;6.3;25.8
CLERMONT-FD;20180419;12.4;27.6
CLERMONT-FD;20180420;10.5;27.0
CLERMONT-FD;20180421;12.2;28.0
CLERMONT-FD;20180422;11.8;25.1
CLERMONT-FD;20180423;13.8;21.9
CLERMONT-FD;20180424;11.1;24.4
CLERMONT-FD;20180425;11.4;22.5
CLERMONT-FD;20180426;6.9;17.1
CLERMONT-FD;20180427;3.3;23.6
CLERMONT-FD;20180428;8.0;10.3
CLERMONT-FD;20180429;8.4;16.6
CLERMONT-FD;20180430;6.5;15.0
CLERMONT-FD;20180501;6.2;14.5
CLERMONT-FD;20180502;1.6;17.8
CLERMONT-FD;20180503;4.4;16.2
CLERMONT-FD;20180504;10.2;19.0
CLERMONT-FD;20180505;12.4;21.8
CLERMONT-FD;20180506;8.8;26.3
CLERMONT-FD;20180507;12.7;27.3
CLERMONT-FD;20180508;11.6;24.3
CLERMONT-FD;20180509;10.9;20.0
CLERMONT-FD;20180510;11.6;16.7
CLERMONT-FD;20180511;3.6;24.1
CLERMONT-FD;20180512;10.0;22.5
CLERMONT-FD;20180513;5.9;11.1
CLERMONT-FD;20180514;6.8;11.5
CLERMONT-FD;20180515;9.9;17.2
CLERMONT-FD;20180516;8.2;20.0
CLERMONT-FD;20180517;10.0;18.4
CLERMONT-FD;20180518;10.2;21.6
CLERMONT-FD;20180519;6.8;21.4
CLERMONT-FD;20180520;6.9;23.0
CLERMONT-FD;20180521;12.1;22.8
CLERMONT-FD;20180522;9.4;22.2
CLERMONT-FD;20180523;12.7;22.2
CLERMONT-FD;20180524;8.6;26.0
CLERMONT-FD;20180525;11.8;26.5
CLERMONT-FD;20180526;14.3;29.4
CLERMONT-FD;20180527;15.1;23.1
CLERMONT-FD;20180528;14.3;20.4
CLERMONT-FD;20180529;12.9;22.6
CLERMONT-FD;20180530;12.2;21.7
CLERMONT-FD;20180531;12.2;21.8
CLERMONT-FD;20180601;13.3;23.1
CLERMONT-FD;20180602;11.0;24.9
CLERMONT-FD;20180603;14.4;24.4
CLERMONT-FD;20180604;14.1;24.8
CLERMONT-FD;20180605;16.5;23.4
CLERMONT-FD;20180606;14.2;24.0
CLERMONT-FD;20180607;13.2;24.5
CLERMONT-FD;20180608;14.7;25.2
CLERMONT-FD;20180609;15.5;28.0
CLERMONT-FD;20180610;16.8;25.8
CLERMONT-FD;20180611;16.4;23.4
CLERMONT-FD;20180612;13.5;22.7
CLERMONT-FD;20180613;13.9;19.8
CLERMONT-FD;20180614;10.3;22.0
CLERMONT-FD;20180615;14.5;21.8
CLERMONT-FD;20180616;12.2;24.9
CLERMONT-FD;20180617;13.8;21.9
CLERMONT-FD;20180618;11.0;22.7
CLERMONT-FD;20180619;13.3;27.6
CLERMONT-FD;20180620;13.6;29.9
CLERMONT-FD;20180621;15.5;29.7
CLERMONT-FD;20180622;11.0;21.7
CLERMONT-FD;20180623;10.8;23.6
CLERMONT-FD;20180624;10.8;23.3
CLERMONT-FD;20180625;9.1;24.7
CLERMONT-FD;20180626;10.3;27.9
CLERMONT-FD;20180627;12.8;28.4
CLERMONT-FD;20180628;13.7;27.5
CLERMONT-FD;20180629;15.5;26.4
CLERMONT-FD;20180630;15.3;33.6
CLERMONT-FD;20180701;18.6;34.3
CLERMONT-FD;20180702;20.7;29.5
CLERMONT-FD;20180703;17.1;30.5
CLERMONT-FD;20180704;16.2;29.0
CLERMONT-FD;20180705;14.7;25.6
CLERMONT-FD;20180706;16.3;25.2
CLERMONT-FD;20180707;13.6;28.8
CLERMONT-FD;20180708;14.1;28.6
CLERMONT-FD;20180709;13.7;28.0
CLERMONT-FD;20180710;13.9;26.6
CLERMONT-FD;20180711;12.6;23.5
CLERMONT-FD;20180712;10.2;26.9
CLERMONT-FD;20180713;13.2;30.0
CLERMONT-FD;20180714;15.1;29.0
CLERMONT-FD;20180715;16.5;31.5
CLERMONT-FD;20180716;14.1;28.8
CLERMONT-FD;20180717;14.4;27.4
CLERMONT-FD;20180718;12.8;28.3
CLERMONT-FD;20180719;14.3;30.4
CLERMONT-FD;20180720;16.8;26.6
CLERMONT-FD;20180721;15.3;21.9
CLERMONT-FD;20180722;14.3;25.5
CLERMONT-FD;20180723;13.0;28.1
CLERMONT-FD;20180724;15.5;31.5
CLERMONT-FD;20180725;16.2;31.1
CLERMONT-FD;20180726;17.8;33.0
CLERMONT-FD;20180727;17.8;34.5
CLERMONT-FD;20180728;19.2;26.3
CLERMONT-FD;20180729;15.3;31.7
CLERMONT-FD;20180730;16.2;30.8
CLERMONT-FD;20180731;16.6;29.9
CLERMONT-FD;20180801;20.0;30.7
CLERMONT-FD;20180802;17.8;31.8
CLERMONT-FD;20180803;17.7;34.2
CLERMONT-FD;20180804;20.3;34.0
CLERMONT-FD;20180805;17.8;33.8
CLERMONT-FD;20180806;18.8;34.2
CLERMONT-FD;20180807;21.5;36.8
CLERMONT-FD;20180808;20.1;28.8
CLERMONT-FD;20180809;17.3;24.0
CLERMONT-FD;20180810;11.5;24.9
CLERMONT-FD;20180811;9.8;25.9
CLERMONT-FD;20180812;13.2;33.3
CLERMONT-FD;20180813;18.1;25.7
CLERMONT-FD;20180814;16.7;25.2
CLERMONT-FD;20180815;12.4;26.8
CLERMONT-FD;20180816;14.1;31.8
CLERMONT-FD;20180817;17.2;23.8
CLERMONT-FD;20180818;17.2;26.2
CLERMONT-FD;20180819;11.4;28.5
CLERMONT-FD;20180820;13.9;29.6
CLERMONT-FD;20180821;15.9;30.1
CLERMONT-FD;20180822;17.7;32.1
CLERMONT-FD;20180823;17.8;32.0
CLERMONT-FD;20180824;17.0;21.4
CLERMONT-FD;20180825;10.1;20.5
CLERMONT-FD;20180826;7.1;22.9
CLERMONT-FD;20180827;11.9;27.7
CLERMONT-FD;20180828;15.3;33.3
CLERMONT-FD;20180829;21.1;26.4
CLERMONT-FD;20180830;12.6;21.4
CLERMONT-FD;20180831;11.3;20.5
CLERMONT-FD;20180901;6.7;23.0
CLERMONT-FD;20180902;7.1;24.6
CLERMONT-FD;20180903;10.7;25.3
CLERMONT-FD;20180904;10.7;26.0
CLERMONT-FD;20180905;11.0;28.2
CLERMONT-FD;20180906;16.8;19.8
CLERMONT-FD;20180907;15.5;24.1
CLERMONT-FD;20180908;7.8;26.9
CLERMONT-FD;20180909;11.4;29.4
CLERMONT-FD;20180910;12.7;30.4
CLERMONT-FD;20180911;15.2;32.2
CLERMONT-FD;20180912;16.1;32.0
CLERMONT-FD;20180913;16.3;27.7
CLERMONT-FD;20180914;15.9;22.2
CLERMONT-FD;20180915;7.9;23.8
CLERMONT-FD;20180916;9.8;29.6
CLERMONT-FD;20180917;13.6;31.9
CLERMONT-FD;20180918;17.7;31.3
CLERMONT-FD;20180919;15.8;29.7
CLERMONT-FD;20180920;14.2;30.4
CLERMONT-FD;20180921;14.3;23.3
CLERMONT-FD;20180922;8.9;25.0
CLERMONT-FD;20180923;17.1;28.4
CLERMONT-FD;20180924;8.9;16.5
CLERMONT-FD;20180925;3.4;18.5
CLERMONT-FD;20180926;7.6;26.6
CLERMONT-FD;20180927;10.9;28.8
CLERMONT-FD;20180928;10.4;26.9
CLERMONT-FD;20180929;9.3;17.2
CLERMONT-FD;20180930;8.6;24.2
CLERMONT-FD;20181001;8.8;13.7
CLERMONT-FD;20181002;2.3;15.9
CLERMONT-FD;20181003;11.3;16.1
CLERMONT-FD;20181004;9.0;21.4
CLERMONT-FD;20181005;8.6;28.4
CLERMONT-FD;20181006;13.4;28.2
CLERMONT-FD;20181007;11.0;18.1
CLERMONT-FD;20181008;12.4;16.8
CLERMONT-FD;20181009;7.9;24.4
CLERMONT-FD;20181010;9.4;24.1
CLERMONT-FD;20181011;14.2;26.0
CLERMONT-FD;20181012;17.5;27.2
CLERMONT-FD;20181013;11.8;26.9
CLERMONT-FD;20181014;15.1;23.6
CLERMONT-FD;20181015;12.2;22.2
CLERMONT-FD;20181016;7.8;23.8
CLERMONT-FD;20181017;7.8;22.8
CLERMONT-FD;20181018;7.0;21.2
CLERMONT-FD;20181019;5.8;20.3
CLERMONT-FD;20181020;4.5;20.0
CLERMONT-FD;20181021;3.7;18.2
CLERMONT-FD;20181022;1.6;18.2
CLERMONT-FD;20181023;8.6;15.8
CLERMONT-FD;20181024;1.4;18.5
CLERMONT-FD;20181025;10.4;13.7
CLERMONT-FD;20181026;4.4;17.4
CLERMONT-FD;20181027;5.1;6.8
CLERMONT-FD;20181028;3.1;5.3
CLERMONT-FD;20181029;3.2;4.9
CLERMONT-FD;20181030;0.8;10.6
CLERMONT-FD;20181031;3.7;14.2
CLERMONT-FD;20181101;7.9;14.3
CLERMONT-FD;20181102;7.1;13.1
CLERMONT-FD;20181103;6.1;9.4
CLERMONT-FD;20181104;3.4;15.6
CLERMONT-FD;20181105;8.5;19.8
CLERMONT-FD;20181106;8.9;15.3
CLERMONT-FD;20181107;6.8;16.0
CLERMONT-FD;20181108;1.8;13.3
CLERMONT-FD;20181109;6.2;15.6
CLERMONT-FD;20181110;9.3;17.1
CLERMONT-FD;20181111;9.4;21.0
CLERMONT-FD;20181112;14.2;21.2
CLERMONT-FD;20181113;10.8;13.7
CLERMONT-FD;20181114;6.5;18.5
CLERMONT-FD;20181115;5.6;18.8
CLERMONT-FD;20181116;3.3;15.6
CLERMONT-FD;20181117;5.7;7.2
CLERMONT-FD;20181118;-1.8;8.6
CLERMONT-FD;20181119;0.4;2.5
CLERMONT-FD;20181120;0.6;5.8
CLERMONT-FD;20181121;1.4;8.1
CLERMONT-FD;20181122;-0.7;14.2
CLERMONT-FD;20181123;-0.5;8.6
CLERMONT-FD;20181124;4.0;10.6
CLERMONT-FD;20181125;1.5;10.7
CLERMONT-FD;20181126;4.4;7.9
CLERMONT-FD;20181127;5.5;9.3
CLERMONT-FD;20181128;4.8;12.8
CLERMONT-FD;20181129;6.4;15.9
CLERMONT-FD;20181130;7.6;12.3
CLERMONT-FD;20181201;3.0;14.6
CLERMONT-FD;20181202;8.5;16.2
CLERMONT-FD;20181203;13.0;17.5
CLERMONT-FD;20181204;9.0;14.3
CLERMONT-FD;20181205;2.5;15.0
CLERMONT-FD;20181206;8.6;16.4
CLERMONT-FD;20181207;6.3;15.0
CLERMONT-FD;20181208;6.5;12.9
CLERMONT-FD;20181209;8.5;11.4
CLERMONT-FD;20181210;6.1;10.1
CLERMONT-FD;20181211;1.3;6.8
CLERMONT-FD;20181212;0.5;7.2
CLERMONT-FD;20181213;-0.3;1.9
CLERMONT-FD;20181214;-1.4;-0.3
CLERMONT-FD;20181215;-4.3;12.2
CLERMONT-FD;20181216;3.8;9.2
CLERMONT-FD;20181217;4.1;10.8
CLERMONT-FD;20181218;-0.2;10.9
CLERMONT-FD;20181219;7.0;13.1
CLERMONT-FD;20181220;3.6;11.5
CLERMONT-FD;20181221;6.1;15.2
CLERMONT-FD;20181222;11.4;16.4
CLERMONT-FD;20181223;6.6;15.1
CLERMONT-FD;20181224;8.6;14.2
CLERMONT-FD;20181225;-0.5;7.6
CLERMONT-FD;20181226;-4.7;4.1
CLERMONT-FD;20181227;-5.5;8.6
CLERMONT-FD;20181228;-4.2;8.2
CLERMONT-FD;20181229;-0.3;3.9
CLERMONT-FD;20181230;-0.1;3.8
CLERMONT-FD;20181231;0.9;5.2
CLERMONT-FD;20190101;3.8;6.5
CLERMONT-FD;20190102;2.8;5.2
CLERMONT-FD;20190103;-0.8;3.3
CLERMONT-FD;20190104;-3.8;3.1
CLERMONT-FD;20190105;-0.2;2.5
CLERMONT-FD;20190106;0.2;2.3
CLERMONT-FD;20190107;1.3;3.8
CLERMONT-FD;20190108;2.3;8.2
CLERMONT-FD;20190109;0.9;4.9
CLERMONT-FD;20190110;0.4;1.6
CLERMONT-FD;20190111;-1.8;2.7
CLERMONT-FD;20190112;0.1;8.0
CLERMONT-FD;20190113;5.2;13.5
CLERMONT-FD;20190114;7.1;9.7
CLERMONT-FD;20190115;0.4;8.2
CLERMONT-FD;20190116;-1.8;15.0
CLERMONT-FD;20190117;4.4;10.0
CLERMONT-FD;20190118;-1.1;3.7
CLERMONT-FD;20190119;-5.4;8.0
CLERMONT-FD;20190120;0.2;6.0
CLERMONT-FD;20190121;0.1;4.1
CLERMONT-FD;20190122;-6.8;3.2
CLERMONT-FD;20190123;-1.2;3.0
CLERMONT-FD;20190124;-1.6;0.4
CLERMONT-FD;20190125;-1.8;2.5
CLERMONT-FD;20190126;-0.2;9.0
CLERMONT-FD;20190127;3.0;9.5
CLERMONT-FD;20190128;1.0;6.0
CLERMONT-FD;20190129;-0.2;7.3
CLERMONT-FD;20190130;2.0;6.2
CLERMONT-FD;20190131;1.2;9.2
CLERMONT-FD;20190201;6.2;13.5
CLERMONT-FD;20190202;-0.7;4.5
CLERMONT-FD;20190203;1.3;3.1
CLERMONT-FD;20190204;-5.4;4.1
CLERMONT-FD;20190205;-1.8;10.2
CLERMONT-FD;20190206;2.1;11.0
CLERMONT-FD;20190207;3.9;12.8
CLERMONT-FD;20190208;2.3;11.1
CLERMONT-FD;20190209;4.9;13.4
CLERMONT-FD;20190210;5.9;13.5
CLERMONT-FD;20190211;2.9;8.3
CLERMONT-FD;20190212;-0.1;7.5
CLERMONT-FD;20190213;-4.3;12.5
CLERMONT-FD;20190214;-3.7;19.2
CLERMONT-FD;20190215;-0.3;21.6
CLERMONT-FD;20190216;0.8;21.3
CLERMONT-FD;20190217;0.7;20.5
CLERMONT-FD;20190218;5.2;16.3
CLERMONT-FD;20190219;0.6;15.1
CLERMONT-FD;20190220;1.9;16.4
CLERMONT-FD;20190221;2.2;18.8
CLERMONT-FD;20190222;-1.7;17.0
CLERMONT-FD;20190223;1.3;13.1
CLERMONT-FD;20190224;-1.6;16.9
CLERMONT-FD;20190225;0.5;16.9
CLERMONT-FD;20190226;0.7;21.1
CLERMONT-FD;20190227;-0.4;22.0
CLERMONT-FD;20190228;1.6;18.6
CLERMONT-FD;20190301;8.7;13.8
CLERMONT-FD;20190302;3.4;14.6
CLERMONT-FD;20190303;4.0;20.3
CLERMONT-FD;20190304;6.8;13.8
CLERMONT-FD;20190305;3.5;15.0
CLERMONT-FD;20190306;4.3;17.5
CLERMONT-FD;20190307;8.2;12.4
CLERMONT-FD;20190308;6.3;13.6
CLERMONT-FD;20190309;8.9;15.7
CLERMONT-FD;20190310;12.8;15.8
CLERMONT-FD;20190311;5.2;11.6
CLERMONT-FD;20190312;-0.9;20.5
CLERMONT-FD;20190313;4.6;11.5
CLERMONT-FD;20190314;4.7;11.3
CLERMONT-FD;20190315;9.4;15.4
CLERMONT-FD;20190316;2.4;22.8
CLERMONT-FD;20190317;6.5;15.6
CLERMONT-FD;20190318;1.4;11.3
CLERMONT-FD;20190319;4.3;11.5
CLERMONT-FD;20190320;-2.7;12.9
CLERMONT-FD;20190321;-2.1;14.1
CLERMONT-FD;20190322;1.3;20.7
CLERMONT-FD;20190323;1.3;20.5
CLERMONT-FD;20190324;0.5;17.1
CLERMONT-FD;20190325;6.7;12.7
CLERMONT-FD;20190326;1.9;12.2
CLERMONT-FD;20190327;-1.3;13.6
CLERMONT-FD;20190328;-1.7;15.5
CLERMONT-FD;20190329;-0.1;20.0
CLERMONT-FD;20190330;1.0;20.6
CLERMONT-FD;20190331;4.1;21.5
CLERMONT-FD;20190401;4.8;22.7
CLERMONT-FD;20190402;8.4;17.3
CLERMONT-FD;20190403;6.0;10.9
CLERMONT-FD;20190404;1.2;10.7
CLERMONT-FD;20190405;-0.9;16.5
CLERMONT-FD;20190406;7.2;13.2
CLERMONT-FD;20190407;0.0;14.1
CLERMONT-FD;20190408;3.4;16.6
CLERMONT-FD;20190409;2.9;16.2
CLERMONT-FD;20190410;1.4;15.2
CLERMONT-FD;20190411;8.7;15.1
CLERMONT-FD;20190412;-1.2;14.5
CLERMONT-FD;20190413;-1.4;11.8
CLERMONT-FD;20190414;-2.4;10.8
CLERMONT-FD;20190415;-3.0;19.2
CLERMONT-FD;20190416;8.3;17.4
CLERMONT-FD;20190417;4.4;21.9
CLERMONT-FD;20190418;5.2;24.0
CLERMONT-FD;20190419;6.5;25.3
CLERMONT-FD;20190420;10.4;21.4
CLERMONT-FD;20190421;8.2;20.4
CLERMONT-FD;20190422;7.1;23.2
CLERMONT-FD;20190423;13.3;20.1
CLERMONT-FD;20190424;9.3;17.5
CLERMONT-FD;20190425;8.8;16.2
CLERMONT-FD;20190426;4.9;16.4
CLERMONT-FD;20190427;8.5;15.3
CLERMONT-FD;20190428;6.7;12.9
CLERMONT-FD;20190429;5.3;12.8
CLERMONT-FD;20190430;1.0;16.8
CLERMONT-FD;20190501;5.4;20.1
CLERMONT-FD;20190502;9.4;15.0
CLERMONT-FD;20190503;7.5;13.9
CLERMONT-FD;20190504;3.4;14.2
CLERMONT-FD;20190505;2.8;10.9
CLERMONT-FD;20190506;-0.4;13.7
CLERMONT-FD;20190507;1.4;21.0
CLERMONT-FD;20190508;10.5;16.9
CLERMONT-FD;20190509;8.8;17.5
CLERMONT-FD;20190510;10.6;20.9
CLERMONT-FD;20190511;10.8;16.7
CLERMONT-FD;20190512;6.2;15.6
CLERMONT-FD;20190513;6.0;18.1
CLERMONT-FD;20190514;7.7;19.5
CLERMONT-FD;20190515;6.8;17.5
CLERMONT-FD;20190516;1.4;19.3
CLERMONT-FD;20190517;9.2;14.3
CLERMONT-FD;20190518;8.6;15.6
CLERMONT-FD;20190519;7.5;15.6
CLERMONT-FD;20190520;11.5;18.9
CLERMONT-FD;20190521;11.5;19.9
CLERMONT-FD;20190522;6.2;22.9
CLERMONT-FD;20190523;6.2;24.9
CLERMONT-FD;20190524;8.4;24.4
CLERMONT-FD;20190525;8.6;20.8
CLERMONT-FD;20190526;12.2;22.6
CLERMONT-FD;20190527;13.7;18.2
CLERMONT-FD;20190528;12.0;19.0
CLERMONT-FD;20190529;10.5;20.2
CLERMONT-FD;20190530;6.2;20.7
CLERMONT-FD;20190531;6.6;26.8
CLERMONT-FD;20190601;11.5;31.3
CLERMONT-FD;20190602;16.1;34.3
CLERMONT-FD;20190603;17.7;28.3
CLERMONT-FD;20190604;14.5;34.6
CLERMONT-FD;20190605;10.3;27.7
CLERMONT-FD;20190606;6.1;21.5
CLERMONT-FD;20190607;12.5;21.9
CLERMONT-FD;20190608;4.6;22.7
CLERMONT-FD;20190609;8.9;19.1
CLERMONT-FD;20190610;12.3;18.0
CLERMONT-FD;20190611;10.3;14.8
CLERMONT-FD;20190612;7.4;19.0
CLERMONT-FD;20190613;7.6;28.4
CLERMONT-FD;20190614;12.8;17.6
CLERMONT-FD;20190615;12.2;18.3
CLERMONT-FD;20190616;7.0;23.3
CLERMONT-FD;20190617;10.1;27.6
CLERMONT-FD;20190618;14.7;32.0
CLERMONT-FD;20190619;16.0;29.1
CLERMONT-FD;20190620;14.2;23.9
CLERMONT-FD;20190621;16.4;20.1
CLERMONT-FD;20190622;14.3;23.8
CLERMONT-FD;20190623;12.8;31.1
CLERMONT-FD;20190624;15.6;33.5
CLERMONT-FD;20190625;17.9;35.2
CLERMONT-FD;20190626;17.3;40.9
CLERMONT-FD;20190627;18.3;39.3
CLERMONT-FD;20190628;20.4;38.2
CLERMONT-FD;20190629;17.9;39.1
CLERMONT-FD;20190630;19.9;36.2
CLERMONT-FD;20190701;17.9;32.9
CLERMONT-FD;20190702;17.8;29.2
CLERMONT-FD;20190703;18.0;30.8
CLERMONT-FD;20190704;15.0;32.2
CLERMONT-FD;20190705;16.5;35.9
CLERMONT-FD;20190706;18.2;32.7
CLERMONT-FD;20190707;17.3;30.9
CLERMONT-FD;20190708;16.3;30.6
CLERMONT-FD;20190709;16.3;27.2
CLERMONT-FD;20190710;13.8;27.2
CLERMONT-FD;20190711;15.2;28.2
CLERMONT-FD;20190712;16.3;29.6
CLERMONT-FD;20190713;17.6;27.6
CLERMONT-FD;20190714;13.8;26.5
CLERMONT-FD;20190715;14.7;26.0
CLERMONT-FD;20190716;11.7;29.2
CLERMONT-FD;20190717;12.7;30.7
CLERMONT-FD;20190718;16.8;28.1
CLERMONT-FD;20190719;13.1;30.8
CLERMONT-FD;20190720;18.1;33.4
CLERMONT-FD;20190721;21.3;32.3
CLERMONT-FD;20190722;17.8;34.6
CLERMONT-FD;20190723;19.0;39.2
CLERMONT-FD;20190724;24.4;40.0
CLERMONT-FD;20190725;22.1;39.1
CLERMONT-FD;20190726;19.1;32.9
CLERMONT-FD;20190727;16.3;23.6
CLERMONT-FD;20190728;15.7;24.1
CLERMONT-FD;20190729;10.4;27.5
CLERMONT-FD;20190730;13.7;23.4
CLERMONT-FD;20190731;13.3;24.3
CLERMONT-FD;20190801;10.9;25.2
CLERMONT-FD;20190802;13.3;29.3
CLERMONT-FD;20190803;14.0;29.2
CLERMONT-FD;20190804;13.8;33.0
CLERMONT-FD;20190805;16.1;31.3
CLERMONT-FD;20190806;18.0;31.1
CLERMONT-FD;20190807;18.7;27.4
CLERMONT-FD;20190808;15.2;32.5
CLERMONT-FD;20190809;22.1;35.7
CLERMONT-FD;20190810;17.0;27.9
CLERMONT-FD;20190811;14.2;18.5
CLERMONT-FD;20190812;14.1;24.0
CLERMONT-FD;20190813;11.0;22.1
CLERMONT-FD;20190814;9.6;25.8
CLERMONT-FD;20190815;18.3;24.8
CLERMONT-FD;20190816;10.6;27.6
CLERMONT-FD;20190817;12.5;32.4
CLERMONT-FD;20190818;19.6;32.2
CLERMONT-FD;20190819;15.0;22.4
CLERMONT-FD;20190820;15.9;20.6
CLERMONT-FD;20190821;6.9;24.9
CLERMONT-FD;20190822;8.6;27.4
CLERMONT-FD;20190823;9.2;29.4
CLERMONT-FD;20190824;14.1;33.0
CLERMONT-FD;20190825;15.9;33.4
CLERMONT-FD;20190826;16.1;33.6
CLERMONT-FD;20190827;20.5;28.3
CLERMONT-FD;20190828;17.5;30.8
CLERMONT-FD;20190829;15.0;30.5
CLERMONT-FD;20190830;15.1;32.6
CLERMONT-FD;20190831;19.1;34.9
CLERMONT-FD;20190901;16.4;23.2
CLERMONT-FD;20190902;10.5;23.3
CLERMONT-FD;20190903;7.4;25.6
CLERMONT-FD;20190904;10.1;29.3
CLERMONT-FD;20190905;11.4;20.3
CLERMONT-FD;20190906;8.5;20.4
CLERMONT-FD;20190907;8.7;21.5
CLERMONT-FD;20190908;8.3;18.2
CLERMONT-FD;20190909;5.6;19.1
CLERMONT-FD;20190910;6.5;22.2
CLERMONT-FD;20190911;6.7;23.6
CLERMONT-FD;20190912;7.9;27.5
CLERMONT-FD;20190913;10.4;31.0
CLERMONT-FD;20190914;12.5;30.6
CLERMONT-FD;20190915;15.9;32.4
CLERMONT-FD;20190916;17.6;32.2
CLERMONT-FD;20190917;13.3;29.2
CLERMONT-FD;20190918;14.0;24.2
CLERMONT-FD;20190919;9.5;23.2
CLERMONT-FD;20190920;6.3;28.3
CLERMONT-FD;20190921;15.3;27.8
CLERMONT-FD;20190922;15.1;24.9
CLERMONT-FD;20190923;10.7;20.1
CLERMONT-FD;20190924;12.0;22.0
CLERMONT-FD;20190925;13.4;20.9
CLERMONT-FD;20190926;16.1;23.9
CLERMONT-FD;20190927;12.6;22.9
CLERMONT-FD;20190928;11.5;21.2
CLERMONT-FD;20190929;10.2;27.7
CLERMONT-FD;20190930;13.7;24.0
CLERMONT-FD;20191001;11.6;21.7
CLERMONT-FD;20191002;13.7;18.8
CLERMONT-FD;20191003;4.5;16.8
CLERMONT-FD;20191004;5.4;19.4
CLERMONT-FD;20191005;12.1;17.5
CLERMONT-FD;20191006;11.6;18.2
CLERMONT-FD;20191007;5.5;17.6
CLERMONT-FD;20191008;9.1;25.6
CLERMONT-FD;20191009;12.9;19.4
CLERMONT-FD;20191010;11.0;18.6
CLERMONT-FD;20191011;8.0;25.5
CLERMONT-FD;20191012;14.1;26.4
CLERMONT-FD;20191013;16.8;25.7
CLERMONT-FD;20191014;16.4;25.9
CLERMONT-FD;20191015;11.0;14.9
CLERMONT-FD;20191016;8.6;20.8
CLERMONT-FD;20191017;12.8;19.7
CLERMONT-FD;20191018;12.3;17.5
CLERMONT-FD;20191019;11.8;18.8
CLERMONT-FD;20191020;9.2;21.9
CLERMONT-FD;20191021;8.3;14.8
CLERMONT-FD;20191022;9.3;12.8
CLERMONT-FD;20191023;10.7;14.0
CLERMONT-FD;20191024;10.7;18.8
CLERMONT-FD;20191025;7.4;18.4
CLERMONT-FD;20191026;6.4;24.1
CLERMONT-FD;20191027;8.7;17.7
CLERMONT-FD;20191028;12.2;16.4
CLERMONT-FD;20191029;13.7;18.9
CLERMONT-FD;20191030;12.6;17.7
CLERMONT-FD;20191031;12.0;18.1
CLERMONT-FD;20191101;10.1;17.0
CLERMONT-FD;20191102;14.3;18.8
CLERMONT-FD;20191103;11.3;15.6
CLERMONT-FD;20191104;9.9;16.0
CLERMONT-FD;20191105;6.4;13.6
CLERMONT-FD;20191106;7.1;12.2
CLERMONT-FD;20191107;6.6;11.4
CLERMONT-FD;20191108;2.2;11.3
CLERMONT-FD;20191109;3.0;10.6
CLERMONT-FD;20191110;3.0;10.7
CLERMONT-FD;20191111;-0.8;11.1
CLERMONT-FD;20191112;1.7;10.8
CLERMONT-FD;20191113;-1.5;9.4
CLERMONT-FD;20191114;2.0;6.9
CLERMONT-FD;20191115;1.2;8.5
CLERMONT-FD;20191116;-0.3;8.9
CLERMONT-FD;20191117;0.9;7.5
CLERMONT-FD;20191118;3.0;7.2
CLERMONT-FD;20191119;1.9;7.4
CLERMONT-FD;20191120;0.7;12.8
CLERMONT-FD;20191121;-0.5;11.5
CLERMONT-FD;20191122;1.8;13.8
CLERMONT-FD;20191123;9.2;13.1
CLERMONT-FD;20191124;4.9;13.0
CLERMONT-FD;20191125;2.9;12.8
CLERMONT-FD;20191126;6.5;15.5
CLERMONT-FD;20191127;10.2;13.8
CLERMONT-FD;20191128;8.1;13.6
CLERMONT-FD;20191129;7.5;12.9
CLERMONT-FD;20191130;2.4;8.6
CLERMONT-FD;20191201;6.6;10.9
CLERMONT-FD;20191202;2.5;3.8
CLERMONT-FD;20191203;-1.0;2.7
CLERMONT-FD;20191204;-1.4;6.5
CLERMONT-FD;20191205;-2.8;10.7
CLERMONT-FD;20191206;-1.0;12.2
CLERMONT-FD;20191207;5.5;13.3
CLERMONT-FD;20191208;4.9;13.6
CLERMONT-FD;20191209;5.7;10.4
CLERMONT-FD;20191210;-1.7;8.2
CLERMONT-FD;20191211;1.4;10.2
CLERMONT-FD;20191212;1.4;12.2
CLERMONT-FD;20191213;6.1;14.1
CLERMONT-FD;20191214;6.5;15.1
CLERMONT-FD;20191215;10.4;15.3
CLERMONT-FD;20191216;9.3;16.0
CLERMONT-FD;20191217;12.2;17.2
CLERMONT-FD;20191218;7.5;16.8
CLERMONT-FD;20191219;10.9;16.7
CLERMONT-FD;20191220;5.9;16.1
CLERMONT-FD;20191221;4.4;11.7
CLERMONT-FD;20191222;6.0;11.3
CLERMONT-FD;20191223;5.7;13.8
CLERMONT-FD;20191224;6.4;16.7
CLERMONT-FD;20191225;0.5;12.8
CLERMONT-FD;20191226;0.1;12.6
CLERMONT-FD;20191227;7.8;12.9
CLERMONT-FD;20191228;6.1;9.9
CLERMONT-FD;20191229;-3.2;1.4
CLERMONT-FD;20191230;-2.1;5.6
CLERMONT-FD;20191231;-3.8;10.1
CLERMONT-FD;20200101;-4.3;9.8
CLERMONT-FD;20200102;1.0;9.9
CLERMONT-FD;20200103;-1.3;11.5
CLERMONT-FD;20200104;4.0;8.6
CLERMONT-FD;20200105;-1.6;7.8
CLERMONT-FD;20200106;-0.6;13.7
CLERMONT-FD;20200107;-1.2;10.0
CLERMONT-FD;20200108;7.2;13.5
CLERMONT-FD;20200109;8.1;16.1
CLERMONT-FD;20200110;6.2;10.5
CLERMONT-FD;20200111;3.1;6.9
CLERMONT-FD;20200112;-3.7;8.2
CLERMONT-FD;20200113;2.9;11.5
CLERMONT-FD;20200114;5.2;14.2
CLERMONT-FD;20200115;8.9;14.3
CLERMONT-FD;20200116;2.9;14.3
CLERMONT-FD;20200117;7.0;11.4
CLERMONT-FD;20200118;-1.2;8.0
CLERMONT-FD;20200119;-2.7;4.7
CLERMONT-FD;20200120;-0.1;4.9
CLERMONT-FD;20200121;-4.4;7.2
CLERMONT-FD;20200122;-5.1;5.2
CLERMONT-FD;20200123;-2.9;5.7
CLERMONT-FD;20200124;-2.0;12.6
CLERMONT-FD;20200125;0.4;14.5
CLERMONT-FD;20200126;0.9;11.9
CLERMONT-FD;20200127;3.3;11.8
CLERMONT-FD;20200128;5.0;9.8
CLERMONT-FD;20200129;5.7;10.9
CLERMONT-FD;20200130;2.1;13.7
CLERMONT-FD;20200131;10.8;16.9
CLERMONT-FD;20200201;4.7;16.3
CLERMONT-FD;20200202;11.2;17.7
CLERMONT-FD;20200203;13.2;19.5
CLERMONT-FD;20200204;5.4;8.9
CLERMONT-FD;20200205;5.2;8.6
CLERMONT-FD;20200206;-3.0;9.3
CLERMONT-FD;20200207;-3.8;14.9
CLERMONT-FD;20200208;3.9;14.8
CLERMONT-FD;20200209;5.1;16.6
CLERMONT-FD;20200210;12.0;15.6
CLERMONT-FD;20200211;7.0;12.9
CLERMONT-FD;20200212;1.6;11.6
CLERMONT-FD;20200213;1.1;15.3
CLERMONT-FD;20200214;4.7;11.3
CLERMONT-FD;20200215;-0.7;20.4
CLERMONT-FD;20200216;10.0;17.0
CLERMONT-FD;20200217;9.0;12.3
CLERMONT-FD;20200218;1.2;10.9
CLERMONT-FD;20200219;5.2;12.2
CLERMONT-FD;20200220;0.8;17.7
CLERMONT-FD;20200221;1.6;10.5
CLERMONT-FD;20200222;-0.5;18.3
CLERMONT-FD;20200223;0.7;21.7
CLERMONT-FD;20200224;3.7;20.9
CLERMONT-FD;20200225;4.5;14.3
CLERMONT-FD;20200226;3.1;8.5
CLERMONT-FD;20200227;2.7;15.1
CLERMONT-FD;20200228;-0.1;13.0
CLERMONT-FD;20200229;9.1;17.4
CLERMONT-FD;20200301;5.9;14.1
CLERMONT-FD;20200302;3.6;9.5
CLERMONT-FD;20200303;1.9;9.6
CLERMONT-FD;20200304;1.2;11.9
CLERMONT-FD;20200305;6.9;17.2
CLERMONT-FD;20200306;2.5;8.7
CLERMONT-FD;20200307;1.8;10.6
CLERMONT-FD;20200308;1.6;14.5
CLERMONT-FD;20200309;5.5;11.4
CLERMONT-FD;20200310;4.7;14.0
CLERMONT-FD;20200311;8.5;18.9
CLERMONT-FD;20200312;3.6;15.8
CLERMONT-FD;20200313;3.4;11.6
CLERMONT-FD;20200314;-0.9;14.0
CLERMONT-FD;20200315;1.4;19.7
CLERMONT-FD;20200316;7.4;16.1
CLERMONT-FD;20200317;8.8;19.0
CLERMONT-FD;20200318;4.1;20.4
CLERMONT-FD;20200319;5.9;22.6
CLERMONT-FD;20200320;6.4;21.4
CLERMONT-FD;20200321;5.5;18.9
CLERMONT-FD;20200322;6.1;13.5
CLERMONT-FD;20200323;2.0;16.7
CLERMONT-FD;20200324;-0.1;12.9
CLERMONT-FD;20200325;-4.3;12.7
CLERMONT-FD;20200326;-1.0;10.9
CLERMONT-FD;20200327;-2.3;13.2
CLERMONT-FD;20200328;0.0;16.5
CLERMONT-FD;20200329;0.8;7.7
CLERMONT-FD;20200330;1.3;4.5
CLERMONT-FD;20200331;-2.4;11.8
CLERMONT-FD;20200401;-3.5;15.1
CLERMONT-FD;20200402;-2.2;15.2
CLERMONT-FD;20200403;-2.5;14.0
CLERMONT-FD;20200404;-0.6;19.7
CLERMONT-FD;20200405;5.0;22.6
CLERMONT-FD;20200406;9.2;23.0
CLERMONT-FD;20200407;4.6;23.8
CLERMONT-FD;20200408;4.1;24.1
CLERMONT-FD;20200409;7.5;24.3
CLERMONT-FD;20200410;7.1;25.3
CLERMONT-FD;20200411;8.4;25.1
CLERMONT-FD;20200412;8.6;23.8
CLERMONT-FD;20200413;7.4;20.6
CLERMONT-FD;20200414;7.4;17.2
CLERMONT-FD;20200415;0.7;25.0
CLERMONT-FD;20200416;11.5;23.8
CLERMONT-FD;20200417;10.4;23.7
CLERMONT-FD;20200418;11.4;22.5
CLERMONT-FD;20200419;8.9;16.4
CLERMONT-FD;20200420;12.1;21.8
CLERMONT-FD;20200421;12.6;18.9
CLERMONT-FD;20200422;10.2;20.4
CLERMONT-FD;20200423;11.0;24.1
CLERMONT-FD;20200424;10.0;23.8
CLERMONT-FD;20200425;12.9;23.2
CLERMONT-FD;20200426;11.4;22.2
CLERMONT-FD;20200427;8.6;22.9
CLERMONT-FD;20200428;10.5;19.1
CLERMONT-FD;20200429;8.4;17.9
CLERMONT-FD;20200430;11.0;16.1
CLERMONT-FD;20200501;8.5;16.3
CLERMONT-FD;20200502;11.8;19.0
CLERMONT-FD;20200503;11.4;22.5
CLERMONT-FD;20200504;10.9;26.9
CLERMONT-FD;20200505;14.8;25.5
CLERMONT-FD;20200506;10.7;20.8
CLERMONT-FD;20200507;7.5;25.5
CLERMONT-FD;20200508;12.7;28.4
CLERMONT-FD;20200509;11.9;27.2
CLERMONT-FD;20200510;10.9;22.2
CLERMONT-FD;20200511;7.2;20.4
CLERMONT-FD;20200512;5.4;10.7
CLERMONT-FD;20200513;8.3;13.2
CLERMONT-FD;20200514;9.0;14.0
CLERMONT-FD;20200515;10.3;15.3
CLERMONT-FD;20200516;4.1;20.0
CLERMONT-FD;20200517;4.1;20.1
CLERMONT-FD;20200518;6.5;22.4
CLERMONT-FD;20200519;7.3;23.9
CLERMONT-FD;20200520;8.5;26.5
CLERMONT-FD;20200521;10.9;27.6
CLERMONT-FD;20200522;14.8;30.9
CLERMONT-FD;20200523;11.1;17.1
CLERMONT-FD;20200524;6.4;20.5
CLERMONT-FD;20200525;5.8;23.0
CLERMONT-FD;20200526;8.7;24.2
CLERMONT-FD;20200527;7.6;24.9
CLERMONT-FD;20200528;7.4;25.6
CLERMONT-FD;20200529;8.9;24.8
CLERMONT-FD;20200530;7.9;24.0
CLERMONT-FD;20200531;8.4;25.5
CLERMONT-FD;20200601;11.9;25.9
CLERMONT-FD;20200602;10.9;27.0
CLERMONT-FD;20200603;12.6;23.3
CLERMONT-FD;20200604;12.6;21.6
CLERMONT-FD;20200605;12.1;20.8
CLERMONT-FD;20200606;15.3;19.7
CLERMONT-FD;20200607;9.9;17.8
CLERMONT-FD;20200608;9.5;18.3
CLERMONT-FD;20200609;9.0;17.7
CLERMONT-FD;20200610;11.9;19.5
CLERMONT-FD;20200611;9.2;20.3
CLERMONT-FD;20200612;11.9;15.8
CLERMONT-FD;20200613;11.7;22.8
CLERMONT-FD;20200614;7.9;22.2
CLERMONT-FD;20200615;9.5;21.9
CLERMONT-FD;20200616;9.9;21.3
CLERMONT-FD;20200617;10.3;20.7
CLERMONT-FD;20200618;11.1;20.5
CLERMONT-FD;20200619;10.4;21.6
CLERMONT-FD;20200620;10.0;23.4
CLERMONT-FD;20200621;12.2;24.9
CLERMONT-FD;20200622;16.8;25.6
CLERMONT-FD;20200623;10.6;29.5
CLERMONT-FD;20200624;16.5;33.2
CLERMONT-FD;20200625;18.3;32.7
CLERMONT-FD;20200626;19.0;31.0
CLERMONT-FD;20200627;17.1;29.1
CLERMONT-FD;20200628;18.5;26.3
CLERMONT-FD;20200629;15.4;26.4
CLERMONT-FD;20200630;10.9;28.3
CLERMONT-FD;20200701;15.1;27.3
CLERMONT-FD;20200702;19.2;24.5
CLERMONT-FD;20200703;15.0;22.4
CLERMONT-FD;20200704;8.8;27.4
CLERMONT-FD;20200705;16.4;29.8
CLERMONT-FD;20200706;15.7;23.8
CLERMONT-FD;20200707;8.0;24.6
CLERMONT-FD;20200708;10.0;28.9
CLERMONT-FD;20200709;15.0;33.9
CLERMONT-FD;20200710;16.9;30.1
CLERMONT-FD;20200711;15.1;24.4
CLERMONT-FD;20200712;8.7;27.3
CLERMONT-FD;20200713;9.9;27.6
CLERMONT-FD;20200714;11.0;27.8
CLERMONT-FD;20200715;15.9;20.8
CLERMONT-FD;20200716;14.7;20.5
CLERMONT-FD;20200717;15.7;20.9
CLERMONT-FD;20200718;10.6;27.1
CLERMONT-FD;20200719;12.7;30.6
CLERMONT-FD;20200720;15.3;32.7
CLERMONT-FD;20200721;15.5;30.7
CLERMONT-FD;20200722;16.8;25.4
CLERMONT-FD;20200723;13.7;30.4
CLERMONT-FD;20200724;15.3;29.2
CLERMONT-FD;20200725;13.1;29.9
CLERMONT-FD;20200726;19.9;27.6
CLERMONT-FD;20200727;15.6;36.2
CLERMONT-FD;20200728;18.4;29.7
CLERMONT-FD;20200729;16.9;29.9
CLERMONT-FD;20200730;15.4;36.2
CLERMONT-FD;20200731;22.6;39.8
CLERMONT-FD;20200801;17.4;31.7
CLERMONT-FD;20200802;19.3;24.9
CLERMONT-FD;20200803;15.9;21.9
CLERMONT-FD;20200804;10.3;23.2
CLERMONT-FD;20200805;9.7;28.4
CLERMONT-FD;20200806;13.4;32.6
CLERMONT-FD;20200807;16.1;36.0
CLERMONT-FD;20200808;19.6;36.9
CLERMONT-FD;20200809;19.8;33.2
CLERMONT-FD;20200810;18.4;34.6
CLERMONT-FD;20200811;17.8;33.2
CLERMONT-FD;20200812;18.3;31.4
CLERMONT-FD;20200813;18.2;27.2
CLERMONT-FD;20200814;18.6;27.3
CLERMONT-FD;20200815;14.2;29.4
CLERMONT-FD;20200816;17.4;27.3
CLERMONT-FD;20200817;13.3;26.4
CLERMONT-FD;20200818;16.3;28.4
CLERMONT-FD;20200819;15.5;31.3
CLERMONT-FD;20200820;20.4;36.6
CLERMONT-FD;20200821;22.4;33.3
CLERMONT-FD;20200822;17.5;27.0
CLERMONT-FD;20200823;14.7;24.9
CLERMONT-FD;20200824;12.1;25.9
CLERMONT-FD;20200825;13.1;31.7
CLERMONT-FD;20200826;18.2;26.3
CLERMONT-FD;20200827;12.4;30.6
CLERMONT-FD;20200828;15.3;22.1
CLERMONT-FD;20200829;10.4;21.4
CLERMONT-FD;20200830;13.0;19.9
CLERMONT-FD;20200831;11.6;19.7
CLERMONT-FD;20200901;6.8;20.7
CLERMONT-FD;20200902;8.1;22.6
CLERMONT-FD;20200903;9.1;25.7
CLERMONT-FD;20200904;12.7;32.2
CLERMONT-FD;20200905;16.8;29.0
CLERMONT-FD;20200906;14.0;21.7
CLERMONT-FD;20200907;5.8;22.4
CLERMONT-FD;20200908;6.5;25.9
CLERMONT-FD;20200909;12.2;28.5
CLERMONT-FD;20200910;11.3;27.8
CLERMONT-FD;20200911;13.2;28.3
CLERMONT-FD;20200912;11.8;29.3
CLERMONT-FD;20200913;9.7;30.5
CLERMONT-FD;20200914;12.0;34.2
CLERMONT-FD;20200915;14.6;33.0
CLERMONT-FD;20200916;16.6;31.4
CLERMONT-FD;20200917;13.0;31.2
CLERMONT-FD;20200918;13.7;32.9
CLERMONT-FD;20200919;18.5;23.7
CLERMONT-FD;20200920;15.9;25.3
CLERMONT-FD;20200921;16.0;21.4
CLERMONT-FD;20200922;14.9;23.7
CLERMONT-FD;20200923;13.5;26.3
CLERMONT-FD;20200924;15.1;22.7
CLERMONT-FD;20200925;5.2;14.8
CLERMONT-FD;20200926;7.9;14.6
CLERMONT-FD;20200927;3.4;11.6
CLERMONT-FD;20200928;9.6;11.6
CLERMONT-FD;20200929;6.2;17.3
CLERMONT-FD;20200930;5.1;21.0
CLERMONT-FD;20201001;10.8;18.9
CLERMONT-FD;20201002;10.0;13.5
CLERMONT-FD;20201003;7.0;15.9
CLERMONT-FD;20201004;8.4;14.7
CLERMONT-FD;20201005;8.2;15.4
CLERMONT-FD;20201006;11.4;19.5
CLERMONT-FD;20201007;11.4;17.8
CLERMONT-FD;20201008;10.8;21.5
CLERMONT-FD;20201009;8.6;20.0
CLERMONT-FD;20201010;10.0;14.8
CLERMONT-FD;20201011;7.3;12.5
CLERMONT-FD;20201012;6.2;10.8
CLERMONT-FD;20201013;5.6;12.6
CLERMONT-FD;20201014;4.4;11.4
CLERMONT-FD;20201015;5.7;8.5
CLERMONT-FD;20201016;7.1;9.5
CLERMONT-FD;20201017;8.1;11.7
CLERMONT-FD;20201018;7.9;15.4
CLERMONT-FD;20201019;2.1;17.4
CLERMONT-FD;20201020;13.6;18.7
CLERMONT-FD;20201021;16.1;22.7
CLERMONT-FD;20201022;15.6;20.4
CLERMONT-FD;20201023;13.0;19.1
CLERMONT-FD;20201024;8.6;17.8
CLERMONT-FD;20201025;9.4;18.7
CLERMONT-FD;20201026;7.0;14.2
CLERMONT-FD;20201027;5.6;14.7
CLERMONT-FD;20201028;10.9;16.8
CLERMONT-FD;20201029;13.0;16.9
CLERMONT-FD;20201030;7.1;18.6
CLERMONT-FD;20201031;4.0;23.2
CLERMONT-FD;20201101;11.0;20.2
CLERMONT-FD;20201102;14.5;22.0
CLERMONT-FD;20201103;9.7;12.9
CLERMONT-FD;20201104;2.8;9.9
CLERMONT-FD;20201105;6.1;11.7
CLERMONT-FD;20201106;2.8;20.5
CLERMONT-FD;20201107;12.2;18.1
CLERMONT-FD;20201108;13.2;20.0
CLERMONT-FD;20201109;3.8;19.5
CLERMONT-FD;20201110;8.5;14.9
CLERMONT-FD;20201111;5.3;16.5
CLERMONT-FD;20201112;7.5;18.9
CLERMONT-FD;20201113;8.7;18.0
CLERMONT-FD;20201114;2.5;20.0
CLERMONT-FD;20201115;12.3;20.2
CLERMONT-FD;20201116;9.3;13.9
CLERMONT-FD;20201117;3.4;14.4
CLERMONT-FD;20201118;1.9;21.4
CLERMONT-FD;20201119;9.0;14.5
CLERMONT-FD;20201120;4.6;9.0
CLERMONT-FD;20201121;-5.2;7.9
CLERMONT-FD;20201122;-2.0;12.2
CLERMONT-FD;20201123;-3.5;12.8
CLERMONT-FD;20201124;-0.5;14.7
CLERMONT-FD;20201125;-0.2;16.2
CLERMONT-FD;20201126;8.5;15.9
CLERMONT-FD;20201127;5.0;16.9
CLERMONT-FD;20201128;0.1;14.0
CLERMONT-FD;20201129;-3.6;3.6
CLERMONT-FD;20201130;-1.8;4.3
CLERMONT-FD;20201201;-4.1;8.0
CLERMONT-FD;20201202;3.9;6.2
CLERMONT-FD;20201203;2.6;8.9
CLERMONT-FD;20201204;3.1;8.1
CLERMONT-FD;20201205;-1.6;7.6
CLERMONT-FD;20201206;-3.1;8.5
CLERMONT-FD;20201207;1.3;6.6
CLERMONT-FD;20201208;2.5;5.4
CLERMONT-FD;20201209;-1.1;7.2
CLERMONT-FD;20201210;0.7;6.2
CLERMONT-FD;20201211;3.4;12.3
CLERMONT-FD;20201212;7.2;9.6
CLERMONT-FD;20201213;1.6;9.1
CLERMONT-FD;20201214;4.9;13.5
CLERMONT-FD;20201215;9.0;13.0
CLERMONT-FD;20201216;2.5;14.5
CLERMONT-FD;20201217;7.1;11.1
CLERMONT-FD;20201218;-0.3;14.5
CLERMONT-FD;20201219;6.4;13.9
CLERMONT-FD;20201220;7.2;12.8
CLERMONT-FD;20201221;3.4;14.9
CLERMONT-FD;20201222;10.0;16.5
CLERMONT-FD;20201223;10.5;18.0
CLERMONT-FD;20201224;5.3;10.8
CLERMONT-FD;20201225;1.3;3.9
CLERMONT-FD;20201226;0.2;3.2
CLERMONT-FD;20201227;-2.6;7.7
CLERMONT-FD;20201228;3.1;8.2
CLERMONT-FD;20201229;4.6;8.8
CLERMONT-FD;20201230;0.9;6.1
CLERMONT-FD;20201231;0.3;10.0
CLERMONT-FD;20210101;-0.9;3.0
CLERMONT-FD;20210102;-1.1;1.0
CLERMONT-FD;20210103;-0.3;1.6
CLERMONT-FD;20210104;-3.0;0.3
CLERMONT-FD;20210105;-0.8;0.2
CLERMONT-FD;20210106;-0.6;0.6
CLERMONT-FD;20210107;-1.6;0.8
CLERMONT-FD;20210108;-0.7;2.7
CLERMONT-FD;20210109;-3.9;0.7
CLERMONT-FD;20210110;-2.0;0.2
CLERMONT-FD;20210111;-7.1;-0.6
CLERMONT-FD;20210112;-4.8;8.2
CLERMONT-FD;20210113;6.1;10.9
CLERMONT-FD;20210114;5.7;10.8
CLERMONT-FD;20210115;1.0;5.7
CLERMONT-FD;20210116;-4.1;7.4
CLERMONT-FD;20210117;0.8;7.4
CLERMONT-FD;20210118;0.2;7.5
CLERMONT-FD;20210119;-1.5;12.2
CLERMONT-FD;20210120;3.9;14.4
CLERMONT-FD;20210121;7.9;12.4
CLERMONT-FD;20210122;4.5;9.9
CLERMONT-FD;20210123;2.2;9.2
CLERMONT-FD;20210124;-0.4;6.7
CLERMONT-FD;20210125;0.6;6.7
CLERMONT-FD;20210126;-4.7;4.9
CLERMONT-FD;20210127;0.8;13.5
CLERMONT-FD;20210128;8.8;16.0
CLERMONT-FD;20210129;10.3;13.9
CLERMONT-FD;20210130;7.2;12.2
CLERMONT-FD;20210131;6.3;14.1
CLERMONT-FD;20210201;9.9;13.5
CLERMONT-FD;20210202;9.9;15.5
CLERMONT-FD;20210203;10.1;15.0
CLERMONT-FD;20210204;5.4;13.3
CLERMONT-FD;20210205;4.3;13.9
CLERMONT-FD;20210206;3.2;14.9
CLERMONT-FD;20210207;4.8;9.5
CLERMONT-FD;20210208;0.1;7.1
CLERMONT-FD;20210209;1.0;8.3
CLERMONT-FD;20210210;1.2;10.1
CLERMONT-FD;20210211;-2.2;2.0
CLERMONT-FD;20210212;-1.6;1.1
CLERMONT-FD;20210213;-7.2;-0.6
CLERMONT-FD;20210214;-5.4;10.7
CLERMONT-FD;20210215;3.1;14.7
CLERMONT-FD;20210216;4.8;19.1
CLERMONT-FD;20210217;1.1;16.0
CLERMONT-FD;20210218;5.0;16.5
CLERMONT-FD;20210219;6.2;17.9
CLERMONT-FD;20210220;8.7;17.1
CLERMONT-FD;20210221;9.6;16.4
CLERMONT-FD;20210222;11.4;17.4
CLERMONT-FD;20210223;10.1;18.8
CLERMONT-FD;20210224;8.1;22.5
CLERMONT-FD;20210225;3.1;20.9
CLERMONT-FD;20210226;2.3;16.0
CLERMONT-FD;20210227;5.1;10.8
CLERMONT-FD;20210228;-2.7;15.1
CLERMONT-FD;20210301;0.7;19.0
CLERMONT-FD;20210302;3.0;18.7
CLERMONT-FD;20210303;3.3;14.2
CLERMONT-FD;20210304;1.2;16.2
CLERMONT-FD;20210305;6.3;7.9
CLERMONT-FD;20210306;-0.9;11.7
CLERMONT-FD;20210307;1.2;11.2
CLERMONT-FD;20210308;4.1;11.7
CLERMONT-FD;20210309;-3.2;10.0
CLERMONT-FD;20210310;-2.9;15.3
CLERMONT-FD;20210311;8.7;18.4
CLERMONT-FD;20210312;5.3;13.6
CLERMONT-FD;20210313;7.0;13.8
CLERMONT-FD;20210314;2.2;12.0
CLERMONT-FD;20210315;6.0;11.5
CLERMONT-FD;20210316;4.4;10.7
CLERMONT-FD;20210317;4.9;8.2
CLERMONT-FD;20210318;2.1;5.4
CLERMONT-FD;20210319;0.2;5.2
CLERMONT-FD;20210320;-1.0;8.1
CLERMONT-FD;20210321;-0.7;9.1
CLERMONT-FD;20210322;1.0;9.5
CLERMONT-FD;20210323;1.2;13.2
CLERMONT-FD;20210324;1.6;19.9
CLERMONT-FD;20210325;1.8;14.7
CLERMONT-FD;20210326;2.7;19.7
CLERMONT-FD;20210327;2.3;13.3
CLERMONT-FD;20210328;0.3;19.3
CLERMONT-FD;20210329;5.1;23.9
CLERMONT-FD;20210330;6.1;26.3
CLERMONT-FD;20210331;6.8;26.5
CLERMONT-FD;20210401;7.7;25.2
CLERMONT-FD;20210402;6.2;22.4
CLERMONT-FD;20210403;3.9;12.8
CLERMONT-FD;20210404;-1.1;15.6
CLERMONT-FD;20210405;0.6;20.0
CLERMONT-FD;20210406;0.2;6.5
CLERMONT-FD;20210407;-0.5;8.8
CLERMONT-FD;20210408;-5.3;16.6
CLERMONT-FD;20210409;4.0;17.4
CLERMONT-FD;20210410;7.6;18.4
CLERMONT-FD;20210411;5.9;12.6
CLERMONT-FD;20210412;4.0;10.6
CLERMONT-FD;20210413;-3.3;11.1
CLERMONT-FD;20210414;-3.3;11.8
CLERMONT-FD;20210415;-4.0;11.3
CLERMONT-FD;20210416;-4.1;10.8
CLERMONT-FD;20210417;-2.4;12.8
CLERMONT-FD;20210418;3.0;12.4
CLERMONT-FD;20210419;2.4;16.7
CLERMONT-FD;20210420;2.0;18.8
CLERMONT-FD;20210421;7.6;15.6
CLERMONT-FD;20210422;2.1;20.3
CLERMONT-FD;20210423;3.5;21.4
CLERMONT-FD;20210424;7.8;25.4
CLERMONT-FD;20210425;8.2;22.6
CLERMONT-FD;20210426;11.4;18.0
CLERMONT-FD;20210427;7.8;21.3
CLERMONT-FD;20210428;11.8;16.6
CLERMONT-FD;20210429;8.4;11.3
CLERMONT-FD;20210430;7.7;13.2
CLERMONT-FD;20210501;7.9;10.7
CLERMONT-FD;20210502;2.8;13.0
CLERMONT-FD;20210503;0.4;19.0
CLERMONT-FD;20210504;6.9;19.3
CLERMONT-FD;20210505;6.6;17.0
CLERMONT-FD;20210506;8.1;18.6
CLERMONT-FD;20210507;10.3;16.2
CLERMONT-FD;20210508;7.2;28.6
CLERMONT-FD;20210509;16.0;25.2
CLERMONT-FD;20210510;11.8;15.5
CLERMONT-FD;20210511;9.3;15.4
CLERMONT-FD;20210512;4.6;16.2
CLERMONT-FD;20210513;8.0;18.0
CLERMONT-FD;20210514;7.0;18.1
CLERMONT-FD;20210515;8.3;14.3
CLERMONT-FD;20210516;10.8;20.2
CLERMONT-FD;20210517;9.6;16.7
CLERMONT-FD;20210518;6.2;13.3
CLERMONT-FD;20210519;7.0;16.3
CLERMONT-FD;20210520;3.5;20.8
CLERMONT-FD;20210521;11.2;17.5
CLERMONT-FD;20210522;6.6;15.8
CLERMONT-FD;20210523;4.9;18.8
CLERMONT-FD;20210524;7.2;18.7
CLERMONT-FD;20210525;8.8;17.1
CLERMONT-FD;20210526;7.5;21.8
CLERMONT-FD;20210527;5.7;21.9
CLERMONT-FD;20210528;7.6;24.4
CLERMONT-FD;20210529;13.2;25.1
CLERMONT-FD;20210530;9.6;23.8
CLERMONT-FD;20210531;8.7;27.4
CLERMONT-FD;20210601;14.2;29.7
CLERMONT-FD;20210602;15.4;22.8
CLERMONT-FD;20210603;14.4;26.4
CLERMONT-FD;20210604;15.1;25.3
CLERMONT-FD;20210605;13.4;17.5
CLERMONT-FD;20210606;13.6;17.4
CLERMONT-FD;20210607;13.9;21.0
CLERMONT-FD;20210608;11.7;25.0
CLERMONT-FD;20210609;11.3;26.6
CLERMONT-FD;20210610;12.4;27.6
CLERMONT-FD;20210611;13.2;28.3
CLERMONT-FD;20210612;14.7;29.0
CLERMONT-FD;20210613;14.6;28.3
CLERMONT-FD;20210614;13.8;30.7
CLERMONT-FD;20210615;14.0;30.7
CLERMONT-FD;20210616;16.2;33.8
CLERMONT-FD;20210617;19.2;29.7
CLERMONT-FD;20210618;17.0;30.3
CLERMONT-FD;20210619;16.5;32.8
CLERMONT-FD;20210620;15.7;21.3
CLERMONT-FD;20210621;14.2;24.1
CLERMONT-FD;20210622;14.5;24.6
CLERMONT-FD;20210623;11.7;23.0
CLERMONT-FD;20210624;14.4;17.9
CLERMONT-FD;20210625;9.4;22.7
CLERMONT-FD;20210626;11.6;27.2
CLERMONT-FD;20210627;16.3;25.8
CLERMONT-FD;20210628;14.8;23.0
CLERMONT-FD;20210629;15.0;20.8
CLERMONT-FD;20210630;13.7;21.8
CLERMONT-FD;20210701;14.1;24.1
CLERMONT-FD;20210702;11.7;26.8
CLERMONT-FD;20210703;17.5;23.4
CLERMONT-FD;20210704;16.1;23.5
CLERMONT-FD;20210705;16.6;27.7
CLERMONT-FD;20210706;18.2;21.9
CLERMONT-FD;20210707;10.6;23.6
CLERMONT-FD;20210708;14.3;22.3
CLERMONT-FD;20210709;11.6;24.4
CLERMONT-FD;20210710;11.9;25.1
CLERMONT-FD;20210711;10.3;26.4
CLERMONT-FD;20210712;15.7;18.4
CLERMONT-FD;20210713;12.3;19.0
CLERMONT-FD;20210714;13.1;18.4
CLERMONT-FD;20210715;15.6;20.8
CLERMONT-FD;20210716;16.2;18.3
CLERMONT-FD;20210717;15.5;22.6
CLERMONT-FD;20210718;17.0;27.4
CLERMONT-FD;20210719;17.7;28.9
CLERMONT-FD;20210720;12.7;28.9
CLERMONT-FD;20210721;13.9;28.3
CLERMONT-FD;20210722;12.9;29.2
CLERMONT-FD;20210723;14.7;33.9
CLERMONT-FD;20210724;17.1;24.0
CLERMONT-FD;20210725;13.8;23.6
CLERMONT-FD;20210726;14.9;25.7
CLERMONT-FD;20210727;14.3;24.4
CLERMONT-FD;20210728;15.4;25.8
CLERMONT-FD;20210729;11.6;27.3
CLERMONT-FD;20210730;13.9;24.8
CLERMONT-FD;20210731;15.5;20.9
CLERMONT-FD;20210801;12.8;22.1
CLERMONT-FD;20210802;10.1;23.6
CLERMONT-FD;20210803;13.1;20.7
CLERMONT-FD;20210804;14.5;24.0
CLERMONT-FD;20210805;15.9;23.7
CLERMONT-FD;20210806;16.8;24.7
CLERMONT-FD;20210807;15.2;23.7
CLERMONT-FD;20210808;10.7;22.8
CLERMONT-FD;20210809;10.7;24.6
CLERMONT-FD;20210810;12.8;29.6
CLERMONT-FD;20210811;14.3;30.8
CLERMONT-FD;20210812;18.0;34.6
CLERMONT-FD;20210813;16.6;32.0
CLERMONT-FD;20210814;18.7;33.4
CLERMONT-FD;20210815;20.8;32.5
CLERMONT-FD;20210816;16.7;22.9
CLERMONT-FD;20210817;16.2;22.7
CLERMONT-FD;20210818;14.5;18.7
CLERMONT-FD;20210819;15.1;24.7
CLERMONT-FD;20210820;12.3;28.2
CLERMONT-FD;20210821;14.0;32.2
CLERMONT-FD;20210822;15.6;24.8
CLERMONT-FD;20210823;13.1;23.2
CLERMONT-FD;20210824;16.1;24.6
CLERMONT-FD;20210825;13.0;23.0
CLERMONT-FD;20210826;9.0;25.8
CLERMONT-FD;20210827;13.0;21.3
CLERMONT-FD;20210828;7.2;21.6
CLERMONT-FD;20210829;9.9;19.1
CLERMONT-FD;20210830;7.3;19.9
CLERMONT-FD;20210831;9.0;23.3
CLERMONT-FD;20210901;7.5;24.7
CLERMONT-FD;20210902;12.0;29.3
CLERMONT-FD;20210903;16.2;24.3
CLERMONT-FD;20210904;15.3;27.1
CLERMONT-FD;20210905;12.9;28.9
CLERMONT-FD;20210906;12.9;30.5
CLERMONT-FD;20210907;13.8;32.8
CLERMONT-FD;20210908;16.8;31.6
CLERMONT-FD;20210909;16.5;23.4
CLERMONT-FD;20210910;15.6;26.0
CLERMONT-FD;20210911;12.8;25.9
CLERMONT-FD;20210912;11.7;27.1
CLERMONT-FD;20210913;14.1;31.5
CLERMONT-FD;20210914;18.6;29.5
CLERMONT-FD;20210915;17.0;26.7
CLERMONT-FD;20210916;14.9;24.4
CLERMONT-FD;20210917;15.9;20.9
CLERMONT-FD;20210918;13.2;24.5
CLERMONT-FD;20210919;12.4;15.8
CLERMONT-FD;20210920;12.6;17.2
CLERMONT-FD;20210921;14.1;19.2
CLERMONT-FD;20210922;9.3;21.0
CLERMONT-FD;20210923;6.2;24.8
CLERMONT-FD;20210924;9.0;25.9
CLERMONT-FD;20210925;13.9;27.1
CLERMONT-FD;20210926;13.7;23.4
CLERMONT-FD;20210927;13.0;24.1
CLERMONT-FD;20210928;6.7;20.1
CLERMONT-FD;20210929;11.7;21.4
CLERMONT-FD;20210930;4.6;19.0
CLERMONT-FD;20211001;6.0;22.4
CLERMONT-FD;20211002;9.7;25.3
CLERMONT-FD;20211003;12.4;21.1
CLERMONT-FD;20211004;10.0;16.2
CLERMONT-FD;20211005;8.1;19.0
CLERMONT-FD;20211006;5.5;16.9
CLERMONT-FD;20211007;4.0;15.9
CLERMONT-FD;20211008;6.0;13.5
CLERMONT-FD;20211009;9.1;13.7
CLERMONT-FD;20211010;6.3;16.6
CLERMONT-FD;20211011;1.8;16.0
CLERMONT-FD;20211012;7.5;15.5
CLERMONT-FD;20211013;6.9;14.9
CLERMONT-FD;20211014;-0.4;16.5
CLERMONT-FD;20211015;2.6;18.7
CLERMONT-FD;20211016;1.3;17.4
CLERMONT-FD;20211017;3.8;21.9
CLERMONT-FD;20211018;6.8;21.3
CLERMONT-FD;20211019;8.2;24.1
CLERMONT-FD;20211020;14.2;23.2
CLERMONT-FD;20211021;11.2;17.9
CLERMONT-FD;20211022;7.4;14.2
CLERMONT-FD;20211023;-0.9;13.4
CLERMONT-FD;20211024;1.9;21.0
CLERMONT-FD;20211025;5.3;17.5
CLERMONT-FD;20211026;8.4;17.5
CLERMONT-FD;20211027;1.6;16.4
CLERMONT-FD;20211028;2.4;20.9
CLERMONT-FD;20211029;10.6;20.4
CLERMONT-FD;20211030;13.7;22.0
CLERMONT-FD;20211031;13.0;21.6
CLERMONT-FD;20211101;11.2;15.6
CLERMONT-FD;20211102;8.8;14.1
CLERMONT-FD;20211103;7.4;12.4
CLERMONT-FD;20211104;3.8;11.2
CLERMONT-FD;20211105;4.5;8.5
CLERMONT-FD;20211106;2.8;8.9
CLERMONT-FD;20211107;0.8;10.7
CLERMONT-FD;20211108;6.9;9.8
CLERMONT-FD;20211109;-1.3;6.4
CLERMONT-FD;20211110;-2.1;12.5
CLERMONT-FD;20211111;3.7;13.6
CLERMONT-FD;20211112;-1.0;17.0
CLERMONT-FD;20211113;1.2;11.3
CLERMONT-FD;20211114;6.6;10.5
CLERMONT-FD;20211115;7.6;8.9
CLERMONT-FD;20211116;6.1;7.4
CLERMONT-FD;20211117;4.5;8.2
CLERMONT-FD;20211118;6.8;11.6
CLERMONT-FD;20211119;0.3;10.2
CLERMONT-FD;20211120;-0.1;11.4
CLERMONT-FD;20211121;-0.8;5.2
CLERMONT-FD;20211122;2.8;6.2
CLERMONT-FD;20211123;4.2;8.0
CLERMONT-FD;20211124;-0.5;11.7
CLERMONT-FD;20211125;2.4;5.0
CLERMONT-FD;20211126;1.3;6.0
CLERMONT-FD;20211127;2.0;7.2
CLERMONT-FD;20211128;1.7;4.5
CLERMONT-FD;20211129;0.4;3.6
CLERMONT-FD;20211130;-3.8;7.9
CLERMONT-FD;20211201;1.8;11.5
CLERMONT-FD;20211202;0.5;6.1
CLERMONT-FD;20211203;-4.4;12.9
CLERMONT-FD;20211204;4.6;13.6
CLERMONT-FD;20211205;3.3;6.8
CLERMONT-FD;20211206;3.3;8.2
CLERMONT-FD;20211207;1.2;11.5
CLERMONT-FD;20211208;3.9;8.1
CLERMONT-FD;20211209;0.4;8.5
CLERMONT-FD;20211210;0.4;8.4
CLERMONT-FD;20211211;0.3;7.5
CLERMONT-FD;20211212;-1.3;11.3
CLERMONT-FD;20211213;-0.1;11.3
CLERMONT-FD;20211214;-4.0;11.3
CLERMONT-FD;20211215;-1.6;1.2
CLERMONT-FD;20211216;-0.4;2.9
CLERMONT-FD;20211217;0.3;6.3
CLERMONT-FD;20211218;-3.8;-0.1
CLERMONT-FD;20211219;-2.6;-1.7
CLERMONT-FD;20211220;-3.1;-1.9
CLERMONT-FD;20211221;-5.1;-1.3
CLERMONT-FD;20211222;-5.4;5.8
CLERMONT-FD;20211223;-3.8;13.9
CLERMONT-FD;20211224;3.7;13.8
CLERMONT-FD;20211225;3.4;9.4
CLERMONT-FD;20211226;5.1;13.8
CLERMONT-FD;20211227;5.4;15.0
CLERMONT-FD;20211228;9.3;16.6
CLERMONT-FD;20211229;10.0;17.9
CLERMONT-FD;20211230;7.5;15.4
CLERMONT-FD;20211231;0.6;16.3
CLERMONT-FD;20220101;3.1;17.7
CLERMONT-FD;20220102;3.5;19.0
CLERMONT-FD;20220103;8.8;15.0
CLERMONT-FD;20220104;7.9;16.8
CLERMONT-FD;20220105;1.3;5.1
CLERMONT-FD;20220106;-0.3;5.4
CLERMONT-FD;20220107;-1.2;8.1
CLERMONT-FD;20220108;5.6;10.1
CLERMONT-FD;20220109;4.7;8.6
CLERMONT-FD;20220110;2.7;7.2
CLERMONT-FD;20220111;-0.8;4.8
CLERMONT-FD;20220112;-2.1;3.0
CLERMONT-FD;20220113;-5.7;3.3
CLERMONT-FD;20220114;-6.0;10.3
CLERMONT-FD;20220115;-6.4;10.1
CLERMONT-FD;20220116;-4.5;6.1
CLERMONT-FD;20220117;-5.3;3.7
CLERMONT-FD;20220118;-0.5;2.8
CLERMONT-FD;20220119;-5.7;4.1
CLERMONT-FD;20220120;0.7;4.9
CLERMONT-FD;20220121;-0.4;4.0
CLERMONT-FD;20220122;-1.8;1.9
CLERMONT-FD;20220123;-3.8;5.4
CLERMONT-FD;20220124;-4.6;9.3
CLERMONT-FD;20220125;-1.2;12.5
CLERMONT-FD;20220126;-4.2;9.0
CLERMONT-FD;20220127;-6.5;1.1
CLERMONT-FD;20220128;-3.0;3.3
CLERMONT-FD;20220129;-5.0;4.9
CLERMONT-FD;20220130;1.2;9.1
CLERMONT-FD;20220131;4.1;8.9
CLERMONT-FD;20220201;-0.3;8.3
CLERMONT-FD;20220202;5.9;12.5
CLERMONT-FD;20220203;-0.4;13.4
CLERMONT-FD;20220204;-3.0;12.5
CLERMONT-FD;20220205;0.1;8.8
CLERMONT-FD;20220206;-1.1;10.5
CLERMONT-FD;20220207;4.6;9.9
CLERMONT-FD;20220208;-3.4;13.1
CLERMONT-FD;20220209;0.2;18.5
CLERMONT-FD;20220210;3.6;17.9
CLERMONT-FD;20220211;3.6;8.0
CLERMONT-FD;20220212;-4.7;8.8
CLERMONT-FD;20220213;-1.0;14.7
CLERMONT-FD;20220214;7.0;11.5
CLERMONT-FD;20220215;2.6;10.5
CLERMONT-FD;20220216;6.5;15.3
CLERMONT-FD;20220217;12.5;17.3
CLERMONT-FD;20220218;7.3;19.5
CLERMONT-FD;20220219;0.7;11.3
CLERMONT-FD;20220220;3.6;13.0
CLERMONT-FD;20220221;7.0;11.0
CLERMONT-FD;20220222;6.0;13.2
CLERMONT-FD;20220223;5.8;12.7
CLERMONT-FD;20220224;2.9;16.2
CLERMONT-FD;20220225;-1.4;9.6
CLERMONT-FD;20220226;-4.6;11.4
CLERMONT-FD;20220227;-5.9;12.8
CLERMONT-FD;20220228;-4.8;14.8
CLERMONT-FD;20220301;-4.0;15.7
CLERMONT-FD;20220302;4.1;15.1
CLERMONT-FD;20220303;6.9;14.2
CLERMONT-FD;20220304;4.1;12.9
CLERMONT-FD;20220305;-1.3;11.6
CLERMONT-FD;20220306;-5.9;8.9
CLERMONT-FD;20220307;-7.1;11.7
CLERMONT-FD;20220308;-1.9;17.2
CLERMONT-FD;20220309;1.4;16.4
CLERMONT-FD;20220310;1.2;16.4
CLERMONT-FD;20220311;7.4;12.9
CLERMONT-FD;20220312;5.7;9.5
CLERMONT-FD;20220313;5.1;10.7
CLERMONT-FD;20220314;-0.4;14.2
CLERMONT-FD;20220315;8.6;16.3
CLERMONT-FD;20220316;8.9;17.2
CLERMONT-FD;20220317;7.5;10.5
CLERMONT-FD;20220318;6.2;9.3
CLERMONT-FD;20220319;6.4;16.0
CLERMONT-FD;20220320;6.0;14.4
CLERMONT-FD;20220321;7.2;15.9
CLERMONT-FD;20220322;-0.5;16.7
CLERMONT-FD;20220323;-2.3;18.2
CLERMONT-FD;20220324;1.0;20.4
CLERMONT-FD;20220325;2.3;20.6
CLERMONT-FD;20220326;1.1;19.9
CLERMONT-FD;20220327;4.7;22.0
CLERMONT-FD;20220328;6.9;22.3
CLERMONT-FD;20220329;9.0;20.5
CLERMONT-FD;20220330;8.7;14.2
CLERMONT-FD;20220331;7.0;12.0
CLERMONT-FD;20220401;0.6;5.8
CLERMONT-FD;20220402;-0.6;2.4
CLERMONT-FD;20220403;-0.2;3.7
CLERMONT-FD;20220404;0.2;10.0
CLERMONT-FD;20220405;-0.3;13.1
CLERMONT-FD;20220406;8.8;15.1
CLERMONT-FD;20220407;10.7;16.1
CLERMONT-FD;20220408;12.2;17.9
CLERMONT-FD;20220409;1.1;11.9
CLERMONT-FD;20220410;-1.8;16.4
CLERMONT-FD;20220411;3.0;19.0
CLERMONT-FD;20220412;11.5;18.6
CLERMONT-FD;20220413;6.6;18.3
CLERMONT-FD;20220414;7.9;20.8
CLERMONT-FD;20220415;5.6;22.1
CLERMONT-FD;20220416;6.5;21.7
CLERMONT-FD;20220417;6.6;19.6
CLERMONT-FD;20220418;3.9;21.5
CLERMONT-FD;20220419;4.7;19.6
CLERMONT-FD;20220420;7.3;16.3
CLERMONT-FD;20220421;10.2;19.0
CLERMONT-FD;20220422;3.3;21.4
CLERMONT-FD;20220423;9.0;17.0
CLERMONT-FD;20220424;5.9;15.5
CLERMONT-FD;20220425;10.8;16.6
CLERMONT-FD;20220426;5.7;18.0
CLERMONT-FD;20220427;2.9;20.7
CLERMONT-FD;20220428;4.9;23.7
CLERMONT-FD;20220429;5.4;22.5
CLERMONT-FD;20220430;6.1;19.3
CLERMONT-FD;20220501;3.1;19.1
CLERMONT-FD;20220502;4.5;20.8
CLERMONT-FD;20220503;8.3;21.3
CLERMONT-FD;20220504;8.6;20.2
CLERMONT-FD;20220505;9.0;19.0
CLERMONT-FD;20220506;7.8;18.5
CLERMONT-FD;20220507;5.4;21.8
CLERMONT-FD;20220508;7.8;23.1
CLERMONT-FD;20220509;7.5;24.5
CLERMONT-FD;20220510;11.3;29.0
CLERMONT-FD;20220511;13.2;31.7
CLERMONT-FD;20220512;11.8;21.6
CLERMONT-FD;20220513;14.7;23.5
CLERMONT-FD;20220514;9.8;26.7
CLERMONT-FD;20220515;13.4;31.1
CLERMONT-FD;20220516;14.8;27.3
CLERMONT-FD;20220517;14.1;30.1
CLERMONT-FD;20220518;13.8;31.3
CLERMONT-FD;20220519;19.3;31.5
CLERMONT-FD;20220520;19.4;32.6
CLERMONT-FD;20220521;16.5;30.3
CLERMONT-FD;20220522;15.7;32.0
CLERMONT-FD;20220523;17.3;22.5
CLERMONT-FD;20220524;11.1;20.6
CLERMONT-FD;20220525;5.2;21.2
CLERMONT-FD;20220526;7.6;20.5
CLERMONT-FD;20220527;12.6;23.3
CLERMONT-FD;20220528;11.3;22.6
CLERMONT-FD;20220529;9.1;19.6
CLERMONT-FD;20220530;3.9;22.7
CLERMONT-FD;20220531;10.8;24.2
CLERMONT-FD;20220601;11.7;24.2
CLERMONT-FD;20220602;13.4;25.7
CLERMONT-FD;20220603;14.2;30.3
CLERMONT-FD;20220604;13.2;28.8
CLERMONT-FD;20220605;16.2;25.0
CLERMONT-FD;20220606;12.3;24.6
CLERMONT-FD;20220607;13.4;23.8
CLERMONT-FD;20220608;13.1;22.9
CLERMONT-FD;20220609;14.2;21.3
CLERMONT-FD;20220610;10.5;24.6
CLERMONT-FD;20220611;11.9;28.9
CLERMONT-FD;20220612;14.6;28.9
CLERMONT-FD;20220613;17.9;25.6
CLERMONT-FD;20220614;9.5;29.6
CLERMONT-FD;20220615;18.1;34.6
CLERMONT-FD;20220616;19.2;31.4
CLERMONT-FD;20220617;15.5;33.4
CLERMONT-FD;20220618;16.4;38.4
CLERMONT-FD;20220619;23.4;36.0
CLERMONT-FD;20220620;18.4;33.2
CLERMONT-FD;20220621;17.7;32.4
CLERMONT-FD;20220622;18.4;29.9
CLERMONT-FD;20220623;16.2;27.4
CLERMONT-FD;20220624;15.4;24.2
CLERMONT-FD;20220625;13.1;28.2
CLERMONT-FD;20220626;14.5;16.6
CLERMONT-FD;20220627;14.0;20.1
CLERMONT-FD;20220628;10.4;24.4
CLERMONT-FD;20220629;11.1;27.9
CLERMONT-FD;20220630;13.3;19.3
CLERMONT-FD;20220701;11.4;21.7
CLERMONT-FD;20220702;9.1;28.7
CLERMONT-FD;20220703;13.7;29.2
CLERMONT-FD;20220704;16.0;26.4
CLERMONT-FD;20220705;13.3;26.1
CLERMONT-FD;20220706;12.1;25.2
CLERMONT-FD;20220707;10.9;25.5
CLERMONT-FD;20220708;14.4;25.2
CLERMONT-FD;20220709;11.8;27.1
CLERMONT-FD;20220710;12.0;26.6
CLERMONT-FD;20220711;12.1;27.8
CLERMONT-FD;20220712;13.7;29.8
CLERMONT-FD;20220713;13.4;32.1
CLERMONT-FD;20220714;17.3;34.4
CLERMONT-FD;20220715;14.7;29.5
CLERMONT-FD;20220716;13.4;28.7
CLERMONT-FD;20220717;12.2;30.8
CLERMONT-FD;20220718;14.4;36.2
CLERMONT-FD;20220719;18.1;38.2
CLERMONT-FD;20220720;19.9;27.9
CLERMONT-FD;20220721;14.0;29.6
CLERMONT-FD;20220722;16.4;32.3
CLERMONT-FD;20220723;20.3;27.5
CLERMONT-FD;20220724;14.0;33.2
CLERMONT-FD;20220725;21.1;30.7
CLERMONT-FD;20220726;13.7;26.3
CLERMONT-FD;20220727;12.3;25.9
CLERMONT-FD;20220728;12.0;30.3
CLERMONT-FD;20220729;16.6;27.2
CLERMONT-FD;20220730;13.3;30.0
CLERMONT-FD;20220731;14.8;31.3
CLERMONT-FD;20220801;14.7;33.0
CLERMONT-FD;20220802;16.2;31.5
CLERMONT-FD;20220803;17.8;36.4
CLERMONT-FD;20220804;22.4;37.8
CLERMONT-FD;20220805;17.2;28.7
CLERMONT-FD;20220806;18.2;28.4
CLERMONT-FD;20220807;10.3;28.4
CLERMONT-FD;20220808;11.9;30.4
CLERMONT-FD;20220809;12.7;32.2
CLERMONT-FD;20220810;13.3;32.9
CLERMONT-FD;20220811;13.7;34.6
CLERMONT-FD;20220812;13.5;34.4
CLERMONT-FD;20220813;14.2;34.6
CLERMONT-FD;20220814;18.0;25.4
CLERMONT-FD;20220815;16.5;27.6
CLERMONT-FD;20220816;15.4;28.8
CLERMONT-FD;20220817;14.7;25.2
CLERMONT-FD;20220818;13.9;23.9
CLERMONT-FD;20220819;16.3;24.1
CLERMONT-FD;20220820;17.2;26.7
CLERMONT-FD;20220821;12.9;25.0
CLERMONT-FD;20220822;16.0;25.2
CLERMONT-FD;20220823;18.9;27.6
CLERMONT-FD;20220824;15.6;31.7
CLERMONT-FD;20220825;16.6;31.9
CLERMONT-FD;20220826;17.9;25.5
CLERMONT-FD;20220827;12.9;24.9
CLERMONT-FD;20220828;12.3;28.7
CLERMONT-FD;20220829;15.3;32.7
CLERMONT-FD;20220830;17.7;23.5
CLERMONT-FD;20220831;12.1;26.5
CLERMONT-FD;20220901;13.5;28.3
CLERMONT-FD;20220902;14.7;26.0
CLERMONT-FD;20220903;13.2;26.4
CLERMONT-FD;20220904;13.8;30.1
CLERMONT-FD;20220905;16.3;31.2
CLERMONT-FD;20220906;17.8;25.3
CLERMONT-FD;20220907;15.0;23.3
CLERMONT-FD;20220908;11.7;24.1
CLERMONT-FD;20220909;11.3;22.6
CLERMONT-FD;20220910;12.3;22.6
CLERMONT-FD;20220911;8.1;26.0
CLERMONT-FD;20220912;12.0;33.9
CLERMONT-FD;20220913;18.5;31.7
CLERMONT-FD;20220914;18.8;27.5
CLERMONT-FD;20220915;15.9;25.6
CLERMONT-FD;20220916;14.5;20.7
CLERMONT-FD;20220917;9.6;17.0
CLERMONT-FD;20220918;1.6;20.0
CLERMONT-FD;20220919;2.4;19.5
CLERMONT-FD;20220920;3.1;19.6
CLERMONT-FD;20220921;3.3;20.1
CLERMONT-FD;20220922;2.9;22.8
CLERMONT-FD;20220923;9.4;23.5
CLERMONT-FD;20220924;11.9;22.1
CLERMONT-FD;20220925;11.2;16.0
CLERMONT-FD;20220926;6.4;17.1
CLERMONT-FD;20220927;9.9;16.8
CLERMONT-FD;20220928;13.2;19.3
CLERMONT-FD;20220929;9.1;15.4
CLERMONT-FD;20220930;5.7;16.3
CLERMONT-FD;20221001;7.5;21.4
CLERMONT-FD;20221002;14.5;23.1
CLERMONT-FD;20221003;11.4;19.4
CLERMONT-FD;20221004;6.3;23.0
CLERMONT-FD;20221005;8.0;27.9
CLERMONT-FD;20221006;11.8;16.6
CLERMONT-FD;20221007;11.1;24.3
CLERMONT-FD;20221008;11.1;16.7
CLERMONT-FD;20221009;2.5;23.6
CLERMONT-FD;20221010;11.3;24.5
CLERMONT-FD;20221011;13.6;18.1
CLERMONT-FD;20221012;14.4;21.6
CLERMONT-FD;20221013;11.1;19.6
CLERMONT-FD;20221014;13.3;21.5
CLERMONT-FD;20221015;14.0;21.3
CLERMONT-FD;20221016;14.2;27.3
CLERMONT-FD;20221017;17.9;24.2
CLERMONT-FD;20221018;13.8;27.5
CLERMONT-FD;20221019;12.1;27.6
CLERMONT-FD;20221020;18.1;25.8
CLERMONT-FD;20221021;15.8;23.4
CLERMONT-FD;20221022;12.7;25.1
CLERMONT-FD;20221023;15.0;25.5
CLERMONT-FD;20221024;13.7;23.0
CLERMONT-FD;20221025;9.3;23.8
CLERMONT-FD;20221026;13.2;25.8
CLERMONT-FD;20221027;10.9;26.9
CLERMONT-FD;20221028;18.3;28.7
CLERMONT-FD;20221029;18.0;28.5
CLERMONT-FD;20221030;16.3;26.9
CLERMONT-FD;20221031;11.8;24.3
CLERMONT-FD;20221101;12.2;19.1
CLERMONT-FD;20221102;6.6;18.8
CLERMONT-FD;20221103;7.7;20.0
CLERMONT-FD;20221104;8.7;12.7
CLERMONT-FD;20221105;3.4;13.0
CLERMONT-FD;20221106;2.5;19.1
CLERMONT-FD;20221107;8.1;19.1
CLERMONT-FD;20221108;7.2;21.6
CLERMONT-FD;20221109;12.4;14.3
CLERMONT-FD;20221110;5.0;15.5
CLERMONT-FD;20221111;0.9;18.0
CLERMONT-FD;20221112;4.4;20.4
CLERMONT-FD;20221113;3.7;17.5
CLERMONT-FD;20221114;10.7;18.0
CLERMONT-FD;20221115;10.1;16.4
CLERMONT-FD;20221116;7.6;16.1
CLERMONT-FD;20221117;11.3;17.4
CLERMONT-FD;20221118;5.8;13.7
CLERMONT-FD;20221119;3.4;11.4
CLERMONT-FD;20221120;-0.9;9.9
CLERMONT-FD;20221121;3.9;11.5
CLERMONT-FD;20221122;5.7;12.0
CLERMONT-FD;20221123;5.3;16.0
CLERMONT-FD;20221124;6.1;13.6
CLERMONT-FD;20221125;6.3;11.9
CLERMONT-FD;20221126;2.6;10.8
CLERMONT-FD;20221127;2.1;15.1
CLERMONT-FD;20221128;9.1;12.2
CLERMONT-FD;20221129;2.3;11.0
CLERMONT-FD;20221130;4.7;7.6
CLERMONT-FD;20221201;5.2;6.5
CLERMONT-FD;20221202;2.8;3.4
CLERMONT-FD;20221203;1.4;4.3
CLERMONT-FD;20221204;1.4;4.1
CLERMONT-FD;20221205;-2.8;8.4
CLERMONT-FD;20221206;-5.9;3.4
CLERMONT-FD;20221207;-0.4;2.7
CLERMONT-FD;20221208;-1.3;4.2
CLERMONT-FD;20221209;-0.1;1.8
CLERMONT-FD;20221210;-1.9;-0.2
CLERMONT-FD;20221211;-7.1;3.0
CLERMONT-FD;20221212;-8.0;2.1
CLERMONT-FD;20221213;-1.1;7.4
CLERMONT-FD;20221214;0.5;15.3
CLERMONT-FD;20221215;1.4;4.7
CLERMONT-FD;20221216;-2.6;1.7
CLERMONT-FD;20221217;-10.8;-2.7
CLERMONT-FD;20221218;-8.3;12.3
CLERMONT-FD;20221219;8.9;16.3
CLERMONT-FD;20221220;12.6;18.4
CLERMONT-FD;20221221;10.5;15.3
CLERMONT-FD;20221222;12.3;16.4
CLERMONT-FD;20221223;13.0;17.8
CLERMONT-FD;20221224;9.4;16.3
CLERMONT-FD;20221225;6.9;20.3
CLERMONT-FD;20221226;9.3;14.4
CLERMONT-FD;20221227;0.7;12.0
CLERMONT-FD;20221228;2.9;16.0
CLERMONT-FD;20221229;8.4;12.9
CLERMONT-FD;20221230;6.1;17.1
CLERMONT-FD;20221231;13.1;18.6
CLERMONT-FD;20230101;11.8;18.4
CLERMONT-FD;20230102;8.0;15.0
CLERMONT-FD;20230103;4.5;11.5
CLERMONT-FD;20230104;1.9;11.7
CLERMONT-FD;20230105;8.0;13.4
CLERMONT-FD;20230106;8.4;9.8
CLERMONT-FD;20230107;2.1;14.4
CLERMONT-FD;20230108;7.9;12.5
CLERMONT-FD;20230109;5.0;9.2
CLERMONT-FD;20230110;1.8;9.5
CLERMONT-FD;20230111;5.7;12.2
CLERMONT-FD;20230112;5.5;12.1
CLERMONT-FD;20230113;9.7;11.9
CLERMONT-FD;20230114;4.5;14.3
CLERMONT-FD;20230115;5.4;9.1
CLERMONT-FD;20230116;4.2;7.8
CLERMONT-FD;20230117;2.0;8.2
CLERMONT-FD;20230118;-0.3;3.5
CLERMONT-FD;20230119;-2.5;5.4
CLERMONT-FD;20230120;-0.4;3.5
CLERMONT-FD;20230121;-0.1;1.5
CLERMONT-FD;20230122;-2.1;-0.4
CLERMONT-FD;20230123;-0.7;1.0
CLERMONT-FD;20230124;0.4;2.6
CLERMONT-FD;20230125;0.8;2.4
CLERMONT-FD;20230126;-1.2;0.8
CLERMONT-FD;20230127;-2.5;1.8
CLERMONT-FD;20230128;0.3;2.4
CLERMONT-FD;20230129;0.7;3.4
CLERMONT-FD;20230130;-7.5;3.7
CLERMONT-FD;20230131;0.7;8.7
CLERMONT-FD;20230201;2.3;8.8
CLERMONT-FD;20230202;4.8;8.6
CLERMONT-FD;20230203;1.7;9.3
CLERMONT-FD;20230204;1.6;9.1
CLERMONT-FD;20230205;6.4;9.7
CLERMONT-FD;20230206;3.3;7.0
CLERMONT-FD;20230207;-0.5;8.7
CLERMONT-FD;20230208;-6.2;7.2
CLERMONT-FD;20230209;-3.7;10.1
CLERMONT-FD;20230210;-6.8;7.6
CLERMONT-FD;20230211;-5.5;10.5
CLERMONT-FD;20230212;-3.6;12.7
CLERMONT-FD;20230213;-2.4;18.5
CLERMONT-FD;20230214;0.3;20.5
CLERMONT-FD;20230215;2.3;17.8
CLERMONT-FD;20230216;1.3;18.9
CLERMONT-FD;20230217;5.8;15.7
CLERMONT-FD;20230218;8.4;17.2
CLERMONT-FD;20230219;2.3;12.3
CLERMONT-FD;20230220;-0.3;16.8
CLERMONT-FD;20230221;2.4;19.2
CLERMONT-FD;20230222;5.8;14.8
CLERMONT-FD;20230223;7.6;11.6
CLERMONT-FD;20230224;4.4;12.5
CLERMONT-FD;20230225;-1.4;8.3
CLERMONT-FD;20230226;-0.8;4.3
CLERMONT-FD;20230227;-1.3;4.4
CLERMONT-FD;20230228;-0.6;2.7
CLERMONT-FD;20230301;-1.8;6.2
CLERMONT-FD;20230302;1.6;8.3
CLERMONT-FD;20230303;2.2;8.0
CLERMONT-FD;20230304;4.1;10.9
CLERMONT-FD;20230305;-5.3;6.4
CLERMONT-FD;20230306;-7.9;9.8
CLERMONT-FD;20230307;-2.1;9.1
CLERMONT-FD;20230308;0.8;17.0
CLERMONT-FD;20230309;9.8;16.4
CLERMONT-FD;20230310;7.9;13.7
CLERMONT-FD;20230311;5.4;13.5
CLERMONT-FD;20230312;8.6;17.8
CLERMONT-FD;20230313;10.6;25.8
CLERMONT-FD;20230314;8.6;13.2
CLERMONT-FD;20230315;2.7;12.9
CLERMONT-FD;20230316;1.4;23.4
CLERMONT-FD;20230317;10.8;16.4
CLERMONT-FD;20230318;8.5;14.0
CLERMONT-FD;20230319;7.3;15.9
CLERMONT-FD;20230320;1.1;14.0
CLERMONT-FD;20230321;3.1;16.5
CLERMONT-FD;20230322;3.5;20.3
CLERMONT-FD;20230323;12.0;20.5
CLERMONT-FD;20230324;12.1;15.4
CLERMONT-FD;20230325;9.3;14.0
CLERMONT-FD;20230326;7.2;13.4
CLERMONT-FD;20230327;4.8;7.1
CLERMONT-FD;20230328;-2.3;18.9
CLERMONT-FD;20230329;9.2;25.3
CLERMONT-FD;20230330;12.8;19.1
CLERMONT-FD;20230331;7.8;16.0
CLERMONT-FD;20230401;8.1;12.5
CLERMONT-FD;20230402;7.5;9.7
CLERMONT-FD;20230403;5.3;8.6
CLERMONT-FD;20230404;0.9;11.6
CLERMONT-FD;20230405;-2.7;13.3
CLERMONT-FD;20230406;1.9;16.2
CLERMONT-FD;20230407;4.4;15.1
CLERMONT-FD;20230408;-1.9;16.0
CLERMONT-FD;20230409;0.2;19.0
CLERMONT-FD;20230410;5.7;20.4
CLERMONT-FD;20230411;10.4;16.6
CLERMONT-FD;20230412;8.0;17.0
CLERMONT-FD;20230413;3.5;13.4
CLERMONT-FD;20230414;4.0;13.8
CLERMONT-FD;20230415;7.3;11.2
CLERMONT-FD;20230416;5.1;15.1
CLERMONT-FD;20230417;6.6;12.4
CLERMONT-FD;20230418;7.4;14.2
CLERMONT-FD;20230419;3.4;21.0
CLERMONT-FD;20230420;8.6;16.2
CLERMONT-FD;20230421;0.1;21.6
CLERMONT-FD;20230422;11.0;16.2
CLERMONT-FD;20230423;6.0;16.5
CLERMONT-FD;20230424;9.0;17.1
CLERMONT-FD;20230425;8.3;16.2
CLERMONT-FD;20230426;7.5;20.6
CLERMONT-FD;20230427;9.9;22.4
CLERMONT-FD;20230428;11.8;28.4
CLERMONT-FD;20230429;14.3;21.8
CLERMONT-FD;20230430;10.2;18.7
CLERMONT-FD;20230501;6.3;18.8
CLERMONT-FD;20230502;6.2;19.7
CLERMONT-FD;20230503;4.4;23.8
CLERMONT-FD;20230504;10.6;26.1
CLERMONT-FD;20230505;9.8;19.3
CLERMONT-FD;20230506;8.3;25.3
CLERMONT-FD;20230507;13.4;19.0
CLERMONT-FD;20230508;9.9;19.3
CLERMONT-FD;20230509;12.8;18.8
CLERMONT-FD;20230510;9.2;17.7
CLERMONT-FD;20230511;9.6;14.3
CLERMONT-FD;20230512;8.6;14.4
CLERMONT-FD;20230513;11.0;16.4
CLERMONT-FD;20230514;5.9;18.2
CLERMONT-FD;20230515;6.9;19.7
CLERMONT-FD;20230516;8.4;13.8
CLERMONT-FD;20230517;5.5;15.3
CLERMONT-FD;20230518;3.5;16.6
CLERMONT-FD;20230519;9.5;18.2
CLERMONT-FD;20230520;9.9;18.3
CLERMONT-FD;20230521;11.7;19.6
CLERMONT-FD;20230522;14.9;23.5
CLERMONT-FD;20230523;15.0;18.4
CLERMONT-FD;20230524;13.2;20.4
CLERMONT-FD;20230525;9.2;20.0
CLERMONT-FD;20230526;9.9;24.8
CLERMONT-FD;20230527;11.3;26.6
CLERMONT-FD;20230528;12.8;27.4
CLERMONT-FD;20230529;10.4;26.1
CLERMONT-FD;20230530;9.4;25.9
CLERMONT-FD;20230531;8.9;25.6
CLERMONT-FD;20230601;11.6;26.3
CLERMONT-FD;20230602;11.6;27.4
CLERMONT-FD;20230603;13.0;26.9
CLERMONT-FD;20230604;13.9;26.0
CLERMONT-FD;20230605;12.8;27.0
CLERMONT-FD;20230606;12.5;27.6
CLERMONT-FD;20230607;11.4;28.8
CLERMONT-FD;20230608;15.8;29.2
CLERMONT-FD;20230609;14.1;24.4
CLERMONT-FD;20230610;15.2;25.2
CLERMONT-FD;20230611;14.4;25.5
CLERMONT-FD;20230612;14.6;26.5
CLERMONT-FD;20230613;14.5;25.3
CLERMONT-FD;20230614;13.2;26.5
CLERMONT-FD;20230615;11.1;27.5
CLERMONT-FD;20230616;13.2;27.6
CLERMONT-FD;20230617;15.4;29.8
CLERMONT-FD;20230618;17.1;31.5
CLERMONT-FD;20230619;17.3;29.0
CLERMONT-FD;20230620;16.1;26.7
CLERMONT-FD;20230621;15.9;25.2
CLERMONT-FD;20230622;18.6;23.8
CLERMONT-FD;20230623;13.1;25.8
CLERMONT-FD;20230624;11.7;28.6
CLERMONT-FD;20230625;15.4;32.8
CLERMONT-FD;20230626;17.0;28.3
CLERMONT-FD;20230627;13.4;25.8
CLERMONT-FD;20230628;12.4;27.0
CLERMONT-FD;20230629;15.4;28.4
CLERMONT-FD;20230630;15.0;23.1
CLERMONT-FD;20230701;14.3;25.6
CLERMONT-FD;20230702;17.1;24.0
CLERMONT-FD;20230703;17.2;24.8
CLERMONT-FD;20230704;13.7;28.3
CLERMONT-FD;20230705;16.2;22.6
CLERMONT-FD;20230706;13.3;27.1
CLERMONT-FD;20230707;17.5;30.4
CLERMONT-FD;20230708;17.4;33.7
CLERMONT-FD;20230709;19.4;34.7
CLERMONT-FD;20230710;21.0;31.6
CLERMONT-FD;20230711;19.9;35.8
CLERMONT-FD;20230712;19.2;26.6
CLERMONT-FD;20230713;15.2;26.4
CLERMONT-FD;20230714;11.0;34.0
CLERMONT-FD;20230715;19.5;30.4
CLERMONT-FD;20230716;15.4;25.6
CLERMONT-FD;20230717;12.3;27.3
CLERMONT-FD;20230718;14.6;34.1
CLERMONT-FD;20230719;18.2;29.6
CLERMONT-FD;20230720;15.6;27.6
CLERMONT-FD;20230721;16.6;25.0
CLERMONT-FD;20230722;13.5;28.8
CLERMONT-FD;20230723;16.3;33.5
CLERMONT-FD;20230724;18.6;26.7
CLERMONT-FD;20230725;15.4;22.9
CLERMONT-FD;20230726;13.8;24.9
CLERMONT-FD;20230727;14.2;31.3
CLERMONT-FD;20230728;15.5;30.9
CLERMONT-FD;20230729;18.7;26.3
CLERMONT-FD;20230730;14.6;25.9
CLERMONT-FD;20230731;11.2;30.3
CLERMONT-FD;20230801;19.7;27.5
CLERMONT-FD;20230802;19.1;27.4
CLERMONT-FD;20230803;15.8;24.1
CLERMONT-FD;20230804;13.3;21.5
CLERMONT-FD;20230805;14.3;21.8
CLERMONT-FD;20230806;13.9;21.3
CLERMONT-FD;20230807;8.2;22.8
CLERMONT-FD;20230808;9.1;26.6
CLERMONT-FD;20230809;13.0;30.3
CLERMONT-FD;20230810;14.9;33.4
CLERMONT-FD;20230811;17.6;32.4
CLERMONT-FD;20230812;18.6;33.1
CLERMONT-FD;20230813;18.4;31.5
CLERMONT-FD;20230814;18.8;31.9
CLERMONT-FD;20230815;18.6;28.5
CLERMONT-FD;20230816;16.5;29.8
CLERMONT-FD;20230817;18.8;32.7
CLERMONT-FD;20230818;19.2;33.7
CLERMONT-FD;20230819;20.2;33.3
CLERMONT-FD;20230820;18.6;34.2
CLERMONT-FD;20230821;19.5;34.5
CLERMONT-FD;20230822;21.5;36.7
CLERMONT-FD;20230823;20.7;36.6
CLERMONT-FD;20230824;23.2;40.4
CLERMONT-FD;20230825;20.0;27.7
CLERMONT-FD;20230826;15.3;23.0
CLERMONT-FD;20230827;15.1;22.1
CLERMONT-FD;20230828;14.1;19.4
CLERMONT-FD;20230829;12.3;22.1
CLERMONT-FD;20230830;13.6;23.4
CLERMONT-FD;20230831;13.2;25.3
CLERMONT-FD;20230901;15.3;30.0
CLERMONT-FD;20230902;17.3;30.1
CLERMONT-FD;20230903;15.0;31.5
CLERMONT-FD;20230904;15.4;35.2
CLERMONT-FD;20230905;21.5;33.9
CLERMONT-FD;20230906;17.4;34.1
CLERMONT-FD;20230907;19.6;34.0
CLERMONT-FD;20230908;18.5;33.9
CLERMONT-FD;20230909;17.2;34.5
CLERMONT-FD;20230910;19.3;35.4
CLERMONT-FD;20230911;19.4;32.2
CLERMONT-FD;20230912;17.8;28.5
CLERMONT-FD;20230913;17.5;21.8
CLERMONT-FD;20230914;12.9;25.5
CLERMONT-FD;20230915;11.4;29.5
CLERMONT-FD;20230916;16.6;30.4
CLERMONT-FD;20230917;18.6;31.3
CLERMONT-FD;20230918;16.8;26.5
CLERMONT-FD;20230919;13.3;25.3
CLERMONT-FD;20230920;11.3;28.8
CLERMONT-FD;20230921;16.2;22.4
CLERMONT-FD;20230922;10.0;20.1
CLERMONT-FD;20230923;8.2;18.8
CLERMONT-FD;20230924;3.9;21.8
CLERMONT-FD;20230925;9.0;25.7
CLERMONT-FD;20230926;10.9;28.9
CLERMONT-FD;20230927;11.5;30.7
CLERMONT-FD;20230928;14.6;29.1
CLERMONT-FD;20230929;14.4;27.2
CLERMONT-FD;20230930;13.8;25.8
CLERMONT-FD;20231001;12.0;29.2
CLERMONT-FD;20231002;15.6;33.2
CLERMONT-FD;20231003;17.5;25.3
CLERMONT-FD;20231004;8.9;19.7
CLERMONT-FD;20231005;5.9;22.7
CLERMONT-FD;20231006;5.6;25.0
CLERMONT-FD;20231007;6.2;25.9
CLERMONT-FD;20231008;7.8;29.4
CLERMONT-FD;20231009;9.9;30.5
CLERMONT-FD;20231010;10.9;29.0
CLERMONT-FD;20231011;12.1;29.9
CLERMONT-FD;20231012;14.5;29.9
CLERMONT-FD;20231013;14.8;31.2
CLERMONT-FD;20231014;13.6;21.3
CLERMONT-FD;20231015;5.4;15.3
CLERMONT-FD;20231016;3.8;16.5
CLERMONT-FD;20231017;4.1;25.0
CLERMONT-FD;20231018;15.9;23.8
CLERMONT-FD;20231019;13.5;18.8
CLERMONT-FD;20231020;13.1;17.6
CLERMONT-FD;20231021;8.8;17.5
CLERMONT-FD;20231022;7.1;18.6
CLERMONT-FD;20231023;6.8;20.7
CLERMONT-FD;20231024;11.5;18.3
CLERMONT-FD;20231025;11.3;19.0
CLERMONT-FD;20231026;11.7;18.2
CLERMONT-FD;20231027;11.4;16.5
CLERMONT-FD;20231028;11.0;19.3
CLERMONT-FD;20231029;14.1;22.0
CLERMONT-FD;20231030;10.5;17.2
CLERMONT-FD;20231031;10.3;18.0
CLERMONT-FD;20231101;8.1;15.8
CLERMONT-FD;20231102;8.6;15.4
CLERMONT-FD;20231103;4.6;10.8
CLERMONT-FD;20231104;6.2;14.2
CLERMONT-FD;20231105;9.7;14.8
CLERMONT-FD;20231106;8.0;13.4
CLERMONT-FD;20231107;5.8;12.9
CLERMONT-FD;20231108;4.4;14.8
CLERMONT-FD;20231109;8.7;15.2
CLERMONT-FD;20231110;6.4;13.0
CLERMONT-FD;20231111;2.5;14.0
CLERMONT-FD;20231112;6.5;17.0
CLERMONT-FD;20231113;14.6;19.0
CLERMONT-FD;20231114;13.4;20.4
CLERMONT-FD;20231115;7.0;15.4
CLERMONT-FD;20231116;4.9;17.5
CLERMONT-FD;20231117;7.8;13.2
CLERMONT-FD;20231118;3.7;16.2
CLERMONT-FD;20231119;5.3;19.2
CLERMONT-FD;20231120;6.6;13.0
CLERMONT-FD;20231121;7.5;11.5
CLERMONT-FD;20231122;5.5;10.1
CLERMONT-FD;20231123;-2.7;8.2
CLERMONT-FD;20231124;6.4;12.2
CLERMONT-FD;20231125;0.6;6.2
CLERMONT-FD;20231126;-3.5;6.5
CLERMONT-FD;20231127;-1.8;9.9
CLERMONT-FD;20231128;5.4;8.4
CLERMONT-FD;20231129;0.8;7.8
CLERMONT-FD;20231130;4.1;14.4
CLERMONT-FD;20231201;4.4;6.3
CLERMONT-FD;20231202;-1.1;1.6
CLERMONT-FD;20231203;-5.4;7.5
CLERMONT-FD;20231204;0.5;11.3
CLERMONT-FD;20231205;4.3;9.4
CLERMONT-FD;20231206;1.0;8.7
CLERMONT-FD;20231207;-1.5;10.7
CLERMONT-FD;20231208;6.2;11.4
CLERMONT-FD;20231209;3.2;14.6
CLERMONT-FD;20231210;6.2;16.3
CLERMONT-FD;20231211;10.8;16.9
CLERMONT-FD;20231212;12.5;16.6
CLERMONT-FD;20231213;7.1;12.0
CLERMONT-FD;20231214;5.2;8.2
CLERMONT-FD;20231215;3.0;8.2
CLERMONT-FD;20231216;-0.1;5.3
CLERMONT-FD;20231217;-2.1;9.1
CLERMONT-FD;20231218;-3.6;12.7
CLERMONT-FD;20231219;-4.6;5.9
CLERMONT-FD;20231220;-0.1;9.2
CLERMONT-FD;20231221;5.8;14.0
CLERMONT-FD;20231222;8.1;13.1
CLERMONT-FD;20231223;4.9;12.2
CLERMONT-FD;20231224;-0.3;14.0
CLERMONT-FD;20231225;1.8;11.2
CLERMONT-FD;20231226;-4.8;8.8
CLERMONT-FD;20231227;-3.6;16.9
CLERMONT-FD;20231228;6.4;12.0
CLERMONT-FD;20231229;8.6;13.4
CLERMONT-FD;20231230;2.3;13.6
CLERMONT-FD;20231231;4.4;10.9
CLERMONT-FD;20240101;3.1;11.4
CLERMONT-FD;20240102;4.7;13.9
CLERMONT-FD;20240103;10.9;14.5
CLERMONT-FD;20240104;6.7;13.0
CLERMONT-FD;20240105;6.2;9.6
CLERMONT-FD;20240106;2.9;6.3
CLERMONT-FD;20240107;0.6;2.9
CLERMONT-FD;20240108;-1.1;0.4
CLERMONT-FD;20240109;-2.1;-0.9
CLERMONT-FD;20240110;-5.2;-0.1
CLERMONT-FD;20240111;-1.6;2.0
CLERMONT-FD;20240112;-5.4;0.4
CLERMONT-FD;20240113;-10.2;0.5
CLERMONT-FD;20240114;-7.2;3.9
CLERMONT-FD;20240115;1.2;2.4
CLERMONT-FD;20240116;-1.2;13.3
CLERMONT-FD;20240117;3.0;14.7
CLERMONT-FD;20240118;0.7;12.8
CLERMONT-FD;20240119;-2.0;-0.2
CLERMONT-FD;20240120;-5.4;1.4
CLERMONT-FD;20240121;-6.9;11.3
CLERMONT-FD;20240122;2.2;14.4
CLERMONT-FD;20240123;5.7;13.9
CLERMONT-FD;20240124;9.3;17.1
CLERMONT-FD;20240125;5.4;15.2
CLERMONT-FD;20240126;5.7;12.8
CLERMONT-FD;20240127;6.9;14.3
CLERMONT-FD;20240128;-1.4;19.6
CLERMONT-FD;20240129;8.6;16.7
CLERMONT-FD;20240130;6.8;16.5
CLERMONT-FD;20240131;2.4;15.3
CLERMONT-FD;20240201;7.5;11.7
CLERMONT-FD;20240202;6.4;12.0
CLERMONT-FD;20240203;-3.5;12.1
CLERMONT-FD;20240204;2.7;8.1
CLERMONT-FD;20240205;0.1;10.6
CLERMONT-FD;20240206;0.2;8.0
CLERMONT-FD;20240207;4.7;13.0
CLERMONT-FD;20240208;10.6;16.1
CLERMONT-FD;20240209;11.2;14.1
CLERMONT-FD;20240210;6.4;9.9
CLERMONT-FD;20240211;5.1;11.9
CLERMONT-FD;20240212;2.4;11.0
CLERMONT-FD;20240213;1.6;14.0
CLERMONT-FD;20240214;6.2;18.7
CLERMONT-FD;20240215;4.3;19.3
CLERMONT-FD;20240216;10.8;12.3
CLERMONT-FD;20240217;8.7;10.0
CLERMONT-FD;20240218;6.4;12.9
CLERMONT-FD;20240219;7.2;13.4
CLERMONT-FD;20240220;5.2;11.4
CLERMONT-FD;20240221;2.6;16.2
CLERMONT-FD;20240222;9.1;18.6
CLERMONT-FD;20240223;2.6;10.6
CLERMONT-FD;20240224;1.9;10.4
CLERMONT-FD;20240225;2.7;9.8
CLERMONT-FD;20240226;7.6;13.2
CLERMONT-FD;20240227;5.7;7.7
CLERMONT-FD;20240228;4.0;9.2
CLERMONT-FD;20240229;-2.3;15.1
CLERMONT-FD;20240301;4.4;14.1
CLERMONT-FD;20240302;6.8;15.4
CLERMONT-FD;20240303;1.2;6.8
CLERMONT-FD;20240304;-1.1;10.7
CLERMONT-FD;20240305;3.3;10.6
CLERMONT-FD;20240306;0.7;11.4
CLERMONT-FD;20240307;-2.3;14.8
CLERMONT-FD;20240308;4.8;13.1
CLERMONT-FD;20240309;4.7;14.6
CLERMONT-FD;20240310;3.3;14.2
CLERMONT-FD;20240311;6.0;10.2
CLERMONT-FD;20240312;5.2;13.5
CLERMONT-FD;20240313;5.4;17.9
CLERMONT-FD;20240314;2.9;22.8
CLERMONT-FD;20240315;9.3;19.2
CLERMONT-FD;20240316;10.7;16.2
CLERMONT-FD;20240317;7.7;17.7
CLERMONT-FD;20240318;11.3;17.9
CLERMONT-FD;20240319;4.4;19.0
CLERMONT-FD;20240320;5.6;22.7
CLERMONT-FD;20240321;8.8;21.9
CLERMONT-FD;20240322;7.1;22.6
CLERMONT-FD;20240323;7.5;13.4
CLERMONT-FD;20240324;4.7;12.0
CLERMONT-FD;20240325;-1.3;16.5
CLERMONT-FD;20240326;7.5;12.3
CLERMONT-FD;20240327;3.2;14.7
CLERMONT-FD;20240328;6.2;15.3
CLERMONT-FD;20240329;9.7;18.4
CLERMONT-FD;20240330;7.2;11.6
CLERMONT-FD;20240331;3.9;14.2
CLERMONT-FD;20240401;6.3;14.2
CLERMONT-FD;20240402;6.0;17.5
CLERMONT-FD;20240403;10.2;17.8
CLERMONT-FD;20240404;9.0;21.8
CLERMONT-FD;20240405;11.6;24.9
CLERMONT-FD;20240406;12.9;24.7
CLERMONT-FD;20240407;13.8;23.0
CLERMONT-FD;20240408;7.6;24.6
CLERMONT-FD;20240409;8.1;13.6
CLERMONT-FD;20240410;6.3;13.9
CLERMONT-FD;20240411;0.2;17.5
CLERMONT-FD;20240412;4.8;22.7
CLERMONT-FD;20240413;9.0;28.5
CLERMONT-FD;20240414;9.5;27.7
CLERMONT-FD;20240415;11.2;20.9
CLERMONT-FD;20240416;6.1;13.9
CLERMONT-FD;20240417;5.4;13.2
CLERMONT-FD;20240418;2.8;10.8
CLERMONT-FD;20240419;-0.4;17.7
CLERMONT-FD;20240420;5.6;10.5
CLERMONT-FD;20240421;-0.2;10.6
CLERMONT-FD;20240422;-1.8;10.4
CLERMONT-FD;20240423;2.2;11.0
CLERMONT-FD;20240424;-2.5;10.0
CLERMONT-FD;20240425;4.7;12.9
CLERMONT-FD;20240426;7.3;14.8
CLERMONT-FD;20240427;8.7;18.8
CLERMONT-FD;20240428;6.6;15.4
CLERMONT-FD;20240429;8.8;12.0
CLERMONT-FD;20240430;9.3;17.1
CLERMONT-FD;20240501;9.8;13.8
CLERMONT-FD;20240502;7.7;12.2
CLERMONT-FD;20240503;4.0;16.8
CLERMONT-FD;20240504;7.1;18.5
CLERMONT-FD;20240505;12.3;23.5
CLERMONT-FD;20240506;10.0;17.1
CLERMONT-FD;20240507;9.3;17.0
CLERMONT-FD;20240508;11.3;19.3
CLERMONT-FD;20240509;9.6;20.0
CLERMONT-FD;20240510;7.7;25.0
CLERMONT-FD;20240511;11.8;27.6
CLERMONT-FD;20240512;13.2;23.8
CLERMONT-FD;20240513;11.9;25.5
CLERMONT-FD;20240514;12.7;13.9
CLERMONT-FD;20240515;7.9;17.0
CLERMONT-FD;20240516;4.7;16.8
CLERMONT-FD;20240517;4.5;18.7
CLERMONT-FD;20240518;8.7;17.5
CLERMONT-FD;20240519;6.9;21.6
CLERMONT-FD;20240520;11.1;18.9
CLERMONT-FD;20240521;6.8;19.0
CLERMONT-FD;20240522;11.4;19.9
CLERMONT-FD;20240523;10.3;18.4
CLERMONT-FD;20240524;9.7;19.7
CLERMONT-FD;20240525;8.2;22.2
CLERMONT-FD;20240526;13.4;20.4
CLERMONT-FD;20240527;9.5;20.2
CLERMONT-FD;20240528;10.0;21.6
CLERMONT-FD;20240529;12.1;20.4
CLERMONT-FD;20240530;13.0;19.6
CLERMONT-FD;20240531;11.0;18.2
CLERMONT-FD;20240601;10.6;18.8
CLERMONT-FD;20240602;11.9;16.4
CLERMONT-FD;20240603;12.1;16.1
CLERMONT-FD;20240604;6.7;24.0
CLERMONT-FD;20240605;12.6;27.9
CLERMONT-FD;20240606;11.5;24.9
CLERMONT-FD;20240607;11.9;25.6
CLERMONT-FD;20240608;14.3;26.1
CLERMONT-FD;20240609;15.2;17.8
CLERMONT-FD;20240610;8.8;23.0
CLERMONT-FD;20240611;11.6;17.4
CLERMONT-FD;20240612;5.3;19.0
CLERMONT-FD;20240613;5.6;22.3
CLERMONT-FD;20240614;14.6;25.0
CLERMONT-FD;20240615;11.5;20.5
CLERMONT-FD;20240616;9.6;22.0
CLERMONT-FD;20240617;15.2;25.7
CLERMONT-FD;20240618;16.7;29.5
CLERMONT-FD;20240619;17.5;26.0
CLERMONT-FD;20240620;17.9;26.4
CLERMONT-FD;20240621;15.2;23.8
CLERMONT-FD;20240622;15.2;22.5
CLERMONT-FD;20240623;13.6;22.0
CLERMONT-FD;20240624;16.3;26.3
CLERMONT-FD;20240625;15.3;29.1
CLERMONT-FD;20240626;17.5;30.7
CLERMONT-FD;20240627;18.7;30.6
CLERMONT-FD;20240628;18.1;29.7
CLERMONT-FD;20240629;17.9;27.5
CLERMONT-FD;20240630;16.0;20.1
CLERMONT-FD;20240701;12.2;24.2
CLERMONT-FD;20240702;14.7;21.5
CLERMONT-FD;20240703;13.2;23.4
CLERMONT-FD;20240704;17.1;25.2
CLERMONT-FD;20240705;11.2;28.1
CLERMONT-FD;20240706;17.3;23.6
CLERMONT-FD;20240707;10.1;23.4
CLERMONT-FD;20240708;9.8;30.4
CLERMONT-FD;20240709;17.0;33.3
CLERMONT-FD;20240710;17.5;26.3
CLERMONT-FD;20240711;16.7;27.3
CLERMONT-FD;20240712;17.8;26.5
CLERMONT-FD;20240713;9.4;22.4
CLERMONT-FD;20240714;10.0;26.0
CLERMONT-FD;20240715;13.8;32.4
CLERMONT-FD;20240716;17.1;25.6
CLERMONT-FD;20240717;11.7;26.6
CLERMONT-FD;20240718;14.1;31.5
CLERMONT-FD;20240719;16.0;32.9
CLERMONT-FD;20240720;17.8;33.7
CLERMONT-FD;20240721;16.5;25.8
CLERMONT-FD;20240722;18.4;24.3
CLERMONT-FD;20240723;15.0;25.7
CLERMONT-FD;20240724;15.0;25.9
CLERMONT-FD;20240725;11.8;27.4
CLERMONT-FD;20240726;15.4;30.0
CLERMONT-FD;20240727;18.0;31.4
CLERMONT-FD;20240728;18.0;29.0
CLERMONT-FD;20240729;18.3;35.3
CLERMONT-FD;20240730;22.3;36.4
CLERMONT-FD;20240731;22.2;35.7
CLERMONT-FD;20240801;19.6;32.4
CLERMONT-FD;20240802;19.9;28.7
CLERMONT-FD;20240803;16.0;26.5
CLERMONT-FD;20240804;15.1;24.0
CLERMONT-FD;20240805;13.3;29.0
CLERMONT-FD;20240806;16.4;31.4
CLERMONT-FD;20240807;20.5;28.9
CLERMONT-FD;20240808;17.4;27.7
CLERMONT-FD;20240809;14.8;30.1
CLERMONT-FD;20240810;14.7;31.5
CLERMONT-FD;20240811;18.1;37.4
CLERMONT-FD;20240812;19.7;35.8
CLERMONT-FD;20240813;19.7;31.0
CLERMONT-FD;20240814;19.1;23.5
CLERMONT-FD;20240815;19.3;26.5
CLERMONT-FD;20240816;17.6;28.5
CLERMONT-FD;20240817;16.1;24.5
CLERMONT-FD;20240818;16.1;21.4
CLERMONT-FD;20240819;11.5;23.6
CLERMONT-FD;20240820;12.0;27.3
CLERMONT-FD;20240821;16.4;23.5
CLERMONT-FD;20240822;10.1;28.4
CLERMONT-FD;20240823;14.9;31.0
CLERMONT-FD;20240824;15.6;35.5
CLERMONT-FD;20240825;13.0;21.4
CLERMONT-FD;20240826;7.5;23.1
CLERMONT-FD;20240827;9.6;27.3
CLERMONT-FD;20240828;16.8;33.1
CLERMONT-FD;20240829;16.3;32.5
CLERMONT-FD;20240830;17.8;32.8
CLERMONT-FD;20240831;17.6;33.7
CLERMONT-FD;20240901;17.7;23.0
CLERMONT-FD;20240902;15.4;28.2
CLERMONT-FD;20240903;14.8;24.0
CLERMONT-FD;20240904;16.0;20.4
CLERMONT-FD;20240905;14.6;21.0
CLERMONT-FD;20240906;11.4;25.0
CLERMONT-FD;20240907;13.6;19.8
CLERMONT-FD;20240908;12.4;21.8
CLERMONT-FD;20240909;14.4;21.8
CLERMONT-FD;20240910;12.6;22.1
CLERMONT-FD;20240911;11.3;19.2
CLERMONT-FD;20240912;7.8;16.5
CLERMONT-FD;20240913;6.8;16.0
CLERMONT-FD;20240914;3.9;16.2
CLERMONT-FD;20240915;3.3;18.2
CLERMONT-FD;20240916;7.8;19.6
CLERMONT-FD;20240917;13.5;18.5
CLERMONT-FD;20240918;11.5;20.0
CLERMONT-FD;20240919;6.5;23.7
CLERMONT-FD;20240920;11.8;24.3
CLERMONT-FD;20240921;13.2;23.5
CLERMONT-FD;20240922;14.8;17.3
CLERMONT-FD;20240923;10.1;19.9
CLERMONT-FD;20240924;12.2;19.4
CLERMONT-FD;20240925;10.9;20.0
CLERMONT-FD;20240926;16.8;21.4
CLERMONT-FD;20240927;13.3;17.8
CLERMONT-FD;20240928;10.3;15.3
CLERMONT-FD;20240929;2.9;17.3
CLERMONT-FD;20240930;12.6;19.9
CLERMONT-FD;20241001;13.6;20.4
CLERMONT-FD;20241002;6.7;15.7
CLERMONT-FD;20241003;9.9;15.6
CLERMONT-FD;20241004;8.2;14.2
CLERMONT-FD;20241005;3.0;16.5
CLERMONT-FD;20241006;7.5;22.6
CLERMONT-FD;20241007;15.6;23.2
CLERMONT-FD;20241008;13.0;20.5
CLERMONT-FD;20241009;12.3;24.5
CLERMONT-FD;20241010;11.0;18.2
CLERMONT-FD;20241011;9.7;18.3
CLERMONT-FD;20241012;6.6;19.8
CLERMONT-FD;20241013;13.6;23.7
CLERMONT-FD;20241014;12.7;26.1
CLERMONT-FD;20241015;15.0;27.2
CLERMONT-FD;20241016;17.2;25.0
CLERMONT-FD;20241017;15.7;17.7
CLERMONT-FD;20241018;10.8;18.8
CLERMONT-FD;20241019;10.4;19.5
CLERMONT-FD;20241020;9.0;21.6
CLERMONT-FD;20241021;9.2;24.9
CLERMONT-FD;20241022;14.0;15.1
CLERMONT-FD;20241023;11.6;15.1
CLERMONT-FD;20241024;6.1;22.0
CLERMONT-FD;20241025;12.9;21.7
CLERMONT-FD;20241026;13.3;18.5
CLERMONT-FD;20241027;9.9;20.9
CLERMONT-FD;20241028;9.5;21.3
CLERMONT-FD;20241029;7.9;22.3
CLERMONT-FD;20241030;10.8;17.4
CLERMONT-FD;20241031;9.4;19.5
CLERMONT-FD;20241101;7.0;21.7
CLERMONT-FD;20241102;4.6;14.9
CLERMONT-FD;20241103;7.0;15.9
CLERMONT-FD;20241104;6.2;20.6
CLERMONT-FD;20241105;5.8;20.0
CLERMONT-FD;20241106;10.8;18.5
CLERMONT-FD;20241107;11.8;17.5
CLERMONT-FD;20241108;4.9;20.0
CLERMONT-FD;20241109;7.1;18.5
CLERMONT-FD;20241110;9.5;16.8
CLERMONT-FD;20241111;9.6;11.9
CLERMONT-FD;20241112;6.8;8.6
CLERMONT-FD;20241113;4.4;6.5
CLERMONT-FD;20241114;3.2;10.1
CLERMONT-FD;20241115;4.3;10.8
CLERMONT-FD;20241116;-1.9;14.4
CLERMONT-FD;20241117;-1.0;9.2
CLERMONT-FD;20241118;5.2;12.8
CLERMONT-FD;20241119;7.1;14.5
CLERMONT-FD;20241120;3.8;7.1
CLERMONT-FD;20241121;1.8;15.6
CLERMONT-FD;20241122;-0.4;6.1
CLERMONT-FD;20241123;-1.8;12.5
CLERMONT-FD;20241124;9.9;18.5
CLERMONT-FD;20241125;12.1;20.1
CLERMONT-FD;20241126;6.0;12.3
CLERMONT-FD;20241127;3.9;13.7
CLERMONT-FD;20241128;8.8;13.5
CLERMONT-FD;20241129;5.9;8.8
CLERMONT-FD;20241130;2.4;14.9
CLERMONT-FD;20241201;3.1;15.1
CLERMONT-FD;20241202;9.6;12.5
CLERMONT-FD;20241203;5.2;9.0
CLERMONT-FD;20241204;0.4;8.1
CLERMONT-FD;20241205;-1.8;15.3
CLERMONT-FD;20241206;3.6;12.7
CLERMONT-FD;20241207;3.5;12.4
CLERMONT-FD;20241208;3.5;7.7
CLERMONT-FD;20241209;3.9;4.7
CLERMONT-FD;20241210;2.7;3.1
CLERMONT-FD;20241211;0.8;3.3
CLERMONT-FD;20241212;-1.7;4.4
CLERMONT-FD;20241213;-2.9;5.4
CLERMONT-FD;20241214;3.1;7.5
CLERMONT-FD;20241215;1.6;7.9
CLERMONT-FD;20241216;0.2;9.9
CLERMONT-FD;20241217;-2.9;11.7
CLERMONT-FD;20241218;2.3;17.8
CLERMONT-FD;20241219;4.4;14.5
CLERMONT-FD;20241220;3.0;7.0
CLERMONT-FD;20241221;3.9;12.0
CLERMONT-FD;20241222;3.9;12.2
CLERMONT-FD;20241223;3.2;5.9
CLERMONT-FD;20241224;2.9;6.4
CLERMONT-FD;20241225;4.3;7.0
CLERMONT-FD;20241226;0.3;6.9
CLERMONT-FD;20241227;-2.7;11.0
CLERMONT-FD;20241228;-0.3;13.5
CLERMONT-FD;20241229;-5.6;-1.6
CLERMONT-FD;20241230;-3.9;-1.5
CLERMONT-FD;20241231;-4.6;0.6
