NOM_USUEL;AAAAMMJJ;TN;TX
MONTPELLIER-AEROPORT;20000101;-1,4;9,7
MONTPELLIER-AEROPORT;20000102;1,6;14,6
MONTPELLIER-AEROPORT;20000103;2,3;9,5
MONTPELLIER-AEROPORT;20000104;5,9;13,7
MONTPELLIER-AEROPORT;20000105;1,5;15,6
MONTPELLIER-AEROPORT;20000106;3,9;12,6
MONTPELLIER-AEROPORT;20000107;1;16,5
MONTPELLIER-AEROPORT;20000108;2,1;12,3
MONTPELLIER-AEROPORT;20000109;6,4;9,9
MONTPELLIER-AEROPORT;20000110;5,8;11,5
MONTPELLIER-AEROPORT;20000111;2,1;10,9
MONTPELLIER-AEROPORT;20000112;-1,2;10,5
MONTPELLIER-AEROPORT;20000113;-3,4;9,1
MONTPELLIER-AEROPORT;20000114;3,8;10,8
MONTPELLIER-AEROPORT;20000115;6,6;13
MONTPELLIER-AEROPORT;20000116;1,9;8,7
MONTPELLIER-AEROPORT;20000117;2,1;10,7
MONTPELLIER-AEROPORT;20000118;-0,1;15,4
MONTPELLIER-AEROPORT;20000119;5;12,3
MONTPELLIER-AEROPORT;20000120;1,5;10,8
MONTPELLIER-AEROPORT;20000121;-2,7;11,8
MONTPELLIER-AEROPORT;20000122;-1,5;11,5
MONTPELLIER-AEROPORT;20000123;4;11,2
MONTPELLIER-AEROPORT;20000124;1,3;9,6
MONTPELLIER-AEROPORT;20000125;-1,2;0,8
MONTPELLIER-AEROPORT;20000126;-2;6,2
MONTPELLIER-AEROPORT;20000127;-1,1;4,1
MONTPELLIER-AEROPORT;20000128;-1,7;9,9
MONTPELLIER-AEROPORT;20000129;0;13,1
MONTPELLIER-AEROPORT;20000130;10,3;17,7
MONTPELLIER-AEROPORT;20000131;3,8;18,5
MONTPELLIER-AEROPORT;20000201;3,4;11,4
MONTPELLIER-AEROPORT;20000202;7,8;17,3
MONTPELLIER-AEROPORT;20000203;7,7;17,8
MONTPELLIER-AEROPORT;20000204;1,9;16,5
MONTPELLIER-AEROPORT;20000205;2,2;12,6
MONTPELLIER-AEROPORT;20000206;8,5;10,6
MONTPELLIER-AEROPORT;20000207;6,3;16,1
MONTPELLIER-AEROPORT;20000208;10,9;18
MONTPELLIER-AEROPORT;20000209;9,4;16,1
MONTPELLIER-AEROPORT;20000210;2,8;15,2
MONTPELLIER-AEROPORT;20000211;8,1;15
MONTPELLIER-AEROPORT;20000212;2,2;14,1
MONTPELLIER-AEROPORT;20000213;0,8;14,1
MONTPELLIER-AEROPORT;20000214;4,8;17,6
MONTPELLIER-AEROPORT;20000215;8,1;19,7
MONTPELLIER-AEROPORT;20000216;8,9;14,1
MONTPELLIER-AEROPORT;20000217;6,2;12,5
MONTPELLIER-AEROPORT;20000218;3,7;17,1
MONTPELLIER-AEROPORT;20000219;12;16,4
MONTPELLIER-AEROPORT;20000220;6,6;12,5
MONTPELLIER-AEROPORT;20000221;-1,4;13,5
MONTPELLIER-AEROPORT;20000222;-0,7;12,7
MONTPELLIER-AEROPORT;20000223;-2;13,9
MONTPELLIER-AEROPORT;20000224;-0,5;12,8
MONTPELLIER-AEROPORT;20000225;2,1;15,5
MONTPELLIER-AEROPORT;20000226;3,9;17,3
MONTPELLIER-AEROPORT;20000227;3,4;13,3
MONTPELLIER-AEROPORT;20000228;10,4;13,8
MONTPELLIER-AEROPORT;20000229;9,9;13,2
MONTPELLIER-AEROPORT;20000301;9;16
MONTPELLIER-AEROPORT;20000302;6,1;15,2
MONTPELLIER-AEROPORT;20000303;0,2;14,4
MONTPELLIER-AEROPORT;20000304;10,2;16,5
MONTPELLIER-AEROPORT;20000305;1;16,1
MONTPELLIER-AEROPORT;20000306;1,3;14,8
MONTPELLIER-AEROPORT;20000307;6,5;14,9
MONTPELLIER-AEROPORT;20000308;3,5;18,8
MONTPELLIER-AEROPORT;20000309;8,4;25,7
MONTPELLIER-AEROPORT;20000310;7,8;24,8
MONTPELLIER-AEROPORT;20000311;8;20
MONTPELLIER-AEROPORT;20000312;6,8;19,8
MONTPELLIER-AEROPORT;20000313;5,7;18
MONTPELLIER-AEROPORT;20000314;6,8;22,9
MONTPELLIER-AEROPORT;20000315;12,7;17,1
MONTPELLIER-AEROPORT;20000316;4,3;20,2
MONTPELLIER-AEROPORT;20000317;6,3;20,9
MONTPELLIER-AEROPORT;20000318;6,5;19,1
MONTPELLIER-AEROPORT;20000319;5,7;12,2
MONTPELLIER-AEROPORT;20000320;4,3;11,8
MONTPELLIER-AEROPORT;20000321;2,4;14,8
MONTPELLIER-AEROPORT;20000322;5,5;14,7
MONTPELLIER-AEROPORT;20000323;7,9;15,3
MONTPELLIER-AEROPORT;20000324;10,6;17,8
MONTPELLIER-AEROPORT;20000325;8,3;15,6
MONTPELLIER-AEROPORT;20000326;8,7;15,4
MONTPELLIER-AEROPORT;20000327;7,2;14,8
MONTPELLIER-AEROPORT;20000328;3;15,9
MONTPELLIER-AEROPORT;20000329;4,8;13,4
MONTPELLIER-AEROPORT;20000330;1,5;14,1
MONTPELLIER-AEROPORT;20000331;7,8;12,4
MONTPELLIER-AEROPORT;20000401;5,2;16,8
MONTPELLIER-AEROPORT;20000402;6,4;14,8
MONTPELLIER-AEROPORT;20000403;10,8;15,5
MONTPELLIER-AEROPORT;20000404;12,2;18,4
MONTPELLIER-AEROPORT;20000405;10,9;16,3
MONTPELLIER-AEROPORT;20000406;6,7;17,3
MONTPELLIER-AEROPORT;20000407;5;18,2
MONTPELLIER-AEROPORT;20000408;7;16,5
MONTPELLIER-AEROPORT;20000409;8,7;10,1
MONTPELLIER-AEROPORT;20000410;8,8;14,2
MONTPELLIER-AEROPORT;20000411;10,4;19
MONTPELLIER-AEROPORT;20000412;7,6;16,9
MONTPELLIER-AEROPORT;20000413;8,3;17,9
MONTPELLIER-AEROPORT;20000414;10,6;16,3
MONTPELLIER-AEROPORT;20000415;8,5;16,4
MONTPELLIER-AEROPORT;20000416;12,1;15,3
MONTPELLIER-AEROPORT;20000417;8,9;19,9
MONTPELLIER-AEROPORT;20000418;7,8;18,2
MONTPELLIER-AEROPORT;20000419;11,2;22,4
MONTPELLIER-AEROPORT;20000420;8,5;21,9
MONTPELLIER-AEROPORT;20000421;9,1;20,1
MONTPELLIER-AEROPORT;20000422;13,4;16,2
MONTPELLIER-AEROPORT;20000423;11,2;15,2
MONTPELLIER-AEROPORT;20000424;8,2;17,9
MONTPELLIER-AEROPORT;20000425;8,5;19,2
MONTPELLIER-AEROPORT;20000426;13,8;17,7
MONTPELLIER-AEROPORT;20000427;9,8;18,2
MONTPELLIER-AEROPORT;20000428;9,5;17,2
MONTPELLIER-AEROPORT;20000429;7,4;18,1
MONTPELLIER-AEROPORT;20000430;8,5;19
MONTPELLIER-AEROPORT;20000501;10,3;23,1
MONTPELLIER-AEROPORT;20000502;11,3;24,1
MONTPELLIER-AEROPORT;20000503;10,7;22,4
MONTPELLIER-AEROPORT;20000504;11,2;21,3
MONTPELLIER-AEROPORT;20000505;12,6;21,8
MONTPELLIER-AEROPORT;20000506;15;19,3
MONTPELLIER-AEROPORT;20000507;15;18,4
MONTPELLIER-AEROPORT;20000508;14,1;19,9
MONTPELLIER-AEROPORT;20000509;12,9;18,6
MONTPELLIER-AEROPORT;20000510;15,7;19,5
MONTPELLIER-AEROPORT;20000511;16,1;20,7
MONTPELLIER-AEROPORT;20000512;15,3;21,3
MONTPELLIER-AEROPORT;20000513;13,3;23,8
MONTPELLIER-AEROPORT;20000514;12,6;24,3
MONTPELLIER-AEROPORT;20000515;13,9;25,3
MONTPELLIER-AEROPORT;20000516;13,9;24,4
MONTPELLIER-AEROPORT;20000517;13,4;24,1
MONTPELLIER-AEROPORT;20000518;13,6;23,6
MONTPELLIER-AEROPORT;20000519;11,8;22,5
MONTPELLIER-AEROPORT;20000520;9,9;22,6
MONTPELLIER-AEROPORT;20000521;11;21,2
MONTPELLIER-AEROPORT;20000522;14,6;23,6
MONTPELLIER-AEROPORT;20000523;10,2;23
MONTPELLIER-AEROPORT;20000524;12,9;23,6
MONTPELLIER-AEROPORT;20000525;15;28,3
MONTPELLIER-AEROPORT;20000526;15,6;24,9
MONTPELLIER-AEROPORT;20000527;12,7;25
MONTPELLIER-AEROPORT;20000528;13,9;21,9
MONTPELLIER-AEROPORT;20000529;17,4;25,7
MONTPELLIER-AEROPORT;20000530;15,4;27,9
MONTPELLIER-AEROPORT;20000531;17,1;26,7
MONTPELLIER-AEROPORT;20000601;15,6;28
MONTPELLIER-AEROPORT;20000602;14,5;25,1
MONTPELLIER-AEROPORT;20000603;15,6;24,8
MONTPELLIER-AEROPORT;20000604;15,4;25,5
MONTPELLIER-AEROPORT;20000605;16,7;24,6
MONTPELLIER-AEROPORT;20000606;15,4;24
MONTPELLIER-AEROPORT;20000607;16;28
MONTPELLIER-AEROPORT;20000608;14,3;24,3
MONTPELLIER-AEROPORT;20000609;16,8;23,5
MONTPELLIER-AEROPORT;20000610;16,3;21,7
MONTPELLIER-AEROPORT;20000611;14,1;20,5
MONTPELLIER-AEROPORT;20000612;14,4;24,8
MONTPELLIER-AEROPORT;20000613;18;25,8
MONTPELLIER-AEROPORT;20000614;18;27,1
MONTPELLIER-AEROPORT;20000615;16,3;32,7
MONTPELLIER-AEROPORT;20000616;20,9;33,7
MONTPELLIER-AEROPORT;20000617;18,7;31,2
MONTPELLIER-AEROPORT;20000618;17,1;26,8
MONTPELLIER-AEROPORT;20000619;15,8;26,6
MONTPELLIER-AEROPORT;20000620;15;24,6
MONTPELLIER-AEROPORT;20000621;14,6;24,4
MONTPELLIER-AEROPORT;20000622;14,4;25,3
MONTPELLIER-AEROPORT;20000623;19,6;28,8
MONTPELLIER-AEROPORT;20000624;16,8;25,8
MONTPELLIER-AEROPORT;20000625;16,3;26,1
MONTPELLIER-AEROPORT;20000626;13,8;27
MONTPELLIER-AEROPORT;20000627;16,7;27
MONTPELLIER-AEROPORT;20000628;19,6;32,1
MONTPELLIER-AEROPORT;20000629;19,4;30,2
MONTPELLIER-AEROPORT;20000630;18,2;27
MONTPELLIER-AEROPORT;20000701;19,9;25,5
MONTPELLIER-AEROPORT;20000702;18,1;27,2
MONTPELLIER-AEROPORT;20000703;21,7;26,3
MONTPELLIER-AEROPORT;20000704;17,5;28,9
MONTPELLIER-AEROPORT;20000705;16,3;27,3
MONTPELLIER-AEROPORT;20000706;16,6;27,6
MONTPELLIER-AEROPORT;20000707;20,3;31,1
MONTPELLIER-AEROPORT;20000708;20;28,7
MONTPELLIER-AEROPORT;20000709;15,1;26,4
MONTPELLIER-AEROPORT;20000710;16,9;22,7
MONTPELLIER-AEROPORT;20000711;14,3;23,7
MONTPELLIER-AEROPORT;20000712;13,8;24,2
MONTPELLIER-AEROPORT;20000713;13,4;26,7
MONTPELLIER-AEROPORT;20000714;19,1;24,9
MONTPELLIER-AEROPORT;20000715;17,8;24,8
MONTPELLIER-AEROPORT;20000716;13,4;26
MONTPELLIER-AEROPORT;20000717;12,7;25
MONTPELLIER-AEROPORT;20000718;13,5;24,9
MONTPELLIER-AEROPORT;20000719;15,1;28,9
MONTPELLIER-AEROPORT;20000720;17,3;29,9
MONTPELLIER-AEROPORT;20000721;17,1;30
MONTPELLIER-AEROPORT;20000722;16,3;25,4
MONTPELLIER-AEROPORT;20000723;19,8;25,5
MONTPELLIER-AEROPORT;20000724;18;29,9
MONTPELLIER-AEROPORT;20000725;16,9;26,7
MONTPELLIER-AEROPORT;20000726;16,7;27,8
MONTPELLIER-AEROPORT;20000727;17,6;28,7
MONTPELLIER-AEROPORT;20000728;19,9;30,8
MONTPELLIER-AEROPORT;20000729;18,5;29,6
MONTPELLIER-AEROPORT;20000730;17;29,7
MONTPELLIER-AEROPORT;20000731;18,7;30
MONTPELLIER-AEROPORT;20000801;16,5;25,5
MONTPELLIER-AEROPORT;20000802;21,4;26,7
MONTPELLIER-AEROPORT;20000803;19,1;23,7
MONTPELLIER-AEROPORT;20000804;17,8;28,4
MONTPELLIER-AEROPORT;20000805;17,7;26,7
MONTPELLIER-AEROPORT;20000806;17,5;29,8
MONTPELLIER-AEROPORT;20000807;17,7;32
MONTPELLIER-AEROPORT;20000808;18,8;30,4
MONTPELLIER-AEROPORT;20000809;19,4;30,2
MONTPELLIER-AEROPORT;20000810;18;26,7
MONTPELLIER-AEROPORT;20000811;19,2;27,6
MONTPELLIER-AEROPORT;20000812;21,5;26,1
MONTPELLIER-AEROPORT;20000813;18,6;29,6
MONTPELLIER-AEROPORT;20000814;19,3;31,7
MONTPELLIER-AEROPORT;20000815;22,6;33,6
MONTPELLIER-AEROPORT;20000816;22,1;32,1
MONTPELLIER-AEROPORT;20000817;21,4;29,3
MONTPELLIER-AEROPORT;20000818;22,4;28,3
MONTPELLIER-AEROPORT;20000819;19,4;28,2
MONTPELLIER-AEROPORT;20000820;24;27,5
MONTPELLIER-AEROPORT;20000821;23,7;27,5
MONTPELLIER-AEROPORT;20000822;14,6;30,6
MONTPELLIER-AEROPORT;20000823;16,7;28
MONTPELLIER-AEROPORT;20000824;21,3;30,6
MONTPELLIER-AEROPORT;20000825;20,7;30,8
MONTPELLIER-AEROPORT;20000826;18,1;29,5
MONTPELLIER-AEROPORT;20000827;20,9;29,7
MONTPELLIER-AEROPORT;20000828;16,8;30,4
MONTPELLIER-AEROPORT;20000829;14,3;27,4
MONTPELLIER-AEROPORT;20000830;18;23,3
MONTPELLIER-AEROPORT;20000831;16,8;27,3
MONTPELLIER-AEROPORT;20000901;14,9;29,9
MONTPELLIER-AEROPORT;20000902;17;26,9
MONTPELLIER-AEROPORT;20000903;16,4;26,3
MONTPELLIER-AEROPORT;20000904;13,7;26,4
MONTPELLIER-AEROPORT;20000905;14,6;27,3
MONTPELLIER-AEROPORT;20000906;13,2;24,8
MONTPELLIER-AEROPORT;20000907;20;29,4
MONTPELLIER-AEROPORT;20000908;16,6;27,9
MONTPELLIER-AEROPORT;20000909;12,5;25,6
MONTPELLIER-AEROPORT;20000910;12,6;26,6
MONTPELLIER-AEROPORT;20000911;13;24,5
MONTPELLIER-AEROPORT;20000912;18,1;24,8
MONTPELLIER-AEROPORT;20000913;18,3;25,6
MONTPELLIER-AEROPORT;20000914;18,1;26
MONTPELLIER-AEROPORT;20000915;20,8;26
MONTPELLIER-AEROPORT;20000916;20,7;31,2
MONTPELLIER-AEROPORT;20000917;15,2;25,6
MONTPELLIER-AEROPORT;20000918;14,2;24,2
MONTPELLIER-AEROPORT;20000919;15,2;22,8
MONTPELLIER-AEROPORT;20000920;14,4;22,4
MONTPELLIER-AEROPORT;20000921;13,6;23,5
MONTPELLIER-AEROPORT;20000922;12,6;29,8
MONTPELLIER-AEROPORT;20000923;14,1;24,5
MONTPELLIER-AEROPORT;20000924;14,1;23,6
MONTPELLIER-AEROPORT;20000925;15,9;23,3
MONTPELLIER-AEROPORT;20000926;14,5;22,5
MONTPELLIER-AEROPORT;20000927;16,6;22,4
MONTPELLIER-AEROPORT;20000928;17,9;22,5
MONTPELLIER-AEROPORT;20000929;16,6;19,6
MONTPELLIER-AEROPORT;20000930;10,7;22,7
MONTPELLIER-AEROPORT;20001001;11,5;22,9
MONTPELLIER-AEROPORT;20001002;13,1;21,3
MONTPELLIER-AEROPORT;20001003;13,4;21,9
MONTPELLIER-AEROPORT;20001004;11;24,6
MONTPELLIER-AEROPORT;20001005;11,8;25,1
MONTPELLIER-AEROPORT;20001006;13,6;21,3
MONTPELLIER-AEROPORT;20001007;10,8;19,8
MONTPELLIER-AEROPORT;20001008;7,5;21,4
MONTPELLIER-AEROPORT;20001009;14,5;22,3
MONTPELLIER-AEROPORT;20001010;13;19,6
MONTPELLIER-AEROPORT;20001011;12;18,1
MONTPELLIER-AEROPORT;20001012;11,1;17,3
MONTPELLIER-AEROPORT;20001013;11,8;13,4
MONTPELLIER-AEROPORT;20001014;11,2;16,1
MONTPELLIER-AEROPORT;20001015;12,2;16,1
MONTPELLIER-AEROPORT;20001016;11,7;16,3
MONTPELLIER-AEROPORT;20001017;11,2;21,8
MONTPELLIER-AEROPORT;20001018;8,5;18,5
MONTPELLIER-AEROPORT;20001019;9;18,4
MONTPELLIER-AEROPORT;20001020;11,9;18,7
MONTPELLIER-AEROPORT;20001021;17,7;20,7
MONTPELLIER-AEROPORT;20001022;14,9;21,8
MONTPELLIER-AEROPORT;20001023;13,8;17,9
MONTPELLIER-AEROPORT;20001024;13;20,2
MONTPELLIER-AEROPORT;20001025;10,8;19,9
MONTPELLIER-AEROPORT;20001026;14,5;21,8
MONTPELLIER-AEROPORT;20001027;12,3;22,5
MONTPELLIER-AEROPORT;20001028;8,1;19,6
MONTPELLIER-AEROPORT;20001029;13,5;20,5
MONTPELLIER-AEROPORT;20001030;9,5;19,7
MONTPELLIER-AEROPORT;20001031;10,7;16,9
MONTPELLIER-AEROPORT;20001101;8,5;16,5
MONTPELLIER-AEROPORT;20001102;9,1;17,3
MONTPELLIER-AEROPORT;20001103;10,3;16,2
MONTPELLIER-AEROPORT;20001104;6,7;15,3
MONTPELLIER-AEROPORT;20001105;3,1;16,9
MONTPELLIER-AEROPORT;20001106;11,2;16,1
MONTPELLIER-AEROPORT;20001107;8,5;14
MONTPELLIER-AEROPORT;20001108;6,7;14,4
MONTPELLIER-AEROPORT;20001109;5,3;14,8
MONTPELLIER-AEROPORT;20001110;3,8;14,5
MONTPELLIER-AEROPORT;20001111;0,4;15,2
MONTPELLIER-AEROPORT;20001112;13,4;16,9
MONTPELLIER-AEROPORT;20001113;14;17,2
MONTPELLIER-AEROPORT;20001114;9,9;17,1
MONTPELLIER-AEROPORT;20001115;4,6;12,9
MONTPELLIER-AEROPORT;20001116;3,8;13,9
MONTPELLIER-AEROPORT;20001117;8,7;13,4
MONTPELLIER-AEROPORT;20001118;8;13,8
MONTPELLIER-AEROPORT;20001119;2,3;13
MONTPELLIER-AEROPORT;20001120;8,9;11,3
MONTPELLIER-AEROPORT;20001121;3,6;14,3
MONTPELLIER-AEROPORT;20001122;7,6;16
MONTPELLIER-AEROPORT;20001123;8,8;16,2
MONTPELLIER-AEROPORT;20001124;8,1;13,8
MONTPELLIER-AEROPORT;20001125;3,4;15,6
MONTPELLIER-AEROPORT;20001126;9,4;15,8
MONTPELLIER-AEROPORT;20001127;8,4;13,6
MONTPELLIER-AEROPORT;20001128;5,5;15,8
MONTPELLIER-AEROPORT;20001129;12,2;14,8
MONTPELLIER-AEROPORT;20001130;12,1;15,9
MONTPELLIER-AEROPORT;20001201;13,8;16,3
MONTPELLIER-AEROPORT;20001202;12,4;16,8
MONTPELLIER-AEROPORT;20001203;6,3;16,5
MONTPELLIER-AEROPORT;20001204;1,8;13,9
MONTPELLIER-AEROPORT;20001205;9,7;15,6
MONTPELLIER-AEROPORT;20001206;14,2;15,3
MONTPELLIER-AEROPORT;20001207;14,8;16,4
MONTPELLIER-AEROPORT;20001208;14,2;16,4
MONTPELLIER-AEROPORT;20001209;10,5;15,4
MONTPELLIER-AEROPORT;20001210;3,7;14,3
MONTPELLIER-AEROPORT;20001211;3,1;14,3
MONTPELLIER-AEROPORT;20001212;6,3;12,7
MONTPELLIER-AEROPORT;20001213;10;16,4
MONTPELLIER-AEROPORT;20001214;6,1;12,5
MONTPELLIER-AEROPORT;20001215;8,5;13,2
MONTPELLIER-AEROPORT;20001216;4,7;12
MONTPELLIER-AEROPORT;20001217;4,8;11,7
MONTPELLIER-AEROPORT;20001218;3,2;12,5
MONTPELLIER-AEROPORT;20001219;1,8;13,1
MONTPELLIER-AEROPORT;20001220;7,7;13,9
MONTPELLIER-AEROPORT;20001221;9;13,7
MONTPELLIER-AEROPORT;20001222;9,2;13,5
MONTPELLIER-AEROPORT;20001223;7,9;11,6
MONTPELLIER-AEROPORT;20001224;7;14,1
MONTPELLIER-AEROPORT;20001225;9,4;14,6
MONTPELLIER-AEROPORT;20001226;5,1;13,8
MONTPELLIER-AEROPORT;20001227;7,9;12,8
MONTPELLIER-AEROPORT;20001228;5,4;10,5
MONTPELLIER-AEROPORT;20001229;4,3;10,5
MONTPELLIER-AEROPORT;20001230;3,1;6,7
MONTPELLIER-AEROPORT;20001231;0,1;10
MONTPELLIER-AEROPORT;20010101;-1,4;13,1
MONTPELLIER-AEROPORT;20010102;11,2;16,7
MONTPELLIER-AEROPORT;20010103;5,3;14,7
MONTPELLIER-AEROPORT;20010104;5,9;14,6
MONTPELLIER-AEROPORT;20010105;4,3;13
MONTPELLIER-AEROPORT;20010106;9;13
MONTPELLIER-AEROPORT;20010107;2,8;13,1
MONTPELLIER-AEROPORT;20010108;5,3;11,4
MONTPELLIER-AEROPORT;20010109;-1;12,3
MONTPELLIER-AEROPORT;20010110;8,7;13,6
MONTPELLIER-AEROPORT;20010111;10,9;13,7
MONTPELLIER-AEROPORT;20010112;10,3;12,9
MONTPELLIER-AEROPORT;20010113;9,3;13,2
MONTPELLIER-AEROPORT;20010114;5,5;7,7
MONTPELLIER-AEROPORT;20010115;4,9;8,6
MONTPELLIER-AEROPORT;20010116;4,3;6,2
MONTPELLIER-AEROPORT;20010117;3,1;7,4
MONTPELLIER-AEROPORT;20010118;0,4;9,8
MONTPELLIER-AEROPORT;20010119;7,1;8,8
MONTPELLIER-AEROPORT;20010120;0,4;13,6
MONTPELLIER-AEROPORT;20010121;0,6;11,5
MONTPELLIER-AEROPORT;20010122;1,8;12
MONTPELLIER-AEROPORT;20010123;8,4;14,3
MONTPELLIER-AEROPORT;20010124;10,1;15,4
MONTPELLIER-AEROPORT;20010125;7,1;14,7
MONTPELLIER-AEROPORT;20010126;2,1;12
MONTPELLIER-AEROPORT;20010127;8;12,9
MONTPELLIER-AEROPORT;20010128;2,9;8,1
MONTPELLIER-AEROPORT;20010129;5,6;13
MONTPELLIER-AEROPORT;20010130;4,9;11,1
MONTPELLIER-AEROPORT;20010131;-0,2;14,3
MONTPELLIER-AEROPORT;20010201;2,7;10,8
MONTPELLIER-AEROPORT;20010202;-2,9;10,1
MONTPELLIER-AEROPORT;20010203;6;16,2
MONTPELLIER-AEROPORT;20010204;6,6;14,4
MONTPELLIER-AEROPORT;20010205;5,8;15,7
MONTPELLIER-AEROPORT;20010206;7,1;13,6
MONTPELLIER-AEROPORT;20010207;12,6;14,1
MONTPELLIER-AEROPORT;20010208;12,6;15,6
MONTPELLIER-AEROPORT;20010209;8,3;12,8
MONTPELLIER-AEROPORT;20010210;2;16,7
MONTPELLIER-AEROPORT;20010211;2,1;18
MONTPELLIER-AEROPORT;20010212;3,2;13,6
MONTPELLIER-AEROPORT;20010213;5,3;15,7
MONTPELLIER-AEROPORT;20010214;7,1;16,1
MONTPELLIER-AEROPORT;20010215;4,3;14,1
MONTPELLIER-AEROPORT;20010216;3;13,6
MONTPELLIER-AEROPORT;20010217;3;13,7
MONTPELLIER-AEROPORT;20010218;3,9;13,7
MONTPELLIER-AEROPORT;20010219;1;13,7
MONTPELLIER-AEROPORT;20010220;2,3;16,2
MONTPELLIER-AEROPORT;20010221;2;16,9
MONTPELLIER-AEROPORT;20010222;2,9;20,7
MONTPELLIER-AEROPORT;20010223;4,1;16,5
MONTPELLIER-AEROPORT;20010224;6,6;12,5
MONTPELLIER-AEROPORT;20010225;-0,6;10,3
MONTPELLIER-AEROPORT;20010226;-1,9;10,5
MONTPELLIER-AEROPORT;20010227;-2,2;11,1
MONTPELLIER-AEROPORT;20010228;-0,9;8,7
MONTPELLIER-AEROPORT;20010301;1,2;12,6
MONTPELLIER-AEROPORT;20010302;4,2;11,7
MONTPELLIER-AEROPORT;20010303;7,8;16,1
MONTPELLIER-AEROPORT;20010304;6,9;14,7
MONTPELLIER-AEROPORT;20010305;9,6;16,5
MONTPELLIER-AEROPORT;20010306;7,1;15,1
MONTPELLIER-AEROPORT;20010307;12;15,3
MONTPELLIER-AEROPORT;20010308;12;14,4
MONTPELLIER-AEROPORT;20010309;6,2;17,3
MONTPELLIER-AEROPORT;20010310;10,6;17
MONTPELLIER-AEROPORT;20010311;11,7;19,8
MONTPELLIER-AEROPORT;20010312;10,5;14,6
MONTPELLIER-AEROPORT;20010313;7,4;15,9
MONTPELLIER-AEROPORT;20010314;9,9;17,4
MONTPELLIER-AEROPORT;20010315;7,8;17,5
MONTPELLIER-AEROPORT;20010316;8;15,7
MONTPELLIER-AEROPORT;20010317;10,7;17
MONTPELLIER-AEROPORT;20010318;5,4;15,5
MONTPELLIER-AEROPORT;20010319;10,1;19
MONTPELLIER-AEROPORT;20010320;9,7;16,7
MONTPELLIER-AEROPORT;20010321;10,1;17,4
MONTPELLIER-AEROPORT;20010322;9,6;22,2
MONTPELLIER-AEROPORT;20010323;9,9;20,1
MONTPELLIER-AEROPORT;20010324;12,5;17,5
MONTPELLIER-AEROPORT;20010325;10,4;20,9
MONTPELLIER-AEROPORT;20010326;8,9;17,8
MONTPELLIER-AEROPORT;20010327;8;17,8
MONTPELLIER-AEROPORT;20010328;10,8;18,1
MONTPELLIER-AEROPORT;20010329;8,5;15,2
MONTPELLIER-AEROPORT;20010330;7,4;17,7
MONTPELLIER-AEROPORT;20010331;6,2;21
MONTPELLIER-AEROPORT;20010401;7,5;20,1
MONTPELLIER-AEROPORT;20010402;6,8;16,8
MONTPELLIER-AEROPORT;20010403;8,4;16,7
MONTPELLIER-AEROPORT;20010404;11,6;17,7
MONTPELLIER-AEROPORT;20010405;6,6;18,7
MONTPELLIER-AEROPORT;20010406;13,6;22,8
MONTPELLIER-AEROPORT;20010407;10,8;17,5
MONTPELLIER-AEROPORT;20010408;8,5;18,6
MONTPELLIER-AEROPORT;20010409;8,6;19,7
MONTPELLIER-AEROPORT;20010410;11;17,9
MONTPELLIER-AEROPORT;20010411;11,1;18,5
MONTPELLIER-AEROPORT;20010412;10,6;19,3
MONTPELLIER-AEROPORT;20010413;7;17,8
MONTPELLIER-AEROPORT;20010414;4;17,7
MONTPELLIER-AEROPORT;20010415;2,1;18,4
MONTPELLIER-AEROPORT;20010416;12;18,5
MONTPELLIER-AEROPORT;20010417;5,9;18,3
MONTPELLIER-AEROPORT;20010418;3,4;18,5
MONTPELLIER-AEROPORT;20010419;7,8;18,6
MONTPELLIER-AEROPORT;20010420;6;14,9
MONTPELLIER-AEROPORT;20010421;5,5;14,2
MONTPELLIER-AEROPORT;20010422;6;18,1
MONTPELLIER-AEROPORT;20010423;8,4;20,1
MONTPELLIER-AEROPORT;20010424;7,7;20,5
MONTPELLIER-AEROPORT;20010425;14;22,7
MONTPELLIER-AEROPORT;20010426;10,5;22,6
MONTPELLIER-AEROPORT;20010427;7,3;18,1
MONTPELLIER-AEROPORT;20010428;11,7;21,5
MONTPELLIER-AEROPORT;20010429;9,9;17,2
MONTPELLIER-AEROPORT;20010430;14,2;16,4
MONTPELLIER-AEROPORT;20010501;6,3;16,7
MONTPELLIER-AEROPORT;20010502;11,1;16,6
MONTPELLIER-AEROPORT;20010503;6,4;16,7
MONTPELLIER-AEROPORT;20010504;9;17,4
MONTPELLIER-AEROPORT;20010505;10,7;18,8
MONTPELLIER-AEROPORT;20010506;11,2;19,8
MONTPELLIER-AEROPORT;20010507;11,8;19,9
MONTPELLIER-AEROPORT;20010508;10,3;22,6
MONTPELLIER-AEROPORT;20010509;12;20,6
MONTPELLIER-AEROPORT;20010510;13,7;24,7
MONTPELLIER-AEROPORT;20010511;14,4;23,6
MONTPELLIER-AEROPORT;20010512;10,5;22,7
MONTPELLIER-AEROPORT;20010513;10,9;21,7
MONTPELLIER-AEROPORT;20010514;15,7;19,8
MONTPELLIER-AEROPORT;20010515;16,3;21,1
MONTPELLIER-AEROPORT;20010516;15,1;20,4
MONTPELLIER-AEROPORT;20010517;16,6;21,1
MONTPELLIER-AEROPORT;20010518;14,6;24,1
MONTPELLIER-AEROPORT;20010519;10,8;27,2
MONTPELLIER-AEROPORT;20010520;14,5;26,3
MONTPELLIER-AEROPORT;20010521;15,4;21,7
MONTPELLIER-AEROPORT;20010522;14,8;21
MONTPELLIER-AEROPORT;20010523;16,3;22,3
MONTPELLIER-AEROPORT;20010524;15,2;25,9
MONTPELLIER-AEROPORT;20010525;17,6;30,3
MONTPELLIER-AEROPORT;20010526;16,7;29,3
MONTPELLIER-AEROPORT;20010527;16,9;29
MONTPELLIER-AEROPORT;20010528;17,2;29,3
MONTPELLIER-AEROPORT;20010529;20,1;31,4
MONTPELLIER-AEROPORT;20010530;18;28,1
MONTPELLIER-AEROPORT;20010531;19,8;33,7
MONTPELLIER-AEROPORT;20010601;17,2;28,7
MONTPELLIER-AEROPORT;20010602;14,5;28,6
MONTPELLIER-AEROPORT;20010603;16;25,7
MONTPELLIER-AEROPORT;20010604;10,9;26,1
MONTPELLIER-AEROPORT;20010605;10,9;22,7
MONTPELLIER-AEROPORT;20010606;17;26,8
MONTPELLIER-AEROPORT;20010607;14,4;25,8
MONTPELLIER-AEROPORT;20010608;15,7;23
MONTPELLIER-AEROPORT;20010609;17,7;22,6
MONTPELLIER-AEROPORT;20010610;16,9;22
MONTPELLIER-AEROPORT;20010611;13,1;25
MONTPELLIER-AEROPORT;20010612;12,4;24,6
MONTPELLIER-AEROPORT;20010613;14,1;24
MONTPELLIER-AEROPORT;20010614;15,3;26,1
MONTPELLIER-AEROPORT;20010615;19,3;23,8
MONTPELLIER-AEROPORT;20010616;16,1;27,8
MONTPELLIER-AEROPORT;20010617;14,5;24
MONTPELLIER-AEROPORT;20010618;16,1;26,2
MONTPELLIER-AEROPORT;20010619;14,1;28
MONTPELLIER-AEROPORT;20010620;14,8;30,1
MONTPELLIER-AEROPORT;20010621;14,7;28,3
MONTPELLIER-AEROPORT;20010622;17,8;32,5
MONTPELLIER-AEROPORT;20010623;19,6;32,3
MONTPELLIER-AEROPORT;20010624;19,5;27,2
MONTPELLIER-AEROPORT;20010625;18,3;26,6
MONTPELLIER-AEROPORT;20010626;18,3;27,1
MONTPELLIER-AEROPORT;20010627;17,2;30,1
MONTPELLIER-AEROPORT;20010628;20,1;31,3
MONTPELLIER-AEROPORT;20010629;18,7;31,1
MONTPELLIER-AEROPORT;20010630;18;34,9
MONTPELLIER-AEROPORT;20010701;22,1;34,4
MONTPELLIER-AEROPORT;20010702;20,1;32,6
MONTPELLIER-AEROPORT;20010703;18,3;27,2
MONTPELLIER-AEROPORT;20010704;20,8;25,5
MONTPELLIER-AEROPORT;20010705;20,7;26,6
MONTPELLIER-AEROPORT;20010706;19,9;25,9
MONTPELLIER-AEROPORT;20010707;17,8;28,4
MONTPELLIER-AEROPORT;20010708;17,8;27,6
MONTPELLIER-AEROPORT;20010709;19,4;27,7
MONTPELLIER-AEROPORT;20010710;18,9;32,5
MONTPELLIER-AEROPORT;20010711;19,7;29,7
MONTPELLIER-AEROPORT;20010712;18,5;29,1
MONTPELLIER-AEROPORT;20010713;20,7;27,8
MONTPELLIER-AEROPORT;20010714;18,7;25,7
MONTPELLIER-AEROPORT;20010715;15,8;21,2
MONTPELLIER-AEROPORT;20010716;13,1;24
MONTPELLIER-AEROPORT;20010717;15,2;25,3
MONTPELLIER-AEROPORT;20010718;18,1;26,5
MONTPELLIER-AEROPORT;20010719;15,4;25
MONTPELLIER-AEROPORT;20010720;16,2;25,3
MONTPELLIER-AEROPORT;20010721;13,8;26,8
MONTPELLIER-AEROPORT;20010722;15,4;26,7
MONTPELLIER-AEROPORT;20010723;17,7;27,6
MONTPELLIER-AEROPORT;20010724;20,5;31,7
MONTPELLIER-AEROPORT;20010725;20,1;29,7
MONTPELLIER-AEROPORT;20010726;19,6;29,2
MONTPELLIER-AEROPORT;20010727;21,7;29,6
MONTPELLIER-AEROPORT;20010728;21,9;29,1
MONTPELLIER-AEROPORT;20010729;20,3;33,6
MONTPELLIER-AEROPORT;20010730;22,9;35,1
MONTPELLIER-AEROPORT;20010731;21,4;32
MONTPELLIER-AEROPORT;20010801;24;36,4
MONTPELLIER-AEROPORT;20010802;22,5;27,7
MONTPELLIER-AEROPORT;20010803;22;32
MONTPELLIER-AEROPORT;20010804;21;31,4
MONTPELLIER-AEROPORT;20010805;17,6;31,1
MONTPELLIER-AEROPORT;20010806;20;29,3
MONTPELLIER-AEROPORT;20010807;18,9;28,5
MONTPELLIER-AEROPORT;20010808;21,5;31,9
MONTPELLIER-AEROPORT;20010809;21,6;27,4
MONTPELLIER-AEROPORT;20010810;18;29,5
MONTPELLIER-AEROPORT;20010811;15,5;31,3
MONTPELLIER-AEROPORT;20010812;15,3;28,1
MONTPELLIER-AEROPORT;20010813;15,2;28,1
MONTPELLIER-AEROPORT;20010814;16,4;25,7
MONTPELLIER-AEROPORT;20010815;20,8;26,3
MONTPELLIER-AEROPORT;20010816;19,2;27,6
MONTPELLIER-AEROPORT;20010817;20,4;29,9
MONTPELLIER-AEROPORT;20010818;17,9;26,4
MONTPELLIER-AEROPORT;20010819;19,4;25,8
MONTPELLIER-AEROPORT;20010820;20,8;29,3
MONTPELLIER-AEROPORT;20010821;17,7;29,9
MONTPELLIER-AEROPORT;20010822;19;31,5
MONTPELLIER-AEROPORT;20010823;19,9;31,2
MONTPELLIER-AEROPORT;20010824;19;30,7
MONTPELLIER-AEROPORT;20010825;21,6;29,6
MONTPELLIER-AEROPORT;20010826;20;28,4
MONTPELLIER-AEROPORT;20010827;20,1;28,6
MONTPELLIER-AEROPORT;20010828;20,2;32,2
MONTPELLIER-AEROPORT;20010829;21,4;34
MONTPELLIER-AEROPORT;20010830;21,7;30,3
MONTPELLIER-AEROPORT;20010831;19,9;27,2
MONTPELLIER-AEROPORT;20010901;16,6;25,4
MONTPELLIER-AEROPORT;20010902;14,7;27,7
MONTPELLIER-AEROPORT;20010903;13,4;23,7
MONTPELLIER-AEROPORT;20010904;18,7;26,2
MONTPELLIER-AEROPORT;20010905;13,8;24,8
MONTPELLIER-AEROPORT;20010906;10,3;27
MONTPELLIER-AEROPORT;20010907;17,5;29,9
MONTPELLIER-AEROPORT;20010908;16,6;30,5
MONTPELLIER-AEROPORT;20010909;18,7;27,1
MONTPELLIER-AEROPORT;20010910;13,6;24,1
MONTPELLIER-AEROPORT;20010911;11,2;24,8
MONTPELLIER-AEROPORT;20010912;13;24,9
MONTPELLIER-AEROPORT;20010913;11,2;23,6
MONTPELLIER-AEROPORT;20010914;15,9;24,1
MONTPELLIER-AEROPORT;20010915;13,5;26,7
MONTPELLIER-AEROPORT;20010916;16,7;24,2
MONTPELLIER-AEROPORT;20010917;12,4;21,7
MONTPELLIER-AEROPORT;20010918;9,4;21,1
MONTPELLIER-AEROPORT;20010919;11;20,1
MONTPELLIER-AEROPORT;20010920;12,7;20,1
MONTPELLIER-AEROPORT;20010921;13,3;21,4
MONTPELLIER-AEROPORT;20010922;16,1;18,4
MONTPELLIER-AEROPORT;20010923;15,5;20,8
MONTPELLIER-AEROPORT;20010924;15,3;21,2
MONTPELLIER-AEROPORT;20010925;10,7;24,4
MONTPELLIER-AEROPORT;20010926;13,4;21,9
MONTPELLIER-AEROPORT;20010927;10,8;21,8
MONTPELLIER-AEROPORT;20010928;15;21
MONTPELLIER-AEROPORT;20010929;14,6;15,6
MONTPELLIER-AEROPORT;20010930;13,3;21,6
MONTPELLIER-AEROPORT;20011001;14,5;20
MONTPELLIER-AEROPORT;20011002;17,8;22,5
MONTPELLIER-AEROPORT;20011003;19,3;22,1
MONTPELLIER-AEROPORT;20011004;13,5;24,9
MONTPELLIER-AEROPORT;20011005;13,4;17,9
MONTPELLIER-AEROPORT;20011006;17,2;20,8
MONTPELLIER-AEROPORT;20011007;16,5;22,4
MONTPELLIER-AEROPORT;20011008;16;23,2
MONTPELLIER-AEROPORT;20011009;13,9;20,9
MONTPELLIER-AEROPORT;20011010;13,3;23,6
MONTPELLIER-AEROPORT;20011011;12,8;24,5
MONTPELLIER-AEROPORT;20011012;13,8;23,6
MONTPELLIER-AEROPORT;20011013;13,8;24,8
MONTPELLIER-AEROPORT;20011014;15,5;24,2
MONTPELLIER-AEROPORT;20011015;15,7;23,1
MONTPELLIER-AEROPORT;20011016;12,9;25,5
MONTPELLIER-AEROPORT;20011017;15,1;21,4
MONTPELLIER-AEROPORT;20011018;17,7;21,1
MONTPELLIER-AEROPORT;20011019;17,9;21,9
MONTPELLIER-AEROPORT;20011020;20,1;21,9
MONTPELLIER-AEROPORT;20011021;11,2;23,3
MONTPELLIER-AEROPORT;20011022;10,1;22,1
MONTPELLIER-AEROPORT;20011023;13,7;21,6
MONTPELLIER-AEROPORT;20011024;10,9;22,9
MONTPELLIER-AEROPORT;20011025;10,8;23,1
MONTPELLIER-AEROPORT;20011026;10;20,3
MONTPELLIER-AEROPORT;20011027;15;20,3
MONTPELLIER-AEROPORT;20011028;15,9;21
MONTPELLIER-AEROPORT;20011029;11,9;22,8
MONTPELLIER-AEROPORT;20011030;11,5;21,6
MONTPELLIER-AEROPORT;20011031;12,5;19,9
MONTPELLIER-AEROPORT;20011101;10,6;18,1
MONTPELLIER-AEROPORT;20011102;8,7;17,9
MONTPELLIER-AEROPORT;20011103;4,9;18
MONTPELLIER-AEROPORT;20011104;6,3;17,1
MONTPELLIER-AEROPORT;20011105;8,6;18
MONTPELLIER-AEROPORT;20011106;6,4;17,3
MONTPELLIER-AEROPORT;20011107;7,8;18,8
MONTPELLIER-AEROPORT;20011108;12,9;18
MONTPELLIER-AEROPORT;20011109;3,8;11,4
MONTPELLIER-AEROPORT;20011110;4,7;10,5
MONTPELLIER-AEROPORT;20011111;5,4;10
MONTPELLIER-AEROPORT;20011112;4,4;12,6
MONTPELLIER-AEROPORT;20011113;5,4;18
MONTPELLIER-AEROPORT;20011114;5,1;11,5
MONTPELLIER-AEROPORT;20011115;5;11,5
MONTPELLIER-AEROPORT;20011116;5,2;14,3
MONTPELLIER-AEROPORT;20011117;5,3;11,3
MONTPELLIER-AEROPORT;20011118;8,4;11,8
MONTPELLIER-AEROPORT;20011119;6,2;16,6
MONTPELLIER-AEROPORT;20011120;3;11,7
MONTPELLIER-AEROPORT;20011121;0,1;12,4
MONTPELLIER-AEROPORT;20011122;-1,3;11,7
MONTPELLIER-AEROPORT;20011123;4,4;13
MONTPELLIER-AEROPORT;20011124;3,2;13,2
MONTPELLIER-AEROPORT;20011125;2,9;17,2
MONTPELLIER-AEROPORT;20011126;4,2;16
MONTPELLIER-AEROPORT;20011127;6,7;14,3
MONTPELLIER-AEROPORT;20011128;3,4;12,6
MONTPELLIER-AEROPORT;20011129;6,2;15,3
MONTPELLIER-AEROPORT;20011130;6,5;17,2
MONTPELLIER-AEROPORT;20011201;7,9;17,8
MONTPELLIER-AEROPORT;20011202;9;14,3
MONTPELLIER-AEROPORT;20011203;9,9;14,6
MONTPELLIER-AEROPORT;20011204;5,6;16,4
MONTPELLIER-AEROPORT;20011205;10,7;17,5
MONTPELLIER-AEROPORT;20011206;9,7;20,5
MONTPELLIER-AEROPORT;20011207;5,3;13,7
MONTPELLIER-AEROPORT;20011208;4,7;12,6
MONTPELLIER-AEROPORT;20011209;1,8;9,9
MONTPELLIER-AEROPORT;20011210;1,3;11,7
MONTPELLIER-AEROPORT;20011211;-2;9,3
MONTPELLIER-AEROPORT;20011212;0;10,4
MONTPELLIER-AEROPORT;20011213;0,2;10,1
MONTPELLIER-AEROPORT;20011214;-4,4;-0,6
MONTPELLIER-AEROPORT;20011215;-2,9;2,1
MONTPELLIER-AEROPORT;20011216;-4,1;4,7
MONTPELLIER-AEROPORT;20011217;-5,3;6,1
MONTPELLIER-AEROPORT;20011218;-4,1;6,5
MONTPELLIER-AEROPORT;20011219;-4;5,6
MONTPELLIER-AEROPORT;20011220;-6,4;9
MONTPELLIER-AEROPORT;20011221;-5,7;7,2
MONTPELLIER-AEROPORT;20011222;-4,6;11,5
MONTPELLIER-AEROPORT;20011223;-0,2;5,6
MONTPELLIER-AEROPORT;20011224;-4,7;5,9
MONTPELLIER-AEROPORT;20011225;-6,4;9,6
MONTPELLIER-AEROPORT;20011226;0,3;8,3
MONTPELLIER-AEROPORT;20011227;0,2;10
MONTPELLIER-AEROPORT;20011228;4,3;14,5
MONTPELLIER-AEROPORT;20011229;6,3;14,5
MONTPELLIER-AEROPORT;20011230;7,4;12,6
MONTPELLIER-AEROPORT;20011231;4;9,4
MONTPELLIER-AEROPORT;20020101;-0,8;6,3
MONTPELLIER-AEROPORT;20020102;-0,3;8,3
MONTPELLIER-AEROPORT;20020103;4,5;9,7
MONTPELLIER-AEROPORT;20020104;6,3;9,1
MONTPELLIER-AEROPORT;20020105;0,2;10
MONTPELLIER-AEROPORT;20020106;-2,6;10,9
MONTPELLIER-AEROPORT;20020107;-3,4;7,5
MONTPELLIER-AEROPORT;20020108;-1;12,3
MONTPELLIER-AEROPORT;20020109;1,8;10,9
MONTPELLIER-AEROPORT;20020110;2,8;9,2
MONTPELLIER-AEROPORT;20020111;1,8;10,7
MONTPELLIER-AEROPORT;20020112;-1,7;11,9
MONTPELLIER-AEROPORT;20020113;0,5;8,8
MONTPELLIER-AEROPORT;20020114;2,1;12,1
MONTPELLIER-AEROPORT;20020115;-0,1;9,5
MONTPELLIER-AEROPORT;20020116;1,3;13,3
MONTPELLIER-AEROPORT;20020117;-0,7;11,2
MONTPELLIER-AEROPORT;20020118;-1,8;12,2
MONTPELLIER-AEROPORT;20020119;-2,9;8,2
MONTPELLIER-AEROPORT;20020120;0,2;15
MONTPELLIER-AEROPORT;20020121;-1,8;11,8
MONTPELLIER-AEROPORT;20020122;9,3;14,7
MONTPELLIER-AEROPORT;20020123;1,2;12,4
MONTPELLIER-AEROPORT;20020124;8,4;14
MONTPELLIER-AEROPORT;20020125;5,9;16,6
MONTPELLIER-AEROPORT;20020126;3,8;18,1
MONTPELLIER-AEROPORT;20020127;4,9;16
MONTPELLIER-AEROPORT;20020128;6,3;21,2
MONTPELLIER-AEROPORT;20020129;3,8;15,5
MONTPELLIER-AEROPORT;20020130;9,5;12,6
MONTPELLIER-AEROPORT;20020131;9,8;13,6
MONTPELLIER-AEROPORT;20020201;2,6;16,6
MONTPELLIER-AEROPORT;20020202;4,2;14,1
MONTPELLIER-AEROPORT;20020203;9,7;13,5
MONTPELLIER-AEROPORT;20020204;10,1;14,9
MONTPELLIER-AEROPORT;20020205;8,6;12,6
MONTPELLIER-AEROPORT;20020206;9,2;13,8
MONTPELLIER-AEROPORT;20020207;7,8;14,4
MONTPELLIER-AEROPORT;20020208;1,2;16,1
MONTPELLIER-AEROPORT;20020209;4,4;18,3
MONTPELLIER-AEROPORT;20020210;11;17,1
MONTPELLIER-AEROPORT;20020211;5,4;15,8
MONTPELLIER-AEROPORT;20020212;2,9;19,5
MONTPELLIER-AEROPORT;20020213;4,9;19,5
MONTPELLIER-AEROPORT;20020214;5,6;12,7
MONTPELLIER-AEROPORT;20020215;3,7;8,8
MONTPELLIER-AEROPORT;20020216;5,2;7
MONTPELLIER-AEROPORT;20020217;5,5;7,9
MONTPELLIER-AEROPORT;20020218;4,9;13,7
MONTPELLIER-AEROPORT;20020219;2,8;13,6
MONTPELLIER-AEROPORT;20020220;5,9;12,6
MONTPELLIER-AEROPORT;20020221;7,4;12,4
MONTPELLIER-AEROPORT;20020222;0,1;14,4
MONTPELLIER-AEROPORT;20020223;10,6;17
MONTPELLIER-AEROPORT;20020224;11;15,6
MONTPELLIER-AEROPORT;20020225;7,6;17,9
MONTPELLIER-AEROPORT;20020226;6,5;14,6
MONTPELLIER-AEROPORT;20020227;5,2;13,6
MONTPELLIER-AEROPORT;20020228;10,8;14,2
MONTPELLIER-AEROPORT;20020301;8;12,6
MONTPELLIER-AEROPORT;20020302;8,2;12,7
MONTPELLIER-AEROPORT;20020303;2,5;15,1
MONTPELLIER-AEROPORT;20020304;2,7;16,7
MONTPELLIER-AEROPORT;20020305;8,1;10,3
MONTPELLIER-AEROPORT;20020306;7,5;16
MONTPELLIER-AEROPORT;20020307;8,1;17,4
MONTPELLIER-AEROPORT;20020308;8,1;21,1
MONTPELLIER-AEROPORT;20020309;5,8;19,2
MONTPELLIER-AEROPORT;20020310;7,4;21,5
MONTPELLIER-AEROPORT;20020311;4,9;16,8
MONTPELLIER-AEROPORT;20020312;10,5;14,7
MONTPELLIER-AEROPORT;20020313;6,9;16,4
MONTPELLIER-AEROPORT;20020314;12,8;15,4
MONTPELLIER-AEROPORT;20020315;10,4;15,7
MONTPELLIER-AEROPORT;20020316;11;15,4
MONTPELLIER-AEROPORT;20020317;10,4;17
MONTPELLIER-AEROPORT;20020318;10,1;16,6
MONTPELLIER-AEROPORT;20020319;10,5;20,2
MONTPELLIER-AEROPORT;20020320;14,8;24,1
MONTPELLIER-AEROPORT;20020321;9,9;26,4
MONTPELLIER-AEROPORT;20020322;15,1;24,5
MONTPELLIER-AEROPORT;20020323;12,4;20
MONTPELLIER-AEROPORT;20020324;7,5;18
MONTPELLIER-AEROPORT;20020325;3;16
MONTPELLIER-AEROPORT;20020326;1,6;17,6
MONTPELLIER-AEROPORT;20020327;3,7;16,5
MONTPELLIER-AEROPORT;20020328;5,9;14,5
MONTPELLIER-AEROPORT;20020329;6,5;14,1
MONTPELLIER-AEROPORT;20020330;7,9;16,9
MONTPELLIER-AEROPORT;20020331;3,3;15,7
MONTPELLIER-AEROPORT;20020401;7;15,3
MONTPELLIER-AEROPORT;20020402;8;16
MONTPELLIER-AEROPORT;20020403;10,5;16,4
MONTPELLIER-AEROPORT;20020404;10,8;22,2
MONTPELLIER-AEROPORT;20020405;9,9;20,9
MONTPELLIER-AEROPORT;20020406;7,6;16,4
MONTPELLIER-AEROPORT;20020407;11,7;13,4
MONTPELLIER-AEROPORT;20020408;10,9;20,5
MONTPELLIER-AEROPORT;20020409;13;17,7
MONTPELLIER-AEROPORT;20020410;7,6;13,9
MONTPELLIER-AEROPORT;20020411;8,3;14,1
MONTPELLIER-AEROPORT;20020412;10,3;17,4
MONTPELLIER-AEROPORT;20020413;11,9;15,8
MONTPELLIER-AEROPORT;20020414;8,7;16,7
MONTPELLIER-AEROPORT;20020415;5,7;17,4
MONTPELLIER-AEROPORT;20020416;6,6;18,6
MONTPELLIER-AEROPORT;20020417;6,7;19,5
MONTPELLIER-AEROPORT;20020418;6,3;22,5
MONTPELLIER-AEROPORT;20020419;7;22,7
MONTPELLIER-AEROPORT;20020420;9,8;22
MONTPELLIER-AEROPORT;20020421;10,1;22,5
MONTPELLIER-AEROPORT;20020422;8,5;21,7
MONTPELLIER-AEROPORT;20020423;13,5;24,7
MONTPELLIER-AEROPORT;20020424;12,2;27,5
MONTPELLIER-AEROPORT;20020425;15,6;28,1
MONTPELLIER-AEROPORT;20020426;14,3;25,3
MONTPELLIER-AEROPORT;20020427;13,7;23,6
MONTPELLIER-AEROPORT;20020428;6;18,1
MONTPELLIER-AEROPORT;20020429;11,6;22,3
MONTPELLIER-AEROPORT;20020430;7,3;18,7
MONTPELLIER-AEROPORT;20020501;14,6;16,7
MONTPELLIER-AEROPORT;20020502;10,6;14,3
MONTPELLIER-AEROPORT;20020503;9,5;19
MONTPELLIER-AEROPORT;20020504;11,7;19,7
MONTPELLIER-AEROPORT;20020505;8,4;17,9
MONTPELLIER-AEROPORT;20020506;5,7;16,9
MONTPELLIER-AEROPORT;20020507;11,6;21,3
MONTPELLIER-AEROPORT;20020508;13,9;18,2
MONTPELLIER-AEROPORT;20020509;13,7;18
MONTPELLIER-AEROPORT;20020510;12,3;18,1
MONTPELLIER-AEROPORT;20020511;12,7;21,8
MONTPELLIER-AEROPORT;20020512;11,6;22,9
MONTPELLIER-AEROPORT;20020513;9,3;20,8
MONTPELLIER-AEROPORT;20020514;13,3;24,1
MONTPELLIER-AEROPORT;20020515;12;24,1
MONTPELLIER-AEROPORT;20020516;14,2;21,3
MONTPELLIER-AEROPORT;20020517;12,4;21,3
MONTPELLIER-AEROPORT;20020518;14,9;19,3
MONTPELLIER-AEROPORT;20020519;13,7;27,7
MONTPELLIER-AEROPORT;20020520;12,3;26,3
MONTPELLIER-AEROPORT;20020521;12,3;21,4
MONTPELLIER-AEROPORT;20020522;17;19,4
MONTPELLIER-AEROPORT;20020523;12,5;23
MONTPELLIER-AEROPORT;20020524;13,1;27
MONTPELLIER-AEROPORT;20020525;16;24,3
MONTPELLIER-AEROPORT;20020526;11;23,8
MONTPELLIER-AEROPORT;20020527;12,6;20,5
MONTPELLIER-AEROPORT;20020528;11,9;24,5
MONTPELLIER-AEROPORT;20020529;15,7;27,5
MONTPELLIER-AEROPORT;20020530;13,2;24,1
MONTPELLIER-AEROPORT;20020531;15,9;29,2
MONTPELLIER-AEROPORT;20020601;13,6;22,6
MONTPELLIER-AEROPORT;20020602;15,3;23,8
MONTPELLIER-AEROPORT;20020603;17;24,1
MONTPELLIER-AEROPORT;20020604;17,4;24,9
MONTPELLIER-AEROPORT;20020605;16,1;23,5
MONTPELLIER-AEROPORT;20020606;11,2;16,8
MONTPELLIER-AEROPORT;20020607;12,3;23,3
MONTPELLIER-AEROPORT;20020608;13,2;15,6
MONTPELLIER-AEROPORT;20020609;12,5;23,9
MONTPELLIER-AEROPORT;20020610;14,1;23,7
MONTPELLIER-AEROPORT;20020611;12,6;27,2
MONTPELLIER-AEROPORT;20020612;13,2;25,3
MONTPELLIER-AEROPORT;20020613;14,6;25,4
MONTPELLIER-AEROPORT;20020614;16,6;22,4
MONTPELLIER-AEROPORT;20020615;16;23,7
MONTPELLIER-AEROPORT;20020616;15,9;25,8
MONTPELLIER-AEROPORT;20020617;15;27,8
MONTPELLIER-AEROPORT;20020618;15,3;28,6
MONTPELLIER-AEROPORT;20020619;16;29,9
MONTPELLIER-AEROPORT;20020620;18;29,6
MONTPELLIER-AEROPORT;20020621;19,6;27
MONTPELLIER-AEROPORT;20020622;21;33,1
MONTPELLIER-AEROPORT;20020623;20,8;30,5
MONTPELLIER-AEROPORT;20020624;20,9;34,8
MONTPELLIER-AEROPORT;20020625;20,3;33,8
MONTPELLIER-AEROPORT;20020626;19,8;31,9
MONTPELLIER-AEROPORT;20020627;18,5;27,2
MONTPELLIER-AEROPORT;20020628;20,2;30,6
MONTPELLIER-AEROPORT;20020629;16,3;27,7
MONTPELLIER-AEROPORT;20020630;15,9;26,7
MONTPELLIER-AEROPORT;20020701;15,9;24,7
MONTPELLIER-AEROPORT;20020702;17,8;28
MONTPELLIER-AEROPORT;20020703;15;24,7
MONTPELLIER-AEROPORT;20020704;18,2;27,6
MONTPELLIER-AEROPORT;20020705;14,6;25,3
MONTPELLIER-AEROPORT;20020706;17,2;27,6
MONTPELLIER-AEROPORT;20020707;16,1;27,5
MONTPELLIER-AEROPORT;20020708;15,1;26,3
MONTPELLIER-AEROPORT;20020709;18,8;24,6
MONTPELLIER-AEROPORT;20020710;19,1;29,5
MONTPELLIER-AEROPORT;20020711;16,7;29,2
MONTPELLIER-AEROPORT;20020712;18,8;29,4
MONTPELLIER-AEROPORT;20020713;19,5;28
MONTPELLIER-AEROPORT;20020714;18,4;24,5
MONTPELLIER-AEROPORT;20020715;20;25,4
MONTPELLIER-AEROPORT;20020716;17,5;26,3
MONTPELLIER-AEROPORT;20020717;21,3;30,9
MONTPELLIER-AEROPORT;20020718;20;31,5
MONTPELLIER-AEROPORT;20020719;16,7;29,7
MONTPELLIER-AEROPORT;20020720;16;27,9
MONTPELLIER-AEROPORT;20020721;20;27,8
MONTPELLIER-AEROPORT;20020722;20;30,5
MONTPELLIER-AEROPORT;20020723;20,8;34,7
MONTPELLIER-AEROPORT;20020724;21;28,5
MONTPELLIER-AEROPORT;20020725;18,4;30,4
MONTPELLIER-AEROPORT;20020726;19;31,9
MONTPELLIER-AEROPORT;20020727;18,5;28
MONTPELLIER-AEROPORT;20020728;17,8;26,1
MONTPELLIER-AEROPORT;20020729;20,8;27,5
MONTPELLIER-AEROPORT;20020730;20,2;32,4
MONTPELLIER-AEROPORT;20020731;21,7;30,2
MONTPELLIER-AEROPORT;20020801;15,7;23,8
MONTPELLIER-AEROPORT;20020802;14;25,7
MONTPELLIER-AEROPORT;20020803;15,8;27,3
MONTPELLIER-AEROPORT;20020804;19,2;28,3
MONTPELLIER-AEROPORT;20020805;17,8;28,2
MONTPELLIER-AEROPORT;20020806;18,8;28,9
MONTPELLIER-AEROPORT;20020807;18,7;30
MONTPELLIER-AEROPORT;20020808;18,6;29
MONTPELLIER-AEROPORT;20020809;17,8;27
MONTPELLIER-AEROPORT;20020810;16;25,9
MONTPELLIER-AEROPORT;20020811;16,6;27,1
MONTPELLIER-AEROPORT;20020812;17,5;27,1
MONTPELLIER-AEROPORT;20020813;16,1;31,5
MONTPELLIER-AEROPORT;20020814;16,6;29,2
MONTPELLIER-AEROPORT;20020815;15,7;29,4
MONTPELLIER-AEROPORT;20020816;21,5;31,5
MONTPELLIER-AEROPORT;20020817;18,8;29,2
MONTPELLIER-AEROPORT;20020818;18,7;26,3
MONTPELLIER-AEROPORT;20020819;19,9;26,9
MONTPELLIER-AEROPORT;20020820;18,5;27,3
MONTPELLIER-AEROPORT;20020821;18,8;29
MONTPELLIER-AEROPORT;20020822;19,4;27,9
MONTPELLIER-AEROPORT;20020823;16,2;26,5
MONTPELLIER-AEROPORT;20020824;17,5;26,2
MONTPELLIER-AEROPORT;20020825;19,4;26,7
MONTPELLIER-AEROPORT;20020826;17,7;23,4
MONTPELLIER-AEROPORT;20020827;16;25,6
MONTPELLIER-AEROPORT;20020828;17,7;28,6
MONTPELLIER-AEROPORT;20020829;18,8;30,9
MONTPELLIER-AEROPORT;20020830;18,1;29,6
MONTPELLIER-AEROPORT;20020831;18,7;29
MONTPELLIER-AEROPORT;20020901;18,9;29,1
MONTPELLIER-AEROPORT;20020902;18,3;24,6
MONTPELLIER-AEROPORT;20020903;18,3;25,6
MONTPELLIER-AEROPORT;20020904;16,4;24
MONTPELLIER-AEROPORT;20020905;18,6;25,4
MONTPELLIER-AEROPORT;20020906;16,4;26,3
MONTPELLIER-AEROPORT;20020907;15,7;23,9
MONTPELLIER-AEROPORT;20020908;16,7;22,2
MONTPELLIER-AEROPORT;20020909;17,2;22,5
MONTPELLIER-AEROPORT;20020910;14,8;27,1
MONTPELLIER-AEROPORT;20020911;15,2;26,3
MONTPELLIER-AEROPORT;20020912;11,9;22,8
MONTPELLIER-AEROPORT;20020913;15,7;20,8
MONTPELLIER-AEROPORT;20020914;13,3;24,6
MONTPELLIER-AEROPORT;20020915;13,3;25,9
MONTPELLIER-AEROPORT;20020916;12,9;24,3
MONTPELLIER-AEROPORT;20020917;16;22,9
MONTPELLIER-AEROPORT;20020918;18,7;22,8
MONTPELLIER-AEROPORT;20020919;18,6;24,4
MONTPELLIER-AEROPORT;20020920;17,5;25,6
MONTPELLIER-AEROPORT;20020921;17,9;24,4
MONTPELLIER-AEROPORT;20020922;16,3;25,5
MONTPELLIER-AEROPORT;20020923;13,4;21,8
MONTPELLIER-AEROPORT;20020924;10,8;20,5
MONTPELLIER-AEROPORT;20020925;9,2;20,4
MONTPELLIER-AEROPORT;20020926;7,8;23,6
MONTPELLIER-AEROPORT;20020927;12,2;22,4
MONTPELLIER-AEROPORT;20020928;10,3;23,1
MONTPELLIER-AEROPORT;20020929;8,7;21,2
MONTPELLIER-AEROPORT;20020930;10,1;21,1
MONTPELLIER-AEROPORT;20021001;14;21,3
MONTPELLIER-AEROPORT;20021002;11,2;20,9
MONTPELLIER-AEROPORT;20021003;13,9;22,1
MONTPELLIER-AEROPORT;20021004;12,7;25,7
MONTPELLIER-AEROPORT;20021005;10,6;24,1
MONTPELLIER-AEROPORT;20021006;8,1;25
MONTPELLIER-AEROPORT;20021007;10,1;22
MONTPELLIER-AEROPORT;20021008;7,9;20,2
MONTPELLIER-AEROPORT;20021009;14,6;18,9
MONTPELLIER-AEROPORT;20021010;14,6;19,8
MONTPELLIER-AEROPORT;20021011;14,2;21,3
MONTPELLIER-AEROPORT;20021012;11,6;24,1
MONTPELLIER-AEROPORT;20021013;8,7;20
MONTPELLIER-AEROPORT;20021014;10,8;21,4
MONTPELLIER-AEROPORT;20021015;16,9;22,1
MONTPELLIER-AEROPORT;20021016;17,1;20,4
MONTPELLIER-AEROPORT;20021017;14,6;18,9
MONTPELLIER-AEROPORT;20021018;9,7;19,2
MONTPELLIER-AEROPORT;20021019;9,8;19,2
MONTPELLIER-AEROPORT;20021020;7,9;18,8
MONTPELLIER-AEROPORT;20021021;17,2;19,3
MONTPELLIER-AEROPORT;20021022;13,4;21,5
MONTPELLIER-AEROPORT;20021023;13,4;19,5
MONTPELLIER-AEROPORT;20021024;8,3;16,8
MONTPELLIER-AEROPORT;20021025;10,9;19,5
MONTPELLIER-AEROPORT;20021026;13;23,5
MONTPELLIER-AEROPORT;20021027;9,8;24,4
MONTPELLIER-AEROPORT;20021028;8,1;20,9
MONTPELLIER-AEROPORT;20021029;7,5;18,9
MONTPELLIER-AEROPORT;20021030;15,5;19,5
MONTPELLIER-AEROPORT;20021031;13,6;18,3
MONTPELLIER-AEROPORT;20021101;9,5;21,2
MONTPELLIER-AEROPORT;20021102;8,7;19,7
MONTPELLIER-AEROPORT;20021103;13,6;22,1
MONTPELLIER-AEROPORT;20021104;10,9;18,1
MONTPELLIER-AEROPORT;20021105;9,4;17
MONTPELLIER-AEROPORT;20021106;5,1;17,1
MONTPELLIER-AEROPORT;20021107;7,7;16
MONTPELLIER-AEROPORT;20021108;7,6;15,2
MONTPELLIER-AEROPORT;20021109;8,1;20,9
MONTPELLIER-AEROPORT;20021110;16;22,6
MONTPELLIER-AEROPORT;20021111;13,7;19,7
MONTPELLIER-AEROPORT;20021112;5;16,2
MONTPELLIER-AEROPORT;20021113;10,9;18,4
MONTPELLIER-AEROPORT;20021114;14,9;18
MONTPELLIER-AEROPORT;20021115;13,1;15,4
MONTPELLIER-AEROPORT;20021116;11,5;16
MONTPELLIER-AEROPORT;20021117;7,7;16,7
MONTPELLIER-AEROPORT;20021118;6,2;18
MONTPELLIER-AEROPORT;20021119;3,2;14,4
MONTPELLIER-AEROPORT;20021120;9,3;16,4
MONTPELLIER-AEROPORT;20021121;11,2;15,2
MONTPELLIER-AEROPORT;20021122;4,3;14,9
MONTPELLIER-AEROPORT;20021123;6,2;16,2
MONTPELLIER-AEROPORT;20021124;13,9;16
MONTPELLIER-AEROPORT;20021125;10,8;13
MONTPELLIER-AEROPORT;20021126;10,2;16
MONTPELLIER-AEROPORT;20021127;4,5;16,8
MONTPELLIER-AEROPORT;20021128;7,8;15,6
MONTPELLIER-AEROPORT;20021129;8,2;15,5
MONTPELLIER-AEROPORT;20021130;7,4;14,6
MONTPELLIER-AEROPORT;20021201;4,2;10,4
MONTPELLIER-AEROPORT;20021202;5,9;14
MONTPELLIER-AEROPORT;20021203;7,1;13,9
MONTPELLIER-AEROPORT;20021204;4,5;14,1
MONTPELLIER-AEROPORT;20021205;6,2;12,4
MONTPELLIER-AEROPORT;20021206;2,6;13,6
MONTPELLIER-AEROPORT;20021207;2,6;13
MONTPELLIER-AEROPORT;20021208;-0,2;11,3
MONTPELLIER-AEROPORT;20021209;0,6;11,1
MONTPELLIER-AEROPORT;20021210;6,5;10,7
MONTPELLIER-AEROPORT;20021211;6,4;12,5
MONTPELLIER-AEROPORT;20021212;8,7;13,9
MONTPELLIER-AEROPORT;20021213;1,7;11,9
MONTPELLIER-AEROPORT;20021214;3,3;12,8
MONTPELLIER-AEROPORT;20021215;5,8;16,1
MONTPELLIER-AEROPORT;20021216;3,3;13,5
MONTPELLIER-AEROPORT;20021217;6,3;11,8
MONTPELLIER-AEROPORT;20021218;9,6;13,8
MONTPELLIER-AEROPORT;20021219;5;12,9
MONTPELLIER-AEROPORT;20021220;6;10
MONTPELLIER-AEROPORT;20021221;2,7;13,3
MONTPELLIER-AEROPORT;20021222;5,2;13,2
MONTPELLIER-AEROPORT;20021223;4,1;11,2
MONTPELLIER-AEROPORT;20021224;8,5;14,7
MONTPELLIER-AEROPORT;20021225;3,9;16,6
MONTPELLIER-AEROPORT;20021226;5,8;13,2
MONTPELLIER-AEROPORT;20021227;10,9;14,7
MONTPELLIER-AEROPORT;20021228;7,9;16,1
MONTPELLIER-AEROPORT;20021229;8,8;15,3
MONTPELLIER-AEROPORT;20021230;6,3;12,7
MONTPELLIER-AEROPORT;20021231;9,5;15,8
MONTPELLIER-AEROPORT;20030101;5,4;13,2
MONTPELLIER-AEROPORT;20030102;6,6;16,3
MONTPELLIER-AEROPORT;20030103;9,5;16,1
MONTPELLIER-AEROPORT;20030104;7,5;14,6
MONTPELLIER-AEROPORT;20030105;0,6;7,3
MONTPELLIER-AEROPORT;20030106;-2,4;2,3
MONTPELLIER-AEROPORT;20030107;-4,4;4,7
MONTPELLIER-AEROPORT;20030108;-0,6;1,1
MONTPELLIER-AEROPORT;20030109;-2,4;5,8
MONTPELLIER-AEROPORT;20030110;-4,3;6
MONTPELLIER-AEROPORT;20030111;-4,3;1,2
MONTPELLIER-AEROPORT;20030112;-5,5;3,7
MONTPELLIER-AEROPORT;20030113;-5,1;6,5
MONTPELLIER-AEROPORT;20030114;-1;12,5
MONTPELLIER-AEROPORT;20030115;0,2;9,1
MONTPELLIER-AEROPORT;20030116;0,8;13,2
MONTPELLIER-AEROPORT;20030117;4,7;9,8
MONTPELLIER-AEROPORT;20030118;0,3;12,4
MONTPELLIER-AEROPORT;20030119;0,6;7,8
MONTPELLIER-AEROPORT;20030120;-0,3;12,4
MONTPELLIER-AEROPORT;20030121;8,7;14,8
MONTPELLIER-AEROPORT;20030122;6,5;13,7
MONTPELLIER-AEROPORT;20030123;5,4;12,7
MONTPELLIER-AEROPORT;20030124;5,6;13,6
MONTPELLIER-AEROPORT;20030125;-0,3;11,5
MONTPELLIER-AEROPORT;20030126;0,1;13,3
MONTPELLIER-AEROPORT;20030127;4,7;20,1
MONTPELLIER-AEROPORT;20030128;6,8;17,1
MONTPELLIER-AEROPORT;20030129;5,4;10,6
MONTPELLIER-AEROPORT;20030130;5,3;8,5
MONTPELLIER-AEROPORT;20030131;1,2;7,1
MONTPELLIER-AEROPORT;20030201;-2,5;7,5
MONTPELLIER-AEROPORT;20030202;-1,5;13,1
MONTPELLIER-AEROPORT;20030203;5,1;15,1
MONTPELLIER-AEROPORT;20030204;5,3;10,9
MONTPELLIER-AEROPORT;20030205;2,8;9,1
MONTPELLIER-AEROPORT;20030206;-1,6;10,3
MONTPELLIER-AEROPORT;20030207;-3,2;11,5
MONTPELLIER-AEROPORT;20030208;-1,8;13
MONTPELLIER-AEROPORT;20030209;-0,6;12,4
MONTPELLIER-AEROPORT;20030210;1,3;9,8
MONTPELLIER-AEROPORT;20030211;0;10,6
MONTPELLIER-AEROPORT;20030212;0,8;11,2
MONTPELLIER-AEROPORT;20030213;-1,6;8,5
MONTPELLIER-AEROPORT;20030214;-0,4;8,7
MONTPELLIER-AEROPORT;20030215;-1,7;9,6
MONTPELLIER-AEROPORT;20030216;-2,8;7,7
MONTPELLIER-AEROPORT;20030217;-2,3;6,4
MONTPELLIER-AEROPORT;20030218;-2,1;9,5
MONTPELLIER-AEROPORT;20030219;-3;9,4
MONTPELLIER-AEROPORT;20030220;5,7;9,7
MONTPELLIER-AEROPORT;20030221;3,8;14,2
MONTPELLIER-AEROPORT;20030222;3,1;12,6
MONTPELLIER-AEROPORT;20030223;5,8;9,6
MONTPELLIER-AEROPORT;20030224;7,1;12,2
MONTPELLIER-AEROPORT;20030225;7,3;13,3
MONTPELLIER-AEROPORT;20030226;9,8;11,8
MONTPELLIER-AEROPORT;20030227;8,2;9,7
MONTPELLIER-AEROPORT;20030228;3,8;13,5
MONTPELLIER-AEROPORT;20030301;6,3;12,9
MONTPELLIER-AEROPORT;20030302;5,2;16,9
MONTPELLIER-AEROPORT;20030303;4,6;16,2
MONTPELLIER-AEROPORT;20030304;10,6;20,2
MONTPELLIER-AEROPORT;20030305;5,7;14
MONTPELLIER-AEROPORT;20030306;10,6;17,5
MONTPELLIER-AEROPORT;20030307;2,8;15,2
MONTPELLIER-AEROPORT;20030308;3,6;18,2
MONTPELLIER-AEROPORT;20030309;5,2;16,8
MONTPELLIER-AEROPORT;20030310;2,7;15,1
MONTPELLIER-AEROPORT;20030311;6,3;14,4
MONTPELLIER-AEROPORT;20030312;10,5;15,7
MONTPELLIER-AEROPORT;20030313;8,2;19,2
MONTPELLIER-AEROPORT;20030314;5,9;16,2
MONTPELLIER-AEROPORT;20030315;6,8;11,5
MONTPELLIER-AEROPORT;20030316;-0,2;12,8
MONTPELLIER-AEROPORT;20030317;1,3;15,8
MONTPELLIER-AEROPORT;20030318;1,5;15,6
MONTPELLIER-AEROPORT;20030319;2,4;19,3
MONTPELLIER-AEROPORT;20030320;5,8;22
MONTPELLIER-AEROPORT;20030321;7,6;19,8
MONTPELLIER-AEROPORT;20030322;7,8;15,5
MONTPELLIER-AEROPORT;20030323;6;15,9
MONTPELLIER-AEROPORT;20030324;5,1;16,2
MONTPELLIER-AEROPORT;20030325;4,1;15,2
MONTPELLIER-AEROPORT;20030326;4,7;15,5
MONTPELLIER-AEROPORT;20030327;6,8;14,3
MONTPELLIER-AEROPORT;20030328;10,1;16,5
MONTPELLIER-AEROPORT;20030329;9;16,8
MONTPELLIER-AEROPORT;20030330;7,5;15,9
MONTPELLIER-AEROPORT;20030331;8;20,9
MONTPELLIER-AEROPORT;20030401;7,9;23,5
MONTPELLIER-AEROPORT;20030402;11,5;17,1
MONTPELLIER-AEROPORT;20030403;8,4;14,3
MONTPELLIER-AEROPORT;20030404;5,5;16,5
MONTPELLIER-AEROPORT;20030405;4,6;22,3
MONTPELLIER-AEROPORT;20030406;9,5;20,6
MONTPELLIER-AEROPORT;20030407;4;17,7
MONTPELLIER-AEROPORT;20030408;4,1;10,5
MONTPELLIER-AEROPORT;20030409;6;8,4
MONTPELLIER-AEROPORT;20030410;6,5;15,5
MONTPELLIER-AEROPORT;20030411;4,2;14,5
MONTPELLIER-AEROPORT;20030412;7;16,3
MONTPELLIER-AEROPORT;20030413;6,1;15,9
MONTPELLIER-AEROPORT;20030414;8;17
MONTPELLIER-AEROPORT;20030415;7,9;19,9
MONTPELLIER-AEROPORT;20030416;8,8;20,2
MONTPELLIER-AEROPORT;20030417;8,5;20,4
MONTPELLIER-AEROPORT;20030418;10,3;20,1
MONTPELLIER-AEROPORT;20030419;9,5;18,5
MONTPELLIER-AEROPORT;20030420;11,5;16,3
MONTPELLIER-AEROPORT;20030421;10,9;16,9
MONTPELLIER-AEROPORT;20030422;7,9;17,5
MONTPELLIER-AEROPORT;20030423;8,1;20,1
MONTPELLIER-AEROPORT;20030424;8,3;19,5
MONTPELLIER-AEROPORT;20030425;14,6;18,6
MONTPELLIER-AEROPORT;20030426;14,9;16,1
MONTPELLIER-AEROPORT;20030427;8,3;20,3
MONTPELLIER-AEROPORT;20030428;11,7;19,3
MONTPELLIER-AEROPORT;20030429;14,9;18,1
MONTPELLIER-AEROPORT;20030430;16;19,7
MONTPELLIER-AEROPORT;20030501;7,5;21,8
MONTPELLIER-AEROPORT;20030502;12,3;23,9
MONTPELLIER-AEROPORT;20030503;10,9;26,3
MONTPELLIER-AEROPORT;20030504;10,7;22,8
MONTPELLIER-AEROPORT;20030505;12,2;21,5
MONTPELLIER-AEROPORT;20030506;14,4;25,1
MONTPELLIER-AEROPORT;20030507;15,2;20,7
MONTPELLIER-AEROPORT;20030508;12,4;20,4
MONTPELLIER-AEROPORT;20030509;14,7;26,5
MONTPELLIER-AEROPORT;20030510;14,3;24,7
MONTPELLIER-AEROPORT;20030511;13,8;23,5
MONTPELLIER-AEROPORT;20030512;15,2;26,8
MONTPELLIER-AEROPORT;20030513;15,9;24,5
MONTPELLIER-AEROPORT;20030514;11;23,3
MONTPELLIER-AEROPORT;20030515;10,7;23
MONTPELLIER-AEROPORT;20030516;13;20,7
MONTPELLIER-AEROPORT;20030517;12,8;21,4
MONTPELLIER-AEROPORT;20030518;13,6;22,3
MONTPELLIER-AEROPORT;20030519;15,7;19,7
MONTPELLIER-AEROPORT;20030520;12,9;22,7
MONTPELLIER-AEROPORT;20030521;14,2;23,6
MONTPELLIER-AEROPORT;20030522;12,9;27,4
MONTPELLIER-AEROPORT;20030523;13,7;26,5
MONTPELLIER-AEROPORT;20030524;14,2;18,4
MONTPELLIER-AEROPORT;20030525;13,1;14,9
MONTPELLIER-AEROPORT;20030526;11,1;20,9
MONTPELLIER-AEROPORT;20030527;11,7;24,9
MONTPELLIER-AEROPORT;20030528;14,5;27,1
MONTPELLIER-AEROPORT;20030529;16,5;27,5
MONTPELLIER-AEROPORT;20030530;16,9;26,3
MONTPELLIER-AEROPORT;20030531;17;24,9
MONTPELLIER-AEROPORT;20030601;18;25,1
MONTPELLIER-AEROPORT;20030602;16,7;25,1
MONTPELLIER-AEROPORT;20030603;18,7;23,6
MONTPELLIER-AEROPORT;20030604;17,2;24
MONTPELLIER-AEROPORT;20030605;16,4;25,3
MONTPELLIER-AEROPORT;20030606;15,8;26,9
MONTPELLIER-AEROPORT;20030607;16,8;27,1
MONTPELLIER-AEROPORT;20030608;17,4;27,4
MONTPELLIER-AEROPORT;20030609;18,1;28,8
MONTPELLIER-AEROPORT;20030610;17,9;26,3
MONTPELLIER-AEROPORT;20030611;17,8;26,7
MONTPELLIER-AEROPORT;20030612;17,3;27,2
MONTPELLIER-AEROPORT;20030613;18,5;30,2
MONTPELLIER-AEROPORT;20030614;19,7;31
MONTPELLIER-AEROPORT;20030615;21,7;35
MONTPELLIER-AEROPORT;20030616;20,4;33
MONTPELLIER-AEROPORT;20030617;23,7;34
MONTPELLIER-AEROPORT;20030618;21,7;33,1
MONTPELLIER-AEROPORT;20030619;19,6;35,4
MONTPELLIER-AEROPORT;20030620;20,7;37,1
MONTPELLIER-AEROPORT;20030621;24,6;37,2
MONTPELLIER-AEROPORT;20030622;19,6;26,5
MONTPELLIER-AEROPORT;20030623;19,8;27,1
MONTPELLIER-AEROPORT;20030624;19,1;28,1
MONTPELLIER-AEROPORT;20030625;20,4;29,5
MONTPELLIER-AEROPORT;20030626;23,3;33,7
MONTPELLIER-AEROPORT;20030627;23,1;34,8
MONTPELLIER-AEROPORT;20030628;22,3;31,6
MONTPELLIER-AEROPORT;20030629;17,8;27
MONTPELLIER-AEROPORT;20030630;23,2;27
MONTPELLIER-AEROPORT;20030701;22,6;30,6
MONTPELLIER-AEROPORT;20030702;19,7;27
MONTPELLIER-AEROPORT;20030703;18,8;29,6
MONTPELLIER-AEROPORT;20030704;18,7;29,9
MONTPELLIER-AEROPORT;20030705;17,5;27,6
MONTPELLIER-AEROPORT;20030706;16,3;27,5
MONTPELLIER-AEROPORT;20030707;18,6;30,6
MONTPELLIER-AEROPORT;20030708;21,2;31,9
MONTPELLIER-AEROPORT;20030709;19,9;31,1
MONTPELLIER-AEROPORT;20030710;21,7;32,3
MONTPELLIER-AEROPORT;20030711;21,1;34,1
MONTPELLIER-AEROPORT;20030712;23,2;34,2
MONTPELLIER-AEROPORT;20030713;20,5;28,3
MONTPELLIER-AEROPORT;20030714;21;28,3
MONTPELLIER-AEROPORT;20030715;21,5;27,5
MONTPELLIER-AEROPORT;20030716;24;32,4
MONTPELLIER-AEROPORT;20030717;19,5;29,6
MONTPELLIER-AEROPORT;20030718;20,4;33
MONTPELLIER-AEROPORT;20030719;17,5;28
MONTPELLIER-AEROPORT;20030720;21,7;27,7
MONTPELLIER-AEROPORT;20030721;23,5;29,1
MONTPELLIER-AEROPORT;20030722;22,5;31,2
MONTPELLIER-AEROPORT;20030723;22,1;33,5
MONTPELLIER-AEROPORT;20030724;21;32,7
MONTPELLIER-AEROPORT;20030725;19,3;28,9
MONTPELLIER-AEROPORT;20030726;20,8;30,2
MONTPELLIER-AEROPORT;20030727;24,9;28
MONTPELLIER-AEROPORT;20030728;21,4;32,1
MONTPELLIER-AEROPORT;20030729;20,5;34,8
MONTPELLIER-AEROPORT;20030730;20;32,1
MONTPELLIER-AEROPORT;20030731;23,9;31,9
MONTPELLIER-AEROPORT;20030801;20,3;34,1
MONTPELLIER-AEROPORT;20030802;21,2;35,1
MONTPELLIER-AEROPORT;20030803;20,3;31,2
MONTPELLIER-AEROPORT;20030804;19,7;32,5
MONTPELLIER-AEROPORT;20030805;21,2;34,4
MONTPELLIER-AEROPORT;20030806;21,5;33,8
MONTPELLIER-AEROPORT;20030807;22,5;33,9
MONTPELLIER-AEROPORT;20030808;22,8;33,2
MONTPELLIER-AEROPORT;20030809;21,7;33,3
MONTPELLIER-AEROPORT;20030810;20,2;31,8
MONTPELLIER-AEROPORT;20030811;21,1;33,1
MONTPELLIER-AEROPORT;20030812;22,5;34,5
MONTPELLIER-AEROPORT;20030813;22,8;33,1
MONTPELLIER-AEROPORT;20030814;23,1;36,1
MONTPELLIER-AEROPORT;20030815;22,5;33,1
MONTPELLIER-AEROPORT;20030816;23,5;31,4
MONTPELLIER-AEROPORT;20030817;19,7;28,7
MONTPELLIER-AEROPORT;20030818;19,7;29
MONTPELLIER-AEROPORT;20030819;21,1;32,2
MONTPELLIER-AEROPORT;20030820;20,6;32
MONTPELLIER-AEROPORT;20030821;20,2;29,6
MONTPELLIER-AEROPORT;20030822;20,4;32,2
MONTPELLIER-AEROPORT;20030823;20,4;31
MONTPELLIER-AEROPORT;20030824;21,4;31,4
MONTPELLIER-AEROPORT;20030825;21,8;32,7
MONTPELLIER-AEROPORT;20030826;22,5;33,4
MONTPELLIER-AEROPORT;20030827;21,2;30,2
MONTPELLIER-AEROPORT;20030828;24,6;28,7
MONTPELLIER-AEROPORT;20030829;23,5;31,9
MONTPELLIER-AEROPORT;20030830;20,9;30,8
MONTPELLIER-AEROPORT;20030831;18,8;28,8
MONTPELLIER-AEROPORT;20030901;17;25,2
MONTPELLIER-AEROPORT;20030902;14,2;26,4
MONTPELLIER-AEROPORT;20030903;13,8;26,1
MONTPELLIER-AEROPORT;20030904;14,3;25,2
MONTPELLIER-AEROPORT;20030905;18;20,9
MONTPELLIER-AEROPORT;20030906;13,1;24,8
MONTPELLIER-AEROPORT;20030907;15,9;22,2
MONTPELLIER-AEROPORT;20030908;14,6;22,9
MONTPELLIER-AEROPORT;20030909;15,9;25,8
MONTPELLIER-AEROPORT;20030910;19;26,3
MONTPELLIER-AEROPORT;20030911;18,2;28,3
MONTPELLIER-AEROPORT;20030912;17,4;28,6
MONTPELLIER-AEROPORT;20030913;16,5;29,8
MONTPELLIER-AEROPORT;20030914;16,9;25,4
MONTPELLIER-AEROPORT;20030915;13;24,5
MONTPELLIER-AEROPORT;20030916;12;24,9
MONTPELLIER-AEROPORT;20030917;13,6;25,8
MONTPELLIER-AEROPORT;20030918;13,1;25,1
MONTPELLIER-AEROPORT;20030919;11,3;25
MONTPELLIER-AEROPORT;20030920;13,4;24,3
MONTPELLIER-AEROPORT;20030921;18,4;23,9
MONTPELLIER-AEROPORT;20030922;15,9;19,9
MONTPELLIER-AEROPORT;20030923;15,7;25,9
MONTPELLIER-AEROPORT;20030924;11,5;23,9
MONTPELLIER-AEROPORT;20030925;11,7;23,9
MONTPELLIER-AEROPORT;20030926;13,9;23
MONTPELLIER-AEROPORT;20030927;15,8;22,3
MONTPELLIER-AEROPORT;20030928;17;20,1
MONTPELLIER-AEROPORT;20030929;13;22,1
MONTPELLIER-AEROPORT;20030930;12,3;20,8
MONTPELLIER-AEROPORT;20031001;18,1;22,6
MONTPELLIER-AEROPORT;20031002;18,4;22,8
MONTPELLIER-AEROPORT;20031003;19,4;27,1
MONTPELLIER-AEROPORT;20031004;17;23,5
MONTPELLIER-AEROPORT;20031005;12,3;17,4
MONTPELLIER-AEROPORT;20031006;8,7;20,3
MONTPELLIER-AEROPORT;20031007;8,4;20,6
MONTPELLIER-AEROPORT;20031008;12;21,1
MONTPELLIER-AEROPORT;20031009;16,1;25,2
MONTPELLIER-AEROPORT;20031010;10,5;24
MONTPELLIER-AEROPORT;20031011;10,7;22
MONTPELLIER-AEROPORT;20031012;16,9;19,2
MONTPELLIER-AEROPORT;20031013;16,5;20,1
MONTPELLIER-AEROPORT;20031014;14,4;23,8
MONTPELLIER-AEROPORT;20031015;15;22,2
MONTPELLIER-AEROPORT;20031016;12,6;19,7
MONTPELLIER-AEROPORT;20031017;11,7;15,1
MONTPELLIER-AEROPORT;20031018;10,5;16
MONTPELLIER-AEROPORT;20031019;11;18,3
MONTPELLIER-AEROPORT;20031020;11,7;20,7
MONTPELLIER-AEROPORT;20031021;10,8;17,3
MONTPELLIER-AEROPORT;20031022;4,4;15,2
MONTPELLIER-AEROPORT;20031023;7,7;14,1
MONTPELLIER-AEROPORT;20031024;5,3;13,7
MONTPELLIER-AEROPORT;20031025;-0,2;13,6
MONTPELLIER-AEROPORT;20031026;1,7;7,5
MONTPELLIER-AEROPORT;20031027;6,1;14,4
MONTPELLIER-AEROPORT;20031028;5,5;14,9
MONTPELLIER-AEROPORT;20031029;9;15,8
MONTPELLIER-AEROPORT;20031030;7,5;16,1
MONTPELLIER-AEROPORT;20031031;10,5;17,8
MONTPELLIER-AEROPORT;20031101;7,1;18,2
MONTPELLIER-AEROPORT;20031102;9,5;17,8
MONTPELLIER-AEROPORT;20031103;5,9;16,8
MONTPELLIER-AEROPORT;20031104;9,1;20,3
MONTPELLIER-AEROPORT;20031105;7,5;19,2
MONTPELLIER-AEROPORT;20031106;5,2;17,9
MONTPELLIER-AEROPORT;20031107;4,3;14,2
MONTPELLIER-AEROPORT;20031108;4,9;11,3
MONTPELLIER-AEROPORT;20031109;9,6;14,7
MONTPELLIER-AEROPORT;20031110;10,5;18,7
MONTPELLIER-AEROPORT;20031111;6,6;17,2
MONTPELLIER-AEROPORT;20031112;8,6;13,4
MONTPELLIER-AEROPORT;20031113;11,2;17,9
MONTPELLIER-AEROPORT;20031114;5,5;13
MONTPELLIER-AEROPORT;20031115;4,7;14,6
MONTPELLIER-AEROPORT;20031116;12,3;15,3
MONTPELLIER-AEROPORT;20031117;10,5;16,2
MONTPELLIER-AEROPORT;20031118;3,2;17
MONTPELLIER-AEROPORT;20031119;5,1;16,3
MONTPELLIER-AEROPORT;20031120;6,3;16,4
MONTPELLIER-AEROPORT;20031121;9,1;16
MONTPELLIER-AEROPORT;20031122;14,8;15,9
MONTPELLIER-AEROPORT;20031123;15,2;17
MONTPELLIER-AEROPORT;20031124;11,7;16
MONTPELLIER-AEROPORT;20031125;6,2;16,3
MONTPELLIER-AEROPORT;20031126;5,9;15,5
MONTPELLIER-AEROPORT;20031127;8,6;12,5
MONTPELLIER-AEROPORT;20031128;7,4;13,9
MONTPELLIER-AEROPORT;20031129;0,9;13,4
MONTPELLIER-AEROPORT;20031130;7,2;15,3
MONTPELLIER-AEROPORT;20031201;11,2;15,6
MONTPELLIER-AEROPORT;20031202;9,4;12,2
MONTPELLIER-AEROPORT;20031203;8,1;16,1
MONTPELLIER-AEROPORT;20031204;10,6;15,1
MONTPELLIER-AEROPORT;20031205;8,9;14,9
MONTPELLIER-AEROPORT;20031206;6,9;14,2
MONTPELLIER-AEROPORT;20031207;2,4;11,7
MONTPELLIER-AEROPORT;20031208;3,4;11,6
MONTPELLIER-AEROPORT;20031209;0;11
MONTPELLIER-AEROPORT;20031210;2,7;13,1
MONTPELLIER-AEROPORT;20031211;0,4;11,5
MONTPELLIER-AEROPORT;20031212;3,2;18,4
MONTPELLIER-AEROPORT;20031213;8;16,8
MONTPELLIER-AEROPORT;20031214;10,2;19
MONTPELLIER-AEROPORT;20031215;6,2;13,1
MONTPELLIER-AEROPORT;20031216;2,1;10,9
MONTPELLIER-AEROPORT;20031217;3,3;12
MONTPELLIER-AEROPORT;20031218;7,1;13,2
MONTPELLIER-AEROPORT;20031219;8,8;11,2
MONTPELLIER-AEROPORT;20031220;3,3;10,4
MONTPELLIER-AEROPORT;20031221;8,5;14,8
MONTPELLIER-AEROPORT;20031222;5,6;10,2
MONTPELLIER-AEROPORT;20031223;2,3;8,3
MONTPELLIER-AEROPORT;20031224;-0,5;10,4
MONTPELLIER-AEROPORT;20031225;-3;10,4
MONTPELLIER-AEROPORT;20031226;-1,7;9,5
MONTPELLIER-AEROPORT;20031227;2,6;13,1
MONTPELLIER-AEROPORT;20031228;7,6;13,1
MONTPELLIER-AEROPORT;20031229;3,1;10,7
MONTPELLIER-AEROPORT;20031230;1,8;11,5
MONTPELLIER-AEROPORT;20031231;-1,1;9,8
MONTPELLIER-AEROPORT;20040101;-0,5;6,9
MONTPELLIER-AEROPORT;20040102;2,8;11,8
MONTPELLIER-AEROPORT;20040103;-0,9;8,5
MONTPELLIER-AEROPORT;20040104;-3,7;6,6
MONTPELLIER-AEROPORT;20040105;-2,2;11,7
MONTPELLIER-AEROPORT;20040106;-2,4;9,7
MONTPELLIER-AEROPORT;20040107;-0,9;10,9
MONTPELLIER-AEROPORT;20040108;0,8;10,9
MONTPELLIER-AEROPORT;20040109;4,7;9,6
MONTPELLIER-AEROPORT;20040110;4,1;15,2
MONTPELLIER-AEROPORT;20040111;5;15,5
MONTPELLIER-AEROPORT;20040112;10,4;16,6
MONTPELLIER-AEROPORT;20040113;12,4;20,7
MONTPELLIER-AEROPORT;20040114;11,2;14,5
MONTPELLIER-AEROPORT;20040115;6,7;12,5
MONTPELLIER-AEROPORT;20040116;2,1;10,8
MONTPELLIER-AEROPORT;20040117;7,2;12,7
MONTPELLIER-AEROPORT;20040118;6;11,2
MONTPELLIER-AEROPORT;20040119;1,8;11,6
MONTPELLIER-AEROPORT;20040120;6,1;13,3
MONTPELLIER-AEROPORT;20040121;10,1;16,1
MONTPELLIER-AEROPORT;20040122;3,4;14,7
MONTPELLIER-AEROPORT;20040123;4,9;10
MONTPELLIER-AEROPORT;20040124;4,6;10,4
MONTPELLIER-AEROPORT;20040125;4,1;11,8
MONTPELLIER-AEROPORT;20040126;2,2;6,7
MONTPELLIER-AEROPORT;20040127;3,6;9,6
MONTPELLIER-AEROPORT;20040128;1,3;8,9
MONTPELLIER-AEROPORT;20040129;0,8;8,4
MONTPELLIER-AEROPORT;20040130;-5,3;6,8
MONTPELLIER-AEROPORT;20040131;5;11,3
MONTPELLIER-AEROPORT;20040201;5,8;13,6
MONTPELLIER-AEROPORT;20040202;2,1;10,5
MONTPELLIER-AEROPORT;20040203;4,7;7,6
MONTPELLIER-AEROPORT;20040204;5,2;9,6
MONTPELLIER-AEROPORT;20040205;7,5;10,1
MONTPELLIER-AEROPORT;20040206;5,1;8,5
MONTPELLIER-AEROPORT;20040207;7,9;17,1
MONTPELLIER-AEROPORT;20040208;4,8;14,3
MONTPELLIER-AEROPORT;20040209;1,2;14,9
MONTPELLIER-AEROPORT;20040210;1,8;14,9
MONTPELLIER-AEROPORT;20040211;-0,7;15,7
MONTPELLIER-AEROPORT;20040212;5;16,6
MONTPELLIER-AEROPORT;20040213;2,8;14,3
MONTPELLIER-AEROPORT;20040214;0,5;12,8
MONTPELLIER-AEROPORT;20040215;0,4;15,7
MONTPELLIER-AEROPORT;20040216;0,4;11,5
MONTPELLIER-AEROPORT;20040217;2,3;12,7
MONTPELLIER-AEROPORT;20040218;4,7;10
MONTPELLIER-AEROPORT;20040219;1;10
MONTPELLIER-AEROPORT;20040220;-0,2;13,1
MONTPELLIER-AEROPORT;20040221;6,4;13,7
MONTPELLIER-AEROPORT;20040222;11,2;13,6
MONTPELLIER-AEROPORT;20040223;6,3;11,3
MONTPELLIER-AEROPORT;20040224;0,4;11,5
MONTPELLIER-AEROPORT;20040225;1,9;7,9
MONTPELLIER-AEROPORT;20040226;5,1;9,9
MONTPELLIER-AEROPORT;20040227;-2,6;7,3
MONTPELLIER-AEROPORT;20040228;-1,9;10,5
MONTPELLIER-AEROPORT;20040229;-1,3;10,1
MONTPELLIER-AEROPORT;20040301;-0,8;8,9
MONTPELLIER-AEROPORT;20040302;-2;11,7
MONTPELLIER-AEROPORT;20040303;-0,7;17,8
MONTPELLIER-AEROPORT;20040304;0,2;18
MONTPELLIER-AEROPORT;20040305;10,8;16,8
MONTPELLIER-AEROPORT;20040306;9,1;10,6
MONTPELLIER-AEROPORT;20040307;2,6;13,2
MONTPELLIER-AEROPORT;20040308;1,6;13,7
MONTPELLIER-AEROPORT;20040309;1,7;14,4
MONTPELLIER-AEROPORT;20040310;-0,9;9,5
MONTPELLIER-AEROPORT;20040311;-2,1;9,7
MONTPELLIER-AEROPORT;20040312;5,5;11,3
MONTPELLIER-AEROPORT;20040313;9,9;11,5
MONTPELLIER-AEROPORT;20040314;8;13
MONTPELLIER-AEROPORT;20040315;3,6;18,9
MONTPELLIER-AEROPORT;20040316;5,7;19,3
MONTPELLIER-AEROPORT;20040317;5,2;19,2
MONTPELLIER-AEROPORT;20040318;7,1;13,2
MONTPELLIER-AEROPORT;20040319;4,5;21,1
MONTPELLIER-AEROPORT;20040320;13,3;20,5
MONTPELLIER-AEROPORT;20040321;10,5;19,7
MONTPELLIER-AEROPORT;20040322;8,3;15,3
MONTPELLIER-AEROPORT;20040323;7,3;14,4
MONTPELLIER-AEROPORT;20040324;4,9;14,4
MONTPELLIER-AEROPORT;20040325;5,9;13,9
MONTPELLIER-AEROPORT;20040326;2,2;13,6
MONTPELLIER-AEROPORT;20040327;0,8;11,2
MONTPELLIER-AEROPORT;20040328;2,5;15
MONTPELLIER-AEROPORT;20040329;5,4;19,3
MONTPELLIER-AEROPORT;20040330;7,9;13,2
MONTPELLIER-AEROPORT;20040331;11,1;14,1
MONTPELLIER-AEROPORT;20040401;10,5;15,2
MONTPELLIER-AEROPORT;20040402;12,3;13,4
MONTPELLIER-AEROPORT;20040403;5;20,4
MONTPELLIER-AEROPORT;20040404;6,5;19
MONTPELLIER-AEROPORT;20040405;13,1;20,5
MONTPELLIER-AEROPORT;20040406;10,2;17
MONTPELLIER-AEROPORT;20040407;9;17,2
MONTPELLIER-AEROPORT;20040408;3,8;14,9
MONTPELLIER-AEROPORT;20040409;6,3;13,8
MONTPELLIER-AEROPORT;20040410;6,6;14
MONTPELLIER-AEROPORT;20040411;6,9;17,8
MONTPELLIER-AEROPORT;20040412;3,8;18,4
MONTPELLIER-AEROPORT;20040413;8,9;19,2
MONTPELLIER-AEROPORT;20040414;8,4;15,9
MONTPELLIER-AEROPORT;20040415;8;15,8
MONTPELLIER-AEROPORT;20040416;10,1;12,3
MONTPELLIER-AEROPORT;20040417;10,2;19,2
MONTPELLIER-AEROPORT;20040418;8,9;15,4
MONTPELLIER-AEROPORT;20040419;6,4;16,2
MONTPELLIER-AEROPORT;20040420;8,2;20,8
MONTPELLIER-AEROPORT;20040421;7,4;18,9
MONTPELLIER-AEROPORT;20040422;11;17
MONTPELLIER-AEROPORT;20040423;11,3;22,8
MONTPELLIER-AEROPORT;20040424;10,4;25,2
MONTPELLIER-AEROPORT;20040425;10,4;21,5
MONTPELLIER-AEROPORT;20040426;9;18,4
MONTPELLIER-AEROPORT;20040427;9,6;19,1
MONTPELLIER-AEROPORT;20040428;12;16,6
MONTPELLIER-AEROPORT;20040429;12,1;14,4
MONTPELLIER-AEROPORT;20040430;9,6;16,1
MONTPELLIER-AEROPORT;20040501;4;16,1
MONTPELLIER-AEROPORT;20040502;14;17,3
MONTPELLIER-AEROPORT;20040503;11,9;16
MONTPELLIER-AEROPORT;20040504;12,6;20,4
MONTPELLIER-AEROPORT;20040505;10,6;17,1
MONTPELLIER-AEROPORT;20040506;8,7;16,8
MONTPELLIER-AEROPORT;20040507;6,8;17,2
MONTPELLIER-AEROPORT;20040508;9,2;18,8
MONTPELLIER-AEROPORT;20040509;7,9;20,3
MONTPELLIER-AEROPORT;20040510;7,7;17,8
MONTPELLIER-AEROPORT;20040511;7,7;18,9
MONTPELLIER-AEROPORT;20040512;12,1;22,5
MONTPELLIER-AEROPORT;20040513;9,5;23,8
MONTPELLIER-AEROPORT;20040514;9;22,7
MONTPELLIER-AEROPORT;20040515;11,5;24,1
MONTPELLIER-AEROPORT;20040516;10,9;30,7
MONTPELLIER-AEROPORT;20040517;15;21,4
MONTPELLIER-AEROPORT;20040518;12,6;21,5
MONTPELLIER-AEROPORT;20040519;12,3;23,4
MONTPELLIER-AEROPORT;20040520;15,6;21,9
MONTPELLIER-AEROPORT;20040521;11,6;21,7
MONTPELLIER-AEROPORT;20040522;13,5;25,4
MONTPELLIER-AEROPORT;20040523;9,6;25,6
MONTPELLIER-AEROPORT;20040524;11,6;22,2
MONTPELLIER-AEROPORT;20040525;10,7;22,4
MONTPELLIER-AEROPORT;20040526;9,7;22,6
MONTPELLIER-AEROPORT;20040527;11,2;28,3
MONTPELLIER-AEROPORT;20040528;13,7;25,5
MONTPELLIER-AEROPORT;20040529;14,1;26,2
MONTPELLIER-AEROPORT;20040530;13,2;23,2
MONTPELLIER-AEROPORT;20040531;16,8;27,1
MONTPELLIER-AEROPORT;20040601;15,9;27,3
MONTPELLIER-AEROPORT;20040602;17,3;28,1
MONTPELLIER-AEROPORT;20040603;16,2;25,8
MONTPELLIER-AEROPORT;20040604;14,7;29
MONTPELLIER-AEROPORT;20040605;15,8;29,1
MONTPELLIER-AEROPORT;20040606;16;28,2
MONTPELLIER-AEROPORT;20040607;14,1;25,7
MONTPELLIER-AEROPORT;20040608;14;26,8
MONTPELLIER-AEROPORT;20040609;13,6;26,9
MONTPELLIER-AEROPORT;20040610;13,2;25,3
MONTPELLIER-AEROPORT;20040611;14,6;25,1
MONTPELLIER-AEROPORT;20040612;18,2;33,1
MONTPELLIER-AEROPORT;20040613;17;25,8
MONTPELLIER-AEROPORT;20040614;15,2;28,1
MONTPELLIER-AEROPORT;20040615;15,7;25,9
MONTPELLIER-AEROPORT;20040616;18,6;31,6
MONTPELLIER-AEROPORT;20040617;17,1;31,5
MONTPELLIER-AEROPORT;20040618;19,4;34,2
MONTPELLIER-AEROPORT;20040619;18,6;24
MONTPELLIER-AEROPORT;20040620;16,8;25,7
MONTPELLIER-AEROPORT;20040621;14;23
MONTPELLIER-AEROPORT;20040622;18;21,2
MONTPELLIER-AEROPORT;20040623;19;23,8
MONTPELLIER-AEROPORT;20040624;20,5;30
MONTPELLIER-AEROPORT;20040625;16,9;26,4
MONTPELLIER-AEROPORT;20040626;16,6;28,1
MONTPELLIER-AEROPORT;20040627;17,9;27,2
MONTPELLIER-AEROPORT;20040628;20,1;32,5
MONTPELLIER-AEROPORT;20040629;22;31,8
MONTPELLIER-AEROPORT;20040630;18,9;29,5
MONTPELLIER-AEROPORT;20040701;19,6;33,2
MONTPELLIER-AEROPORT;20040702;19,9;29,6
MONTPELLIER-AEROPORT;20040703;16,2;30,6
MONTPELLIER-AEROPORT;20040704;16,7;27,8
MONTPELLIER-AEROPORT;20040705;20,7;26,9
MONTPELLIER-AEROPORT;20040706;19;27,9
MONTPELLIER-AEROPORT;20040707;20,2;26,3
MONTPELLIER-AEROPORT;20040708;20,6;28,6
MONTPELLIER-AEROPORT;20040709;16,2;27,7
MONTPELLIER-AEROPORT;20040710;18,6;23,6
MONTPELLIER-AEROPORT;20040711;17;28
MONTPELLIER-AEROPORT;20040712;17;26
MONTPELLIER-AEROPORT;20040713;16,5;27,5
MONTPELLIER-AEROPORT;20040714;16,6;28,8
MONTPELLIER-AEROPORT;20040715;16,5;28,5
MONTPELLIER-AEROPORT;20040716;17,5;25,1
MONTPELLIER-AEROPORT;20040717;17,3;24,9
MONTPELLIER-AEROPORT;20040718;16;26,2
MONTPELLIER-AEROPORT;20040719;18,4;28,6
MONTPELLIER-AEROPORT;20040720;20,4;26,8
MONTPELLIER-AEROPORT;20040721;20,9;26,2
MONTPELLIER-AEROPORT;20040722;20,1;26,8
MONTPELLIER-AEROPORT;20040723;19,9;30
MONTPELLIER-AEROPORT;20040724;24,2;35,7
MONTPELLIER-AEROPORT;20040725;20,5;33,8
MONTPELLIER-AEROPORT;20040726;20,6;33,9
MONTPELLIER-AEROPORT;20040727;20,9;32
MONTPELLIER-AEROPORT;20040728;16,8;28,2
MONTPELLIER-AEROPORT;20040729;17,4;26,5
MONTPELLIER-AEROPORT;20040730;20,3;31,8
MONTPELLIER-AEROPORT;20040731;19,4;28,6
MONTPELLIER-AEROPORT;20040801;19,8;30
MONTPELLIER-AEROPORT;20040802;22,2;29,8
MONTPELLIER-AEROPORT;20040803;22;32,3
MONTPELLIER-AEROPORT;20040804;20;28,1
MONTPELLIER-AEROPORT;20040805;21,2;28,7
MONTPELLIER-AEROPORT;20040806;18,8;29
MONTPELLIER-AEROPORT;20040807;19,1;27,4
MONTPELLIER-AEROPORT;20040808;22,6;26
MONTPELLIER-AEROPORT;20040809;22,8;27,5
MONTPELLIER-AEROPORT;20040810;21,4;26,3
MONTPELLIER-AEROPORT;20040811;21,1;29
MONTPELLIER-AEROPORT;20040812;22,3;30,6
MONTPELLIER-AEROPORT;20040813;18,6;29,5
MONTPELLIER-AEROPORT;20040814;17,2;29,4
MONTPELLIER-AEROPORT;20040815;18,6;31,3
MONTPELLIER-AEROPORT;20040816;18,7;25,7
MONTPELLIER-AEROPORT;20040817;19,5;25,6
MONTPELLIER-AEROPORT;20040818;18,8;27
MONTPELLIER-AEROPORT;20040819;23,7;26,2
MONTPELLIER-AEROPORT;20040820;19,6;29,3
MONTPELLIER-AEROPORT;20040821;17,1;26,6
MONTPELLIER-AEROPORT;20040822;13,8;26,6
MONTPELLIER-AEROPORT;20040823;16,2;24,9
MONTPELLIER-AEROPORT;20040824;21,6;27
MONTPELLIER-AEROPORT;20040825;17,6;26,8
MONTPELLIER-AEROPORT;20040826;18;27,2
MONTPELLIER-AEROPORT;20040827;15,3;26,6
MONTPELLIER-AEROPORT;20040828;15,7;26,3
MONTPELLIER-AEROPORT;20040829;16,5;26,4
MONTPELLIER-AEROPORT;20040830;16,1;29,9
MONTPELLIER-AEROPORT;20040831;16,2;26,6
MONTPELLIER-AEROPORT;20040901;13,9;25,8
MONTPELLIER-AEROPORT;20040902;17,1;25,3
MONTPELLIER-AEROPORT;20040903;17,3;29,2
MONTPELLIER-AEROPORT;20040904;19,2;31,6
MONTPELLIER-AEROPORT;20040905;20,3;28,1
MONTPELLIER-AEROPORT;20040906;18,4;26,6
MONTPELLIER-AEROPORT;20040907;17,4;27,5
MONTPELLIER-AEROPORT;20040908;16,5;28,6
MONTPELLIER-AEROPORT;20040909;14,6;26,4
MONTPELLIER-AEROPORT;20040910;18,8;25,7
MONTPELLIER-AEROPORT;20040911;19,7;25,6
MONTPELLIER-AEROPORT;20040912;17,5;26,3
MONTPELLIER-AEROPORT;20040913;15,2;26,1
MONTPELLIER-AEROPORT;20040914;17,9;19,5
MONTPELLIER-AEROPORT;20040915;14,8;25,4
MONTPELLIER-AEROPORT;20040916;13,8;24,3
MONTPELLIER-AEROPORT;20040917;11,1;24,4
MONTPELLIER-AEROPORT;20040918;12,5;24,4
MONTPELLIER-AEROPORT;20040919;13;28
MONTPELLIER-AEROPORT;20040920;15,2;26,8
MONTPELLIER-AEROPORT;20040921;13,6;25,8
MONTPELLIER-AEROPORT;20040922;13;26,9
MONTPELLIER-AEROPORT;20040923;15,2;25,7
MONTPELLIER-AEROPORT;20040924;18;23,4
MONTPELLIER-AEROPORT;20040925;11,9;22
MONTPELLIER-AEROPORT;20040926;12;23
MONTPELLIER-AEROPORT;20040927;11;24,9
MONTPELLIER-AEROPORT;20040928;11,9;24,2
MONTPELLIER-AEROPORT;20040929;11,6;21,8
MONTPELLIER-AEROPORT;20040930;11,1;21,3
MONTPELLIER-AEROPORT;20041001;11,5;23,1
MONTPELLIER-AEROPORT;20041002;12,8;24,6
MONTPELLIER-AEROPORT;20041003;13,5;24,5
MONTPELLIER-AEROPORT;20041004;14,6;22,6
MONTPELLIER-AEROPORT;20041005;17,7;21,5
MONTPELLIER-AEROPORT;20041006;20,4;22,3
MONTPELLIER-AEROPORT;20041007;17,5;23,7
MONTPELLIER-AEROPORT;20041008;18,6;23,5
MONTPELLIER-AEROPORT;20041009;19,1;23,6
MONTPELLIER-AEROPORT;20041010;15,4;22
MONTPELLIER-AEROPORT;20041011;12,9;20,4
MONTPELLIER-AEROPORT;20041012;13,3;19,6
MONTPELLIER-AEROPORT;20041013;12,9;18,6
MONTPELLIER-AEROPORT;20041014;13,8;18,9
MONTPELLIER-AEROPORT;20041015;12,7;18,6
MONTPELLIER-AEROPORT;20041016;7,2;14,4
MONTPELLIER-AEROPORT;20041017;7,4;19,1
MONTPELLIER-AEROPORT;20041018;9,6;19,4
MONTPELLIER-AEROPORT;20041019;13,2;21,3
MONTPELLIER-AEROPORT;20041020;17,3;23
MONTPELLIER-AEROPORT;20041021;18,2;27,1
MONTPELLIER-AEROPORT;20041022;16,6;21,8
MONTPELLIER-AEROPORT;20041023;14,9;20,8
MONTPELLIER-AEROPORT;20041024;17,8;20,2
MONTPELLIER-AEROPORT;20041025;15,9;20,8
MONTPELLIER-AEROPORT;20041026;12,5;16,1
MONTPELLIER-AEROPORT;20041027;6,1;19,1
MONTPELLIER-AEROPORT;20041028;15,7;20,2
MONTPELLIER-AEROPORT;20041029;12,4;20,3
MONTPELLIER-AEROPORT;20041030;5,7;17,9
MONTPELLIER-AEROPORT;20041031;11,4;13,2
MONTPELLIER-AEROPORT;20041101;9,2;17,5
MONTPELLIER-AEROPORT;20041102;7,4;15,7
MONTPELLIER-AEROPORT;20041103;12,8;18,7
MONTPELLIER-AEROPORT;20041104;16,1;18
MONTPELLIER-AEROPORT;20041105;14,7;22,1
MONTPELLIER-AEROPORT;20041106;7,7;18
MONTPELLIER-AEROPORT;20041107;6,2;16,9
MONTPELLIER-AEROPORT;20041108;7,4;15,8
MONTPELLIER-AEROPORT;20041109;4,5;12,3
MONTPELLIER-AEROPORT;20041110;1,7;11,6
MONTPELLIER-AEROPORT;20041111;2;13
MONTPELLIER-AEROPORT;20041112;5,5;15,4
MONTPELLIER-AEROPORT;20041113;2,4;15,8
MONTPELLIER-AEROPORT;20041114;8;12,2
MONTPELLIER-AEROPORT;20041115;-0,3;10,9
MONTPELLIER-AEROPORT;20041116;0;15,2
MONTPELLIER-AEROPORT;20041117;2,1;16,2
MONTPELLIER-AEROPORT;20041118;2;14,6
MONTPELLIER-AEROPORT;20041119;5,1;17,5
MONTPELLIER-AEROPORT;20041120;3,1;13,6
MONTPELLIER-AEROPORT;20041121;2,6;14,4
MONTPELLIER-AEROPORT;20041122;3,4;15,4
MONTPELLIER-AEROPORT;20041123;5,2;18,5
MONTPELLIER-AEROPORT;20041124;2,5;16,8
MONTPELLIER-AEROPORT;20041125;3,9;12,1
MONTPELLIER-AEROPORT;20041126;8,5;15,6
MONTPELLIER-AEROPORT;20041127;4,3;17,8
MONTPELLIER-AEROPORT;20041128;3,2;14,6
MONTPELLIER-AEROPORT;20041129;7,6;12,1
MONTPELLIER-AEROPORT;20041130;0,7;7,5
MONTPELLIER-AEROPORT;20041201;4,1;14
MONTPELLIER-AEROPORT;20041202;9,8;15,6
MONTPELLIER-AEROPORT;20041203;6,8;16,4
MONTPELLIER-AEROPORT;20041204;6;14
MONTPELLIER-AEROPORT;20041205;3,2;12,8
MONTPELLIER-AEROPORT;20041206;2,4;12,1
MONTPELLIER-AEROPORT;20041207;5;8,8
MONTPELLIER-AEROPORT;20041208;6,5;9,9
MONTPELLIER-AEROPORT;20041209;5,8;13,6
MONTPELLIER-AEROPORT;20041210;3,4;16,5
MONTPELLIER-AEROPORT;20041211;2,2;13,8
MONTPELLIER-AEROPORT;20041212;2,1;14
MONTPELLIER-AEROPORT;20041213;2,4;14,1
MONTPELLIER-AEROPORT;20041214;1,3;12,5
MONTPELLIER-AEROPORT;20041215;6,4;9,2
MONTPELLIER-AEROPORT;20041216;8,5;12
MONTPELLIER-AEROPORT;20041217;6,8;15,3
MONTPELLIER-AEROPORT;20041218;8,3;12,8
MONTPELLIER-AEROPORT;20041219;5,4;17
MONTPELLIER-AEROPORT;20041220;5,4;11,6
MONTPELLIER-AEROPORT;20041221;-2,3;8,9
MONTPELLIER-AEROPORT;20041222;-2,9;8,3
MONTPELLIER-AEROPORT;20041223;1,8;15,6
MONTPELLIER-AEROPORT;20041224;5,4;15,7
MONTPELLIER-AEROPORT;20041225;1,4;10,6
MONTPELLIER-AEROPORT;20041226;4,4;9,6
MONTPELLIER-AEROPORT;20041227;5,8;9,6
MONTPELLIER-AEROPORT;20041228;3,5;7,8
MONTPELLIER-AEROPORT;20041229;4;11,1
MONTPELLIER-AEROPORT;20041230;0,6;11,5
MONTPELLIER-AEROPORT;20041231;-1,5;13,5
MONTPELLIER-AEROPORT;20050101;4,1;16
MONTPELLIER-AEROPORT;20050102;7,1;16,8
MONTPELLIER-AEROPORT;20050103;5,3;13,5
MONTPELLIER-AEROPORT;20050104;-1,2;11,5
MONTPELLIER-AEROPORT;20050105;-3,1;11,3
MONTPELLIER-AEROPORT;20050106;2,8;16,8
MONTPELLIER-AEROPORT;20050107;1,1;13,8
MONTPELLIER-AEROPORT;20050108;5,6;12,9
MONTPELLIER-AEROPORT;20050109;-1,2;10,9
MONTPELLIER-AEROPORT;20050110;2,7;9,7
MONTPELLIER-AEROPORT;20050111;4,6;12,5
MONTPELLIER-AEROPORT;20050112;3,5;13,1
MONTPELLIER-AEROPORT;20050113;2,2;15,1
MONTPELLIER-AEROPORT;20050114;-1,3;12,5
MONTPELLIER-AEROPORT;20050115;-0,7;11,2
MONTPELLIER-AEROPORT;20050116;3;11,4
MONTPELLIER-AEROPORT;20050117;2,1;11,7
MONTPELLIER-AEROPORT;20050118;2,9;14,4
MONTPELLIER-AEROPORT;20050119;3,9;11,8
MONTPELLIER-AEROPORT;20050120;1,8;17,8
MONTPELLIER-AEROPORT;20050121;11,6;16,4
MONTPELLIER-AEROPORT;20050122;12;17,2
MONTPELLIER-AEROPORT;20050123;8,8;12,7
MONTPELLIER-AEROPORT;20050124;-0,1;8,9
MONTPELLIER-AEROPORT;20050125;1,2;5
MONTPELLIER-AEROPORT;20050126;0,1;3,8
MONTPELLIER-AEROPORT;20050127;-3,3;4,2
MONTPELLIER-AEROPORT;20050128;-6,2;7,4
MONTPELLIER-AEROPORT;20050129;-2,8;6,8
MONTPELLIER-AEROPORT;20050130;-4,5;8,4
MONTPELLIER-AEROPORT;20050131;-4,3;11,6
MONTPELLIER-AEROPORT;20050201;-1;15,4
MONTPELLIER-AEROPORT;20050202;3,5;13,4
MONTPELLIER-AEROPORT;20050203;0,9;13
MONTPELLIER-AEROPORT;20050204;-1,3;12,4
MONTPELLIER-AEROPORT;20050205;1,2;12
MONTPELLIER-AEROPORT;20050206;5,4;8,3
MONTPELLIER-AEROPORT;20050207;3,5;12,1
MONTPELLIER-AEROPORT;20050208;5,7;10,3
MONTPELLIER-AEROPORT;20050209;0,8;12,3
MONTPELLIER-AEROPORT;20050210;-0,3;16
MONTPELLIER-AEROPORT;20050211;3,7;14
MONTPELLIER-AEROPORT;20050212;12;15,6
MONTPELLIER-AEROPORT;20050213;8,7;13,3
MONTPELLIER-AEROPORT;20050214;4,6;10,5
MONTPELLIER-AEROPORT;20050215;3,3;10
MONTPELLIER-AEROPORT;20050216;0,8;8,2
MONTPELLIER-AEROPORT;20050217;-0,4;8,5
MONTPELLIER-AEROPORT;20050218;-4,3;8,6
MONTPELLIER-AEROPORT;20050219;-3,3;11,5
MONTPELLIER-AEROPORT;20050220;2,3;9,4
MONTPELLIER-AEROPORT;20050221;0,9;9,4
MONTPELLIER-AEROPORT;20050222;-3,1;7
MONTPELLIER-AEROPORT;20050223;-3,6;8,4
MONTPELLIER-AEROPORT;20050224;-6;6,8
MONTPELLIER-AEROPORT;20050225;-4,6;8,6
MONTPELLIER-AEROPORT;20050226;-3,6;10,9
MONTPELLIER-AEROPORT;20050227;-2,8;9,7
MONTPELLIER-AEROPORT;20050228;-6,3;3,2
MONTPELLIER-AEROPORT;20050301;-4,3;6,5
MONTPELLIER-AEROPORT;20050302;-7,1;7,6
MONTPELLIER-AEROPORT;20050303;-1;11,2
MONTPELLIER-AEROPORT;20050304;0,7;10,8
MONTPELLIER-AEROPORT;20050305;0,6;8,7
MONTPELLIER-AEROPORT;20050306;-1,8;10,8
MONTPELLIER-AEROPORT;20050307;-1,1;10
MONTPELLIER-AEROPORT;20050308;3,9;12,7
MONTPELLIER-AEROPORT;20050309;0,8;15
MONTPELLIER-AEROPORT;20050310;0,1;14,2
MONTPELLIER-AEROPORT;20050311;-1,4;11,9
MONTPELLIER-AEROPORT;20050312;-1,7;12,1
MONTPELLIER-AEROPORT;20050313;1,3;13,8
MONTPELLIER-AEROPORT;20050314;2;13,4
MONTPELLIER-AEROPORT;20050315;2;15,1
MONTPELLIER-AEROPORT;20050316;4,4;17,1
MONTPELLIER-AEROPORT;20050317;2,9;16,4
MONTPELLIER-AEROPORT;20050318;6,3;15,7
MONTPELLIER-AEROPORT;20050319;9,2;12
MONTPELLIER-AEROPORT;20050320;7,7;14,5
MONTPELLIER-AEROPORT;20050321;8,5;13,8
MONTPELLIER-AEROPORT;20050322;12,1;14,5
MONTPELLIER-AEROPORT;20050323;5,9;15,8
MONTPELLIER-AEROPORT;20050324;12,2;14,5
MONTPELLIER-AEROPORT;20050325;6,9;17,7
MONTPELLIER-AEROPORT;20050326;12;13,5
MONTPELLIER-AEROPORT;20050327;6,8;20,8
MONTPELLIER-AEROPORT;20050328;9,8;20,7
MONTPELLIER-AEROPORT;20050329;7,4;20,9
MONTPELLIER-AEROPORT;20050330;10,3;19,3
MONTPELLIER-AEROPORT;20050331;11,4;20,8
MONTPELLIER-AEROPORT;20050401;5,7;18,1
MONTPELLIER-AEROPORT;20050402;8,3;15,2
MONTPELLIER-AEROPORT;20050403;9,7;15,6
MONTPELLIER-AEROPORT;20050404;8,8;16,3
MONTPELLIER-AEROPORT;20050405;7;17,6
MONTPELLIER-AEROPORT;20050406;7,2;16,2
MONTPELLIER-AEROPORT;20050407;13,4;15,8
MONTPELLIER-AEROPORT;20050408;11,2;17
MONTPELLIER-AEROPORT;20050409;7;13,6
MONTPELLIER-AEROPORT;20050410;7;16,1
MONTPELLIER-AEROPORT;20050411;8,3;19,6
MONTPELLIER-AEROPORT;20050412;6,6;18,8
MONTPELLIER-AEROPORT;20050413;7,3;19,7
MONTPELLIER-AEROPORT;20050414;6,4;16,8
MONTPELLIER-AEROPORT;20050415;8,9;10,7
MONTPELLIER-AEROPORT;20050416;6,3;15,3
MONTPELLIER-AEROPORT;20050417;9,7;19
MONTPELLIER-AEROPORT;20050418;6,2;21
MONTPELLIER-AEROPORT;20050419;8;19,2
MONTPELLIER-AEROPORT;20050420;7,3;18,7
MONTPELLIER-AEROPORT;20050421;7,7;20,2
MONTPELLIER-AEROPORT;20050422;6,3;18,1
MONTPELLIER-AEROPORT;20050423;11,7;14,4
MONTPELLIER-AEROPORT;20050424;12,2;15
MONTPELLIER-AEROPORT;20050425;9;20,3
MONTPELLIER-AEROPORT;20050426;9,3;19,1
MONTPELLIER-AEROPORT;20050427;9,1;20,2
MONTPELLIER-AEROPORT;20050428;10,1;20,7
MONTPELLIER-AEROPORT;20050429;12,2;24,4
MONTPELLIER-AEROPORT;20050430;12,3;21,7
MONTPELLIER-AEROPORT;20050501;11,3;20
MONTPELLIER-AEROPORT;20050502;12,5;21,7
MONTPELLIER-AEROPORT;20050503;14,1;24
MONTPELLIER-AEROPORT;20050504;15,2;25,3
MONTPELLIER-AEROPORT;20050505;12,6;23,4
MONTPELLIER-AEROPORT;20050506;11,1;24,9
MONTPELLIER-AEROPORT;20050507;11,8;26
MONTPELLIER-AEROPORT;20050508;12,1;22,4
MONTPELLIER-AEROPORT;20050509;9,7;21
MONTPELLIER-AEROPORT;20050510;12,2;20,5
MONTPELLIER-AEROPORT;20050511;12,6;24,7
MONTPELLIER-AEROPORT;20050512;13,6;20,5
MONTPELLIER-AEROPORT;20050513;12,1;18,5
MONTPELLIER-AEROPORT;20050514;12,9;25
MONTPELLIER-AEROPORT;20050515;11,8;21,5
MONTPELLIER-AEROPORT;20050516;12,1;19,5
MONTPELLIER-AEROPORT;20050517;12,3;16,1
MONTPELLIER-AEROPORT;20050518;12,5;24,1
MONTPELLIER-AEROPORT;20050519;8,4;21,6
MONTPELLIER-AEROPORT;20050520;11,4;22,8
MONTPELLIER-AEROPORT;20050521;13,4;19,1
MONTPELLIER-AEROPORT;20050522;14,9;22,1
MONTPELLIER-AEROPORT;20050523;11,3;23,3
MONTPELLIER-AEROPORT;20050524;11,1;23,5
MONTPELLIER-AEROPORT;20050525;12,5;26,1
MONTPELLIER-AEROPORT;20050526;11,6;26,7
MONTPELLIER-AEROPORT;20050527;12,8;25,6
MONTPELLIER-AEROPORT;20050528;14;25,4
MONTPELLIER-AEROPORT;20050529;13,4;25,9
MONTPELLIER-AEROPORT;20050530;17,9;25,7
MONTPELLIER-AEROPORT;20050531;14,3;29,5
MONTPELLIER-AEROPORT;20050601;14,8;29
MONTPELLIER-AEROPORT;20050602;14,8;27,1
MONTPELLIER-AEROPORT;20050603;16,2;26,7
MONTPELLIER-AEROPORT;20050604;19;29,6
MONTPELLIER-AEROPORT;20050605;16,9;30,7
MONTPELLIER-AEROPORT;20050606;15,7;30,3
MONTPELLIER-AEROPORT;20050607;16,7;29,5
MONTPELLIER-AEROPORT;20050608;14,2;25,2
MONTPELLIER-AEROPORT;20050609;13,8;27,2
MONTPELLIER-AEROPORT;20050610;11,4;22,5
MONTPELLIER-AEROPORT;20050611;11,4;21,8
MONTPELLIER-AEROPORT;20050612;18,5;22,7
MONTPELLIER-AEROPORT;20050613;18,2;23,1
MONTPELLIER-AEROPORT;20050614;16,3;27,2
MONTPELLIER-AEROPORT;20050615;17,1;29,5
MONTPELLIER-AEROPORT;20050616;21;31
MONTPELLIER-AEROPORT;20050617;20,3;31,6
MONTPELLIER-AEROPORT;20050618;20,5;30
MONTPELLIER-AEROPORT;20050619;20;29,9
MONTPELLIER-AEROPORT;20050620;21,2;29,8
MONTPELLIER-AEROPORT;20050621;21;28,6
MONTPELLIER-AEROPORT;20050622;19,8;31,5
MONTPELLIER-AEROPORT;20050623;20,9;27,7
MONTPELLIER-AEROPORT;20050624;21,2;27,1
MONTPELLIER-AEROPORT;20050625;23,1;27,1
MONTPELLIER-AEROPORT;20050626;17,9;30,8
MONTPELLIER-AEROPORT;20050627;19,9;29,2
MONTPELLIER-AEROPORT;20050628;21,3;31,5
MONTPELLIER-AEROPORT;20050629;20,5;33,5
MONTPELLIER-AEROPORT;20050630;20,2;32
MONTPELLIER-AEROPORT;20050701;20,6;29,9
MONTPELLIER-AEROPORT;20050702;19,8;33,2
MONTPELLIER-AEROPORT;20050703;20,1;31,2
MONTPELLIER-AEROPORT;20050704;20,9;29
MONTPELLIER-AEROPORT;20050705;17,5;29
MONTPELLIER-AEROPORT;20050706;17,6;28,8
MONTPELLIER-AEROPORT;20050707;18,8;26,6
MONTPELLIER-AEROPORT;20050708;17,3;27,5
MONTPELLIER-AEROPORT;20050709;15,7;27,2
MONTPELLIER-AEROPORT;20050710;16,8;30,4
MONTPELLIER-AEROPORT;20050711;19,9;34
MONTPELLIER-AEROPORT;20050712;19,9;31
MONTPELLIER-AEROPORT;20050713;19,7;30,2
MONTPELLIER-AEROPORT;20050714;18,6;25,9
MONTPELLIER-AEROPORT;20050715;19,3;26,7
MONTPELLIER-AEROPORT;20050716;20,3;27,6
MONTPELLIER-AEROPORT;20050717;18,5;28,7
MONTPELLIER-AEROPORT;20050718;22,3;31
MONTPELLIER-AEROPORT;20050719;20,4;31,4
MONTPELLIER-AEROPORT;20050720;19;35,3
MONTPELLIER-AEROPORT;20050721;19;30,8
MONTPELLIER-AEROPORT;20050722;20,6;33,7
MONTPELLIER-AEROPORT;20050723;19,9;28,4
MONTPELLIER-AEROPORT;20050724;18,3;25,2
MONTPELLIER-AEROPORT;20050725;21,8;26,7
MONTPELLIER-AEROPORT;20050726;21,5;27,2
MONTPELLIER-AEROPORT;20050727;20,4;26,3
MONTPELLIER-AEROPORT;20050728;22,7;27,5
MONTPELLIER-AEROPORT;20050729;21,6;28
MONTPELLIER-AEROPORT;20050730;20,6;32,5
MONTPELLIER-AEROPORT;20050731;18,8;31,5
MONTPELLIER-AEROPORT;20050801;17,2;29
MONTPELLIER-AEROPORT;20050802;20,6;28,1
MONTPELLIER-AEROPORT;20050803;21,2;32,2
MONTPELLIER-AEROPORT;20050804;21,8;33,4
MONTPELLIER-AEROPORT;20050805;20;31,2
MONTPELLIER-AEROPORT;20050806;20,4;34,8
MONTPELLIER-AEROPORT;20050807;19,7;32,2
MONTPELLIER-AEROPORT;20050808;18,6;31
MONTPELLIER-AEROPORT;20050809;15,3;25,4
MONTPELLIER-AEROPORT;20050810;20,6;26,5
MONTPELLIER-AEROPORT;20050811;18,6;26
MONTPELLIER-AEROPORT;20050812;16,4;33,9
MONTPELLIER-AEROPORT;20050813;20,1;32,6
MONTPELLIER-AEROPORT;20050814;19,6;32
MONTPELLIER-AEROPORT;20050815;19,3;29,2
MONTPELLIER-AEROPORT;20050816;16,7;30,6
MONTPELLIER-AEROPORT;20050817;18;25,5
MONTPELLIER-AEROPORT;20050818;19,4;26,7
MONTPELLIER-AEROPORT;20050819;17,4;31,1
MONTPELLIER-AEROPORT;20050820;17,5;27,7
MONTPELLIER-AEROPORT;20050821;18,4;23
MONTPELLIER-AEROPORT;20050822;18,5;27,8
MONTPELLIER-AEROPORT;20050823;18,5;29,9
MONTPELLIER-AEROPORT;20050824;17,8;27,9
MONTPELLIER-AEROPORT;20050825;16,6;25,5
MONTPELLIER-AEROPORT;20050826;19,7;27,6
MONTPELLIER-AEROPORT;20050827;17,3;21,1
MONTPELLIER-AEROPORT;20050828;15,9;30,5
MONTPELLIER-AEROPORT;20050829;16,6;28,5
MONTPELLIER-AEROPORT;20050830;17,4;29,6
MONTPELLIER-AEROPORT;20050831;17,2;26,6
MONTPELLIER-AEROPORT;20050901;19,2;28,3
MONTPELLIER-AEROPORT;20050902;18,9;29,3
MONTPELLIER-AEROPORT;20050903;18,5;27,4
MONTPELLIER-AEROPORT;20050904;21,7;26,8
MONTPELLIER-AEROPORT;20050905;21,5;25,7
MONTPELLIER-AEROPORT;20050906;17,3;24,6
MONTPELLIER-AEROPORT;20050907;16,3;24,6
MONTPELLIER-AEROPORT;20050908;17,2;20,7
MONTPELLIER-AEROPORT;20050909;16,3;24
MONTPELLIER-AEROPORT;20050910;16,5;24
MONTPELLIER-AEROPORT;20050911;15,9;23,9
MONTPELLIER-AEROPORT;20050912;12,8;24,7
MONTPELLIER-AEROPORT;20050913;16,7;26,4
MONTPELLIER-AEROPORT;20050914;17;28
MONTPELLIER-AEROPORT;20050915;16,3;27,6
MONTPELLIER-AEROPORT;20050916;16,2;29,4
MONTPELLIER-AEROPORT;20050917;15,6;21,2
MONTPELLIER-AEROPORT;20050918;11;21,7
MONTPELLIER-AEROPORT;20050919;12,5;20,4
MONTPELLIER-AEROPORT;20050920;13,2;24,5
MONTPELLIER-AEROPORT;20050921;11,6;23,8
MONTPELLIER-AEROPORT;20050922;10,5;23
MONTPELLIER-AEROPORT;20050923;11;22,1
MONTPELLIER-AEROPORT;20050924;15;22,5
MONTPELLIER-AEROPORT;20050925;16;23
MONTPELLIER-AEROPORT;20050926;16,1;25,1
MONTPELLIER-AEROPORT;20050927;15;23,3
MONTPELLIER-AEROPORT;20050928;14;26,5
MONTPELLIER-AEROPORT;20050929;16;24
MONTPELLIER-AEROPORT;20050930;14,6;26,1
MONTPELLIER-AEROPORT;20051001;13;24,9
MONTPELLIER-AEROPORT;20051002;13,9;20,2
MONTPELLIER-AEROPORT;20051003;12,2;18
MONTPELLIER-AEROPORT;20051004;12,8;18,6
MONTPELLIER-AEROPORT;20051005;9;20,2
MONTPELLIER-AEROPORT;20051006;10,1;21,3
MONTPELLIER-AEROPORT;20051007;8,8;20,2
MONTPELLIER-AEROPORT;20051008;10,3;20,7
MONTPELLIER-AEROPORT;20051009;10,2;21,1
MONTPELLIER-AEROPORT;20051010;13,4;21,2
MONTPELLIER-AEROPORT;20051011;15,1;18,8
MONTPELLIER-AEROPORT;20051012;16,5;18,5
MONTPELLIER-AEROPORT;20051013;15,6;20
MONTPELLIER-AEROPORT;20051014;13,5;18,8
MONTPELLIER-AEROPORT;20051015;16;19,1
MONTPELLIER-AEROPORT;20051016;15,4;20,3
MONTPELLIER-AEROPORT;20051017;12,7;20,3
MONTPELLIER-AEROPORT;20051018;15,9;17,5
MONTPELLIER-AEROPORT;20051019;13,5;18,7
MONTPELLIER-AEROPORT;20051020;16,4;19,9
MONTPELLIER-AEROPORT;20051021;17,1;18,9
MONTPELLIER-AEROPORT;20051022;16,8;21,6
MONTPELLIER-AEROPORT;20051023;16,5;22
MONTPELLIER-AEROPORT;20051024;10,4;21,4
MONTPELLIER-AEROPORT;20051025;13,4;20,2
MONTPELLIER-AEROPORT;20051026;13,8;19,6
MONTPELLIER-AEROPORT;20051027;18,1;20
MONTPELLIER-AEROPORT;20051028;16,8;20,2
MONTPELLIER-AEROPORT;20051029;18,1;20,3
MONTPELLIER-AEROPORT;20051030;16,7;19,2
MONTPELLIER-AEROPORT;20051031;16,9;19,5
MONTPELLIER-AEROPORT;20051101;11,8;21,3
MONTPELLIER-AEROPORT;20051102;10,4;19,9
MONTPELLIER-AEROPORT;20051103;14,7;21,1
MONTPELLIER-AEROPORT;20051104;15,5;18,9
MONTPELLIER-AEROPORT;20051105;9,8;19,2
MONTPELLIER-AEROPORT;20051106;5,7;19,1
MONTPELLIER-AEROPORT;20051107;4,3;17,1
MONTPELLIER-AEROPORT;20051108;6,1;18,6
MONTPELLIER-AEROPORT;20051109;12,5;17,3
MONTPELLIER-AEROPORT;20051110;11,9;18,2
MONTPELLIER-AEROPORT;20051111;6,8;17,4
MONTPELLIER-AEROPORT;20051112;11;17,2
MONTPELLIER-AEROPORT;20051113;12,9;16,2
MONTPELLIER-AEROPORT;20051114;12,2;14,3
MONTPELLIER-AEROPORT;20051115;10;16,7
MONTPELLIER-AEROPORT;20051116;6,7;19,2
MONTPELLIER-AEROPORT;20051117;7,9;14,3
MONTPELLIER-AEROPORT;20051118;0,7;12,1
MONTPELLIER-AEROPORT;20051119;4,1;11,9
MONTPELLIER-AEROPORT;20051120;3;12,6
MONTPELLIER-AEROPORT;20051121;-0,2;14,6
MONTPELLIER-AEROPORT;20051122;4;10,2
MONTPELLIER-AEROPORT;20051123;1,9;7,4
MONTPELLIER-AEROPORT;20051124;-3,2;8,8
MONTPELLIER-AEROPORT;20051125;3,7;9
MONTPELLIER-AEROPORT;20051126;-0,7;10,5
MONTPELLIER-AEROPORT;20051127;-0,9;9,4
MONTPELLIER-AEROPORT;20051128;-1,9;10
MONTPELLIER-AEROPORT;20051129;2,9;9,8
MONTPELLIER-AEROPORT;20051130;3,2;11,3
MONTPELLIER-AEROPORT;20051201;-3,1;14,2
MONTPELLIER-AEROPORT;20051202;5,9;15
MONTPELLIER-AEROPORT;20051203;5,6;12,5
MONTPELLIER-AEROPORT;20051204;1,6;14,1
MONTPELLIER-AEROPORT;20051205;5,8;12,6
MONTPELLIER-AEROPORT;20051206;4,3;10,7
MONTPELLIER-AEROPORT;20051207;4,6;13,2
MONTPELLIER-AEROPORT;20051208;3,3;11,2
MONTPELLIER-AEROPORT;20051209;3,4;12,7
MONTPELLIER-AEROPORT;20051210;3,6;9,8
MONTPELLIER-AEROPORT;20051211;0;8,1
MONTPELLIER-AEROPORT;20051212;-2,6;6
MONTPELLIER-AEROPORT;20051213;-0,1;9,5
MONTPELLIER-AEROPORT;20051214;-1,5;9,4
MONTPELLIER-AEROPORT;20051215;-1,1;11,1
MONTPELLIER-AEROPORT;20051216;-1,4;12
MONTPELLIER-AEROPORT;20051217;6,5;12,1
MONTPELLIER-AEROPORT;20051218;-0,3;8,7
MONTPELLIER-AEROPORT;20051219;-3,2;8,4
MONTPELLIER-AEROPORT;20051220;-3,4;9,1
MONTPELLIER-AEROPORT;20051221;-3,1;7,2
MONTPELLIER-AEROPORT;20051222;-1,4;7,3
MONTPELLIER-AEROPORT;20051223;-4,3;11
MONTPELLIER-AEROPORT;20051224;-1,4;8,7
MONTPELLIER-AEROPORT;20051225;4,8;10,8
MONTPELLIER-AEROPORT;20051226;-2,1;9
MONTPELLIER-AEROPORT;20051227;-3,2;7,6
MONTPELLIER-AEROPORT;20051228;-2,6;4,3
MONTPELLIER-AEROPORT;20051229;-4,2;4,9
MONTPELLIER-AEROPORT;20051230;-6,3;1,8
MONTPELLIER-AEROPORT;20051231;-0,6;7,4
MONTPELLIER-AEROPORT;20060101;2,3;11,7
MONTPELLIER-AEROPORT;20060102;7,5;12,3
MONTPELLIER-AEROPORT;20060103;2,4;10,8
MONTPELLIER-AEROPORT;20060104;-0,4;9,4
MONTPELLIER-AEROPORT;20060105;-4,4;5,8
MONTPELLIER-AEROPORT;20060106;1,8;7,9
MONTPELLIER-AEROPORT;20060107;5,8;7,9
MONTPELLIER-AEROPORT;20060108;5,7;9,4
MONTPELLIER-AEROPORT;20060109;3;9,7
MONTPELLIER-AEROPORT;20060110;3,5;10,4
MONTPELLIER-AEROPORT;20060111;-2,2;11,2
MONTPELLIER-AEROPORT;20060112;-1,5;11,4
MONTPELLIER-AEROPORT;20060113;-0,2;11,1
MONTPELLIER-AEROPORT;20060114;0,8;10,7
MONTPELLIER-AEROPORT;20060115;-0,3;9,2
MONTPELLIER-AEROPORT;20060116;3,1;5,1
MONTPELLIER-AEROPORT;20060117;3,5;7,8
MONTPELLIER-AEROPORT;20060118;5,5;13,8
MONTPELLIER-AEROPORT;20060119;3,2;15,6
MONTPELLIER-AEROPORT;20060120;2,6;11,6
MONTPELLIER-AEROPORT;20060121;3,9;15,9
MONTPELLIER-AEROPORT;20060122;2;12,8
MONTPELLIER-AEROPORT;20060123;-0,2;10,7
MONTPELLIER-AEROPORT;20060124;0,1;9,2
MONTPELLIER-AEROPORT;20060125;-0,5;10,5
MONTPELLIER-AEROPORT;20060126;-0,4;8,4
MONTPELLIER-AEROPORT;20060127;1,5;4,2
MONTPELLIER-AEROPORT;20060128;1,4;10,7
MONTPELLIER-AEROPORT;20060129;7,1;10,4
MONTPELLIER-AEROPORT;20060130;7,1;11,5
MONTPELLIER-AEROPORT;20060131;4,6;12,7
MONTPELLIER-AEROPORT;20060201;0,4;14
MONTPELLIER-AEROPORT;20060202;-1;10,3
MONTPELLIER-AEROPORT;20060203;-0,2;8,4
MONTPELLIER-AEROPORT;20060204;-0,5;8,2
MONTPELLIER-AEROPORT;20060205;-1,4;9,7
MONTPELLIER-AEROPORT;20060206;-3;11,6
MONTPELLIER-AEROPORT;20060207;-0,9;11,5
MONTPELLIER-AEROPORT;20060208;-2,6;10,6
MONTPELLIER-AEROPORT;20060209;3,9;12,7
MONTPELLIER-AEROPORT;20060210;1,2;10,9
MONTPELLIER-AEROPORT;20060211;0,5;11,4
MONTPELLIER-AEROPORT;20060212;0,1;12,2
MONTPELLIER-AEROPORT;20060213;1,2;11,8
MONTPELLIER-AEROPORT;20060214;0,1;10,4
MONTPELLIER-AEROPORT;20060215;0,3;8,6
MONTPELLIER-AEROPORT;20060216;7,3;18,6
MONTPELLIER-AEROPORT;20060217;6,9;15,9
MONTPELLIER-AEROPORT;20060218;6,4;12,7
MONTPELLIER-AEROPORT;20060219;5,8;14,5
MONTPELLIER-AEROPORT;20060220;3,6;13,6
MONTPELLIER-AEROPORT;20060221;1,8;13,5
MONTPELLIER-AEROPORT;20060222;6,2;11,4
MONTPELLIER-AEROPORT;20060223;3,7;12
MONTPELLIER-AEROPORT;20060224;1,3;12,6
MONTPELLIER-AEROPORT;20060225;-0,4;10,9
MONTPELLIER-AEROPORT;20060226;0,8;10,8
MONTPELLIER-AEROPORT;20060227;2,7;10
MONTPELLIER-AEROPORT;20060228;-2,9;9,5
MONTPELLIER-AEROPORT;20060301;3,5;10,9
MONTPELLIER-AEROPORT;20060302;0,8;12,1
MONTPELLIER-AEROPORT;20060303;3,6;13,9
MONTPELLIER-AEROPORT;20060304;3,9;15,2
MONTPELLIER-AEROPORT;20060305;4,2;9,7
MONTPELLIER-AEROPORT;20060306;5;12,1
MONTPELLIER-AEROPORT;20060307;3,6;13,5
MONTPELLIER-AEROPORT;20060308;5,4;17,7
MONTPELLIER-AEROPORT;20060309;12,7;19,5
MONTPELLIER-AEROPORT;20060310;8,2;14,3
MONTPELLIER-AEROPORT;20060311;3,4;13,2
MONTPELLIER-AEROPORT;20060312;4,5;12,2
MONTPELLIER-AEROPORT;20060313;-1,8;10,7
MONTPELLIER-AEROPORT;20060314;-0,8;11,5
MONTPELLIER-AEROPORT;20060315;1;11,5
MONTPELLIER-AEROPORT;20060316;1,9;14,8
MONTPELLIER-AEROPORT;20060317;3,4;12,7
MONTPELLIER-AEROPORT;20060318;6,4;12,8
MONTPELLIER-AEROPORT;20060319;7,9;10,8
MONTPELLIER-AEROPORT;20060320;8,6;12
MONTPELLIER-AEROPORT;20060321;11;14,2
MONTPELLIER-AEROPORT;20060322;9,7;19,5
MONTPELLIER-AEROPORT;20060323;9,3;19,5
MONTPELLIER-AEROPORT;20060324;10,9;15,2
MONTPELLIER-AEROPORT;20060325;11,7;20,9
MONTPELLIER-AEROPORT;20060326;8,3;16,9
MONTPELLIER-AEROPORT;20060327;12,8;14,9
MONTPELLIER-AEROPORT;20060328;12,1;17,6
MONTPELLIER-AEROPORT;20060329;9;18,5
MONTPELLIER-AEROPORT;20060330;7,4;15,7
MONTPELLIER-AEROPORT;20060331;10,7;20,8
MONTPELLIER-AEROPORT;20060401;9,4;17,3
MONTPELLIER-AEROPORT;20060402;7;23,3
MONTPELLIER-AEROPORT;20060403;12,6;21,5
MONTPELLIER-AEROPORT;20060404;5,5;17,9
MONTPELLIER-AEROPORT;20060405;12,4;16,6
MONTPELLIER-AEROPORT;20060406;4,9;17
MONTPELLIER-AEROPORT;20060407;5,2;17,3
MONTPELLIER-AEROPORT;20060408;6,2;16,4
MONTPELLIER-AEROPORT;20060409;13,6;15
MONTPELLIER-AEROPORT;20060410;10,9;15,8
MONTPELLIER-AEROPORT;20060411;5;17,3
MONTPELLIER-AEROPORT;20060412;4,4;18,9
MONTPELLIER-AEROPORT;20060413;9,2;21,5
MONTPELLIER-AEROPORT;20060414;8,1;18,9
MONTPELLIER-AEROPORT;20060415;13,3;14,8
MONTPELLIER-AEROPORT;20060416;8;24,4
MONTPELLIER-AEROPORT;20060417;11,4;22,7
MONTPELLIER-AEROPORT;20060418;10,1;22,8
MONTPELLIER-AEROPORT;20060419;7,4;20
MONTPELLIER-AEROPORT;20060420;9,5;21,2
MONTPELLIER-AEROPORT;20060421;10,1;17,1
MONTPELLIER-AEROPORT;20060422;13,8;18,5
MONTPELLIER-AEROPORT;20060423;9,7;20,1
MONTPELLIER-AEROPORT;20060424;11,8;21,3
MONTPELLIER-AEROPORT;20060425;12,6;25,5
MONTPELLIER-AEROPORT;20060426;14;27,1
MONTPELLIER-AEROPORT;20060427;13,4;25,6
MONTPELLIER-AEROPORT;20060428;13,7;23,2
MONTPELLIER-AEROPORT;20060429;11,4;23
MONTPELLIER-AEROPORT;20060430;5,2;19,6
MONTPELLIER-AEROPORT;20060501;7,8;18,8
MONTPELLIER-AEROPORT;20060502;14,8;18,6
MONTPELLIER-AEROPORT;20060503;9,9;22,7
MONTPELLIER-AEROPORT;20060504;10,8;23,9
MONTPELLIER-AEROPORT;20060505;11,9;23,9
MONTPELLIER-AEROPORT;20060506;11,9;21,1
MONTPELLIER-AEROPORT;20060507;14,6;19,9
MONTPELLIER-AEROPORT;20060508;11,6;19,1
MONTPELLIER-AEROPORT;20060509;9,4;22,7
MONTPELLIER-AEROPORT;20060510;8,7;20,7
MONTPELLIER-AEROPORT;20060511;8,1;19,4
MONTPELLIER-AEROPORT;20060512;9,7;19,2
MONTPELLIER-AEROPORT;20060513;10,9;19,5
MONTPELLIER-AEROPORT;20060514;10,5;24,7
MONTPELLIER-AEROPORT;20060515;13,8;21,1
MONTPELLIER-AEROPORT;20060516;13,9;22,5
MONTPELLIER-AEROPORT;20060517;14;25,3
MONTPELLIER-AEROPORT;20060518;17,4;21,7
MONTPELLIER-AEROPORT;20060519;14,3;25,6
MONTPELLIER-AEROPORT;20060520;13,2;21,8
MONTPELLIER-AEROPORT;20060521;16,1;23
MONTPELLIER-AEROPORT;20060522;18,6;21,2
MONTPELLIER-AEROPORT;20060523;12;24,7
MONTPELLIER-AEROPORT;20060524;12,8;25,3
MONTPELLIER-AEROPORT;20060525;10,8;28,6
MONTPELLIER-AEROPORT;20060526;16,7;30,3
MONTPELLIER-AEROPORT;20060527;17,5;31,5
MONTPELLIER-AEROPORT;20060528;18,7;35,1
MONTPELLIER-AEROPORT;20060529;16,4;28,8
MONTPELLIER-AEROPORT;20060530;14,3;23,3
MONTPELLIER-AEROPORT;20060531;10;20,7
MONTPELLIER-AEROPORT;20060601;9,5;24,5
MONTPELLIER-AEROPORT;20060602;11,5;22,2
MONTPELLIER-AEROPORT;20060603;8,8;26,4
MONTPELLIER-AEROPORT;20060604;14,4;28,8
MONTPELLIER-AEROPORT;20060605;15,1;26,8
MONTPELLIER-AEROPORT;20060606;13,8;28,5
MONTPELLIER-AEROPORT;20060607;14;25
MONTPELLIER-AEROPORT;20060608;13,1;23
MONTPELLIER-AEROPORT;20060609;11,7;23,1
MONTPELLIER-AEROPORT;20060610;13,1;23,7
MONTPELLIER-AEROPORT;20060611;11,5;23,4
MONTPELLIER-AEROPORT;20060612;15,6;24,4
MONTPELLIER-AEROPORT;20060613;13,3;24,8
MONTPELLIER-AEROPORT;20060614;12,6;24,7
MONTPELLIER-AEROPORT;20060615;12,9;25,6
MONTPELLIER-AEROPORT;20060616;18,3;25,8
MONTPELLIER-AEROPORT;20060617;18,6;28,8
MONTPELLIER-AEROPORT;20060618;18;28,4
MONTPELLIER-AEROPORT;20060619;18,2;25,8
MONTPELLIER-AEROPORT;20060620;20,9;28,7
MONTPELLIER-AEROPORT;20060621;20;31,8
MONTPELLIER-AEROPORT;20060622;22;34,4
MONTPELLIER-AEROPORT;20060623;18,7;30
MONTPELLIER-AEROPORT;20060624;19,3;28,3
MONTPELLIER-AEROPORT;20060625;18,4;30,6
MONTPELLIER-AEROPORT;20060626;19,3;29,8
MONTPELLIER-AEROPORT;20060627;19,8;29,5
MONTPELLIER-AEROPORT;20060628;21,4;33
MONTPELLIER-AEROPORT;20060629;20,7;35,3
MONTPELLIER-AEROPORT;20060630;23;34,5
MONTPELLIER-AEROPORT;20060701;20,8;33,7
MONTPELLIER-AEROPORT;20060702;19,6;32,1
MONTPELLIER-AEROPORT;20060703;20,8;28,9
MONTPELLIER-AEROPORT;20060704;20,7;29,5
MONTPELLIER-AEROPORT;20060705;20,4;28,6
MONTPELLIER-AEROPORT;20060706;22,5;32,6
MONTPELLIER-AEROPORT;20060707;20,7;32,3
MONTPELLIER-AEROPORT;20060708;19;31,3
MONTPELLIER-AEROPORT;20060709;19,2;30,4
MONTPELLIER-AEROPORT;20060710;21,4;34,7
MONTPELLIER-AEROPORT;20060711;19,7;31,3
MONTPELLIER-AEROPORT;20060712;24,2;35,3
MONTPELLIER-AEROPORT;20060713;23,7;34,7
MONTPELLIER-AEROPORT;20060714;21,3;33,4
MONTPELLIER-AEROPORT;20060715;21,1;33
MONTPELLIER-AEROPORT;20060716;21,4;34,4
MONTPELLIER-AEROPORT;20060717;22,2;31,6
MONTPELLIER-AEROPORT;20060718;22;30,1
MONTPELLIER-AEROPORT;20060719;22;29,7
MONTPELLIER-AEROPORT;20060720;22,5;30
MONTPELLIER-AEROPORT;20060721;20,6;30,9
MONTPELLIER-AEROPORT;20060722;22;31,7
MONTPELLIER-AEROPORT;20060723;24,4;35,4
MONTPELLIER-AEROPORT;20060724;25,3;33,6
MONTPELLIER-AEROPORT;20060725;22,9;32,1
MONTPELLIER-AEROPORT;20060726;23,7;31
MONTPELLIER-AEROPORT;20060727;22,2;30,8
MONTPELLIER-AEROPORT;20060728;21,4;33,3
MONTPELLIER-AEROPORT;20060729;21,7;33,2
MONTPELLIER-AEROPORT;20060730;23,6;33
MONTPELLIER-AEROPORT;20060731;22,8;33,4
MONTPELLIER-AEROPORT;20060801;24,5;32,5
MONTPELLIER-AEROPORT;20060802;21;31,2
MONTPELLIER-AEROPORT;20060803;19,8;30,4
MONTPELLIER-AEROPORT;20060804;20,2;30,3
MONTPELLIER-AEROPORT;20060805;19,6;30,6
MONTPELLIER-AEROPORT;20060806;18,5;31,6
MONTPELLIER-AEROPORT;20060807;18,5;33,2
MONTPELLIER-AEROPORT;20060808;21,2;32,4
MONTPELLIER-AEROPORT;20060809;19,6;31,6
MONTPELLIER-AEROPORT;20060810;18,9;31,9
MONTPELLIER-AEROPORT;20060811;18,5;30,1
MONTPELLIER-AEROPORT;20060812;19,3;26,9
MONTPELLIER-AEROPORT;20060813;16,4;27,1
MONTPELLIER-AEROPORT;20060814;16,9;24,6
MONTPELLIER-AEROPORT;20060815;14,5;22,4
MONTPELLIER-AEROPORT;20060816;15,8;24,7
MONTPELLIER-AEROPORT;20060817;19,1;23,8
MONTPELLIER-AEROPORT;20060818;14;24,8
MONTPELLIER-AEROPORT;20060819;19,1;25,7
MONTPELLIER-AEROPORT;20060820;17,2;30,6
MONTPELLIER-AEROPORT;20060821;18;31,5
MONTPELLIER-AEROPORT;20060822;18,1;27,8
MONTPELLIER-AEROPORT;20060823;17,6;27,3
MONTPELLIER-AEROPORT;20060824;19;27,8
MONTPELLIER-AEROPORT;20060825;15,4;22,6
MONTPELLIER-AEROPORT;20060826;19,4;28,2
MONTPELLIER-AEROPORT;20060827;18,5;28
MONTPELLIER-AEROPORT;20060828;15,8;27,5
MONTPELLIER-AEROPORT;20060829;19,4;26,8
MONTPELLIER-AEROPORT;20060830;15,6;26,7
MONTPELLIER-AEROPORT;20060831;15;27,9
MONTPELLIER-AEROPORT;20060901;13,4;22,5
MONTPELLIER-AEROPORT;20060902;15,3;20,8
MONTPELLIER-AEROPORT;20060903;16,3;28,9
MONTPELLIER-AEROPORT;20060904;18,6;23
MONTPELLIER-AEROPORT;20060905;18,7;25,8
MONTPELLIER-AEROPORT;20060906;20;24,8
MONTPELLIER-AEROPORT;20060907;20,5;23,7
MONTPELLIER-AEROPORT;20060908;18,4;32,2
MONTPELLIER-AEROPORT;20060909;18,7;27,4
MONTPELLIER-AEROPORT;20060910;17,2;28
MONTPELLIER-AEROPORT;20060911;17,1;28,3
MONTPELLIER-AEROPORT;20060912;17,4;26
MONTPELLIER-AEROPORT;20060913;17,1;24,1
MONTPELLIER-AEROPORT;20060914;17,7;23,1
MONTPELLIER-AEROPORT;20060915;16,5;21,2
MONTPELLIER-AEROPORT;20060916;15,8;23,7
MONTPELLIER-AEROPORT;20060917;17,5;27,8
MONTPELLIER-AEROPORT;20060918;16,3;28,2
MONTPELLIER-AEROPORT;20060919;15,6;28,7
MONTPELLIER-AEROPORT;20060920;14,8;26,2
MONTPELLIER-AEROPORT;20060921;16,3;23,2
MONTPELLIER-AEROPORT;20060922;17,8;23,6
MONTPELLIER-AEROPORT;20060923;21,2;22,5
MONTPELLIER-AEROPORT;20060924;18,2;20,3
MONTPELLIER-AEROPORT;20060925;13,6;24
MONTPELLIER-AEROPORT;20060926;16,7;26
MONTPELLIER-AEROPORT;20060927;14,2;26,4
MONTPELLIER-AEROPORT;20060928;13,2;22,4
MONTPELLIER-AEROPORT;20060929;13,7;22,9
MONTPELLIER-AEROPORT;20060930;18,6;22,3
MONTPELLIER-AEROPORT;20061001;20,4;23,5
MONTPELLIER-AEROPORT;20061002;20,1;23,1
MONTPELLIER-AEROPORT;20061003;19,2;23,3
MONTPELLIER-AEROPORT;20061004;14,5;21,3
MONTPELLIER-AEROPORT;20061005;13,3;22,8
MONTPELLIER-AEROPORT;20061006;12,5;21,2
MONTPELLIER-AEROPORT;20061007;15,7;24,6
MONTPELLIER-AEROPORT;20061008;9,7;22,3
MONTPELLIER-AEROPORT;20061009;12,2;21,8
MONTPELLIER-AEROPORT;20061010;12,6;21,8
MONTPELLIER-AEROPORT;20061011;15,3;19,2
MONTPELLIER-AEROPORT;20061012;14,4;19,2
MONTPELLIER-AEROPORT;20061013;12,4;24
MONTPELLIER-AEROPORT;20061014;11,8;23,4
MONTPELLIER-AEROPORT;20061015;12,8;21,6
MONTPELLIER-AEROPORT;20061016;12,5;21,5
MONTPELLIER-AEROPORT;20061017;10,9;20,4
MONTPELLIER-AEROPORT;20061018;15,2;20,4
MONTPELLIER-AEROPORT;20061019;17,2;19,2
MONTPELLIER-AEROPORT;20061020;14;20,2
MONTPELLIER-AEROPORT;20061021;13,1;20,9
MONTPELLIER-AEROPORT;20061022;14,2;20,3
MONTPELLIER-AEROPORT;20061023;19,1;22,1
MONTPELLIER-AEROPORT;20061024;17,5;22,6
MONTPELLIER-AEROPORT;20061025;12,6;21
MONTPELLIER-AEROPORT;20061026;14,7;22,5
MONTPELLIER-AEROPORT;20061027;16;25
MONTPELLIER-AEROPORT;20061028;13,6;26,5
MONTPELLIER-AEROPORT;20061029;14;27,5
MONTPELLIER-AEROPORT;20061030;14,2;24,3
MONTPELLIER-AEROPORT;20061031;12,1;17,6
MONTPELLIER-AEROPORT;20061101;11,4;19,4
MONTPELLIER-AEROPORT;20061102;9,7;16,5
MONTPELLIER-AEROPORT;20061103;4,3;14,6
MONTPELLIER-AEROPORT;20061104;5,6;14,9
MONTPELLIER-AEROPORT;20061105;5,7;16,6
MONTPELLIER-AEROPORT;20061106;3,5;15,9
MONTPELLIER-AEROPORT;20061107;5;16,1
MONTPELLIER-AEROPORT;20061108;11,2;18,5
MONTPELLIER-AEROPORT;20061109;11;20,8
MONTPELLIER-AEROPORT;20061110;6,9;19,2
MONTPELLIER-AEROPORT;20061111;5,3;16,9
MONTPELLIER-AEROPORT;20061112;14,2;21,3
MONTPELLIER-AEROPORT;20061113;10,2;18,2
MONTPELLIER-AEROPORT;20061114;6,8;17,9
MONTPELLIER-AEROPORT;20061115;9,8;18,6
MONTPELLIER-AEROPORT;20061116;16,7;18,1
MONTPELLIER-AEROPORT;20061117;14,2;18
MONTPELLIER-AEROPORT;20061118;7,5;17,6
MONTPELLIER-AEROPORT;20061119;7,8;16,6
MONTPELLIER-AEROPORT;20061120;6;16,5
MONTPELLIER-AEROPORT;20061121;8,9;17,8
MONTPELLIER-AEROPORT;20061122;10,9;15,7
MONTPELLIER-AEROPORT;20061123;7,2;14,9
MONTPELLIER-AEROPORT;20061124;13,5;17,9
MONTPELLIER-AEROPORT;20061125;17,1;18,1
MONTPELLIER-AEROPORT;20061126;13,4;18,6
MONTPELLIER-AEROPORT;20061127;15;18,4
MONTPELLIER-AEROPORT;20061128;15,2;18,6
MONTPELLIER-AEROPORT;20061129;11;18
MONTPELLIER-AEROPORT;20061130;6,1;16,1
MONTPELLIER-AEROPORT;20061201;7,6;16,6
MONTPELLIER-AEROPORT;20061202;11,8;16,8
MONTPELLIER-AEROPORT;20061203;9,6;15,9
MONTPELLIER-AEROPORT;20061204;10,8;18,1
MONTPELLIER-AEROPORT;20061205;9,1;16,9
MONTPELLIER-AEROPORT;20061206;12;14,9
MONTPELLIER-AEROPORT;20061207;4,2;14,1
MONTPELLIER-AEROPORT;20061208;6,4;15,9
MONTPELLIER-AEROPORT;20061209;5,4;13,4
MONTPELLIER-AEROPORT;20061210;2,1;13,2
MONTPELLIER-AEROPORT;20061211;-0,7;11,1
MONTPELLIER-AEROPORT;20061212;0;10,2
MONTPELLIER-AEROPORT;20061213;4,5;13
MONTPELLIER-AEROPORT;20061214;0,9;13,4
MONTPELLIER-AEROPORT;20061215;3,5;12,5
MONTPELLIER-AEROPORT;20061216;8,4;14,1
MONTPELLIER-AEROPORT;20061217;5;14
MONTPELLIER-AEROPORT;20061218;4;13,1
MONTPELLIER-AEROPORT;20061219;-0,6;10,3
MONTPELLIER-AEROPORT;20061220;-0,9;9,9
MONTPELLIER-AEROPORT;20061221;0,5;8,7
MONTPELLIER-AEROPORT;20061222;-2;9,7
MONTPELLIER-AEROPORT;20061223;-1,1;7,8
MONTPELLIER-AEROPORT;20061224;-2,1;9,2
MONTPELLIER-AEROPORT;20061225;-4,8;9,6
MONTPELLIER-AEROPORT;20061226;-3,3;10,9
MONTPELLIER-AEROPORT;20061227;-2,9;11,1
MONTPELLIER-AEROPORT;20061228;-2;10,2
MONTPELLIER-AEROPORT;20061229;2,8;10,5
MONTPELLIER-AEROPORT;20061230;5,2;14,7
MONTPELLIER-AEROPORT;20061231;6,8;16,4
MONTPELLIER-AEROPORT;20070101;8,2;16,1
MONTPELLIER-AEROPORT;20070102;9,3;13,6
MONTPELLIER-AEROPORT;20070103;6,1;13,7
MONTPELLIER-AEROPORT;20070104;3,2;15,4
MONTPELLIER-AEROPORT;20070105;8;16
MONTPELLIER-AEROPORT;20070106;1,1;15,2
MONTPELLIER-AEROPORT;20070107;4,8;15
MONTPELLIER-AEROPORT;20070108;6,9;15,4
MONTPELLIER-AEROPORT;20070109;8,2;17,3
MONTPELLIER-AEROPORT;20070110;8;14,3
MONTPELLIER-AEROPORT;20070111;7,1;17,1
MONTPELLIER-AEROPORT;20070112;10,9;19,4
MONTPELLIER-AEROPORT;20070113;3,7;17,4
MONTPELLIER-AEROPORT;20070114;2,9;17,8
MONTPELLIER-AEROPORT;20070115;6;12,9
MONTPELLIER-AEROPORT;20070116;10,1;13,1
MONTPELLIER-AEROPORT;20070117;7,9;14,8
MONTPELLIER-AEROPORT;20070118;4,8;17,2
MONTPELLIER-AEROPORT;20070119;9,6;20,9
MONTPELLIER-AEROPORT;20070120;5,4;18,1
MONTPELLIER-AEROPORT;20070121;8,2;16,6
MONTPELLIER-AEROPORT;20070122;4,6;13,3
MONTPELLIER-AEROPORT;20070123;3,7;8
MONTPELLIER-AEROPORT;20070124;1,2;6,3
MONTPELLIER-AEROPORT;20070125;-4,5;5,5
MONTPELLIER-AEROPORT;20070126;-3,7;7
MONTPELLIER-AEROPORT;20070127;-5,8;12,2
MONTPELLIER-AEROPORT;20070128;-0,6;12,3
MONTPELLIER-AEROPORT;20070129;-3,3;12,2
MONTPELLIER-AEROPORT;20070130;-0,4;11,8
MONTPELLIER-AEROPORT;20070131;2,8;12,1
MONTPELLIER-AEROPORT;20070201;-0,1;11,6
MONTPELLIER-AEROPORT;20070202;1,7;13,8
MONTPELLIER-AEROPORT;20070203;1,4;14,5
MONTPELLIER-AEROPORT;20070204;2,1;12,9
MONTPELLIER-AEROPORT;20070205;2,8;12,6
MONTPELLIER-AEROPORT;20070206;6,5;13,8
MONTPELLIER-AEROPORT;20070207;3,9;13,9
MONTPELLIER-AEROPORT;20070208;4,7;11,4
MONTPELLIER-AEROPORT;20070209;1,7;15,4
MONTPELLIER-AEROPORT;20070210;3,6;15,8
MONTPELLIER-AEROPORT;20070211;7,8;18,9
MONTPELLIER-AEROPORT;20070212;8,5;13,7
MONTPELLIER-AEROPORT;20070213;7,4;15,1
MONTPELLIER-AEROPORT;20070214;3,6;12,1
MONTPELLIER-AEROPORT;20070215;8,3;19,7
MONTPELLIER-AEROPORT;20070216;1,8;15,7
MONTPELLIER-AEROPORT;20070217;8,5;13,9
MONTPELLIER-AEROPORT;20070218;7,8;10,3
MONTPELLIER-AEROPORT;20070219;4,2;15
MONTPELLIER-AEROPORT;20070220;4,5;13,8
MONTPELLIER-AEROPORT;20070221;3,5;14,5
MONTPELLIER-AEROPORT;20070222;4,5;13,7
MONTPELLIER-AEROPORT;20070223;6,3;14,7
MONTPELLIER-AEROPORT;20070224;7,7;17,7
MONTPELLIER-AEROPORT;20070225;11;12,6
MONTPELLIER-AEROPORT;20070226;7,4;15,6
MONTPELLIER-AEROPORT;20070227;7,4;18,3
MONTPELLIER-AEROPORT;20070228;12;18,9
MONTPELLIER-AEROPORT;20070301;7,6;17,4
MONTPELLIER-AEROPORT;20070302;11;19,9
MONTPELLIER-AEROPORT;20070303;13;21,1
MONTPELLIER-AEROPORT;20070304;9,3;18,1
MONTPELLIER-AEROPORT;20070305;12,2;18,2
MONTPELLIER-AEROPORT;20070306;4,6;16
MONTPELLIER-AEROPORT;20070307;8,1;14,5
MONTPELLIER-AEROPORT;20070308;8,7;17,8
MONTPELLIER-AEROPORT;20070309;7,6;17,9
MONTPELLIER-AEROPORT;20070310;9,3;16,8
MONTPELLIER-AEROPORT;20070311;5;16,8
MONTPELLIER-AEROPORT;20070312;2,8;16,8
MONTPELLIER-AEROPORT;20070313;4,5;17,8
MONTPELLIER-AEROPORT;20070314;7,5;22,3
MONTPELLIER-AEROPORT;20070315;5,7;19,6
MONTPELLIER-AEROPORT;20070316;6,2;20,4
MONTPELLIER-AEROPORT;20070317;6,5;21,3
MONTPELLIER-AEROPORT;20070318;6,1;17,4
MONTPELLIER-AEROPORT;20070319;7,5;13
MONTPELLIER-AEROPORT;20070320;5,1;11,2
MONTPELLIER-AEROPORT;20070321;4,9;12,9
MONTPELLIER-AEROPORT;20070322;3,9;11,3
MONTPELLIER-AEROPORT;20070323;5,1;14,7
MONTPELLIER-AEROPORT;20070324;6,7;13,2
MONTPELLIER-AEROPORT;20070325;5,2;12,8
MONTPELLIER-AEROPORT;20070326;2,1;14,6
MONTPELLIER-AEROPORT;20070327;4,8;15
MONTPELLIER-AEROPORT;20070328;5,9;16,3
MONTPELLIER-AEROPORT;20070329;9,2;17,8
MONTPELLIER-AEROPORT;20070330;9,9;15,3
MONTPELLIER-AEROPORT;20070331;2,8;8,9
MONTPELLIER-AEROPORT;20070401;8;14,9
MONTPELLIER-AEROPORT;20070402;9,2;17,2
MONTPELLIER-AEROPORT;20070403;8,4;19
MONTPELLIER-AEROPORT;20070404;8,3;16
MONTPELLIER-AEROPORT;20070405;8,4;19,2
MONTPELLIER-AEROPORT;20070406;6,3;19,9
MONTPELLIER-AEROPORT;20070407;7;17,4
MONTPELLIER-AEROPORT;20070408;6,9;16,7
MONTPELLIER-AEROPORT;20070409;7,9;17,6
MONTPELLIER-AEROPORT;20070410;8,7;17,7
MONTPELLIER-AEROPORT;20070411;10,2;17,9
MONTPELLIER-AEROPORT;20070412;10,9;17,7
MONTPELLIER-AEROPORT;20070413;13,4;16,2
MONTPELLIER-AEROPORT;20070414;13;21,1
MONTPELLIER-AEROPORT;20070415;11;22
MONTPELLIER-AEROPORT;20070416;13,4;26,7
MONTPELLIER-AEROPORT;20070417;12,4;25,4
MONTPELLIER-AEROPORT;20070418;13,3;26,2
MONTPELLIER-AEROPORT;20070419;12,1;21,3
MONTPELLIER-AEROPORT;20070420;11,6;22
MONTPELLIER-AEROPORT;20070421;11,8;19,9
MONTPELLIER-AEROPORT;20070422;14;20,4
MONTPELLIER-AEROPORT;20070423;14,3;21,5
MONTPELLIER-AEROPORT;20070424;12,8;23,1
MONTPELLIER-AEROPORT;20070425;12,5;21,5
MONTPELLIER-AEROPORT;20070426;11,1;22,7
MONTPELLIER-AEROPORT;20070427;13,9;22,9
MONTPELLIER-AEROPORT;20070428;11,9;23,1
MONTPELLIER-AEROPORT;20070429;11,2;22,9
MONTPELLIER-AEROPORT;20070430;14,2;21,6
MONTPELLIER-AEROPORT;20070501;13,3;19,9
MONTPELLIER-AEROPORT;20070502;10,9;16,7
MONTPELLIER-AEROPORT;20070503;10,5;12,1
MONTPELLIER-AEROPORT;20070504;10,7;17,8
MONTPELLIER-AEROPORT;20070505;13,2;22,3
MONTPELLIER-AEROPORT;20070506;14;25,4
MONTPELLIER-AEROPORT;20070507;14,5;24,2
MONTPELLIER-AEROPORT;20070508;16,5;25,2
MONTPELLIER-AEROPORT;20070509;15,9;26,6
MONTPELLIER-AEROPORT;20070510;11,5;26,5
MONTPELLIER-AEROPORT;20070511;13,1;28,3
MONTPELLIER-AEROPORT;20070512;15,5;25,8
MONTPELLIER-AEROPORT;20070513;14,4;19
MONTPELLIER-AEROPORT;20070514;12,5;19,3
MONTPELLIER-AEROPORT;20070515;12,7;22,1
MONTPELLIER-AEROPORT;20070516;13,4;21,1
MONTPELLIER-AEROPORT;20070517;15,1;24,2
MONTPELLIER-AEROPORT;20070518;17,1;28,6
MONTPELLIER-AEROPORT;20070519;14,3;24,1
MONTPELLIER-AEROPORT;20070520;15,9;20,7
MONTPELLIER-AEROPORT;20070521;12,2;25
MONTPELLIER-AEROPORT;20070522;14,2;28,1
MONTPELLIER-AEROPORT;20070523;17,9;31,2
MONTPELLIER-AEROPORT;20070524;17,1;28,3
MONTPELLIER-AEROPORT;20070525;15,4;26,7
MONTPELLIER-AEROPORT;20070526;18,9;23
MONTPELLIER-AEROPORT;20070527;14,4;22,8
MONTPELLIER-AEROPORT;20070528;11,2;20,1
MONTPELLIER-AEROPORT;20070529;11,7;21,7
MONTPELLIER-AEROPORT;20070530;9,9;19,9
MONTPELLIER-AEROPORT;20070531;14,4;19,1
MONTPELLIER-AEROPORT;20070601;13,2;22,4
MONTPELLIER-AEROPORT;20070602;15,4;23,8
MONTPELLIER-AEROPORT;20070603;17;24,4
MONTPELLIER-AEROPORT;20070604;15,4;26,2
MONTPELLIER-AEROPORT;20070605;16,2;27,6
MONTPELLIER-AEROPORT;20070606;17,3;23,4
MONTPELLIER-AEROPORT;20070607;16,3;23,6
MONTPELLIER-AEROPORT;20070608;15,5;24,3
MONTPELLIER-AEROPORT;20070609;17,2;26,9
MONTPELLIER-AEROPORT;20070610;17,9;24,3
MONTPELLIER-AEROPORT;20070611;17,6;26,7
MONTPELLIER-AEROPORT;20070612;16,9;28,7
MONTPELLIER-AEROPORT;20070613;17,9;26,7
MONTPELLIER-AEROPORT;20070614;21,3;23,7
MONTPELLIER-AEROPORT;20070615;17,2;23,7
MONTPELLIER-AEROPORT;20070616;17,5;26,3
MONTPELLIER-AEROPORT;20070617;16,8;24,1
MONTPELLIER-AEROPORT;20070618;21,4;23,1
MONTPELLIER-AEROPORT;20070619;18;29,4
MONTPELLIER-AEROPORT;20070620;18,3;28,6
MONTPELLIER-AEROPORT;20070621;20,1;28,5
MONTPELLIER-AEROPORT;20070622;17,8;28,4
MONTPELLIER-AEROPORT;20070623;16,3;29,1
MONTPELLIER-AEROPORT;20070624;15,5;26,5
MONTPELLIER-AEROPORT;20070625;17,3;26,8
MONTPELLIER-AEROPORT;20070626;14,9;25,5
MONTPELLIER-AEROPORT;20070627;15,6;23,9
MONTPELLIER-AEROPORT;20070628;12,8;24,9
MONTPELLIER-AEROPORT;20070629;14,6;25,3
MONTPELLIER-AEROPORT;20070630;14,7;27,9
MONTPELLIER-AEROPORT;20070701;18,8;23
MONTPELLIER-AEROPORT;20070702;18,1;28,4
MONTPELLIER-AEROPORT;20070703;15,4;24,6
MONTPELLIER-AEROPORT;20070704;18,9;26,6
MONTPELLIER-AEROPORT;20070705;16,4;26,7
MONTPELLIER-AEROPORT;20070706;16;32,3
MONTPELLIER-AEROPORT;20070707;19,3;31,3
MONTPELLIER-AEROPORT;20070708;17,7;24,2
MONTPELLIER-AEROPORT;20070709;18,2;26,2
MONTPELLIER-AEROPORT;20070710;15;24,9
MONTPELLIER-AEROPORT;20070711;15,2;26,6
MONTPELLIER-AEROPORT;20070712;15,2;26,3
MONTPELLIER-AEROPORT;20070713;16;24,3
MONTPELLIER-AEROPORT;20070714;17,9;22,8
MONTPELLIER-AEROPORT;20070715;15,2;25,5
MONTPELLIER-AEROPORT;20070716;15,9;27,2
MONTPELLIER-AEROPORT;20070717;20,5;28
MONTPELLIER-AEROPORT;20070718;19,3;32,5
MONTPELLIER-AEROPORT;20070719;19,4;25,6
MONTPELLIER-AEROPORT;20070720;21,2;30,6
MONTPELLIER-AEROPORT;20070721;19,2;29,3
MONTPELLIER-AEROPORT;20070722;15,5;28,3
MONTPELLIER-AEROPORT;20070723;21,3;24,3
MONTPELLIER-AEROPORT;20070724;20,2;28,4
MONTPELLIER-AEROPORT;20070725;18,3;27,9
MONTPELLIER-AEROPORT;20070726;18,1;28,6
MONTPELLIER-AEROPORT;20070727;18,5;31,3
MONTPELLIER-AEROPORT;20070728;21;34,2
MONTPELLIER-AEROPORT;20070729;21,4;35,7
MONTPELLIER-AEROPORT;20070730;22,5;32,8
MONTPELLIER-AEROPORT;20070731;16,4;29,1
MONTPELLIER-AEROPORT;20070801;15,1;25,3
MONTPELLIER-AEROPORT;20070802;19,8;26,6
MONTPELLIER-AEROPORT;20070803;17,8;29,6
MONTPELLIER-AEROPORT;20070804;19,7;29,7
MONTPELLIER-AEROPORT;20070805;16,4;26,2
MONTPELLIER-AEROPORT;20070806;19,7;27,1
MONTPELLIER-AEROPORT;20070807;20;27,8
MONTPELLIER-AEROPORT;20070808;19;27,6
MONTPELLIER-AEROPORT;20070809;15,6;26,7
MONTPELLIER-AEROPORT;20070810;15,9;28,3
MONTPELLIER-AEROPORT;20070811;14,9;28
MONTPELLIER-AEROPORT;20070812;16,7;26,8
MONTPELLIER-AEROPORT;20070813;19,1;29,4
MONTPELLIER-AEROPORT;20070814;17,9;26,8
MONTPELLIER-AEROPORT;20070815;22,2;26,7
MONTPELLIER-AEROPORT;20070816;21,1;29
MONTPELLIER-AEROPORT;20070817;18,1;28,5
MONTPELLIER-AEROPORT;20070818;17;25,8
MONTPELLIER-AEROPORT;20070819;15,1;28,2
MONTPELLIER-AEROPORT;20070820;17,4;24,1
MONTPELLIER-AEROPORT;20070821;15,4;22,2
MONTPELLIER-AEROPORT;20070822;12,2;23,4
MONTPELLIER-AEROPORT;20070823;13,8;22,3
MONTPELLIER-AEROPORT;20070824;15,4;25,3
MONTPELLIER-AEROPORT;20070825;16;30,6
MONTPELLIER-AEROPORT;20070826;20,8;33
MONTPELLIER-AEROPORT;20070827;21,3;31,1
MONTPELLIER-AEROPORT;20070828;18,9;29,6
MONTPELLIER-AEROPORT;20070829;21,4;29,2
MONTPELLIER-AEROPORT;20070830;19,3;28,3
MONTPELLIER-AEROPORT;20070831;17,4;29
MONTPELLIER-AEROPORT;20070901;16,2;30,3
MONTPELLIER-AEROPORT;20070902;13,9;28,5
MONTPELLIER-AEROPORT;20070903;16,3;30,8
MONTPELLIER-AEROPORT;20070904;19,5;26
MONTPELLIER-AEROPORT;20070905;14,1;27,2
MONTPELLIER-AEROPORT;20070906;10;28,3
MONTPELLIER-AEROPORT;20070907;14,1;29,7
MONTPELLIER-AEROPORT;20070908;14,5;27,7
MONTPELLIER-AEROPORT;20070909;13;28,2
MONTPELLIER-AEROPORT;20070910;14,5;27,5
MONTPELLIER-AEROPORT;20070911;15,6;29,8
MONTPELLIER-AEROPORT;20070912;15,2;27,5
MONTPELLIER-AEROPORT;20070913;15,4;26,7
MONTPELLIER-AEROPORT;20070914;17,4;26,9
MONTPELLIER-AEROPORT;20070915;16,6;29,4
MONTPELLIER-AEROPORT;20070916;14,7;24,4
MONTPELLIER-AEROPORT;20070917;18,2;23,8
MONTPELLIER-AEROPORT;20070918;16,8;25,2
MONTPELLIER-AEROPORT;20070919;10,6;24,9
MONTPELLIER-AEROPORT;20070920;8,9;24,3
MONTPELLIER-AEROPORT;20070921;11,6;23,1
MONTPELLIER-AEROPORT;20070922;16,6;23,5
MONTPELLIER-AEROPORT;20070923;14,9;23,8
MONTPELLIER-AEROPORT;20070924;15,7;24,3
MONTPELLIER-AEROPORT;20070925;17,8;24,9
MONTPELLIER-AEROPORT;20070926;13,3;21,6
MONTPELLIER-AEROPORT;20070927;10,2;16,4
MONTPELLIER-AEROPORT;20070928;12;21
MONTPELLIER-AEROPORT;20070929;9,7;20,6
MONTPELLIER-AEROPORT;20070930;15,5;20,5
MONTPELLIER-AEROPORT;20071001;17,9;21,8
MONTPELLIER-AEROPORT;20071002;16,7;23,6
MONTPELLIER-AEROPORT;20071003;13,7;22,2
MONTPELLIER-AEROPORT;20071004;18,1;21,8
MONTPELLIER-AEROPORT;20071005;18,1;22
MONTPELLIER-AEROPORT;20071006;17,7;24,5
MONTPELLIER-AEROPORT;20071007;15;25,3
MONTPELLIER-AEROPORT;20071008;14,2;22,8
MONTPELLIER-AEROPORT;20071009;13,3;24,2
MONTPELLIER-AEROPORT;20071010;12,6;19,1
MONTPELLIER-AEROPORT;20071011;11,3;21,6
MONTPELLIER-AEROPORT;20071012;8,9;22,8
MONTPELLIER-AEROPORT;20071013;10,7;22,9
MONTPELLIER-AEROPORT;20071014;10,6;21,8
MONTPELLIER-AEROPORT;20071015;11,2;21,5
MONTPELLIER-AEROPORT;20071016;12,2;20,7
MONTPELLIER-AEROPORT;20071017;14,2;21,4
MONTPELLIER-AEROPORT;20071018;11,4;22,4
MONTPELLIER-AEROPORT;20071019;5,6;19,3
MONTPELLIER-AEROPORT;20071020;6,2;16,6
MONTPELLIER-AEROPORT;20071021;2,3;17,9
MONTPELLIER-AEROPORT;20071022;4,1;16,3
MONTPELLIER-AEROPORT;20071023;4,1;17,5
MONTPELLIER-AEROPORT;20071024;4,6;16,2
MONTPELLIER-AEROPORT;20071025;8,1;16,3
MONTPELLIER-AEROPORT;20071026;9,6;11,7
MONTPELLIER-AEROPORT;20071027;7,9;19,5
MONTPELLIER-AEROPORT;20071028;5,1;20,4
MONTPELLIER-AEROPORT;20071029;6,5;17,7
MONTPELLIER-AEROPORT;20071030;12,2;17,5
MONTPELLIER-AEROPORT;20071031;7;17,3
MONTPELLIER-AEROPORT;20071101;6,2;17,9
MONTPELLIER-AEROPORT;20071102;4,6;17,3
MONTPELLIER-AEROPORT;20071103;4,2;18,7
MONTPELLIER-AEROPORT;20071104;6,5;19,7
MONTPELLIER-AEROPORT;20071105;6;18,4
MONTPELLIER-AEROPORT;20071106;4;18,6
MONTPELLIER-AEROPORT;20071107;5,2;17,3
MONTPELLIER-AEROPORT;20071108;3,2;19
MONTPELLIER-AEROPORT;20071109;8,7;16,8
MONTPELLIER-AEROPORT;20071110;2;15,9
MONTPELLIER-AEROPORT;20071111;7,9;15,6
MONTPELLIER-AEROPORT;20071112;10,3;16
MONTPELLIER-AEROPORT;20071113;2,7;15
MONTPELLIER-AEROPORT;20071114;8,7;15,4
MONTPELLIER-AEROPORT;20071115;2,6;8,6
MONTPELLIER-AEROPORT;20071116;-1,9;10,1
MONTPELLIER-AEROPORT;20071117;-2,9;9,1
MONTPELLIER-AEROPORT;20071118;-4,1;9,2
MONTPELLIER-AEROPORT;20071119;-0,8;14
MONTPELLIER-AEROPORT;20071120;12;15,3
MONTPELLIER-AEROPORT;20071121;14,1;15,7
MONTPELLIER-AEROPORT;20071122;14,6;15,8
MONTPELLIER-AEROPORT;20071123;9,2;16,5
MONTPELLIER-AEROPORT;20071124;6,5;15,5
MONTPELLIER-AEROPORT;20071125;3,2;14,8
MONTPELLIER-AEROPORT;20071126;5,3;14
MONTPELLIER-AEROPORT;20071127;5,5;12,9
MONTPELLIER-AEROPORT;20071128;1,4;13,6
MONTPELLIER-AEROPORT;20071129;-1;13,2
MONTPELLIER-AEROPORT;20071130;2,5;17,9
MONTPELLIER-AEROPORT;20071201;2,1;13,6
MONTPELLIER-AEROPORT;20071202;4,3;15,7
MONTPELLIER-AEROPORT;20071203;10,1;16,3
MONTPELLIER-AEROPORT;20071204;11,8;17,9
MONTPELLIER-AEROPORT;20071205;3,5;15,2
MONTPELLIER-AEROPORT;20071206;7,4;17,9
MONTPELLIER-AEROPORT;20071207;13,2;16,7
MONTPELLIER-AEROPORT;20071208;9,7;14
MONTPELLIER-AEROPORT;20071209;7,2;15,6
MONTPELLIER-AEROPORT;20071210;8;13
MONTPELLIER-AEROPORT;20071211;7,6;13,3
MONTPELLIER-AEROPORT;20071212;4,7;11,5
MONTPELLIER-AEROPORT;20071213;1,1;11,6
MONTPELLIER-AEROPORT;20071214;-1;10,6
MONTPELLIER-AEROPORT;20071215;0,2;3,5
MONTPELLIER-AEROPORT;20071216;-1,6;6,9
MONTPELLIER-AEROPORT;20071217;-1,7;7,1
MONTPELLIER-AEROPORT;20071218;-1;8
MONTPELLIER-AEROPORT;20071219;-1,8;10,2
MONTPELLIER-AEROPORT;20071220;-3,3;10,8
MONTPELLIER-AEROPORT;20071221;2,5;12,3
MONTPELLIER-AEROPORT;20071222;6;10,9
MONTPELLIER-AEROPORT;20071223;5,7;13,3
MONTPELLIER-AEROPORT;20071224;0,1;13,4
MONTPELLIER-AEROPORT;20071225;-3,5;12
MONTPELLIER-AEROPORT;20071226;-0,4;10,8
MONTPELLIER-AEROPORT;20071227;-1,5;11,8
MONTPELLIER-AEROPORT;20071228;-0,6;10
MONTPELLIER-AEROPORT;20071229;-2,6;10,2
MONTPELLIER-AEROPORT;20071230;4,9;13,7
MONTPELLIER-AEROPORT;20071231;0,8;11,1
MONTPELLIER-AEROPORT;20080101;-0,1;9,9
MONTPELLIER-AEROPORT;20080102;4,1;10,5
MONTPELLIER-AEROPORT;20080103;5,4;11,2
MONTPELLIER-AEROPORT;20080104;7,5;9,7
MONTPELLIER-AEROPORT;20080105;8,1;11,4
MONTPELLIER-AEROPORT;20080106;9;15
MONTPELLIER-AEROPORT;20080107;10,4;16,6
MONTPELLIER-AEROPORT;20080108;1,2;12,8
MONTPELLIER-AEROPORT;20080109;4,6;9,7
MONTPELLIER-AEROPORT;20080110;7,8;13,2
MONTPELLIER-AEROPORT;20080111;9;14,3
MONTPELLIER-AEROPORT;20080112;6,1;10,9
MONTPELLIER-AEROPORT;20080113;-0,9;11,4
MONTPELLIER-AEROPORT;20080114;4,6;12,8
MONTPELLIER-AEROPORT;20080115;2,3;12,3
MONTPELLIER-AEROPORT;20080116;7,7;12,7
MONTPELLIER-AEROPORT;20080117;8,1;14,1
MONTPELLIER-AEROPORT;20080118;3,8;19
MONTPELLIER-AEROPORT;20080119;8,4;18,8
MONTPELLIER-AEROPORT;20080120;2,3;15,9
MONTPELLIER-AEROPORT;20080121;1,5;13,7
MONTPELLIER-AEROPORT;20080122;4,5;17,1
MONTPELLIER-AEROPORT;20080123;3,8;13,5
MONTPELLIER-AEROPORT;20080124;0,9;13,5
MONTPELLIER-AEROPORT;20080125;2,6;16
MONTPELLIER-AEROPORT;20080126;2,3;15,5
MONTPELLIER-AEROPORT;20080127;-1,2;15,6
MONTPELLIER-AEROPORT;20080128;4,6;19,4
MONTPELLIER-AEROPORT;20080129;2,5;13,2
MONTPELLIER-AEROPORT;20080130;3,7;14
MONTPELLIER-AEROPORT;20080131;1,4;13,6
MONTPELLIER-AEROPORT;20080201;0,3;9,9
MONTPELLIER-AEROPORT;20080202;5,8;12,4
MONTPELLIER-AEROPORT;20080203;-2,2;12,3
MONTPELLIER-AEROPORT;20080204;6,5;12,3
MONTPELLIER-AEROPORT;20080205;0,1;13,3
MONTPELLIER-AEROPORT;20080206;1,1;18,3
MONTPELLIER-AEROPORT;20080207;5,1;17,9
MONTPELLIER-AEROPORT;20080208;3,4;15,5
MONTPELLIER-AEROPORT;20080209;1,4;13,8
MONTPELLIER-AEROPORT;20080210;1;13,1
MONTPELLIER-AEROPORT;20080211;1,2;13,3
MONTPELLIER-AEROPORT;20080212;1,8;13,4
MONTPELLIER-AEROPORT;20080213;-0,4;13,1
MONTPELLIER-AEROPORT;20080214;0,6;13,1
MONTPELLIER-AEROPORT;20080215;-1,3;13,3
MONTPELLIER-AEROPORT;20080216;1;12,9
MONTPELLIER-AEROPORT;20080217;7;12,1
MONTPELLIER-AEROPORT;20080218;5,6;13
MONTPELLIER-AEROPORT;20080219;7,8;12,4
MONTPELLIER-AEROPORT;20080220;6,8;11
MONTPELLIER-AEROPORT;20080221;6,1;15,1
MONTPELLIER-AEROPORT;20080222;4;16,9
MONTPELLIER-AEROPORT;20080223;5,2;15,6
MONTPELLIER-AEROPORT;20080224;7,1;13,8
MONTPELLIER-AEROPORT;20080225;10,4;12
MONTPELLIER-AEROPORT;20080226;11;12,6
MONTPELLIER-AEROPORT;20080227;9;19,7
MONTPELLIER-AEROPORT;20080228;8,2;17,4
MONTPELLIER-AEROPORT;20080229;8,7;20,1
MONTPELLIER-AEROPORT;20080301;12;18,9
MONTPELLIER-AEROPORT;20080302;10,5;20,8
MONTPELLIER-AEROPORT;20080303;8,4;18,9
MONTPELLIER-AEROPORT;20080304;5,8;12,7
MONTPELLIER-AEROPORT;20080305;6,1;10,8
MONTPELLIER-AEROPORT;20080306;0,4;12,9
MONTPELLIER-AEROPORT;20080307;2,1;14,4
MONTPELLIER-AEROPORT;20080308;4;16,4
MONTPELLIER-AEROPORT;20080309;0,6;11,5
MONTPELLIER-AEROPORT;20080310;3,7;12,2
MONTPELLIER-AEROPORT;20080311;5,9;18,1
MONTPELLIER-AEROPORT;20080312;12,8;19
MONTPELLIER-AEROPORT;20080313;6,9;20,6
MONTPELLIER-AEROPORT;20080314;5,3;19,8
MONTPELLIER-AEROPORT;20080315;9,8;13
MONTPELLIER-AEROPORT;20080316;7,8;17,9
MONTPELLIER-AEROPORT;20080317;11;18,1
MONTPELLIER-AEROPORT;20080318;7;17,7
MONTPELLIER-AEROPORT;20080319;2,2;15,9
MONTPELLIER-AEROPORT;20080320;3,2;14,9
MONTPELLIER-AEROPORT;20080321;4,6;14,3
MONTPELLIER-AEROPORT;20080322;5,9;14,7
MONTPELLIER-AEROPORT;20080323;3,2;11,7
MONTPELLIER-AEROPORT;20080324;0,6;12,4
MONTPELLIER-AEROPORT;20080325;6,1;17,5
MONTPELLIER-AEROPORT;20080326;2,9;13,9
MONTPELLIER-AEROPORT;20080327;7,3;15,9
MONTPELLIER-AEROPORT;20080328;4;19
MONTPELLIER-AEROPORT;20080329;8,4;17,9
MONTPELLIER-AEROPORT;20080330;6,4;14,5
MONTPELLIER-AEROPORT;20080331;7,4;16,4
MONTPELLIER-AEROPORT;20080401;7,2;21,3
MONTPELLIER-AEROPORT;20080402;10,2;22,9
MONTPELLIER-AEROPORT;20080403;8,5;20,3
MONTPELLIER-AEROPORT;20080404;8,5;20,3
MONTPELLIER-AEROPORT;20080405;5;18
MONTPELLIER-AEROPORT;20080406;8,7;18,2
MONTPELLIER-AEROPORT;20080407;3,5;13,8
MONTPELLIER-AEROPORT;20080408;5,5;11,5
MONTPELLIER-AEROPORT;20080409;9,9;14,6
MONTPELLIER-AEROPORT;20080410;12,6;16,5
MONTPELLIER-AEROPORT;20080411;10,3;15,4
MONTPELLIER-AEROPORT;20080412;5,5;18,8
MONTPELLIER-AEROPORT;20080413;7,9;16,8
MONTPELLIER-AEROPORT;20080414;8,5;17,3
MONTPELLIER-AEROPORT;20080415;7,7;19,2
MONTPELLIER-AEROPORT;20080416;5,5;16,2
MONTPELLIER-AEROPORT;20080417;7;13,6
MONTPELLIER-AEROPORT;20080418;4,1;13,4
MONTPELLIER-AEROPORT;20080419;4,8;17,1
MONTPELLIER-AEROPORT;20080420;12,9;14,8
MONTPELLIER-AEROPORT;20080421;7,9;19,9
MONTPELLIER-AEROPORT;20080422;11,4;18,5
MONTPELLIER-AEROPORT;20080423;11;25,4
MONTPELLIER-AEROPORT;20080424;11,5;24,7
MONTPELLIER-AEROPORT;20080425;12,1;23,1
MONTPELLIER-AEROPORT;20080426;8,7;24,2
MONTPELLIER-AEROPORT;20080427;9,7;19,9
MONTPELLIER-AEROPORT;20080428;12,9;16,3
MONTPELLIER-AEROPORT;20080429;8,7;17,7
MONTPELLIER-AEROPORT;20080430;11;19,4
MONTPELLIER-AEROPORT;20080501;7,7;18,8
MONTPELLIER-AEROPORT;20080502;8,3;20,9
MONTPELLIER-AEROPORT;20080503;9;22,6
MONTPELLIER-AEROPORT;20080504;8,8;22,1
MONTPELLIER-AEROPORT;20080505;10,7;25,3
MONTPELLIER-AEROPORT;20080506;14,6;19,4
MONTPELLIER-AEROPORT;20080507;10,2;21,1
MONTPELLIER-AEROPORT;20080508;10,4;20,4
MONTPELLIER-AEROPORT;20080509;13,5;21,5
MONTPELLIER-AEROPORT;20080510;14,7;21,9
MONTPELLIER-AEROPORT;20080511;13,8;21,7
MONTPELLIER-AEROPORT;20080512;11,9;21,9
MONTPELLIER-AEROPORT;20080513;11,7;22,4
MONTPELLIER-AEROPORT;20080514;13,2;20,8
MONTPELLIER-AEROPORT;20080515;16,6;19,8
MONTPELLIER-AEROPORT;20080516;16,8;18,8
MONTPELLIER-AEROPORT;20080517;13,9;23,1
MONTPELLIER-AEROPORT;20080518;14,3;23,5
MONTPELLIER-AEROPORT;20080519;12,7;25,5
MONTPELLIER-AEROPORT;20080520;14,9;24,6
MONTPELLIER-AEROPORT;20080521;14,2;23
MONTPELLIER-AEROPORT;20080522;10,9;21,5
MONTPELLIER-AEROPORT;20080523;12,2;22
MONTPELLIER-AEROPORT;20080524;17,7;20
MONTPELLIER-AEROPORT;20080525;16,9;18,4
MONTPELLIER-AEROPORT;20080526;16,7;19,9
MONTPELLIER-AEROPORT;20080527;16,5;20,6
MONTPELLIER-AEROPORT;20080528;15,5;19,7
MONTPELLIER-AEROPORT;20080529;13,8;21,7
MONTPELLIER-AEROPORT;20080530;14,6;22,3
MONTPELLIER-AEROPORT;20080531;16,2;21,5
MONTPELLIER-AEROPORT;20080601;16,8;19,6
MONTPELLIER-AEROPORT;20080602;15,4;23,7
MONTPELLIER-AEROPORT;20080603;13,5;25,5
MONTPELLIER-AEROPORT;20080604;16,3;26,6
MONTPELLIER-AEROPORT;20080605;14;24,5
MONTPELLIER-AEROPORT;20080606;16,1;23,4
MONTPELLIER-AEROPORT;20080607;14,3;23
MONTPELLIER-AEROPORT;20080608;15,1;25
MONTPELLIER-AEROPORT;20080609;14,5;24,7
MONTPELLIER-AEROPORT;20080610;16,2;24,4
MONTPELLIER-AEROPORT;20080611;16,7;25,7
MONTPELLIER-AEROPORT;20080612;17,2;28,8
MONTPELLIER-AEROPORT;20080613;16,7;26,8
MONTPELLIER-AEROPORT;20080614;13;25,8
MONTPELLIER-AEROPORT;20080615;13,6;20,3
MONTPELLIER-AEROPORT;20080616;15,3;19,9
MONTPELLIER-AEROPORT;20080617;15,6;25,2
MONTPELLIER-AEROPORT;20080618;16,3;26,2
MONTPELLIER-AEROPORT;20080619;13,4;26,3
MONTPELLIER-AEROPORT;20080620;17,2;30,2
MONTPELLIER-AEROPORT;20080621;19,5;29,9
MONTPELLIER-AEROPORT;20080622;18,3;26,7
MONTPELLIER-AEROPORT;20080623;18;26,2
MONTPELLIER-AEROPORT;20080624;18,8;28,3
MONTPELLIER-AEROPORT;20080625;17,8;32
MONTPELLIER-AEROPORT;20080626;21,3;31,3
MONTPELLIER-AEROPORT;20080627;24,1;34,6
MONTPELLIER-AEROPORT;20080628;18,1;33,7
MONTPELLIER-AEROPORT;20080629;20,9;32,3
MONTPELLIER-AEROPORT;20080630;21;32,5
MONTPELLIER-AEROPORT;20080701;20,6;27,9
MONTPELLIER-AEROPORT;20080702;20,2;26,9
MONTPELLIER-AEROPORT;20080703;20,8;26,7
MONTPELLIER-AEROPORT;20080704;17,4;26,7
MONTPELLIER-AEROPORT;20080705;16,2;29,6
MONTPELLIER-AEROPORT;20080706;20;28,5
MONTPELLIER-AEROPORT;20080707;18,1;28
MONTPELLIER-AEROPORT;20080708;15,9;28,6
MONTPELLIER-AEROPORT;20080709;16,2;28
MONTPELLIER-AEROPORT;20080710;16,4;28,4
MONTPELLIER-AEROPORT;20080711;21,1;25,3
MONTPELLIER-AEROPORT;20080712;18,8;27,6
MONTPELLIER-AEROPORT;20080713;16,2;25,8
MONTPELLIER-AEROPORT;20080714;15,5;27,1
MONTPELLIER-AEROPORT;20080715;16,9;29,2
MONTPELLIER-AEROPORT;20080716;17,1;27
MONTPELLIER-AEROPORT;20080717;19,8;31,9
MONTPELLIER-AEROPORT;20080718;19,9;32,2
MONTPELLIER-AEROPORT;20080719;17,4;28,2
MONTPELLIER-AEROPORT;20080720;20,8;29
MONTPELLIER-AEROPORT;20080721;18,4;29,7
MONTPELLIER-AEROPORT;20080722;18;29,9
MONTPELLIER-AEROPORT;20080723;16,9;30,3
MONTPELLIER-AEROPORT;20080724;16;26,2
MONTPELLIER-AEROPORT;20080725;19,9;25,5
MONTPELLIER-AEROPORT;20080726;20,9;32,6
MONTPELLIER-AEROPORT;20080727;19,4;30,9
MONTPELLIER-AEROPORT;20080728;19,2;27,9
MONTPELLIER-AEROPORT;20080729;21,6;27,9
MONTPELLIER-AEROPORT;20080730;22;27,7
MONTPELLIER-AEROPORT;20080731;20;27,7
MONTPELLIER-AEROPORT;20080801;20,7;31,3
MONTPELLIER-AEROPORT;20080802;19,3;33,4
MONTPELLIER-AEROPORT;20080803;21,7;31,6
MONTPELLIER-AEROPORT;20080804;20,3;34
MONTPELLIER-AEROPORT;20080805;20,9;34,7
MONTPELLIER-AEROPORT;20080806;22,3;31,2
MONTPELLIER-AEROPORT;20080807;22,8;27
MONTPELLIER-AEROPORT;20080808;20,6;29,9
MONTPELLIER-AEROPORT;20080809;18,6;29,7
MONTPELLIER-AEROPORT;20080810;16,6;27,3
MONTPELLIER-AEROPORT;20080811;20,1;26,1
MONTPELLIER-AEROPORT;20080812;22,5;25
MONTPELLIER-AEROPORT;20080813;18,5;27,8
MONTPELLIER-AEROPORT;20080814;16,2;26,4
MONTPELLIER-AEROPORT;20080815;17,3;26,2
MONTPELLIER-AEROPORT;20080816;15,9;24,4
MONTPELLIER-AEROPORT;20080817;13,7;25,4
MONTPELLIER-AEROPORT;20080818;14,7;25,3
MONTPELLIER-AEROPORT;20080819;20,4;24,8
MONTPELLIER-AEROPORT;20080820;18,9;29,2
MONTPELLIER-AEROPORT;20080821;15,8;26,2
MONTPELLIER-AEROPORT;20080822;15,9;28,5
MONTPELLIER-AEROPORT;20080823;16,3;28,6
MONTPELLIER-AEROPORT;20080824;13,9;25,7
MONTPELLIER-AEROPORT;20080825;16;27,8
MONTPELLIER-AEROPORT;20080826;17,4;28,7
MONTPELLIER-AEROPORT;20080827;18,5;30,1
MONTPELLIER-AEROPORT;20080828;19,2;30,2
MONTPELLIER-AEROPORT;20080829;19,5;30,2
MONTPELLIER-AEROPORT;20080830;16,6;26,7
MONTPELLIER-AEROPORT;20080831;21,3;26,8
MONTPELLIER-AEROPORT;20080901;20,2;29,7
MONTPELLIER-AEROPORT;20080902;17,4;26,5
MONTPELLIER-AEROPORT;20080903;22;25,7
MONTPELLIER-AEROPORT;20080904;19,6;25
MONTPELLIER-AEROPORT;20080905;17,8;26,1
MONTPELLIER-AEROPORT;20080906;19,8;25,8
MONTPELLIER-AEROPORT;20080907;13,7;26,1
MONTPELLIER-AEROPORT;20080908;11,8;24,9
MONTPELLIER-AEROPORT;20080909;14,7;24,7
MONTPELLIER-AEROPORT;20080910;18;30,4
MONTPELLIER-AEROPORT;20080911;19,7;24,4
MONTPELLIER-AEROPORT;20080912;16;24,6
MONTPELLIER-AEROPORT;20080913;14;22,8
MONTPELLIER-AEROPORT;20080914;17,3;25,4
MONTPELLIER-AEROPORT;20080915;9,1;24,1
MONTPELLIER-AEROPORT;20080916;9,5;23,8
MONTPELLIER-AEROPORT;20080917;9,3;19,7
MONTPELLIER-AEROPORT;20080918;16,8;21,5
MONTPELLIER-AEROPORT;20080919;16,9;26,3
MONTPELLIER-AEROPORT;20080920;12,1;26,2
MONTPELLIER-AEROPORT;20080921;10,7;22,8
MONTPELLIER-AEROPORT;20080922;11,4;24
MONTPELLIER-AEROPORT;20080923;10,3;22,2
MONTPELLIER-AEROPORT;20080924;9,4;21,9
MONTPELLIER-AEROPORT;20080925;8,2;23,5
MONTPELLIER-AEROPORT;20080926;10;22
MONTPELLIER-AEROPORT;20080927;9,7;21,8
MONTPELLIER-AEROPORT;20080928;9,4;21
MONTPELLIER-AEROPORT;20080929;10,2;20,9
MONTPELLIER-AEROPORT;20080930;11,4;24
MONTPELLIER-AEROPORT;20081001;11,9;23,8
MONTPELLIER-AEROPORT;20081002;14;23,8
MONTPELLIER-AEROPORT;20081003;12,5;18,9
MONTPELLIER-AEROPORT;20081004;7,4;18,9
MONTPELLIER-AEROPORT;20081005;4,2;17,4
MONTPELLIER-AEROPORT;20081006;8,8;20
MONTPELLIER-AEROPORT;20081007;11,4;20,6
MONTPELLIER-AEROPORT;20081008;14,7;16,1
MONTPELLIER-AEROPORT;20081009;12;21,7
MONTPELLIER-AEROPORT;20081010;13,1;24,6
MONTPELLIER-AEROPORT;20081011;12,7;23,2
MONTPELLIER-AEROPORT;20081012;15,3;21,1
MONTPELLIER-AEROPORT;20081013;15,7;19,5
MONTPELLIER-AEROPORT;20081014;14,3;25,3
MONTPELLIER-AEROPORT;20081015;14,1;24,2
MONTPELLIER-AEROPORT;20081016;14,6;25,3
MONTPELLIER-AEROPORT;20081017;13,2;22,4
MONTPELLIER-AEROPORT;20081018;7;18,5
MONTPELLIER-AEROPORT;20081019;12,4;18,3
MONTPELLIER-AEROPORT;20081020;15,7;20,1
MONTPELLIER-AEROPORT;20081021;15,9;20,3
MONTPELLIER-AEROPORT;20081022;12;16,8
MONTPELLIER-AEROPORT;20081023;10,4;15,6
MONTPELLIER-AEROPORT;20081024;11,4;19,1
MONTPELLIER-AEROPORT;20081025;11,1;22,6
MONTPELLIER-AEROPORT;20081026;7,4;20,3
MONTPELLIER-AEROPORT;20081027;8;17
MONTPELLIER-AEROPORT;20081028;10,1;12,6
MONTPELLIER-AEROPORT;20081029;7,3;14
MONTPELLIER-AEROPORT;20081030;2,8;9,8
MONTPELLIER-AEROPORT;20081031;5,2;17,4
MONTPELLIER-AEROPORT;20081101;16,2;18,1
MONTPELLIER-AEROPORT;20081102;13,7;19,9
MONTPELLIER-AEROPORT;20081103;14,2;17,6
MONTPELLIER-AEROPORT;20081104;12;14,7
MONTPELLIER-AEROPORT;20081105;10,4;13
MONTPELLIER-AEROPORT;20081106;9,5;13,9
MONTPELLIER-AEROPORT;20081107;6,2;16,3
MONTPELLIER-AEROPORT;20081108;7,1;16
MONTPELLIER-AEROPORT;20081109;7,5;15,5
MONTPELLIER-AEROPORT;20081110;10,9;18
MONTPELLIER-AEROPORT;20081111;15,5;17,6
MONTPELLIER-AEROPORT;20081112;10,8;13,7
MONTPELLIER-AEROPORT;20081113;5,6;15,7
MONTPELLIER-AEROPORT;20081114;6,2;15,4
MONTPELLIER-AEROPORT;20081115;5,4;16,5
MONTPELLIER-AEROPORT;20081116;3,8;16,8
MONTPELLIER-AEROPORT;20081117;5,3;18,8
MONTPELLIER-AEROPORT;20081118;5,2;15
MONTPELLIER-AEROPORT;20081119;4,3;16,3
MONTPELLIER-AEROPORT;20081120;4;15,3
MONTPELLIER-AEROPORT;20081121;6,4;16,8
MONTPELLIER-AEROPORT;20081122;8,7;13,9
MONTPELLIER-AEROPORT;20081123;2,9;12,8
MONTPELLIER-AEROPORT;20081124;6,1;10,7
MONTPELLIER-AEROPORT;20081125;1,7;12,4
MONTPELLIER-AEROPORT;20081126;0,5;9,9
MONTPELLIER-AEROPORT;20081127;-0,5;11,1
MONTPELLIER-AEROPORT;20081128;3,5;9,2
MONTPELLIER-AEROPORT;20081129;-1,5;13,4
MONTPELLIER-AEROPORT;20081130;2;13,3
MONTPELLIER-AEROPORT;20081201;4,4;11,3
MONTPELLIER-AEROPORT;20081202;2,7;12,2
MONTPELLIER-AEROPORT;20081203;2,6;5,9
MONTPELLIER-AEROPORT;20081204;0,8;11,8
MONTPELLIER-AEROPORT;20081205;5,1;14,6
MONTPELLIER-AEROPORT;20081206;6,2;14,1
MONTPELLIER-AEROPORT;20081207;1,5;12,4
MONTPELLIER-AEROPORT;20081208;4,2;13
MONTPELLIER-AEROPORT;20081209;5,8;8,2
MONTPELLIER-AEROPORT;20081210;3,1;9,5
MONTPELLIER-AEROPORT;20081211;3,6;8,7
MONTPELLIER-AEROPORT;20081212;1;10,5
MONTPELLIER-AEROPORT;20081213;-4,6;12,6
MONTPELLIER-AEROPORT;20081214;5,2;7,1
MONTPELLIER-AEROPORT;20081215;2,7;9,4
MONTPELLIER-AEROPORT;20081216;4,9;7,4
MONTPELLIER-AEROPORT;20081217;3,6;9,8
MONTPELLIER-AEROPORT;20081218;1,2;11,5
MONTPELLIER-AEROPORT;20081219;4,6;15,5
MONTPELLIER-AEROPORT;20081220;2,3;15,1
MONTPELLIER-AEROPORT;20081221;6,5;16,7
MONTPELLIER-AEROPORT;20081222;4,9;14,7
MONTPELLIER-AEROPORT;20081223;3,2;14,4
MONTPELLIER-AEROPORT;20081224;0,9;12,5
MONTPELLIER-AEROPORT;20081225;-0,8;9,7
MONTPELLIER-AEROPORT;20081226;3,5;6,9
MONTPELLIER-AEROPORT;20081227;4,8;8
MONTPELLIER-AEROPORT;20081228;0,9;7,4
MONTPELLIER-AEROPORT;20081229;3,4;10,6
MONTPELLIER-AEROPORT;20081230;4,8;12,1
MONTPELLIER-AEROPORT;20081231;11,2;14
MONTPELLIER-AEROPORT;20090101;6,7;13,1
MONTPELLIER-AEROPORT;20090102;3,5;8,7
MONTPELLIER-AEROPORT;20090103;0,1;7
MONTPELLIER-AEROPORT;20090104;-0,9;7,9
MONTPELLIER-AEROPORT;20090105;-4,1;7,7
MONTPELLIER-AEROPORT;20090106;-1,9;5
MONTPELLIER-AEROPORT;20090107;-2;2,4
MONTPELLIER-AEROPORT;20090108;-0,5;4,5
MONTPELLIER-AEROPORT;20090109;0,4;9,7
MONTPELLIER-AEROPORT;20090110;3,2;11,2
MONTPELLIER-AEROPORT;20090111;-2;12,5
MONTPELLIER-AEROPORT;20090112;-3,4;11,6
MONTPELLIER-AEROPORT;20090113;-1,6;13
MONTPELLIER-AEROPORT;20090114;1,5;13,9
MONTPELLIER-AEROPORT;20090115;-2,3;11,5
MONTPELLIER-AEROPORT;20090116;3;12
MONTPELLIER-AEROPORT;20090117;3;12,8
MONTPELLIER-AEROPORT;20090118;2,2;12,2
MONTPELLIER-AEROPORT;20090119;6,4;13,4
MONTPELLIER-AEROPORT;20090120;5,6;11,3
MONTPELLIER-AEROPORT;20090121;3,4;10,7
MONTPELLIER-AEROPORT;20090122;-1,4;8
MONTPELLIER-AEROPORT;20090123;4,1;14
MONTPELLIER-AEROPORT;20090124;5,9;12
MONTPELLIER-AEROPORT;20090125;0,4;11,4
MONTPELLIER-AEROPORT;20090126;3,5;8,7
MONTPELLIER-AEROPORT;20090127;2,4;12,1
MONTPELLIER-AEROPORT;20090128;1,5;11,9
MONTPELLIER-AEROPORT;20090129;-0,2;11,5
MONTPELLIER-AEROPORT;20090130;-2,6;12
MONTPELLIER-AEROPORT;20090131;4,8;8,1
MONTPELLIER-AEROPORT;20090201;6,8;10
MONTPELLIER-AEROPORT;20090202;8,4;11,8
MONTPELLIER-AEROPORT;20090203;6,7;10
MONTPELLIER-AEROPORT;20090204;2,7;13
MONTPELLIER-AEROPORT;20090205;7,5;13,3
MONTPELLIER-AEROPORT;20090206;10,1;12,8
MONTPELLIER-AEROPORT;20090207;6;10,5
MONTPELLIER-AEROPORT;20090208;3,8;10,4
MONTPELLIER-AEROPORT;20090209;-0,3;12,6
MONTPELLIER-AEROPORT;20090210;5,9;14,2
MONTPELLIER-AEROPORT;20090211;5;12,1
MONTPELLIER-AEROPORT;20090212;-0,6;10,9
MONTPELLIER-AEROPORT;20090213;-1,5;10,7
MONTPELLIER-AEROPORT;20090214;-0,8;9,7
MONTPELLIER-AEROPORT;20090215;-2,5;9
MONTPELLIER-AEROPORT;20090216;-0,6;10,1
MONTPELLIER-AEROPORT;20090217;-1,2;15,7
MONTPELLIER-AEROPORT;20090218;8,9;15,2
MONTPELLIER-AEROPORT;20090219;0,3;13,2
MONTPELLIER-AEROPORT;20090220;-0,9;12,7
MONTPELLIER-AEROPORT;20090221;3,9;14,6
MONTPELLIER-AEROPORT;20090222;2,3;13,5
MONTPELLIER-AEROPORT;20090223;5,9;14,9
MONTPELLIER-AEROPORT;20090224;5,4;15,4
MONTPELLIER-AEROPORT;20090225;5;13,9
MONTPELLIER-AEROPORT;20090226;1,5;12,6
MONTPELLIER-AEROPORT;20090227;2,8;20,8
MONTPELLIER-AEROPORT;20090228;5,3;15
MONTPELLIER-AEROPORT;20090301;9,9;12,6
MONTPELLIER-AEROPORT;20090302;6,9;16,9
MONTPELLIER-AEROPORT;20090303;3,7;14,8
MONTPELLIER-AEROPORT;20090304;2,4;11,6
MONTPELLIER-AEROPORT;20090305;4,1;13,7
MONTPELLIER-AEROPORT;20090306;7,9;13,2
MONTPELLIER-AEROPORT;20090307;4,1;17
MONTPELLIER-AEROPORT;20090308;3,4;19,1
MONTPELLIER-AEROPORT;20090309;9,8;15,7
MONTPELLIER-AEROPORT;20090310;3,7;15,3
MONTPELLIER-AEROPORT;20090311;10,8;18
MONTPELLIER-AEROPORT;20090312;3,8;18,1
MONTPELLIER-AEROPORT;20090313;3,7;19,4
MONTPELLIER-AEROPORT;20090314;5,1;15,8
MONTPELLIER-AEROPORT;20090315;7,4;21,3
MONTPELLIER-AEROPORT;20090316;10,6;19,6
MONTPELLIER-AEROPORT;20090317;4,7;18,8
MONTPELLIER-AEROPORT;20090318;5;20,9
MONTPELLIER-AEROPORT;20090319;4,6;19,7
MONTPELLIER-AEROPORT;20090320;6,5;19,3
MONTPELLIER-AEROPORT;20090321;2,4;14,8
MONTPELLIER-AEROPORT;20090322;1,5;19,8
MONTPELLIER-AEROPORT;20090323;3,5;23
MONTPELLIER-AEROPORT;20090324;8,9;15,4
MONTPELLIER-AEROPORT;20090325;4,7;16,2
MONTPELLIER-AEROPORT;20090326;9,6;19,9
MONTPELLIER-AEROPORT;20090327;9,5;19,7
MONTPELLIER-AEROPORT;20090328;8,7;13,8
MONTPELLIER-AEROPORT;20090329;6,9;15,8
MONTPELLIER-AEROPORT;20090330;4,3;17,3
MONTPELLIER-AEROPORT;20090331;10,2;20,1
MONTPELLIER-AEROPORT;20090401;9,7;17
MONTPELLIER-AEROPORT;20090402;11,1;15,5
MONTPELLIER-AEROPORT;20090403;7,9;18,6
MONTPELLIER-AEROPORT;20090404;6;18,9
MONTPELLIER-AEROPORT;20090405;10,6;20,8
MONTPELLIER-AEROPORT;20090406;8,1;16,3
MONTPELLIER-AEROPORT;20090407;12;14,7
MONTPELLIER-AEROPORT;20090408;10,5;18,3
MONTPELLIER-AEROPORT;20090409;7,6;18,8
MONTPELLIER-AEROPORT;20090410;13,5;16,4
MONTPELLIER-AEROPORT;20090411;10,1;14,6
MONTPELLIER-AEROPORT;20090412;9;14,4
MONTPELLIER-AEROPORT;20090413;12,6;22,1
MONTPELLIER-AEROPORT;20090414;8,9;18,8
MONTPELLIER-AEROPORT;20090415;13,6;16,2
MONTPELLIER-AEROPORT;20090416;9,9;16,9
MONTPELLIER-AEROPORT;20090417;7,6;17,4
MONTPELLIER-AEROPORT;20090418;6,7;18,8
MONTPELLIER-AEROPORT;20090419;9,4;19,1
MONTPELLIER-AEROPORT;20090420;11,6;19,7
MONTPELLIER-AEROPORT;20090421;7,9;24,6
MONTPELLIER-AEROPORT;20090422;11,7;25,8
MONTPELLIER-AEROPORT;20090423;10,2;26,1
MONTPELLIER-AEROPORT;20090424;8,7;19,7
MONTPELLIER-AEROPORT;20090425;13,2;18
MONTPELLIER-AEROPORT;20090426;12,3;14,9
MONTPELLIER-AEROPORT;20090427;7,2;19,9
MONTPELLIER-AEROPORT;20090428;10;19,5
MONTPELLIER-AEROPORT;20090429;9,6;19,3
MONTPELLIER-AEROPORT;20090430;11,1;19,6
MONTPELLIER-AEROPORT;20090501;11,1;24,7
MONTPELLIER-AEROPORT;20090502;13,7;26,4
MONTPELLIER-AEROPORT;20090503;14,1;25
MONTPELLIER-AEROPORT;20090504;12,1;24,3
MONTPELLIER-AEROPORT;20090505;10,8;24
MONTPELLIER-AEROPORT;20090506;12;28
MONTPELLIER-AEROPORT;20090507;12,4;21,6
MONTPELLIER-AEROPORT;20090508;16,3;19,6
MONTPELLIER-AEROPORT;20090509;13,2;19,8
MONTPELLIER-AEROPORT;20090510;13,2;19,8
MONTPELLIER-AEROPORT;20090511;13,5;20,7
MONTPELLIER-AEROPORT;20090512;17,2;20,9
MONTPELLIER-AEROPORT;20090513;17,3;19,3
MONTPELLIER-AEROPORT;20090514;14,2;19,4
MONTPELLIER-AEROPORT;20090515;12,6;22,5
MONTPELLIER-AEROPORT;20090516;8,9;20,2
MONTPELLIER-AEROPORT;20090517;12;19,8
MONTPELLIER-AEROPORT;20090518;13,7;24,1
MONTPELLIER-AEROPORT;20090519;13,8;23,5
MONTPELLIER-AEROPORT;20090520;12,3;23,3
MONTPELLIER-AEROPORT;20090521;15,3;22,9
MONTPELLIER-AEROPORT;20090522;16,1;25
MONTPELLIER-AEROPORT;20090523;16,7;26,9
MONTPELLIER-AEROPORT;20090524;15,7;28,8
MONTPELLIER-AEROPORT;20090525;16,1;25
MONTPELLIER-AEROPORT;20090526;16,6;26,7
MONTPELLIER-AEROPORT;20090527;13,7;27,7
MONTPELLIER-AEROPORT;20090528;16,2;28,9
MONTPELLIER-AEROPORT;20090529;16,9;30,4
MONTPELLIER-AEROPORT;20090530;17;22,7
MONTPELLIER-AEROPORT;20090531;15,2;22,7
MONTPELLIER-AEROPORT;20090601;15,3;25,1
MONTPELLIER-AEROPORT;20090602;16,3;29,4
MONTPELLIER-AEROPORT;20090603;19,4;31
MONTPELLIER-AEROPORT;20090604;16,6;27,3
MONTPELLIER-AEROPORT;20090605;17;22,9
MONTPELLIER-AEROPORT;20090606;13,6;22,4
MONTPELLIER-AEROPORT;20090607;12,9;26
MONTPELLIER-AEROPORT;20090608;14,2;21,8
MONTPELLIER-AEROPORT;20090609;13,9;26,4
MONTPELLIER-AEROPORT;20090610;15,8;24,2
MONTPELLIER-AEROPORT;20090611;18,8;29,2
MONTPELLIER-AEROPORT;20090612;16,4;27,4
MONTPELLIER-AEROPORT;20090613;18,7;30,8
MONTPELLIER-AEROPORT;20090614;17,7;26,3
MONTPELLIER-AEROPORT;20090615;18,3;25,6
MONTPELLIER-AEROPORT;20090616;20,7;32,4
MONTPELLIER-AEROPORT;20090617;20,2;30,3
MONTPELLIER-AEROPORT;20090618;20,6;29,2
MONTPELLIER-AEROPORT;20090619;19,9;32,1
MONTPELLIER-AEROPORT;20090620;17,5;28,7
MONTPELLIER-AEROPORT;20090621;16,5;27,1
MONTPELLIER-AEROPORT;20090622;15,4;27,1
MONTPELLIER-AEROPORT;20090623;14,8;27,9
MONTPELLIER-AEROPORT;20090624;14,8;26
MONTPELLIER-AEROPORT;20090625;15,9;28,2
MONTPELLIER-AEROPORT;20090626;18,8;32,4
MONTPELLIER-AEROPORT;20090627;16,9;29,1
MONTPELLIER-AEROPORT;20090628;17,9;28,6
MONTPELLIER-AEROPORT;20090629;20;31,9
MONTPELLIER-AEROPORT;20090630;22,9;33,3
MONTPELLIER-AEROPORT;20090701;21,5;34
MONTPELLIER-AEROPORT;20090702;20,8;31,9
MONTPELLIER-AEROPORT;20090703;21,7;31,7
MONTPELLIER-AEROPORT;20090704;23,1;31,2
MONTPELLIER-AEROPORT;20090705;20,4;31,1
MONTPELLIER-AEROPORT;20090706;20,7;31,6
MONTPELLIER-AEROPORT;20090707;21,2;29,8
MONTPELLIER-AEROPORT;20090708;17,7;29,2
MONTPELLIER-AEROPORT;20090709;16,5;29,5
MONTPELLIER-AEROPORT;20090710;17,5;30,5
MONTPELLIER-AEROPORT;20090711;17,9;28,7
MONTPELLIER-AEROPORT;20090712;17,1;25
MONTPELLIER-AEROPORT;20090713;21,6;25,7
MONTPELLIER-AEROPORT;20090714;21,5;28,8
MONTPELLIER-AEROPORT;20090715;22;29,4
MONTPELLIER-AEROPORT;20090716;22,8;28,9
MONTPELLIER-AEROPORT;20090717;21,2;26,4
MONTPELLIER-AEROPORT;20090718;16,6;26,7
MONTPELLIER-AEROPORT;20090719;16,7;26,5
MONTPELLIER-AEROPORT;20090720;17,1;27,5
MONTPELLIER-AEROPORT;20090721;21,5;25,4
MONTPELLIER-AEROPORT;20090722;21;26,9
MONTPELLIER-AEROPORT;20090723;22,5;25,6
MONTPELLIER-AEROPORT;20090724;19,3;33
MONTPELLIER-AEROPORT;20090725;20;30,4
MONTPELLIER-AEROPORT;20090726;17,7;28,2
MONTPELLIER-AEROPORT;20090727;20;27,1
MONTPELLIER-AEROPORT;20090728;19,5;31,1
MONTPELLIER-AEROPORT;20090729;18,2;27
MONTPELLIER-AEROPORT;20090730;22;35
MONTPELLIER-AEROPORT;20090731;18,5;29,2
MONTPELLIER-AEROPORT;20090801;17,3;26,1
MONTPELLIER-AEROPORT;20090802;18,9;29,4
MONTPELLIER-AEROPORT;20090803;18,7;28,8
MONTPELLIER-AEROPORT;20090804;17,2;31,2
MONTPELLIER-AEROPORT;20090805;18,2;29,2
MONTPELLIER-AEROPORT;20090806;18,4;27,3
MONTPELLIER-AEROPORT;20090807;21,8;32,9
MONTPELLIER-AEROPORT;20090808;21,9;33,2
MONTPELLIER-AEROPORT;20090809;20,3;29
MONTPELLIER-AEROPORT;20090810;19,2;29,9
MONTPELLIER-AEROPORT;20090811;20,1;33,4
MONTPELLIER-AEROPORT;20090812;20,1;32,1
MONTPELLIER-AEROPORT;20090813;20,5;35,2
MONTPELLIER-AEROPORT;20090814;22,6;35,3
MONTPELLIER-AEROPORT;20090815;21,7;27,5
MONTPELLIER-AEROPORT;20090816;19,6;29,2
MONTPELLIER-AEROPORT;20090817;19,8;30,2
MONTPELLIER-AEROPORT;20090818;21,5;33,1
MONTPELLIER-AEROPORT;20090819;21,3;30,6
MONTPELLIER-AEROPORT;20090820;20,5;30
MONTPELLIER-AEROPORT;20090821;19,8;32
MONTPELLIER-AEROPORT;20090822;22,4;31,5
MONTPELLIER-AEROPORT;20090823;18,6;32,2
MONTPELLIER-AEROPORT;20090824;19,8;28,9
MONTPELLIER-AEROPORT;20090825;22,3;28,1
MONTPELLIER-AEROPORT;20090826;20,9;29,8
MONTPELLIER-AEROPORT;20090827;18,9;30,5
MONTPELLIER-AEROPORT;20090828;19,3;33,7
MONTPELLIER-AEROPORT;20090829;18,4;31,3
MONTPELLIER-AEROPORT;20090830;13,1;29,8
MONTPELLIER-AEROPORT;20090831;16,8;27
MONTPELLIER-AEROPORT;20090901;21,4;26,1
MONTPELLIER-AEROPORT;20090902;21,8;26,2
MONTPELLIER-AEROPORT;20090903;22,1;31,2
MONTPELLIER-AEROPORT;20090904;18,4;28,6
MONTPELLIER-AEROPORT;20090905;13,1;28,4
MONTPELLIER-AEROPORT;20090906;16,4;29,1
MONTPELLIER-AEROPORT;20090907;12,8;26,5
MONTPELLIER-AEROPORT;20090908;12,9;26,3
MONTPELLIER-AEROPORT;20090909;13;26
MONTPELLIER-AEROPORT;20090910;15,7;27,2
MONTPELLIER-AEROPORT;20090911;15,9;30,6
MONTPELLIER-AEROPORT;20090912;17;27,4
MONTPELLIER-AEROPORT;20090913;16,8;27,4
MONTPELLIER-AEROPORT;20090914;15,2;26,4
MONTPELLIER-AEROPORT;20090915;10,5;21,9
MONTPELLIER-AEROPORT;20090916;13,4;19
MONTPELLIER-AEROPORT;20090917;11,4;23,4
MONTPELLIER-AEROPORT;20090918;16,9;23,2
MONTPELLIER-AEROPORT;20090919;15,9;25,1
MONTPELLIER-AEROPORT;20090920;13,6;25,3
MONTPELLIER-AEROPORT;20090921;16,8;27,4
MONTPELLIER-AEROPORT;20090922;17;28
MONTPELLIER-AEROPORT;20090923;16,7;28,8
MONTPELLIER-AEROPORT;20090924;17;30,7
MONTPELLIER-AEROPORT;20090925;15,7;28,5
MONTPELLIER-AEROPORT;20090926;14,3;26,4
MONTPELLIER-AEROPORT;20090927;16,4;26,8
MONTPELLIER-AEROPORT;20090928;14,1;28,1
MONTPELLIER-AEROPORT;20090929;15,2;28,3
MONTPELLIER-AEROPORT;20090930;13,1;25,3
MONTPELLIER-AEROPORT;20091001;16;23,6
MONTPELLIER-AEROPORT;20091002;14,2;27,1
MONTPELLIER-AEROPORT;20091003;10,6;24,7
MONTPELLIER-AEROPORT;20091004;10,5;23,5
MONTPELLIER-AEROPORT;20091005;12,2;24,7
MONTPELLIER-AEROPORT;20091006;20,1;24,6
MONTPELLIER-AEROPORT;20091007;19,3;24,9
MONTPELLIER-AEROPORT;20091008;19,2;24,6
MONTPELLIER-AEROPORT;20091009;14,2;24,7
MONTPELLIER-AEROPORT;20091010;17;26,5
MONTPELLIER-AEROPORT;20091011;14,6;26,5
MONTPELLIER-AEROPORT;20091012;17,3;23,4
MONTPELLIER-AEROPORT;20091013;13;21
MONTPELLIER-AEROPORT;20091014;11,4;19,6
MONTPELLIER-AEROPORT;20091015;6,6;15,3
MONTPELLIER-AEROPORT;20091016;3,1;18,9
MONTPELLIER-AEROPORT;20091017;9,9;17,6
MONTPELLIER-AEROPORT;20091018;4,4;17,4
MONTPELLIER-AEROPORT;20091019;6,5;17,5
MONTPELLIER-AEROPORT;20091020;14,5;17,4
MONTPELLIER-AEROPORT;20091021;13,6;17,4
MONTPELLIER-AEROPORT;20091022;8,7;18,8
MONTPELLIER-AEROPORT;20091023;10,4;20,4
MONTPELLIER-AEROPORT;20091024;9,9;24,3
MONTPELLIER-AEROPORT;20091025;14,4;25,2
MONTPELLIER-AEROPORT;20091026;9,1;21,4
MONTPELLIER-AEROPORT;20091027;9,3;21,4
MONTPELLIER-AEROPORT;20091028;7,4;18,9
MONTPELLIER-AEROPORT;20091029;7,5;18,3
MONTPELLIER-AEROPORT;20091030;8,2;20,6
MONTPELLIER-AEROPORT;20091031;11,1;17,9
MONTPELLIER-AEROPORT;20091101;10,8;19,2
MONTPELLIER-AEROPORT;20091102;12,6;17
MONTPELLIER-AEROPORT;20091103;8,6;19,6
MONTPELLIER-AEROPORT;20091104;11,8;18,3
MONTPELLIER-AEROPORT;20091105;8,3;15,2
MONTPELLIER-AEROPORT;20091106;6,3;16,5
MONTPELLIER-AEROPORT;20091107;6,4;12,7
MONTPELLIER-AEROPORT;20091108;6,7;14,5
MONTPELLIER-AEROPORT;20091109;6,3;14,6
MONTPELLIER-AEROPORT;20091110;7,3;14,4
MONTPELLIER-AEROPORT;20091111;2,7;14,5
MONTPELLIER-AEROPORT;20091112;4,6;16
MONTPELLIER-AEROPORT;20091113;7,7;16,5
MONTPELLIER-AEROPORT;20091114;14,2;17,5
MONTPELLIER-AEROPORT;20091115;12,9;16,9
MONTPELLIER-AEROPORT;20091116;15,4;17,8
MONTPELLIER-AEROPORT;20091117;14,3;17,5
MONTPELLIER-AEROPORT;20091118;11;18,6
MONTPELLIER-AEROPORT;20091119;10,2;16,9
MONTPELLIER-AEROPORT;20091120;9,3;19,6
MONTPELLIER-AEROPORT;20091121;10,9;17,3
MONTPELLIER-AEROPORT;20091122;13,8;18,7
MONTPELLIER-AEROPORT;20091123;8,9;17,8
MONTPELLIER-AEROPORT;20091124;11,6;20
MONTPELLIER-AEROPORT;20091125;4,8;17
MONTPELLIER-AEROPORT;20091126;9,1;18,2
MONTPELLIER-AEROPORT;20091127;7,4;17
MONTPELLIER-AEROPORT;20091128;7;15,8
MONTPELLIER-AEROPORT;20091129;10,4;16,6
MONTPELLIER-AEROPORT;20091130;5,5;12,3
MONTPELLIER-AEROPORT;20091201;7,8;12,7
MONTPELLIER-AEROPORT;20091202;1,9;11,8
MONTPELLIER-AEROPORT;20091203;7,6;11,6
MONTPELLIER-AEROPORT;20091204;7,3;12,7
MONTPELLIER-AEROPORT;20091205;1,7;12,6
MONTPELLIER-AEROPORT;20091206;6,3;13,2
MONTPELLIER-AEROPORT;20091207;11,3;15
MONTPELLIER-AEROPORT;20091208;10,4;16,3
MONTPELLIER-AEROPORT;20091209;3,3;18,4
MONTPELLIER-AEROPORT;20091210;4,2;17,4
MONTPELLIER-AEROPORT;20091211;5,3;15,1
MONTPELLIER-AEROPORT;20091212;6,6;11,4
MONTPELLIER-AEROPORT;20091213;1;5,8
MONTPELLIER-AEROPORT;20091214;3;7,7
MONTPELLIER-AEROPORT;20091215;-1;7,6
MONTPELLIER-AEROPORT;20091216;-5,2;3,5
MONTPELLIER-AEROPORT;20091217;-4,9;6,1
MONTPELLIER-AEROPORT;20091218;-1,4;6,4
MONTPELLIER-AEROPORT;20091219;-4,4;4
MONTPELLIER-AEROPORT;20091220;-6,7;8,9
MONTPELLIER-AEROPORT;20091221;-3,8;11,9
MONTPELLIER-AEROPORT;20091222;7,1;13
MONTPELLIER-AEROPORT;20091223;7,1;13,4
MONTPELLIER-AEROPORT;20091224;8,9;14,9
MONTPELLIER-AEROPORT;20091225;8,3;12,9
MONTPELLIER-AEROPORT;20091226;0,9;8,6
MONTPELLIER-AEROPORT;20091227;4,2;12,5
MONTPELLIER-AEROPORT;20091228;4,6;11,6
MONTPELLIER-AEROPORT;20091229;6,3;12,5
MONTPELLIER-AEROPORT;20091230;10,1;15
MONTPELLIER-AEROPORT;20091231;6,9;12,4
MONTPELLIER-AEROPORT;20100101;7,9;11,9
MONTPELLIER-AEROPORT;20100102;0,4;8,2
MONTPELLIER-AEROPORT;20100103;-3,3;4,7
MONTPELLIER-AEROPORT;20100104;1,9;4,8
MONTPELLIER-AEROPORT;20100105;3,6;7,7
MONTPELLIER-AEROPORT;20100106;0,2;7,8
MONTPELLIER-AEROPORT;20100107;-3,9;5
MONTPELLIER-AEROPORT;20100108;0,4;2,3
MONTPELLIER-AEROPORT;20100109;0,1;1,9
MONTPELLIER-AEROPORT;20100110;-0,3;4
MONTPELLIER-AEROPORT;20100111;-4,2;5,8
MONTPELLIER-AEROPORT;20100112;-5,9;4,5
MONTPELLIER-AEROPORT;20100113;2;11,9
MONTPELLIER-AEROPORT;20100114;3,7;9,5
MONTPELLIER-AEROPORT;20100115;3,4;13
MONTPELLIER-AEROPORT;20100116;0,4;8,6
MONTPELLIER-AEROPORT;20100117;6,8;13,1
MONTPELLIER-AEROPORT;20100118;2,5;13,6
MONTPELLIER-AEROPORT;20100119;2,6;7,7
MONTPELLIER-AEROPORT;20100120;4,2;8,9
MONTPELLIER-AEROPORT;20100121;3,4;13,9
MONTPELLIER-AEROPORT;20100122;-1,4;12
MONTPELLIER-AEROPORT;20100123;0;10,4
MONTPELLIER-AEROPORT;20100124;4,4;8
MONTPELLIER-AEROPORT;20100125;6;11,2
MONTPELLIER-AEROPORT;20100126;3,2;11
MONTPELLIER-AEROPORT;20100127;0,8;8,9
MONTPELLIER-AEROPORT;20100128;-1,9;9,1
MONTPELLIER-AEROPORT;20100129;4,7;10,6
MONTPELLIER-AEROPORT;20100130;5,1;9,2
MONTPELLIER-AEROPORT;20100131;-3,5;8,6
MONTPELLIER-AEROPORT;20100201;-5,7;9,6
MONTPELLIER-AEROPORT;20100202;-0,3;10,9
MONTPELLIER-AEROPORT;20100203;-2,7;10,5
MONTPELLIER-AEROPORT;20100204;1,2;10,9
MONTPELLIER-AEROPORT;20100205;7,5;14,5
MONTPELLIER-AEROPORT;20100206;3,1;13,9
MONTPELLIER-AEROPORT;20100207;3,8;14,6
MONTPELLIER-AEROPORT;20100208;1,4;10,8
MONTPELLIER-AEROPORT;20100209;3,9;7,4
MONTPELLIER-AEROPORT;20100210;1,5;7,7
MONTPELLIER-AEROPORT;20100211;-0,8;3,1
MONTPELLIER-AEROPORT;20100212;-2,5;6,9
MONTPELLIER-AEROPORT;20100213;-4,6;5,8
MONTPELLIER-AEROPORT;20100214;-0,2;6,8
MONTPELLIER-AEROPORT;20100215;-4,8;7,5
MONTPELLIER-AEROPORT;20100216;1,5;9,2
MONTPELLIER-AEROPORT;20100217;6,2;10,8
MONTPELLIER-AEROPORT;20100218;4;14,6
MONTPELLIER-AEROPORT;20100219;7,1;13,5
MONTPELLIER-AEROPORT;20100220;0,4;11,4
MONTPELLIER-AEROPORT;20100221;0,4;12,3
MONTPELLIER-AEROPORT;20100222;8,1;12,1
MONTPELLIER-AEROPORT;20100223;8,9;15,1
MONTPELLIER-AEROPORT;20100224;7,5;17,2
MONTPELLIER-AEROPORT;20100225;8,2;14,4
MONTPELLIER-AEROPORT;20100226;7,6;15,7
MONTPELLIER-AEROPORT;20100227;3,1;13,4
MONTPELLIER-AEROPORT;20100228;11,7;18,1
MONTPELLIER-AEROPORT;20100301;2,6;16,6
MONTPELLIER-AEROPORT;20100302;2,6;15,9
MONTPELLIER-AEROPORT;20100303;7;8,9
MONTPELLIER-AEROPORT;20100304;7,5;15,2
MONTPELLIER-AEROPORT;20100305;-0,7;12,6
MONTPELLIER-AEROPORT;20100306;-1,6;12,2
MONTPELLIER-AEROPORT;20100307;0,2;7,5
MONTPELLIER-AEROPORT;20100308;-0,3;4,4
MONTPELLIER-AEROPORT;20100309;-3,2;6
MONTPELLIER-AEROPORT;20100310;-0,8;8,6
MONTPELLIER-AEROPORT;20100311;-3,3;8,6
MONTPELLIER-AEROPORT;20100312;1,2;11
MONTPELLIER-AEROPORT;20100313;0,2;13,7
MONTPELLIER-AEROPORT;20100314;-0,3;16,6
MONTPELLIER-AEROPORT;20100315;1,9;15,8
MONTPELLIER-AEROPORT;20100316;3,7;18,8
MONTPELLIER-AEROPORT;20100317;1,4;15
MONTPELLIER-AEROPORT;20100318;6,5;14
MONTPELLIER-AEROPORT;20100319;10,1;15
MONTPELLIER-AEROPORT;20100320;10,4;12,9
MONTPELLIER-AEROPORT;20100321;12;17,8
MONTPELLIER-AEROPORT;20100322;12,2;15,7
MONTPELLIER-AEROPORT;20100323;11,1;17
MONTPELLIER-AEROPORT;20100324;11,6;15,7
MONTPELLIER-AEROPORT;20100325;12,6;14
MONTPELLIER-AEROPORT;20100326;11,6;20,4
MONTPELLIER-AEROPORT;20100327;6,2;18,2
MONTPELLIER-AEROPORT;20100328;10,1;19,3
MONTPELLIER-AEROPORT;20100329;8,8;16,2
MONTPELLIER-AEROPORT;20100330;6,3;15,7
MONTPELLIER-AEROPORT;20100331;6,2;17,5
MONTPELLIER-AEROPORT;20100401;6,9;15,9
MONTPELLIER-AEROPORT;20100402;4,2;14,1
MONTPELLIER-AEROPORT;20100403;9;14,4
MONTPELLIER-AEROPORT;20100404;8,2;18
MONTPELLIER-AEROPORT;20100405;7,8;17
MONTPELLIER-AEROPORT;20100406;5,5;15,6
MONTPELLIER-AEROPORT;20100407;9,4;14,3
MONTPELLIER-AEROPORT;20100408;8,7;16,3
MONTPELLIER-AEROPORT;20100409;8,2;20,3
MONTPELLIER-AEROPORT;20100410;7,3;22,7
MONTPELLIER-AEROPORT;20100411;7,7;22,5
MONTPELLIER-AEROPORT;20100412;8,8;12,8
MONTPELLIER-AEROPORT;20100413;4;15,9
MONTPELLIER-AEROPORT;20100414;5,3;16,9
MONTPELLIER-AEROPORT;20100415;4,5;18
MONTPELLIER-AEROPORT;20100416;8,4;20,2
MONTPELLIER-AEROPORT;20100417;6,8;18,6
MONTPELLIER-AEROPORT;20100418;7,7;17,4
MONTPELLIER-AEROPORT;20100419;7,2;19,1
MONTPELLIER-AEROPORT;20100420;9,4;23
MONTPELLIER-AEROPORT;20100421;9,7;21,9
MONTPELLIER-AEROPORT;20100422;11,5;18,6
MONTPELLIER-AEROPORT;20100423;13,2;18,6
MONTPELLIER-AEROPORT;20100424;12,5;21,6
MONTPELLIER-AEROPORT;20100425;11,6;22,5
MONTPELLIER-AEROPORT;20100426;13,3;26,5
MONTPELLIER-AEROPORT;20100427;12,9;27,2
MONTPELLIER-AEROPORT;20100428;10,4;22,9
MONTPELLIER-AEROPORT;20100429;11,3;20,6
MONTPELLIER-AEROPORT;20100430;13,9;18,5
MONTPELLIER-AEROPORT;20100501;13,1;21,3
MONTPELLIER-AEROPORT;20100502;14,1;22
MONTPELLIER-AEROPORT;20100503;12,5;19,7
MONTPELLIER-AEROPORT;20100504;8,3;15
MONTPELLIER-AEROPORT;20100505;7,2;18,1
MONTPELLIER-AEROPORT;20100506;6,2;17
MONTPELLIER-AEROPORT;20100507;7,1;16,3
MONTPELLIER-AEROPORT;20100508;11,2;17,6
MONTPELLIER-AEROPORT;20100509;13,1;17,5
MONTPELLIER-AEROPORT;20100510;13,7;19,2
MONTPELLIER-AEROPORT;20100511;14,6;20,2
MONTPELLIER-AEROPORT;20100512;13,4;19,1
MONTPELLIER-AEROPORT;20100513;11,8;19,5
MONTPELLIER-AEROPORT;20100514;10,6;17,4
MONTPELLIER-AEROPORT;20100515;8,8;19,3
MONTPELLIER-AEROPORT;20100516;10,4;21,4
MONTPELLIER-AEROPORT;20100517;11,9;23,5
MONTPELLIER-AEROPORT;20100518;11,4;25,6
MONTPELLIER-AEROPORT;20100519;13,7;24,4
MONTPELLIER-AEROPORT;20100520;11,3;25,5
MONTPELLIER-AEROPORT;20100521;13,8;27,7
MONTPELLIER-AEROPORT;20100522;13,6;25,3
MONTPELLIER-AEROPORT;20100523;12,6;24,1
MONTPELLIER-AEROPORT;20100524;11,8;23,8
MONTPELLIER-AEROPORT;20100525;12,6;22,6
MONTPELLIER-AEROPORT;20100526;15,5;21,3
MONTPELLIER-AEROPORT;20100527;14,3;27,4
MONTPELLIER-AEROPORT;20100528;17,7;26,8
MONTPELLIER-AEROPORT;20100529;16,2;28,4
MONTPELLIER-AEROPORT;20100530;17,8;26,1
MONTPELLIER-AEROPORT;20100531;19,4;24,9
MONTPELLIER-AEROPORT;20100601;13,5;28,6
MONTPELLIER-AEROPORT;20100602;16,8;27,7
MONTPELLIER-AEROPORT;20100603;15,7;29,6
MONTPELLIER-AEROPORT;20100604;15,3;25,9
MONTPELLIER-AEROPORT;20100605;16,9;25,5
MONTPELLIER-AEROPORT;20100606;18,4;25,3
MONTPELLIER-AEROPORT;20100607;16;25,3
MONTPELLIER-AEROPORT;20100608;18,2;22,9
MONTPELLIER-AEROPORT;20100609;19,1;22,4
MONTPELLIER-AEROPORT;20100610;19,4;20,5
MONTPELLIER-AEROPORT;20100611;17,1;22,4
MONTPELLIER-AEROPORT;20100612;12,6;22,6
MONTPELLIER-AEROPORT;20100613;14,2;26,7
MONTPELLIER-AEROPORT;20100614;16,6;25,2
MONTPELLIER-AEROPORT;20100615;14,4;23,6
MONTPELLIER-AEROPORT;20100616;16;22,9
MONTPELLIER-AEROPORT;20100617;14,6;23,2
MONTPELLIER-AEROPORT;20100618;15,6;28,7
MONTPELLIER-AEROPORT;20100619;17,4;26
MONTPELLIER-AEROPORT;20100620;11,7;21,5
MONTPELLIER-AEROPORT;20100621;14,5;25,2
MONTPELLIER-AEROPORT;20100622;14,2;26,6
MONTPELLIER-AEROPORT;20100623;14,5;27
MONTPELLIER-AEROPORT;20100624;15,4;26,4
MONTPELLIER-AEROPORT;20100625;16,3;27,9
MONTPELLIER-AEROPORT;20100626;16,3;26,8
MONTPELLIER-AEROPORT;20100627;18;27,4
MONTPELLIER-AEROPORT;20100628;19,5;32,3
MONTPELLIER-AEROPORT;20100629;22;33,5
MONTPELLIER-AEROPORT;20100630;21,8;34,7
MONTPELLIER-AEROPORT;20100701;21;29,9
MONTPELLIER-AEROPORT;20100702;19,8;27,9
MONTPELLIER-AEROPORT;20100703;19,5;28,5
MONTPELLIER-AEROPORT;20100704;22,6;34,5
MONTPELLIER-AEROPORT;20100705;24,3;36,1
MONTPELLIER-AEROPORT;20100706;22,3;34,4
MONTPELLIER-AEROPORT;20100707;18;33,4
MONTPELLIER-AEROPORT;20100708;19,2;30,8
MONTPELLIER-AEROPORT;20100709;20,8;28,2
MONTPELLIER-AEROPORT;20100710;21,5;28,6
MONTPELLIER-AEROPORT;20100711;21,2;30
MONTPELLIER-AEROPORT;20100712;21;28,9
MONTPELLIER-AEROPORT;20100713;21,8;29,5
MONTPELLIER-AEROPORT;20100714;23,3;29,2
MONTPELLIER-AEROPORT;20100715;23,3;32
MONTPELLIER-AEROPORT;20100716;20,2;30,5
MONTPELLIER-AEROPORT;20100717;22,9;34,2
MONTPELLIER-AEROPORT;20100718;18;32,4
MONTPELLIER-AEROPORT;20100719;19,2;30,8
MONTPELLIER-AEROPORT;20100720;19,1;29,5
MONTPELLIER-AEROPORT;20100721;21,3;28,6
MONTPELLIER-AEROPORT;20100722;20,8;31,1
MONTPELLIER-AEROPORT;20100723;18,8;29,8
MONTPELLIER-AEROPORT;20100724;18,8;30,8
MONTPELLIER-AEROPORT;20100725;18,7;31,3
MONTPELLIER-AEROPORT;20100726;20,8;30,1
MONTPELLIER-AEROPORT;20100727;20,4;33,4
MONTPELLIER-AEROPORT;20100728;18,6;29,9
MONTPELLIER-AEROPORT;20100729;22,2;32,9
MONTPELLIER-AEROPORT;20100730;18,5;31
MONTPELLIER-AEROPORT;20100731;18,8;29,5
MONTPELLIER-AEROPORT;20100801;17;27,5
MONTPELLIER-AEROPORT;20100802;19,2;25,6
MONTPELLIER-AEROPORT;20100803;19;31,4
MONTPELLIER-AEROPORT;20100804;18,1;33
MONTPELLIER-AEROPORT;20100805;19,9;29,2
MONTPELLIER-AEROPORT;20100806;17,9;30,7
MONTPELLIER-AEROPORT;20100807;17,2;30
MONTPELLIER-AEROPORT;20100808;17,1;28,9
MONTPELLIER-AEROPORT;20100809;19,2;27,8
MONTPELLIER-AEROPORT;20100810;20,4;28,6
MONTPELLIER-AEROPORT;20100811;17,5;31,9
MONTPELLIER-AEROPORT;20100812;23;32,4
MONTPELLIER-AEROPORT;20100813;18,8;28,7
MONTPELLIER-AEROPORT;20100814;17,9;28,1
MONTPELLIER-AEROPORT;20100815;18,4;26,6
MONTPELLIER-AEROPORT;20100816;15,6;29,8
MONTPELLIER-AEROPORT;20100817;16,4;28,8
MONTPELLIER-AEROPORT;20100818;15,5;26,8
MONTPELLIER-AEROPORT;20100819;18;27,9
MONTPELLIER-AEROPORT;20100820;20,6;28,3
MONTPELLIER-AEROPORT;20100821;20,3;34
MONTPELLIER-AEROPORT;20100822;20,6;30,4
MONTPELLIER-AEROPORT;20100823;22,5;28,3
MONTPELLIER-AEROPORT;20100824;22,5;34,4
MONTPELLIER-AEROPORT;20100825;18,3;28,6
MONTPELLIER-AEROPORT;20100826;19,2;30,4
MONTPELLIER-AEROPORT;20100827;24,2;31,5
MONTPELLIER-AEROPORT;20100828;21,7;30,6
MONTPELLIER-AEROPORT;20100829;15,8;29,3
MONTPELLIER-AEROPORT;20100830;16,7;28
MONTPELLIER-AEROPORT;20100831;17,1;28,7
MONTPELLIER-AEROPORT;20100901;13,9;23,6
MONTPELLIER-AEROPORT;20100902;15,4;24,1
MONTPELLIER-AEROPORT;20100903;14,7;25,8
MONTPELLIER-AEROPORT;20100904;16,5;27,1
MONTPELLIER-AEROPORT;20100905;16,9;28,9
MONTPELLIER-AEROPORT;20100906;15,3;24,9
MONTPELLIER-AEROPORT;20100907;19,1;23,2
MONTPELLIER-AEROPORT;20100908;15,9;25,9
MONTPELLIER-AEROPORT;20100909;16;27
MONTPELLIER-AEROPORT;20100910;16,1;28,3
MONTPELLIER-AEROPORT;20100911;13,8;27,2
MONTPELLIER-AEROPORT;20100912;14,8;31,4
MONTPELLIER-AEROPORT;20100913;17;28
MONTPELLIER-AEROPORT;20100914;14,4;28,5
MONTPELLIER-AEROPORT;20100915;13,2;25,5
MONTPELLIER-AEROPORT;20100916;14,2;28,9
MONTPELLIER-AEROPORT;20100917;16,9;22,7
MONTPELLIER-AEROPORT;20100918;15,4;22,9
MONTPELLIER-AEROPORT;20100919;11;24,3
MONTPELLIER-AEROPORT;20100920;9,5;23
MONTPELLIER-AEROPORT;20100921;15,4;23,1
MONTPELLIER-AEROPORT;20100922;13,5;24,2
MONTPELLIER-AEROPORT;20100923;13,3;23,3
MONTPELLIER-AEROPORT;20100924;16,6;22,7
MONTPELLIER-AEROPORT;20100925;14,3;22,8
MONTPELLIER-AEROPORT;20100926;10;19,6
MONTPELLIER-AEROPORT;20100927;9,4;20,2
MONTPELLIER-AEROPORT;20100928;7,5;21,6
MONTPELLIER-AEROPORT;20100929;8,8;21,2
MONTPELLIER-AEROPORT;20100930;9,8;24,5
MONTPELLIER-AEROPORT;20101001;12,3;21,3
MONTPELLIER-AEROPORT;20101002;9,9;21,8
MONTPELLIER-AEROPORT;20101003;18,2;20,6
MONTPELLIER-AEROPORT;20101004;18,6;25
MONTPELLIER-AEROPORT;20101005;13,9;23,2
MONTPELLIER-AEROPORT;20101006;12,4;22,6
MONTPELLIER-AEROPORT;20101007;14,7;23,3
MONTPELLIER-AEROPORT;20101008;15,7;23,8
MONTPELLIER-AEROPORT;20101009;14,8;21
MONTPELLIER-AEROPORT;20101010;14,8;16,7
MONTPELLIER-AEROPORT;20101011;13,9;16,4
MONTPELLIER-AEROPORT;20101012;13,4;22,5
MONTPELLIER-AEROPORT;20101013;14,3;20,2
MONTPELLIER-AEROPORT;20101014;9,9;20,4
MONTPELLIER-AEROPORT;20101015;7,9;20,2
MONTPELLIER-AEROPORT;20101016;5,4;17,9
MONTPELLIER-AEROPORT;20101017;8,7;16,7
MONTPELLIER-AEROPORT;20101018;9,3;16,8
MONTPELLIER-AEROPORT;20101019;7,2;19,9
MONTPELLIER-AEROPORT;20101020;11,6;19,6
MONTPELLIER-AEROPORT;20101021;6,2;17,1
MONTPELLIER-AEROPORT;20101022;7,7;16,8
MONTPELLIER-AEROPORT;20101023;10,7;17,7
MONTPELLIER-AEROPORT;20101024;11,3;16,6
MONTPELLIER-AEROPORT;20101025;8,5;14,6
MONTPELLIER-AEROPORT;20101026;3,7;15,8
MONTPELLIER-AEROPORT;20101027;2,9;15,6
MONTPELLIER-AEROPORT;20101028;4,7;17,1
MONTPELLIER-AEROPORT;20101029;5,2;16,6
MONTPELLIER-AEROPORT;20101030;14,2;16,4
MONTPELLIER-AEROPORT;20101031;14;17,4
MONTPELLIER-AEROPORT;20101101;10,7;17,1
MONTPELLIER-AEROPORT;20101102;13;19,4
MONTPELLIER-AEROPORT;20101103;8,2;21,6
MONTPELLIER-AEROPORT;20101104;10,5;24,1
MONTPELLIER-AEROPORT;20101105;10,1;19,1
MONTPELLIER-AEROPORT;20101106;8,6;17,5
MONTPELLIER-AEROPORT;20101107;10,5;16,9
MONTPELLIER-AEROPORT;20101108;5,5;13,3
MONTPELLIER-AEROPORT;20101109;5,5;15,6
MONTPELLIER-AEROPORT;20101110;8,2;15,2
MONTPELLIER-AEROPORT;20101111;6,2;15,9
MONTPELLIER-AEROPORT;20101112;11,3;20,6
MONTPELLIER-AEROPORT;20101113;7,8;19,5
MONTPELLIER-AEROPORT;20101114;15,7;17,1
MONTPELLIER-AEROPORT;20101115;10,3;14,5
MONTPELLIER-AEROPORT;20101116;6,4;15,8
MONTPELLIER-AEROPORT;20101117;4,4;13,1
MONTPELLIER-AEROPORT;20101118;8,2;15,4
MONTPELLIER-AEROPORT;20101119;7;14,2
MONTPELLIER-AEROPORT;20101120;8,9;14,2
MONTPELLIER-AEROPORT;20101121;8;13
MONTPELLIER-AEROPORT;20101122;7,2;13,7
MONTPELLIER-AEROPORT;20101123;7,3;11,9
MONTPELLIER-AEROPORT;20101124;2;12,5
MONTPELLIER-AEROPORT;20101125;1,8;11,3
MONTPELLIER-AEROPORT;20101126;2,5;7,7
MONTPELLIER-AEROPORT;20101127;-4,5;5,9
MONTPELLIER-AEROPORT;20101128;2,9;9,5
MONTPELLIER-AEROPORT;20101129;-1;9,6
MONTPELLIER-AEROPORT;20101130;3,2;6,4
MONTPELLIER-AEROPORT;20101201;3,3;11,5
MONTPELLIER-AEROPORT;20101202;-2,7;7,5
MONTPELLIER-AEROPORT;20101203;-0,5;7,4
MONTPELLIER-AEROPORT;20101204;-4,6;7,7
MONTPELLIER-AEROPORT;20101205;-1,3;12,9
MONTPELLIER-AEROPORT;20101206;8,7;13,5
MONTPELLIER-AEROPORT;20101207;11,7;14,3
MONTPELLIER-AEROPORT;20101208;12,7;18,5
MONTPELLIER-AEROPORT;20101209;5,6;12,2
MONTPELLIER-AEROPORT;20101210;0,3;13,1
MONTPELLIER-AEROPORT;20101211;0,1;14,8
MONTPELLIER-AEROPORT;20101212;-0,2;12,3
MONTPELLIER-AEROPORT;20101213;2,9;11,2
MONTPELLIER-AEROPORT;20101214;-3,7;9,7
MONTPELLIER-AEROPORT;20101215;-4,4;5,5
MONTPELLIER-AEROPORT;20101216;-0,8;7,1
MONTPELLIER-AEROPORT;20101217;2,9;10,1
MONTPELLIER-AEROPORT;20101218;-4,7;6
MONTPELLIER-AEROPORT;20101219;0;6,2
MONTPELLIER-AEROPORT;20101220;5,1;9,2
MONTPELLIER-AEROPORT;20101221;6,5;12,9
MONTPELLIER-AEROPORT;20101222;10,7;13,1
MONTPELLIER-AEROPORT;20101223;11,1;14,1
MONTPELLIER-AEROPORT;20101224;4,8;7,1
MONTPELLIER-AEROPORT;20101225;2,1;6
MONTPELLIER-AEROPORT;20101226;-2,5;8,1
MONTPELLIER-AEROPORT;20101227;-2,3;5,7
MONTPELLIER-AEROPORT;20101228;3,4;10,3
MONTPELLIER-AEROPORT;20101229;1;8,1
MONTPELLIER-AEROPORT;20101230;7,4;10,2
MONTPELLIER-AEROPORT;20101231;8,2;11,1
MONTPELLIER-AEROPORT;20110101;4,1;11,2
MONTPELLIER-AEROPORT;20110102;-0,1;10
MONTPELLIER-AEROPORT;20110103;-1,9;7,9
MONTPELLIER-AEROPORT;20110104;0,1;4,2
MONTPELLIER-AEROPORT;20110105;-0,5;7,5
MONTPELLIER-AEROPORT;20110106;5,7;11,7
MONTPELLIER-AEROPORT;20110107;9,3;13,2
MONTPELLIER-AEROPORT;20110108;11;14,1
MONTPELLIER-AEROPORT;20110109;10,6;14,1
MONTPELLIER-AEROPORT;20110110;3;13,5
MONTPELLIER-AEROPORT;20110111;0,7;11,2
MONTPELLIER-AEROPORT;20110112;5,5;15
MONTPELLIER-AEROPORT;20110113;6,5;19,2
MONTPELLIER-AEROPORT;20110114;3,3;15,5
MONTPELLIER-AEROPORT;20110115;5,8;17,8
MONTPELLIER-AEROPORT;20110116;2,6;10,9
MONTPELLIER-AEROPORT;20110117;8,7;14,3
MONTPELLIER-AEROPORT;20110118;3,4;14,7
MONTPELLIER-AEROPORT;20110119;5,2;12,9
MONTPELLIER-AEROPORT;20110120;0,5;9,5
MONTPELLIER-AEROPORT;20110121;0,9;7,7
MONTPELLIER-AEROPORT;20110122;-2,2;6,4
MONTPELLIER-AEROPORT;20110123;-4,3;6,1
MONTPELLIER-AEROPORT;20110124;-5,5;9,8
MONTPELLIER-AEROPORT;20110125;-1,7;11
MONTPELLIER-AEROPORT;20110126;-3,9;9,9
MONTPELLIER-AEROPORT;20110127;0,4;10,2
MONTPELLIER-AEROPORT;20110128;2;11
MONTPELLIER-AEROPORT;20110129;2,9;5
MONTPELLIER-AEROPORT;20110130;3,1;6,4
MONTPELLIER-AEROPORT;20110131;0,6;8
MONTPELLIER-AEROPORT;20110201;-2,4;8,7
MONTPELLIER-AEROPORT;20110202;-3,3;10,9
MONTPELLIER-AEROPORT;20110203;-3,2;12,9
MONTPELLIER-AEROPORT;20110204;5,3;17,3
MONTPELLIER-AEROPORT;20110205;2;17,5
MONTPELLIER-AEROPORT;20110206;-1,6;16,9
MONTPELLIER-AEROPORT;20110207;2;12,5
MONTPELLIER-AEROPORT;20110208;6,3;11
MONTPELLIER-AEROPORT;20110209;0,4;12,2
MONTPELLIER-AEROPORT;20110210;1,5;6,8
MONTPELLIER-AEROPORT;20110211;4,7;11,5
MONTPELLIER-AEROPORT;20110212;7,2;12,9
MONTPELLIER-AEROPORT;20110213;1,8;12,1
MONTPELLIER-AEROPORT;20110214;9,6;14,1
MONTPELLIER-AEROPORT;20110215;4,8;15
MONTPELLIER-AEROPORT;20110216;6,9;13,5
MONTPELLIER-AEROPORT;20110217;6,5;11,4
MONTPELLIER-AEROPORT;20110218;5;16
MONTPELLIER-AEROPORT;20110219;0,7;13,1
MONTPELLIER-AEROPORT;20110220;6,8;16,6
MONTPELLIER-AEROPORT;20110221;3,6;15,8
MONTPELLIER-AEROPORT;20110222;7,1;15,2
MONTPELLIER-AEROPORT;20110223;1;15,5
MONTPELLIER-AEROPORT;20110224;5;19
MONTPELLIER-AEROPORT;20110225;5,8;19,6
MONTPELLIER-AEROPORT;20110226;7,6;16,4
MONTPELLIER-AEROPORT;20110227;7,2;14,6
MONTPELLIER-AEROPORT;20110228;4;13,7
MONTPELLIER-AEROPORT;20110301;2,8;15,3
MONTPELLIER-AEROPORT;20110302;2,8;12,7
MONTPELLIER-AEROPORT;20110303;6;11,1
MONTPELLIER-AEROPORT;20110304;3,1;15,6
MONTPELLIER-AEROPORT;20110305;1,3;14,6
MONTPELLIER-AEROPORT;20110306;1,3;16,2
MONTPELLIER-AEROPORT;20110307;1,5;15
MONTPELLIER-AEROPORT;20110308;6,6;12
MONTPELLIER-AEROPORT;20110309;0,7;12,7
MONTPELLIER-AEROPORT;20110310;1,7;13,9
MONTPELLIER-AEROPORT;20110311;5,1;15,5
MONTPELLIER-AEROPORT;20110312;9,6;12,5
MONTPELLIER-AEROPORT;20110313;9,6;12,1
MONTPELLIER-AEROPORT;20110314;10;13,1
MONTPELLIER-AEROPORT;20110315;11;13,2
MONTPELLIER-AEROPORT;20110316;10,8;16
MONTPELLIER-AEROPORT;20110317;8,1;18,6
MONTPELLIER-AEROPORT;20110318;9,8;20,4
MONTPELLIER-AEROPORT;20110319;11,3;20,4
MONTPELLIER-AEROPORT;20110320;5;16,8
MONTPELLIER-AEROPORT;20110321;5,9;16
MONTPELLIER-AEROPORT;20110322;4,8;15,1
MONTPELLIER-AEROPORT;20110323;3,3;19,1
MONTPELLIER-AEROPORT;20110324;3,5;16,5
MONTPELLIER-AEROPORT;20110325;4,3;15,3
MONTPELLIER-AEROPORT;20110326;6;15,7
MONTPELLIER-AEROPORT;20110327;11,2;13,7
MONTPELLIER-AEROPORT;20110328;6,4;20,3
MONTPELLIER-AEROPORT;20110329;7,3;20
MONTPELLIER-AEROPORT;20110330;9,8;19,8
MONTPELLIER-AEROPORT;20110331;12,7;23,1
MONTPELLIER-AEROPORT;20110401;10;22,2
MONTPELLIER-AEROPORT;20110402;12,2;15,4
MONTPELLIER-AEROPORT;20110403;11,5;17
MONTPELLIER-AEROPORT;20110404;10,6;22,4
MONTPELLIER-AEROPORT;20110405;9,9;23,5
MONTPELLIER-AEROPORT;20110406;8,1;21,2
MONTPELLIER-AEROPORT;20110407;7,6;20,5
MONTPELLIER-AEROPORT;20110408;12;30,4
MONTPELLIER-AEROPORT;20110409;12,2;25,5
MONTPELLIER-AEROPORT;20110410;14,8;25,5
MONTPELLIER-AEROPORT;20110411;15,9;27,6
MONTPELLIER-AEROPORT;20110412;17,3;24,4
MONTPELLIER-AEROPORT;20110413;7,2;21,7
MONTPELLIER-AEROPORT;20110414;9,6;18,3
MONTPELLIER-AEROPORT;20110415;7,8;18,7
MONTPELLIER-AEROPORT;20110416;6,7;18,3
MONTPELLIER-AEROPORT;20110417;7,2;17,7
MONTPELLIER-AEROPORT;20110418;9,9;17,8
MONTPELLIER-AEROPORT;20110419;5,8;19,3
MONTPELLIER-AEROPORT;20110420;6,7;18,6
MONTPELLIER-AEROPORT;20110421;11,8;19,2
MONTPELLIER-AEROPORT;20110422;8,6;19,6
MONTPELLIER-AEROPORT;20110423;12,9;16,3
MONTPELLIER-AEROPORT;20110424;13,4;20,4
MONTPELLIER-AEROPORT;20110425;12,9;22,7
MONTPELLIER-AEROPORT;20110426;13,4;26
MONTPELLIER-AEROPORT;20110427;13,2;25,7
MONTPELLIER-AEROPORT;20110428;10,2;21,6
MONTPELLIER-AEROPORT;20110429;10,4;19
MONTPELLIER-AEROPORT;20110430;9,2;20,9
MONTPELLIER-AEROPORT;20110501;9,3;21
MONTPELLIER-AEROPORT;20110502;11,5;21,4
MONTPELLIER-AEROPORT;20110503;10,8;26
MONTPELLIER-AEROPORT;20110504;14,5;26,6
MONTPELLIER-AEROPORT;20110505;9,3;21,8
MONTPELLIER-AEROPORT;20110506;11,7;19,4
MONTPELLIER-AEROPORT;20110507;12,6;20,4
MONTPELLIER-AEROPORT;20110508;12;22,1
MONTPELLIER-AEROPORT;20110509;13,1;21,5
MONTPELLIER-AEROPORT;20110510;11,2;23,2
MONTPELLIER-AEROPORT;20110511;11,2;21,4
MONTPELLIER-AEROPORT;20110512;13,3;24,8
MONTPELLIER-AEROPORT;20110513;14,4;26,6
MONTPELLIER-AEROPORT;20110514;17,1;24,1
MONTPELLIER-AEROPORT;20110515;12,4;23,7
MONTPELLIER-AEROPORT;20110516;11,5;25,7
MONTPELLIER-AEROPORT;20110517;13;25,5
MONTPELLIER-AEROPORT;20110518;12,4;21,4
MONTPELLIER-AEROPORT;20110519;11;25,8
MONTPELLIER-AEROPORT;20110520;14,4;25,6
MONTPELLIER-AEROPORT;20110521;14,2;26,1
MONTPELLIER-AEROPORT;20110522;13,6;30,8
MONTPELLIER-AEROPORT;20110523;17;29,9
MONTPELLIER-AEROPORT;20110524;18,9;33,6
MONTPELLIER-AEROPORT;20110525;16,9;30,6
MONTPELLIER-AEROPORT;20110526;15,2;31,3
MONTPELLIER-AEROPORT;20110527;16,7;25,6
MONTPELLIER-AEROPORT;20110528;12;25,6
MONTPELLIER-AEROPORT;20110529;13;25,5
MONTPELLIER-AEROPORT;20110530;15,1;22,8
MONTPELLIER-AEROPORT;20110531;16,3;23
MONTPELLIER-AEROPORT;20110601;13,9;18,1
MONTPELLIER-AEROPORT;20110602;11,4;16,8
MONTPELLIER-AEROPORT;20110603;13,7;23,4
MONTPELLIER-AEROPORT;20110604;15,4;18,6
MONTPELLIER-AEROPORT;20110605;14,5;21,3
MONTPELLIER-AEROPORT;20110606;12,6;22,3
MONTPELLIER-AEROPORT;20110607;14,5;21,9
MONTPELLIER-AEROPORT;20110608;16,4;25,1
MONTPELLIER-AEROPORT;20110609;15,2;25,5
MONTPELLIER-AEROPORT;20110610;13;25,8
MONTPELLIER-AEROPORT;20110611;15,5;26,3
MONTPELLIER-AEROPORT;20110612;15;23,5
MONTPELLIER-AEROPORT;20110613;16,9;25,7
MONTPELLIER-AEROPORT;20110614;15,7;29,9
MONTPELLIER-AEROPORT;20110615;18,9;28,5
MONTPELLIER-AEROPORT;20110616;16,4;26,5
MONTPELLIER-AEROPORT;20110617;18,9;24,6
MONTPELLIER-AEROPORT;20110618;20,1;26,7
MONTPELLIER-AEROPORT;20110619;14,4;27,3
MONTPELLIER-AEROPORT;20110620;15;25,5
MONTPELLIER-AEROPORT;20110621;17,3;24,3
MONTPELLIER-AEROPORT;20110622;19,8;23,6
MONTPELLIER-AEROPORT;20110623;18,6;29
MONTPELLIER-AEROPORT;20110624;18,1;29,2
MONTPELLIER-AEROPORT;20110625;16,7;33,8
MONTPELLIER-AEROPORT;20110626;17,9;28,9
MONTPELLIER-AEROPORT;20110627;16,6;25,4
MONTPELLIER-AEROPORT;20110628;17,1;27,3
MONTPELLIER-AEROPORT;20110629;21,9;31,7
MONTPELLIER-AEROPORT;20110630;18,4;32,2
MONTPELLIER-AEROPORT;20110701;16,6;30,6
MONTPELLIER-AEROPORT;20110702;17;27,6
MONTPELLIER-AEROPORT;20110703;16,4;27,8
MONTPELLIER-AEROPORT;20110704;19,1;27,4
MONTPELLIER-AEROPORT;20110705;20,5;35,3
MONTPELLIER-AEROPORT;20110706;21,2;32,2
MONTPELLIER-AEROPORT;20110707;18,9;25,1
MONTPELLIER-AEROPORT;20110708;18,9;27,6
MONTPELLIER-AEROPORT;20110709;16,1;27,4
MONTPELLIER-AEROPORT;20110710;18,4;27,2
MONTPELLIER-AEROPORT;20110711;19,6;31
MONTPELLIER-AEROPORT;20110712;19,6;26,6
MONTPELLIER-AEROPORT;20110713;18,8;28,1
MONTPELLIER-AEROPORT;20110714;15,7;29,2
MONTPELLIER-AEROPORT;20110715;16;26,8
MONTPELLIER-AEROPORT;20110716;16,7;26,3
MONTPELLIER-AEROPORT;20110717;20,6;23,5
MONTPELLIER-AEROPORT;20110718;16,1;26,3
MONTPELLIER-AEROPORT;20110719;18,9;24,3
MONTPELLIER-AEROPORT;20110720;16,4;26,9
MONTPELLIER-AEROPORT;20110721;16,4;28
MONTPELLIER-AEROPORT;20110722;16,6;29,3
MONTPELLIER-AEROPORT;20110723;18,3;28
MONTPELLIER-AEROPORT;20110724;15,3;26,3
MONTPELLIER-AEROPORT;20110725;16,2;28,1
MONTPELLIER-AEROPORT;20110726;18,9;23,5
MONTPELLIER-AEROPORT;20110727;18,3;25,5
MONTPELLIER-AEROPORT;20110728;16,4;30,1
MONTPELLIER-AEROPORT;20110729;15,9;27,4
MONTPELLIER-AEROPORT;20110730;17,4;30,7
MONTPELLIER-AEROPORT;20110731;16,6;27,6
MONTPELLIER-AEROPORT;20110801;17;26,6
MONTPELLIER-AEROPORT;20110802;19,5;25,2
MONTPELLIER-AEROPORT;20110803;18,1;27,3
MONTPELLIER-AEROPORT;20110804;21,3;34,6
MONTPELLIER-AEROPORT;20110805;22,2;30,9
MONTPELLIER-AEROPORT;20110806;19,9;26
MONTPELLIER-AEROPORT;20110807;20,5;24
MONTPELLIER-AEROPORT;20110808;19,8;28,5
MONTPELLIER-AEROPORT;20110809;17,7;27,6
MONTPELLIER-AEROPORT;20110810;15,8;29,7
MONTPELLIER-AEROPORT;20110811;13,5;27,3
MONTPELLIER-AEROPORT;20110812;14,4;28,5
MONTPELLIER-AEROPORT;20110813;17;30,2
MONTPELLIER-AEROPORT;20110814;19,4;26,5
MONTPELLIER-AEROPORT;20110815;19,2;34,1
MONTPELLIER-AEROPORT;20110816;20,7;29,9
MONTPELLIER-AEROPORT;20110817;19,3;28,7
MONTPELLIER-AEROPORT;20110818;21,2;28
MONTPELLIER-AEROPORT;20110819;19,5;29
MONTPELLIER-AEROPORT;20110820;19,1;29,9
MONTPELLIER-AEROPORT;20110821;19,5;28,7
MONTPELLIER-AEROPORT;20110822;18,9;31,1
MONTPELLIER-AEROPORT;20110823;20,1;29
MONTPELLIER-AEROPORT;20110824;21;28,5
MONTPELLIER-AEROPORT;20110825;23,1;28,5
MONTPELLIER-AEROPORT;20110826;16,5;28,9
MONTPELLIER-AEROPORT;20110827;12,8;27,9
MONTPELLIER-AEROPORT;20110828;14,4;26,1
MONTPELLIER-AEROPORT;20110829;14,7;28,3
MONTPELLIER-AEROPORT;20110830;17,1;28
MONTPELLIER-AEROPORT;20110831;16,6;27,2
MONTPELLIER-AEROPORT;20110901;20,6;26,6
MONTPELLIER-AEROPORT;20110902;20,5;30,9
MONTPELLIER-AEROPORT;20110903;22,9;26,6
MONTPELLIER-AEROPORT;20110904;19,6;24,8
MONTPELLIER-AEROPORT;20110905;19,6;28,5
MONTPELLIER-AEROPORT;20110906;14,4;28,7
MONTPELLIER-AEROPORT;20110907;18,1;30,3
MONTPELLIER-AEROPORT;20110908;19,5;32,5
MONTPELLIER-AEROPORT;20110909;17,7;29,1
MONTPELLIER-AEROPORT;20110910;20,8;26
MONTPELLIER-AEROPORT;20110911;19,3;25,2
MONTPELLIER-AEROPORT;20110912;19,1;29,4
MONTPELLIER-AEROPORT;20110913;18,4;32,3
MONTPELLIER-AEROPORT;20110914;20,1;31
MONTPELLIER-AEROPORT;20110915;16,4;28,7
MONTPELLIER-AEROPORT;20110916;17;26,3
MONTPELLIER-AEROPORT;20110917;18,6;26,1
MONTPELLIER-AEROPORT;20110918;16,5;19,4
MONTPELLIER-AEROPORT;20110919;13,8;23,4
MONTPELLIER-AEROPORT;20110920;13,1;26,6
MONTPELLIER-AEROPORT;20110921;12,2;23,9
MONTPELLIER-AEROPORT;20110922;13,3;27,6
MONTPELLIER-AEROPORT;20110923;14,1;27,9
MONTPELLIER-AEROPORT;20110924;13,4;23,2
MONTPELLIER-AEROPORT;20110925;18,3;25,9
MONTPELLIER-AEROPORT;20110926;14,7;27,4
MONTPELLIER-AEROPORT;20110927;15;29,9
MONTPELLIER-AEROPORT;20110928;15;28,2
MONTPELLIER-AEROPORT;20110929;13,7;28,2
MONTPELLIER-AEROPORT;20110930;13,5;27,4
MONTPELLIER-AEROPORT;20111001;13,4;28
MONTPELLIER-AEROPORT;20111002;13,1;26,6
MONTPELLIER-AEROPORT;20111003;14;29,5
MONTPELLIER-AEROPORT;20111004;14,5;29,3
MONTPELLIER-AEROPORT;20111005;15,4;28,9
MONTPELLIER-AEROPORT;20111006;13,3;26,8
MONTPELLIER-AEROPORT;20111007;15,9;22,2
MONTPELLIER-AEROPORT;20111008;11,9;22,2
MONTPELLIER-AEROPORT;20111009;15,2;22,1
MONTPELLIER-AEROPORT;20111010;14,6;31,1
MONTPELLIER-AEROPORT;20111011;13,9;31,1
MONTPELLIER-AEROPORT;20111012;13,2;30,6
MONTPELLIER-AEROPORT;20111013;14,2;26
MONTPELLIER-AEROPORT;20111014;13,9;24,6
MONTPELLIER-AEROPORT;20111015;10,7;20,6
MONTPELLIER-AEROPORT;20111016;8,4;19,7
MONTPELLIER-AEROPORT;20111017;9,1;19,7
MONTPELLIER-AEROPORT;20111018;11,9;21
MONTPELLIER-AEROPORT;20111019;14,1;19,6
MONTPELLIER-AEROPORT;20111020;9,6;18,8
MONTPELLIER-AEROPORT;20111021;4,2;19,1
MONTPELLIER-AEROPORT;20111022;8,8;16,2
MONTPELLIER-AEROPORT;20111023;11,3;16,3
MONTPELLIER-AEROPORT;20111024;10,9;17,3
MONTPELLIER-AEROPORT;20111025;14,3;19,3
MONTPELLIER-AEROPORT;20111026;6,7;19,3
MONTPELLIER-AEROPORT;20111027;12,2;19,5
MONTPELLIER-AEROPORT;20111028;13,6;16,6
MONTPELLIER-AEROPORT;20111029;14,4;19,9
MONTPELLIER-AEROPORT;20111030;11,9;22,2
MONTPELLIER-AEROPORT;20111031;12;17,8
MONTPELLIER-AEROPORT;20111101;14,2;18
MONTPELLIER-AEROPORT;20111102;14,7;20,5
MONTPELLIER-AEROPORT;20111103;17,8;19,2
MONTPELLIER-AEROPORT;20111104;15,8;19,7
MONTPELLIER-AEROPORT;20111105;14;17,5
MONTPELLIER-AEROPORT;20111106;13,5;17,4
MONTPELLIER-AEROPORT;20111107;11,8;18,7
MONTPELLIER-AEROPORT;20111108;12,3;16,9
MONTPELLIER-AEROPORT;20111109;9,7;17,1
MONTPELLIER-AEROPORT;20111110;14,2;18,9
MONTPELLIER-AEROPORT;20111111;13;17,5
MONTPELLIER-AEROPORT;20111112;14,6;17
MONTPELLIER-AEROPORT;20111113;12;18,2
MONTPELLIER-AEROPORT;20111114;8,3;16,3
MONTPELLIER-AEROPORT;20111115;9,9;15,2
MONTPELLIER-AEROPORT;20111116;8;17
MONTPELLIER-AEROPORT;20111117;8,3;15,7
MONTPELLIER-AEROPORT;20111118;9,8;16,2
MONTPELLIER-AEROPORT;20111119;11,1;16,1
MONTPELLIER-AEROPORT;20111120;12,8;14,8
MONTPELLIER-AEROPORT;20111121;12,9;16,5
MONTPELLIER-AEROPORT;20111122;12,3;18,1
MONTPELLIER-AEROPORT;20111123;5,3;19,5
MONTPELLIER-AEROPORT;20111124;7,5;16,9
MONTPELLIER-AEROPORT;20111125;2,7;14,2
MONTPELLIER-AEROPORT;20111126;3,2;18,7
MONTPELLIER-AEROPORT;20111127;3,6;14,5
MONTPELLIER-AEROPORT;20111128;3;13,8
MONTPELLIER-AEROPORT;20111129;6,7;12,9
MONTPELLIER-AEROPORT;20111130;9,1;18,1
MONTPELLIER-AEROPORT;20111201;7,4;16,2
MONTPELLIER-AEROPORT;20111202;12,1;16,1
MONTPELLIER-AEROPORT;20111203;6,3;13,8
MONTPELLIER-AEROPORT;20111204;9,6;17,5
MONTPELLIER-AEROPORT;20111205;11,3;16,7
MONTPELLIER-AEROPORT;20111206;6;14,2
MONTPELLIER-AEROPORT;20111207;10,4;16,3
MONTPELLIER-AEROPORT;20111208;8,9;17,1
MONTPELLIER-AEROPORT;20111209;4;16
MONTPELLIER-AEROPORT;20111210;4,3;14,1
MONTPELLIER-AEROPORT;20111211;4;13,2
MONTPELLIER-AEROPORT;20111212;6,8;14,4
MONTPELLIER-AEROPORT;20111213;2,3;11,1
MONTPELLIER-AEROPORT;20111214;4,4;16,5
MONTPELLIER-AEROPORT;20111215;4;13,9
MONTPELLIER-AEROPORT;20111216;5,9;15
MONTPELLIER-AEROPORT;20111217;5,4;11,7
MONTPELLIER-AEROPORT;20111218;3,1;10,5
MONTPELLIER-AEROPORT;20111219;1,2;10,7
MONTPELLIER-AEROPORT;20111220;1,6;12,8
MONTPELLIER-AEROPORT;20111221;5,9;14,8
MONTPELLIER-AEROPORT;20111222;6,8;18,2
MONTPELLIER-AEROPORT;20111223;6,6;16,8
MONTPELLIER-AEROPORT;20111224;8,7;12,7
MONTPELLIER-AEROPORT;20111225;2,5;12,7
MONTPELLIER-AEROPORT;20111226;1,5;12,5
MONTPELLIER-AEROPORT;20111227;1,5;14,3
MONTPELLIER-AEROPORT;20111228;-1,3;10,9
MONTPELLIER-AEROPORT;20111229;4,3;12,6
MONTPELLIER-AEROPORT;20111230;6,3;13,5
MONTPELLIER-AEROPORT;20111231;5,8;17,9
MONTPELLIER-AEROPORT;20120101;11,9;18,7
MONTPELLIER-AEROPORT;20120102;7;13,7
MONTPELLIER-AEROPORT;20120103;1,7;15,1
MONTPELLIER-AEROPORT;20120104;7,1;14,9
MONTPELLIER-AEROPORT;20120105;9,6;16,2
MONTPELLIER-AEROPORT;20120106;8,6;13,5
MONTPELLIER-AEROPORT;20120107;2,3;14,3
MONTPELLIER-AEROPORT;20120108;5,1;15,8
MONTPELLIER-AEROPORT;20120109;2,4;14,8
MONTPELLIER-AEROPORT;20120110;1,6;15,9
MONTPELLIER-AEROPORT;20120111;2,7;12,8
MONTPELLIER-AEROPORT;20120112;-0,6;9,7
MONTPELLIER-AEROPORT;20120113;-1,7;14,5
MONTPELLIER-AEROPORT;20120114;-1,9;10,6
MONTPELLIER-AEROPORT;20120115;1;10,5
MONTPELLIER-AEROPORT;20120116;1,9;10,9
MONTPELLIER-AEROPORT;20120117;0,1;10,3
MONTPELLIER-AEROPORT;20120118;-2,9;10,4
MONTPELLIER-AEROPORT;20120119;-2;15,1
MONTPELLIER-AEROPORT;20120120;10;16,6
MONTPELLIER-AEROPORT;20120121;10,7;16,1
MONTPELLIER-AEROPORT;20120122;11,8;17,7
MONTPELLIER-AEROPORT;20120123;4,7;15,1
MONTPELLIER-AEROPORT;20120124;5,3;14,9
MONTPELLIER-AEROPORT;20120125;2,6;15,3
MONTPELLIER-AEROPORT;20120126;3,7;12,4
MONTPELLIER-AEROPORT;20120127;2;13,4
MONTPELLIER-AEROPORT;20120128;4,1;12,6
MONTPELLIER-AEROPORT;20120129;5,5;9,6
MONTPELLIER-AEROPORT;20120130;0,2;10,7
MONTPELLIER-AEROPORT;20120131;1,3;4,3
MONTPELLIER-AEROPORT;20120201;-3;6,7
MONTPELLIER-AEROPORT;20120202;-4,3;1,8
MONTPELLIER-AEROPORT;20120203;-3,8;4,1
MONTPELLIER-AEROPORT;20120204;-6,4;2,5
MONTPELLIER-AEROPORT;20120205;-9,8;3,5
MONTPELLIER-AEROPORT;20120206;-7;7,8
MONTPELLIER-AEROPORT;20120207;-4,9;3,1
MONTPELLIER-AEROPORT;20120208;-5,9;2,1
MONTPELLIER-AEROPORT;20120209;-7;9,3
MONTPELLIER-AEROPORT;20120210;-4,3;6,4
MONTPELLIER-AEROPORT;20120211;-5,6;1,5
MONTPELLIER-AEROPORT;20120212;-7,7;3,6
MONTPELLIER-AEROPORT;20120213;-6,3;6,8
MONTPELLIER-AEROPORT;20120214;0,1;10,8
MONTPELLIER-AEROPORT;20120215;-0,8;13
MONTPELLIER-AEROPORT;20120216;6;15,1
MONTPELLIER-AEROPORT;20120217;2;14,8
MONTPELLIER-AEROPORT;20120218;-0,6;11,1
MONTPELLIER-AEROPORT;20120219;-2,1;15,6
MONTPELLIER-AEROPORT;20120220;1,7;12,3
MONTPELLIER-AEROPORT;20120221;-1,9;11,9
MONTPELLIER-AEROPORT;20120222;-0,8;15,4
MONTPELLIER-AEROPORT;20120223;-1;22,5
MONTPELLIER-AEROPORT;20120224;4,1;18,6
MONTPELLIER-AEROPORT;20120225;4,2;16,3
MONTPELLIER-AEROPORT;20120226;5,6;19,8
MONTPELLIER-AEROPORT;20120227;2,2;16,9
MONTPELLIER-AEROPORT;20120228;1,3;17,7
MONTPELLIER-AEROPORT;20120229;1,1;16,3
MONTPELLIER-AEROPORT;20120301;3,6;15,6
MONTPELLIER-AEROPORT;20120302;8,5;14,3
MONTPELLIER-AEROPORT;20120303;10,1;14,5
MONTPELLIER-AEROPORT;20120304;5,4;16,1
MONTPELLIER-AEROPORT;20120305;6,8;13,6
MONTPELLIER-AEROPORT;20120306;6,5;13,4
MONTPELLIER-AEROPORT;20120307;1,2;14,2
MONTPELLIER-AEROPORT;20120308;8;14,8
MONTPELLIER-AEROPORT;20120309;7,4;16,3
MONTPELLIER-AEROPORT;20120310;2,9;17
MONTPELLIER-AEROPORT;20120311;5,8;21,7
MONTPELLIER-AEROPORT;20120312;6;21
MONTPELLIER-AEROPORT;20120313;5,8;23,7
MONTPELLIER-AEROPORT;20120314;6;17,1
MONTPELLIER-AEROPORT;20120315;7;13,7
MONTPELLIER-AEROPORT;20120316;10,3;13,9
MONTPELLIER-AEROPORT;20120317;10,8;14,3
MONTPELLIER-AEROPORT;20120318;12,3;15,2
MONTPELLIER-AEROPORT;20120319;6,1;15,4
MONTPELLIER-AEROPORT;20120320;2,3;16,6
MONTPELLIER-AEROPORT;20120321;9,1;16
MONTPELLIER-AEROPORT;20120322;8,2;17,5
MONTPELLIER-AEROPORT;20120323;10,6;20,4
MONTPELLIER-AEROPORT;20120324;5,3;19,6
MONTPELLIER-AEROPORT;20120325;7,3;21,2
MONTPELLIER-AEROPORT;20120326;9,5;22,8
MONTPELLIER-AEROPORT;20120327;8,2;22,7
MONTPELLIER-AEROPORT;20120328;7,7;22,5
MONTPELLIER-AEROPORT;20120329;6,4;22,7
MONTPELLIER-AEROPORT;20120330;11,7;26,9
MONTPELLIER-AEROPORT;20120331;10,9;23,3
MONTPELLIER-AEROPORT;20120401;8,2;23,6
MONTPELLIER-AEROPORT;20120402;7,6;19,5
MONTPELLIER-AEROPORT;20120403;10,5;16,9
MONTPELLIER-AEROPORT;20120404;10;17
MONTPELLIER-AEROPORT;20120405;11,3;18,7
MONTPELLIER-AEROPORT;20120406;11,2;17,4
MONTPELLIER-AEROPORT;20120407;9,9;18,5
MONTPELLIER-AEROPORT;20120408;11,5;19,8
MONTPELLIER-AEROPORT;20120409;4,4;17,4
MONTPELLIER-AEROPORT;20120410;11,4;15,4
MONTPELLIER-AEROPORT;20120411;6,9;17,6
MONTPELLIER-AEROPORT;20120412;9,6;16,2
MONTPELLIER-AEROPORT;20120413;10,2;18,4
MONTPELLIER-AEROPORT;20120414;9,5;19,5
MONTPELLIER-AEROPORT;20120415;8,8;15,8
MONTPELLIER-AEROPORT;20120416;11,2;14,2
MONTPELLIER-AEROPORT;20120417;6,9;19,4
MONTPELLIER-AEROPORT;20120418;8,6;18,4
MONTPELLIER-AEROPORT;20120419;8,8;16,6
MONTPELLIER-AEROPORT;20120420;8,6;18,9
MONTPELLIER-AEROPORT;20120421;10,5;17,3
MONTPELLIER-AEROPORT;20120422;9,3;19
MONTPELLIER-AEROPORT;20120423;8,7;15,1
MONTPELLIER-AEROPORT;20120424;8,5;17,3
MONTPELLIER-AEROPORT;20120425;4,7;16,1
MONTPELLIER-AEROPORT;20120426;13,8;17,9
MONTPELLIER-AEROPORT;20120427;11,5;21,1
MONTPELLIER-AEROPORT;20120428;14,8;20,6
MONTPELLIER-AEROPORT;20120429;13;17,6
MONTPELLIER-AEROPORT;20120430;14,1;17,7
MONTPELLIER-AEROPORT;20120501;10,4;18
MONTPELLIER-AEROPORT;20120502;8;17,9
MONTPELLIER-AEROPORT;20120503;10,4;18,8
MONTPELLIER-AEROPORT;20120504;13;17,7
MONTPELLIER-AEROPORT;20120505;8,7;19,4
MONTPELLIER-AEROPORT;20120506;11,8;23,3
MONTPELLIER-AEROPORT;20120507;9,7;21
MONTPELLIER-AEROPORT;20120508;11,5;19
MONTPELLIER-AEROPORT;20120509;15,4;20,6
MONTPELLIER-AEROPORT;20120510;15,4;20,7
MONTPELLIER-AEROPORT;20120511;12,7;24,6
MONTPELLIER-AEROPORT;20120512;14,4;30,4
MONTPELLIER-AEROPORT;20120513;13,9;27,5
MONTPELLIER-AEROPORT;20120514;9;22,4
MONTPELLIER-AEROPORT;20120515;13,7;23
MONTPELLIER-AEROPORT;20120516;10,3;21
MONTPELLIER-AEROPORT;20120517;7,3;20,2
MONTPELLIER-AEROPORT;20120518;13,1;19,8
MONTPELLIER-AEROPORT;20120519;11,4;18,9
MONTPELLIER-AEROPORT;20120520;13,2;17,7
MONTPELLIER-AEROPORT;20120521;11,9;14,7
MONTPELLIER-AEROPORT;20120522;12,4;18,8
MONTPELLIER-AEROPORT;20120523;13,3;29,1
MONTPELLIER-AEROPORT;20120524;15,5;28,4
MONTPELLIER-AEROPORT;20120525;16,7;27
MONTPELLIER-AEROPORT;20120526;15,7;23,5
MONTPELLIER-AEROPORT;20120527;17,1;23,6
MONTPELLIER-AEROPORT;20120528;16;27,6
MONTPELLIER-AEROPORT;20120529;15,6;27,3
MONTPELLIER-AEROPORT;20120530;17;28
MONTPELLIER-AEROPORT;20120531;17,6;29,6
MONTPELLIER-AEROPORT;20120601;19,3;29,8
MONTPELLIER-AEROPORT;20120602;18,5;24,9
MONTPELLIER-AEROPORT;20120603;20,4;24,5
MONTPELLIER-AEROPORT;20120604;17,1;25,9
MONTPELLIER-AEROPORT;20120605;14,7;25,7
MONTPELLIER-AEROPORT;20120606;15;24,6
MONTPELLIER-AEROPORT;20120607;19;21,9
MONTPELLIER-AEROPORT;20120608;17,8;26,6
MONTPELLIER-AEROPORT;20120609;14,2;26,4
MONTPELLIER-AEROPORT;20120610;16,7;22,6
MONTPELLIER-AEROPORT;20120611;15,9;25,7
MONTPELLIER-AEROPORT;20120612;13,2;23,7
MONTPELLIER-AEROPORT;20120613;13,2;25,8
MONTPELLIER-AEROPORT;20120614;13,6;23
MONTPELLIER-AEROPORT;20120615;14,6;23
MONTPELLIER-AEROPORT;20120616;13,9;24,2
MONTPELLIER-AEROPORT;20120617;14,5;28,5
MONTPELLIER-AEROPORT;20120618;15,9;28,1
MONTPELLIER-AEROPORT;20120619;17,3;26,4
MONTPELLIER-AEROPORT;20120620;19;31,5
MONTPELLIER-AEROPORT;20120621;17,7;30,5
MONTPELLIER-AEROPORT;20120622;18,4;30,3
MONTPELLIER-AEROPORT;20120623;17,6;28,4
MONTPELLIER-AEROPORT;20120624;18,1;33,7
MONTPELLIER-AEROPORT;20120625;22,9;34,1
MONTPELLIER-AEROPORT;20120626;20;33,1
MONTPELLIER-AEROPORT;20120627;22,2;33
MONTPELLIER-AEROPORT;20120628;20,2;26,8
MONTPELLIER-AEROPORT;20120629;19,2;26,5
MONTPELLIER-AEROPORT;20120630;22,7;25
MONTPELLIER-AEROPORT;20120701;17,3;23,8
MONTPELLIER-AEROPORT;20120702;16;26,7
MONTPELLIER-AEROPORT;20120703;15,9;27
MONTPELLIER-AEROPORT;20120704;17,8;27,4
MONTPELLIER-AEROPORT;20120705;18,9;24,5
MONTPELLIER-AEROPORT;20120706;16,4;29,4
MONTPELLIER-AEROPORT;20120707;16,4;26,6
MONTPELLIER-AEROPORT;20120708;19,7;30,1
MONTPELLIER-AEROPORT;20120709;18;28,7
MONTPELLIER-AEROPORT;20120710;19,7;29,2
MONTPELLIER-AEROPORT;20120711;19,1;30,7
MONTPELLIER-AEROPORT;20120712;18,7;28,8
MONTPELLIER-AEROPORT;20120713;19,6;27,1
MONTPELLIER-AEROPORT;20120714;20,3;28,7
MONTPELLIER-AEROPORT;20120715;17,7;27,6
MONTPELLIER-AEROPORT;20120716;16,6;30,4
MONTPELLIER-AEROPORT;20120717;17,1;34,2
MONTPELLIER-AEROPORT;20120718;18,8;30,7
MONTPELLIER-AEROPORT;20120719;18,2;32,4
MONTPELLIER-AEROPORT;20120720;19,8;29,4
MONTPELLIER-AEROPORT;20120721;19,5;29,6
MONTPELLIER-AEROPORT;20120722;18,6;30,4
MONTPELLIER-AEROPORT;20120723;19,1;28,5
MONTPELLIER-AEROPORT;20120724;15,5;26,9
MONTPELLIER-AEROPORT;20120725;17,2;28,1
MONTPELLIER-AEROPORT;20120726;18,5;27,1
MONTPELLIER-AEROPORT;20120727;19,3;27,6
MONTPELLIER-AEROPORT;20120728;19,7;32,4
MONTPELLIER-AEROPORT;20120729;22;32,2
MONTPELLIER-AEROPORT;20120730;18,6;29,6
MONTPELLIER-AEROPORT;20120731;20,5;30,2
MONTPELLIER-AEROPORT;20120801;18,1;27,1
MONTPELLIER-AEROPORT;20120802;19,6;29,1
MONTPELLIER-AEROPORT;20120803;21,4;31,5
MONTPELLIER-AEROPORT;20120804;19,9;29,7
MONTPELLIER-AEROPORT;20120805;20,8;28,6
MONTPELLIER-AEROPORT;20120806;18;28,3
MONTPELLIER-AEROPORT;20120807;16,6;30,1
MONTPELLIER-AEROPORT;20120808;19;30
MONTPELLIER-AEROPORT;20120809;17,7;33,6
MONTPELLIER-AEROPORT;20120810;20,6;35,9
MONTPELLIER-AEROPORT;20120811;19,5;32,4
MONTPELLIER-AEROPORT;20120812;22,1;34
MONTPELLIER-AEROPORT;20120813;21,6;30,3
MONTPELLIER-AEROPORT;20120814;18,7;29,1
MONTPELLIER-AEROPORT;20120815;20,9;27,6
MONTPELLIER-AEROPORT;20120816;20,5;30,9
MONTPELLIER-AEROPORT;20120817;18,4;30,4
MONTPELLIER-AEROPORT;20120818;19;31,8
MONTPELLIER-AEROPORT;20120819;19,2;30,1
MONTPELLIER-AEROPORT;20120820;20,2;30,8
MONTPELLIER-AEROPORT;20120821;22,2;31,1
MONTPELLIER-AEROPORT;20120822;23,4;30,5
MONTPELLIER-AEROPORT;20120823;23,1;29,6
MONTPELLIER-AEROPORT;20120824;25,3;29
MONTPELLIER-AEROPORT;20120825;23,1;31,6
MONTPELLIER-AEROPORT;20120826;18,2;30,1
MONTPELLIER-AEROPORT;20120827;15,4;29,3
MONTPELLIER-AEROPORT;20120828;19,5;26,6
MONTPELLIER-AEROPORT;20120829;21;25,9
MONTPELLIER-AEROPORT;20120830;18;27,8
MONTPELLIER-AEROPORT;20120831;16,7;25,1
MONTPELLIER-AEROPORT;20120901;14,8;23,4
MONTPELLIER-AEROPORT;20120902;15,5;26,4
MONTPELLIER-AEROPORT;20120903;16,4;26,3
MONTPELLIER-AEROPORT;20120904;18,4;28,5
MONTPELLIER-AEROPORT;20120905;18,4;29,7
MONTPELLIER-AEROPORT;20120906;18,6;30,7
MONTPELLIER-AEROPORT;20120907;17,9;28,9
MONTPELLIER-AEROPORT;20120908;16,9;26,6
MONTPELLIER-AEROPORT;20120909;18,3;25,2
MONTPELLIER-AEROPORT;20120910;20,8;25,7
MONTPELLIER-AEROPORT;20120911;20,8;25,3
MONTPELLIER-AEROPORT;20120912;17,8;23,5
MONTPELLIER-AEROPORT;20120913;15,3;25,1
MONTPELLIER-AEROPORT;20120914;14,5;28,3
MONTPELLIER-AEROPORT;20120915;15,1;27,3
MONTPELLIER-AEROPORT;20120916;12,4;24,1
MONTPELLIER-AEROPORT;20120917;13,8;23,6
MONTPELLIER-AEROPORT;20120918;16,4;23,7
MONTPELLIER-AEROPORT;20120919;17,3;25,8
MONTPELLIER-AEROPORT;20120920;10,1;25
MONTPELLIER-AEROPORT;20120921;17,4;21,7
MONTPELLIER-AEROPORT;20120922;17,9;24
MONTPELLIER-AEROPORT;20120923;16,1;23,8
MONTPELLIER-AEROPORT;20120924;20,9;25,8
MONTPELLIER-AEROPORT;20120925;16,8;22,7
MONTPELLIER-AEROPORT;20120926;12,4;20,7
MONTPELLIER-AEROPORT;20120927;9;20,2
MONTPELLIER-AEROPORT;20120928;12,3;22,7
MONTPELLIER-AEROPORT;20120929;15,5;19,6
MONTPELLIER-AEROPORT;20120930;13,5;22,4
MONTPELLIER-AEROPORT;20121001;14,1;24,2
MONTPELLIER-AEROPORT;20121002;12,7;25,3
MONTPELLIER-AEROPORT;20121003;11,3;22,5
MONTPELLIER-AEROPORT;20121004;13,7;24,4
MONTPELLIER-AEROPORT;20121005;13;20,4
MONTPELLIER-AEROPORT;20121006;16,1;23,1
MONTPELLIER-AEROPORT;20121007;16,6;26
MONTPELLIER-AEROPORT;20121008;16,2;24,8
MONTPELLIER-AEROPORT;20121009;16,2;28
MONTPELLIER-AEROPORT;20121010;14,4;27,5
MONTPELLIER-AEROPORT;20121011;16,8;23,9
MONTPELLIER-AEROPORT;20121012;16,7;22,6
MONTPELLIER-AEROPORT;20121013;6,8;21,8
MONTPELLIER-AEROPORT;20121014;7;20,7
MONTPELLIER-AEROPORT;20121015;11;18,4
MONTPELLIER-AEROPORT;20121016;4,5;18,8
MONTPELLIER-AEROPORT;20121017;12,6;21,3
MONTPELLIER-AEROPORT;20121018;18,1;21,4
MONTPELLIER-AEROPORT;20121019;16,1;21,2
MONTPELLIER-AEROPORT;20121020;19,1;22,1
MONTPELLIER-AEROPORT;20121021;17,9;20,8
MONTPELLIER-AEROPORT;20121022;13,3;22,7
MONTPELLIER-AEROPORT;20121023;15,1;23,4
MONTPELLIER-AEROPORT;20121024;12,5;22,4
MONTPELLIER-AEROPORT;20121025;12,9;21,1
MONTPELLIER-AEROPORT;20121026;16,4;20
MONTPELLIER-AEROPORT;20121027;7,7;17,4
MONTPELLIER-AEROPORT;20121028;5,8;11,2
MONTPELLIER-AEROPORT;20121029;2,7;15,1
MONTPELLIER-AEROPORT;20121030;1,7;14,1
MONTPELLIER-AEROPORT;20121031;9,7;11,5
MONTPELLIER-AEROPORT;20121101;3,7;15,1
MONTPELLIER-AEROPORT;20121102;6,9;17,1
MONTPELLIER-AEROPORT;20121103;9,6;18,8
MONTPELLIER-AEROPORT;20121104;14,6;17,2
MONTPELLIER-AEROPORT;20121105;10,6;16,3
MONTPELLIER-AEROPORT;20121106;8,5;15,4
MONTPELLIER-AEROPORT;20121107;3,5;16,4
MONTPELLIER-AEROPORT;20121108;6,2;17,1
MONTPELLIER-AEROPORT;20121109;9,6;16,2
MONTPELLIER-AEROPORT;20121110;13,1;16,9
MONTPELLIER-AEROPORT;20121111;10,2;18,4
MONTPELLIER-AEROPORT;20121112;5,9;18,1
MONTPELLIER-AEROPORT;20121113;4,6;16,5
MONTPELLIER-AEROPORT;20121114;8,9;17,7
MONTPELLIER-AEROPORT;20121115;7,9;16,1
MONTPELLIER-AEROPORT;20121116;6,8;15
MONTPELLIER-AEROPORT;20121117;10,3;13
MONTPELLIER-AEROPORT;20121118;10,8;14,8
MONTPELLIER-AEROPORT;20121119;9,1;17,2
MONTPELLIER-AEROPORT;20121120;3,8;16
MONTPELLIER-AEROPORT;20121121;5;14,4
MONTPELLIER-AEROPORT;20121122;7,6;17,2
MONTPELLIER-AEROPORT;20121123;6,4;16,4
MONTPELLIER-AEROPORT;20121124;12,8;17,1
MONTPELLIER-AEROPORT;20121125;12,2;16,4
MONTPELLIER-AEROPORT;20121126;13,5;16,3
MONTPELLIER-AEROPORT;20121127;9,2;12,5
MONTPELLIER-AEROPORT;20121128;7,7;10,8
MONTPELLIER-AEROPORT;20121129;7,8;12,2
MONTPELLIER-AEROPORT;20121130;5,4;10
MONTPELLIER-AEROPORT;20121201;-0,2;10,2
MONTPELLIER-AEROPORT;20121202;-1,3;9,4
MONTPELLIER-AEROPORT;20121203;0,8;15,1
MONTPELLIER-AEROPORT;20121204;8,1;13,2
MONTPELLIER-AEROPORT;20121205;4,2;11,5
MONTPELLIER-AEROPORT;20121206;3,5;9,7
MONTPELLIER-AEROPORT;20121207;-3,7;7,9
MONTPELLIER-AEROPORT;20121208;0,1;11,9
MONTPELLIER-AEROPORT;20121209;-3,2;10,4
MONTPELLIER-AEROPORT;20121210;-1,5;10,6
MONTPELLIER-AEROPORT;20121211;1;9,4
MONTPELLIER-AEROPORT;20121212;-2,7;8,3
MONTPELLIER-AEROPORT;20121213;2,2;13,2
MONTPELLIER-AEROPORT;20121214;8;12,8
MONTPELLIER-AEROPORT;20121215;5,9;17,1
MONTPELLIER-AEROPORT;20121216;4,6;16,8
MONTPELLIER-AEROPORT;20121217;6,6;15,5
MONTPELLIER-AEROPORT;20121218;6,9;14,9
MONTPELLIER-AEROPORT;20121219;1,3;10,2
MONTPELLIER-AEROPORT;20121220;3,4;11,9
MONTPELLIER-AEROPORT;20121221;3,7;11,5
MONTPELLIER-AEROPORT;20121222;3,5;11,3
MONTPELLIER-AEROPORT;20121223;2,5;13,7
MONTPELLIER-AEROPORT;20121224;4;12,7
MONTPELLIER-AEROPORT;20121225;11,2;13,2
MONTPELLIER-AEROPORT;20121226;10,1;15
MONTPELLIER-AEROPORT;20121227;6,3;17
MONTPELLIER-AEROPORT;20121228;5,8;15,4
MONTPELLIER-AEROPORT;20121229;3,5;14,5
MONTPELLIER-AEROPORT;20121230;7,1;13,5
MONTPELLIER-AEROPORT;20121231;3,1;12,9
MONTPELLIER-AEROPORT;20130101;6,5;11
MONTPELLIER-AEROPORT;20130102;4,6;12,3
MONTPELLIER-AEROPORT;20130103;1;13,3
MONTPELLIER-AEROPORT;20130104;1,5;17,2
MONTPELLIER-AEROPORT;20130105;4;17,5
MONTPELLIER-AEROPORT;20130106;5,4;16,7
MONTPELLIER-AEROPORT;20130107;4,2;15,6
MONTPELLIER-AEROPORT;20130108;-1,5;10,8
MONTPELLIER-AEROPORT;20130109;-1,7;9,9
MONTPELLIER-AEROPORT;20130110;-2,5;14,6
MONTPELLIER-AEROPORT;20130111;7,9;13,8
MONTPELLIER-AEROPORT;20130112;-0,8;10,2
MONTPELLIER-AEROPORT;20130113;3,9;10
MONTPELLIER-AEROPORT;20130114;3,6;10,1
MONTPELLIER-AEROPORT;20130115;0,8;9,4
MONTPELLIER-AEROPORT;20130116;-0,1;4,8
MONTPELLIER-AEROPORT;20130117;-3,3;7,8
MONTPELLIER-AEROPORT;20130118;-5,5;4,1
MONTPELLIER-AEROPORT;20130119;0,2;12,5
MONTPELLIER-AEROPORT;20130120;3,7;7,5
MONTPELLIER-AEROPORT;20130121;-0,1;11,7
MONTPELLIER-AEROPORT;20130122;2;11,6
MONTPELLIER-AEROPORT;20130123;4;7,5
MONTPELLIER-AEROPORT;20130124;-0,2;11,4
MONTPELLIER-AEROPORT;20130125;-1,8;11,6
MONTPELLIER-AEROPORT;20130126;-2,6;11,9
MONTPELLIER-AEROPORT;20130127;-1,2;8,2
MONTPELLIER-AEROPORT;20130128;4,3;14,3
MONTPELLIER-AEROPORT;20130129;0,3;14,1
MONTPELLIER-AEROPORT;20130130;4;16
MONTPELLIER-AEROPORT;20130131;7,6;19,9
MONTPELLIER-AEROPORT;20130201;9,5;18,6
MONTPELLIER-AEROPORT;20130202;8,5;13,2
MONTPELLIER-AEROPORT;20130203;4,8;10,4
MONTPELLIER-AEROPORT;20130204;2,8;16,8
MONTPELLIER-AEROPORT;20130205;10,1;14,7
MONTPELLIER-AEROPORT;20130206;3,3;11,4
MONTPELLIER-AEROPORT;20130207;2,4;10,9
MONTPELLIER-AEROPORT;20130208;1;10,5
MONTPELLIER-AEROPORT;20130209;-0,2;9,3
MONTPELLIER-AEROPORT;20130210;1,1;3,4
MONTPELLIER-AEROPORT;20130211;1,8;10,8
MONTPELLIER-AEROPORT;20130212;-2;11,9
MONTPELLIER-AEROPORT;20130213;3,6;11,8
MONTPELLIER-AEROPORT;20130214;-1,8;11,2
MONTPELLIER-AEROPORT;20130215;8;14,5
MONTPELLIER-AEROPORT;20130216;0,5;13,9
MONTPELLIER-AEROPORT;20130217;-0,3;13,2
MONTPELLIER-AEROPORT;20130218;4,3;8,1
MONTPELLIER-AEROPORT;20130219;2,3;12,2
MONTPELLIER-AEROPORT;20130220;-0,6;12,6
MONTPELLIER-AEROPORT;20130221;2,5;11,7
MONTPELLIER-AEROPORT;20130222;-0,7;9,3
MONTPELLIER-AEROPORT;20130223;-3,2;5,9
MONTPELLIER-AEROPORT;20130224;-1,3;6
MONTPELLIER-AEROPORT;20130225;-1,7;9,4
MONTPELLIER-AEROPORT;20130226;-3;11,1
MONTPELLIER-AEROPORT;20130227;1,4;13,4
MONTPELLIER-AEROPORT;20130228;0,9;14
MONTPELLIER-AEROPORT;20130301;5,5;10,2
MONTPELLIER-AEROPORT;20130302;3,4;14,7
MONTPELLIER-AEROPORT;20130303;1,7;14,6
MONTPELLIER-AEROPORT;20130304;3,7;13,7
MONTPELLIER-AEROPORT;20130305;9,3;12
MONTPELLIER-AEROPORT;20130306;9,4;11
MONTPELLIER-AEROPORT;20130307;10,4;14,4
MONTPELLIER-AEROPORT;20130308;11,1;19,3
MONTPELLIER-AEROPORT;20130309;8,9;18,3
MONTPELLIER-AEROPORT;20130310;6;14,5
MONTPELLIER-AEROPORT;20130311;6,6;16,4
MONTPELLIER-AEROPORT;20130312;6,1;14,6
MONTPELLIER-AEROPORT;20130313;0,8;12,7
MONTPELLIER-AEROPORT;20130314;3,2;10,1
MONTPELLIER-AEROPORT;20130315;2,4;12,4
MONTPELLIER-AEROPORT;20130316;-2,1;11,8
MONTPELLIER-AEROPORT;20130317;10;11,8
MONTPELLIER-AEROPORT;20130318;5,9;13,8
MONTPELLIER-AEROPORT;20130319;4,3;13,8
MONTPELLIER-AEROPORT;20130320;7,9;16,7
MONTPELLIER-AEROPORT;20130321;3,8;14,5
MONTPELLIER-AEROPORT;20130322;3,7;13,7
MONTPELLIER-AEROPORT;20130323;10,4;12,5
MONTPELLIER-AEROPORT;20130324;9,7;11,5
MONTPELLIER-AEROPORT;20130325;4,9;19
MONTPELLIER-AEROPORT;20130326;7,1;15,5
MONTPELLIER-AEROPORT;20130327;4,2;14,8
MONTPELLIER-AEROPORT;20130328;11;11,9
MONTPELLIER-AEROPORT;20130329;6,6;14,6
MONTPELLIER-AEROPORT;20130330;11,2;17,5
MONTPELLIER-AEROPORT;20130331;9,2;15,6
MONTPELLIER-AEROPORT;20130401;4,5;8,7
MONTPELLIER-AEROPORT;20130402;7,6;17,7
MONTPELLIER-AEROPORT;20130403;7,1;15,1
MONTPELLIER-AEROPORT;20130404;9,1;14,2
MONTPELLIER-AEROPORT;20130405;8,3;16,6
MONTPELLIER-AEROPORT;20130406;6,7;9,1
MONTPELLIER-AEROPORT;20130407;4,5;15,4
MONTPELLIER-AEROPORT;20130408;7,4;16,5
MONTPELLIER-AEROPORT;20130409;4,6;18,9
MONTPELLIER-AEROPORT;20130410;7,4;17,4
MONTPELLIER-AEROPORT;20130411;9,1;15,4
MONTPELLIER-AEROPORT;20130412;7,8;18,3
MONTPELLIER-AEROPORT;20130413;10,9;17,7
MONTPELLIER-AEROPORT;20130414;7,2;17,7
MONTPELLIER-AEROPORT;20130415;8,4;18,9
MONTPELLIER-AEROPORT;20130416;10,4;21,5
MONTPELLIER-AEROPORT;20130417;11,5;21,4
MONTPELLIER-AEROPORT;20130418;9,8;25,3
MONTPELLIER-AEROPORT;20130419;13,6;17,7
MONTPELLIER-AEROPORT;20130420;9,1;13,5
MONTPELLIER-AEROPORT;20130421;8,8;16,7
MONTPELLIER-AEROPORT;20130422;7,7;20,6
MONTPELLIER-AEROPORT;20130423;8,8;20,8
MONTPELLIER-AEROPORT;20130424;8,6;20,7
MONTPELLIER-AEROPORT;20130425;12,2;24,7
MONTPELLIER-AEROPORT;20130426;14,6;17,8
MONTPELLIER-AEROPORT;20130427;8,5;12,4
MONTPELLIER-AEROPORT;20130428;3,8;10,3
MONTPELLIER-AEROPORT;20130429;8,7;15
MONTPELLIER-AEROPORT;20130430;12,1;17,2
MONTPELLIER-AEROPORT;20130501;12,6;17,6
MONTPELLIER-AEROPORT;20130502;6,7;20,4
MONTPELLIER-AEROPORT;20130503;12,9;22,8
MONTPELLIER-AEROPORT;20130504;8,8;22,5
MONTPELLIER-AEROPORT;20130505;11,5;22,7
MONTPELLIER-AEROPORT;20130506;10,9;24,7
MONTPELLIER-AEROPORT;20130507;14,1;24,9
MONTPELLIER-AEROPORT;20130508;12,8;21,5
MONTPELLIER-AEROPORT;20130509;16,7;24,1
MONTPELLIER-AEROPORT;20130510;15,3;22,8
MONTPELLIER-AEROPORT;20130511;10,5;22,6
MONTPELLIER-AEROPORT;20130512;13,5;21,3
MONTPELLIER-AEROPORT;20130513;11;24,7
MONTPELLIER-AEROPORT;20130514;11,8;21,4
MONTPELLIER-AEROPORT;20130515;15,2;17,6
MONTPELLIER-AEROPORT;20130516;10,1;17,9
MONTPELLIER-AEROPORT;20130517;9,5;17,5
MONTPELLIER-AEROPORT;20130518;15;17,4
MONTPELLIER-AEROPORT;20130519;9,9;20,6
MONTPELLIER-AEROPORT;20130520;8,1;20,1
MONTPELLIER-AEROPORT;20130521;9,9;20,8
MONTPELLIER-AEROPORT;20130522;11,9;24,4
MONTPELLIER-AEROPORT;20130523;12;21,5
MONTPELLIER-AEROPORT;20130524;9,6;17,3
MONTPELLIER-AEROPORT;20130525;8,5;18,1
MONTPELLIER-AEROPORT;20130526;8;19,5
MONTPELLIER-AEROPORT;20130527;6,5;19,2
MONTPELLIER-AEROPORT;20130528;11,7;17,4
MONTPELLIER-AEROPORT;20130529;8,5;18,9
MONTPELLIER-AEROPORT;20130530;9,9;20,9
MONTPELLIER-AEROPORT;20130531;10,2;22,6
MONTPELLIER-AEROPORT;20130601;16,5;26,8
MONTPELLIER-AEROPORT;20130602;14,2;27,2
MONTPELLIER-AEROPORT;20130603;14,7;27,1
MONTPELLIER-AEROPORT;20130604;11,2;21,5
MONTPELLIER-AEROPORT;20130605;11,6;21
MONTPELLIER-AEROPORT;20130606;11,9;22,4
MONTPELLIER-AEROPORT;20130607;11,7;23,1
MONTPELLIER-AEROPORT;20130608;14,7;19
MONTPELLIER-AEROPORT;20130609;14;20,8
MONTPELLIER-AEROPORT;20130610;12,8;26,8
MONTPELLIER-AEROPORT;20130611;13,5;29,6
MONTPELLIER-AEROPORT;20130612;17,8;28,5
MONTPELLIER-AEROPORT;20130613;19;27,4
MONTPELLIER-AEROPORT;20130614;18,2;25,7
MONTPELLIER-AEROPORT;20130615;16,4;26,3
MONTPELLIER-AEROPORT;20130616;18;24,3
MONTPELLIER-AEROPORT;20130617;18,5;27,2
MONTPELLIER-AEROPORT;20130618;19;28,4
MONTPELLIER-AEROPORT;20130619;20,5;23,1
MONTPELLIER-AEROPORT;20130620;19,1;25,2
MONTPELLIER-AEROPORT;20130621;16,6;26,5
MONTPELLIER-AEROPORT;20130622;17,5;27,7
MONTPELLIER-AEROPORT;20130623;18,8;25,4
MONTPELLIER-AEROPORT;20130624;15,2;25,4
MONTPELLIER-AEROPORT;20130625;14,6;27,4
MONTPELLIER-AEROPORT;20130626;14,5;28,2
MONTPELLIER-AEROPORT;20130627;14,3;26,7
MONTPELLIER-AEROPORT;20130628;15,7;27
MONTPELLIER-AEROPORT;20130629;14,1;28,5
MONTPELLIER-AEROPORT;20130630;18;30,3
MONTPELLIER-AEROPORT;20130701;17;25,9
MONTPELLIER-AEROPORT;20130702;16,1;22,9
MONTPELLIER-AEROPORT;20130703;17,8;28,1
MONTPELLIER-AEROPORT;20130704;19,1;32,1
MONTPELLIER-AEROPORT;20130705;20,4;32,7
MONTPELLIER-AEROPORT;20130706;18,9;29,7
MONTPELLIER-AEROPORT;20130707;20,8;32,5
MONTPELLIER-AEROPORT;20130708;20,1;30,8
MONTPELLIER-AEROPORT;20130709;18,9;30,3
MONTPELLIER-AEROPORT;20130710;18,6;29,6
MONTPELLIER-AEROPORT;20130711;18,7;30
MONTPELLIER-AEROPORT;20130712;19,9;30,1
MONTPELLIER-AEROPORT;20130713;20,5;30,7
MONTPELLIER-AEROPORT;20130714;19,3;31,4
MONTPELLIER-AEROPORT;20130715;20;32,6
MONTPELLIER-AEROPORT;20130716;20,1;31
MONTPELLIER-AEROPORT;20130717;21,8;30,8
MONTPELLIER-AEROPORT;20130718;19,2;30,8
MONTPELLIER-AEROPORT;20130719;19,2;27,7
MONTPELLIER-AEROPORT;20130720;20,1;29
MONTPELLIER-AEROPORT;20130721;18,1;30,3
MONTPELLIER-AEROPORT;20130722;18,3;31
MONTPELLIER-AEROPORT;20130723;19,2;29,5
MONTPELLIER-AEROPORT;20130724;21,6;30,2
MONTPELLIER-AEROPORT;20130725;21,1;30
MONTPELLIER-AEROPORT;20130726;23,3;29,5
MONTPELLIER-AEROPORT;20130727;21,3;29,7
MONTPELLIER-AEROPORT;20130728;25,7;29,4
MONTPELLIER-AEROPORT;20130729;19,7;31,1
MONTPELLIER-AEROPORT;20130730;17,8;32,7
MONTPELLIER-AEROPORT;20130731;18,9;33,7
MONTPELLIER-AEROPORT;20130801;17,9;28,3
MONTPELLIER-AEROPORT;20130802;18;29,5
MONTPELLIER-AEROPORT;20130803;21;28,7
MONTPELLIER-AEROPORT;20130804;20,5;31
MONTPELLIER-AEROPORT;20130805;21,4;29,1
MONTPELLIER-AEROPORT;20130806;21,4;29
MONTPELLIER-AEROPORT;20130807;18,7;25
MONTPELLIER-AEROPORT;20130808;18,2;27,7
MONTPELLIER-AEROPORT;20130809;19,2;31,6
MONTPELLIER-AEROPORT;20130810;20,2;32,7
MONTPELLIER-AEROPORT;20130811;17,9;32,2
MONTPELLIER-AEROPORT;20130812;20,4;30,5
MONTPELLIER-AEROPORT;20130813;19,7;32,1
MONTPELLIER-AEROPORT;20130814;18,3;31,7
MONTPELLIER-AEROPORT;20130815;16,8;29,3
MONTPELLIER-AEROPORT;20130816;17,9;27,8
MONTPELLIER-AEROPORT;20130817;19,1;29,4
MONTPELLIER-AEROPORT;20130818;17,8;28,3
MONTPELLIER-AEROPORT;20130819;21,7;30,6
MONTPELLIER-AEROPORT;20130820;18,3;31,9
MONTPELLIER-AEROPORT;20130821;18;29,3
MONTPELLIER-AEROPORT;20130822;15,3;26,8
MONTPELLIER-AEROPORT;20130823;18,2;27
MONTPELLIER-AEROPORT;20130824;19,5;29,1
MONTPELLIER-AEROPORT;20130825;18,4;26,8
MONTPELLIER-AEROPORT;20130826;16,1;25,3
MONTPELLIER-AEROPORT;20130827;14,7;29,4
MONTPELLIER-AEROPORT;20130828;16,2;28,5
MONTPELLIER-AEROPORT;20130829;15,8;28,1
MONTPELLIER-AEROPORT;20130830;16,3;29,2
MONTPELLIER-AEROPORT;20130831;17,8;30,7
MONTPELLIER-AEROPORT;20130901;18,9;31,4
MONTPELLIER-AEROPORT;20130902;18;31,1
MONTPELLIER-AEROPORT;20130903;15,9;29,9
MONTPELLIER-AEROPORT;20130904;15,8;25,9
MONTPELLIER-AEROPORT;20130905;14,8;28,3
MONTPELLIER-AEROPORT;20130906;16,1;26,6
MONTPELLIER-AEROPORT;20130907;18,7;24,7
MONTPELLIER-AEROPORT;20130908;17,2;26,4
MONTPELLIER-AEROPORT;20130909;14,6;26,6
MONTPELLIER-AEROPORT;20130910;18,4;27,7
MONTPELLIER-AEROPORT;20130911;13,7;25,2
MONTPELLIER-AEROPORT;20130912;14,2;23,7
MONTPELLIER-AEROPORT;20130913;13,6;27,8
MONTPELLIER-AEROPORT;20130914;14,2;24
MONTPELLIER-AEROPORT;20130915;15,6;21,5
MONTPELLIER-AEROPORT;20130916;11,6;24,5
MONTPELLIER-AEROPORT;20130917;15,4;22,8
MONTPELLIER-AEROPORT;20130918;17,3;26,5
MONTPELLIER-AEROPORT;20130919;16,3;26
MONTPELLIER-AEROPORT;20130920;10,3;29
MONTPELLIER-AEROPORT;20130921;12,9;29,2
MONTPELLIER-AEROPORT;20130922;14,4;26,5
MONTPELLIER-AEROPORT;20130923;12,4;24,3
MONTPELLIER-AEROPORT;20130924;12,7;23
MONTPELLIER-AEROPORT;20130925;16,3;25,7
MONTPELLIER-AEROPORT;20130926;17,3;23,5
MONTPELLIER-AEROPORT;20130927;18,8;23,6
MONTPELLIER-AEROPORT;20130928;19,1;21,9
MONTPELLIER-AEROPORT;20130929;17,5;24,5
MONTPELLIER-AEROPORT;20130930;17;28,3
MONTPELLIER-AEROPORT;20131001;14,9;25,3
MONTPELLIER-AEROPORT;20131002;16,2;24,4
MONTPELLIER-AEROPORT;20131003;17;22,3
MONTPELLIER-AEROPORT;20131004;17,5;21,3
MONTPELLIER-AEROPORT;20131005;16,2;26,5
MONTPELLIER-AEROPORT;20131006;14,4;24,2
MONTPELLIER-AEROPORT;20131007;11,8;25,1
MONTPELLIER-AEROPORT;20131008;11,4;23,4
MONTPELLIER-AEROPORT;20131009;14,2;24
MONTPELLIER-AEROPORT;20131010;11;20,9
MONTPELLIER-AEROPORT;20131011;7,1;18
MONTPELLIER-AEROPORT;20131012;3,7;17,6
MONTPELLIER-AEROPORT;20131013;9,9;21,2
MONTPELLIER-AEROPORT;20131014;13,2;20,9
MONTPELLIER-AEROPORT;20131015;14,8;19,8
MONTPELLIER-AEROPORT;20131016;16,7;27,2
MONTPELLIER-AEROPORT;20131017;15,1;25,7
MONTPELLIER-AEROPORT;20131018;10,9;19,7
MONTPELLIER-AEROPORT;20131019;18,1;21
MONTPELLIER-AEROPORT;20131020;18,1;20,6
MONTPELLIER-AEROPORT;20131021;17,1;20,5
MONTPELLIER-AEROPORT;20131022;19,1;21,6
MONTPELLIER-AEROPORT;20131023;19;23,1
MONTPELLIER-AEROPORT;20131024;12,5;20,1
MONTPELLIER-AEROPORT;20131025;18,9;21,4
MONTPELLIER-AEROPORT;20131026;18,2;20,9
MONTPELLIER-AEROPORT;20131027;19,2;23,5
MONTPELLIER-AEROPORT;20131028;14;25,1
MONTPELLIER-AEROPORT;20131029;13,1;19
MONTPELLIER-AEROPORT;20131030;8,7;19,2
MONTPELLIER-AEROPORT;20131031;9,4;17,1
MONTPELLIER-AEROPORT;20131101;8,4;19,4
MONTPELLIER-AEROPORT;20131102;13,5;21,6
MONTPELLIER-AEROPORT;20131103;12,9;19,3
MONTPELLIER-AEROPORT;20131104;11,1;17,1
MONTPELLIER-AEROPORT;20131105;11,4;19
MONTPELLIER-AEROPORT;20131106;10,8;24,1
MONTPELLIER-AEROPORT;20131107;11,5;24,8
MONTPELLIER-AEROPORT;20131108;13,8;17,9
MONTPELLIER-AEROPORT;20131109;11,3;17,7
MONTPELLIER-AEROPORT;20131110;11,3;20,1
MONTPELLIER-AEROPORT;20131111;8;17,5
MONTPELLIER-AEROPORT;20131112;4,1;18,4
MONTPELLIER-AEROPORT;20131113;6,3;16,9
MONTPELLIER-AEROPORT;20131114;5;15,4
MONTPELLIER-AEROPORT;20131115;7;10,6
MONTPELLIER-AEROPORT;20131116;6,1;14,7
MONTPELLIER-AEROPORT;20131117;7,1;11,5
MONTPELLIER-AEROPORT;20131118;9;12,4
MONTPELLIER-AEROPORT;20131119;8,9;12,3
MONTPELLIER-AEROPORT;20131120;6,4;8,9
MONTPELLIER-AEROPORT;20131121;4,3;11
MONTPELLIER-AEROPORT;20131122;3;9
MONTPELLIER-AEROPORT;20131123;3,3;10,5
MONTPELLIER-AEROPORT;20131124;8;12,5
MONTPELLIER-AEROPORT;20131125;4,2;12,2
MONTPELLIER-AEROPORT;20131126;-0,2;10,6
MONTPELLIER-AEROPORT;20131127;1;7
MONTPELLIER-AEROPORT;20131128;-1,9;8,5
MONTPELLIER-AEROPORT;20131129;-1,5;10,5
MONTPELLIER-AEROPORT;20131130;-0,5;12,1
MONTPELLIER-AEROPORT;20131201;1,4;11,6
MONTPELLIER-AEROPORT;20131202;-0,8;11,5
MONTPELLIER-AEROPORT;20131203;-0,9;14
MONTPELLIER-AEROPORT;20131204;-2;14,3
MONTPELLIER-AEROPORT;20131205;1;13,8
MONTPELLIER-AEROPORT;20131206;0,1;14,3
MONTPELLIER-AEROPORT;20131207;1,5;14,4
MONTPELLIER-AEROPORT;20131208;1;13,9
MONTPELLIER-AEROPORT;20131209;-1,5;11,6
MONTPELLIER-AEROPORT;20131210;-1,5;12,2
MONTPELLIER-AEROPORT;20131211;5,8;10,1
MONTPELLIER-AEROPORT;20131212;8,5;13
MONTPELLIER-AEROPORT;20131213;8,9;13,3
MONTPELLIER-AEROPORT;20131214;3;16,6
MONTPELLIER-AEROPORT;20131215;1,3;15,6
MONTPELLIER-AEROPORT;20131216;4;12,8
MONTPELLIER-AEROPORT;20131217;6,3;14,3
MONTPELLIER-AEROPORT;20131218;9,1;13,6
MONTPELLIER-AEROPORT;20131219;10,5;13,7
MONTPELLIER-AEROPORT;20131220;9;11,3
MONTPELLIER-AEROPORT;20131221;7,2;12,9
MONTPELLIER-AEROPORT;20131222;7,9;15,5
MONTPELLIER-AEROPORT;20131223;7,8;13,6
MONTPELLIER-AEROPORT;20131224;10;14,7
MONTPELLIER-AEROPORT;20131225;11,7;16,1
MONTPELLIER-AEROPORT;20131226;8;12,1
MONTPELLIER-AEROPORT;20131227;3;13,6
MONTPELLIER-AEROPORT;20131228;5,6;14,5
MONTPELLIER-AEROPORT;20131229;6,1;12
MONTPELLIER-AEROPORT;20131230;0,8;11,3
MONTPELLIER-AEROPORT;20131231;-0,7;9,2
MONTPELLIER-AEROPORT;20140101;7,3;13,2
MONTPELLIER-AEROPORT;20140102;8,4;16,6
MONTPELLIER-AEROPORT;20140103;7,2;11,7
MONTPELLIER-AEROPORT;20140104;10,6;15,3
MONTPELLIER-AEROPORT;20140105;6,5;13,4
MONTPELLIER-AEROPORT;20140106;3,1;12,9
MONTPELLIER-AEROPORT;20140107;9,9;13,7
MONTPELLIER-AEROPORT;20140108;11,5;14,3
MONTPELLIER-AEROPORT;20140109;10;14,4
MONTPELLIER-AEROPORT;20140110;9,4;13,2
MONTPELLIER-AEROPORT;20140111;10,3;12,5
MONTPELLIER-AEROPORT;20140112;8,6;12,5
MONTPELLIER-AEROPORT;20140113;7,6;11,7
MONTPELLIER-AEROPORT;20140114;4,4;12,5
MONTPELLIER-AEROPORT;20140115;2,3;11,7
MONTPELLIER-AEROPORT;20140116;4,1;13,3
MONTPELLIER-AEROPORT;20140117;5,6;14,1
MONTPELLIER-AEROPORT;20140118;9,5;13,5
MONTPELLIER-AEROPORT;20140119;9,1;12,8
MONTPELLIER-AEROPORT;20140120;7;12,5
MONTPELLIER-AEROPORT;20140121;7;13,4
MONTPELLIER-AEROPORT;20140122;-0,6;10,4
MONTPELLIER-AEROPORT;20140123;3,3;13,5
MONTPELLIER-AEROPORT;20140124;5,9;11,4
MONTPELLIER-AEROPORT;20140125;2,6;14,9
MONTPELLIER-AEROPORT;20140126;4,4;16,2
MONTPELLIER-AEROPORT;20140127;7,2;12,4
MONTPELLIER-AEROPORT;20140128;4,4;10,1
MONTPELLIER-AEROPORT;20140129;5;10,2
MONTPELLIER-AEROPORT;20140130;4,1;8,2
MONTPELLIER-AEROPORT;20140131;0;11,6
MONTPELLIER-AEROPORT;20140201;1,6;10,2
MONTPELLIER-AEROPORT;20140202;6,4;13,3
MONTPELLIER-AEROPORT;20140203;-0,4;12,2
MONTPELLIER-AEROPORT;20140204;3,6;12,7
MONTPELLIER-AEROPORT;20140205;9,2;14,5
MONTPELLIER-AEROPORT;20140206;1,9;13,8
MONTPELLIER-AEROPORT;20140207;10,2;14,4
MONTPELLIER-AEROPORT;20140208;2;12,3
MONTPELLIER-AEROPORT;20140209;7;13,2
MONTPELLIER-AEROPORT;20140210;10,4;14,1
MONTPELLIER-AEROPORT;20140211;5,5;13,6
MONTPELLIER-AEROPORT;20140212;7,7;15,2
MONTPELLIER-AEROPORT;20140213;2,5;16,5
MONTPELLIER-AEROPORT;20140214;6,7;13,4
MONTPELLIER-AEROPORT;20140215;12,4;15,1
MONTPELLIER-AEROPORT;20140216;8,4;13
MONTPELLIER-AEROPORT;20140217;1,9;13
MONTPELLIER-AEROPORT;20140218;6,2;14,3
MONTPELLIER-AEROPORT;20140219;9,8;17,3
MONTPELLIER-AEROPORT;20140220;5;16,3
MONTPELLIER-AEROPORT;20140221;10;13,3
MONTPELLIER-AEROPORT;20140222;3,4;15,9
MONTPELLIER-AEROPORT;20140223;3,8;15,8
MONTPELLIER-AEROPORT;20140224;6;14,4
MONTPELLIER-AEROPORT;20140225;8,5;14,3
MONTPELLIER-AEROPORT;20140226;6,5;13,3
MONTPELLIER-AEROPORT;20140227;5,4;12,6
MONTPELLIER-AEROPORT;20140228;5,4;12,3
MONTPELLIER-AEROPORT;20140301;6,1;13,5
MONTPELLIER-AEROPORT;20140302;3,6;15,5
MONTPELLIER-AEROPORT;20140303;6,1;13,2
MONTPELLIER-AEROPORT;20140304;4,5;14,6
MONTPELLIER-AEROPORT;20140305;3,9;17,6
MONTPELLIER-AEROPORT;20140306;4,4;18,5
MONTPELLIER-AEROPORT;20140307;2,5;17,8
MONTPELLIER-AEROPORT;20140308;3,9;20,2
MONTPELLIER-AEROPORT;20140309;2,7;18,2
MONTPELLIER-AEROPORT;20140310;2,3;16
MONTPELLIER-AEROPORT;20140311;4,7;15
MONTPELLIER-AEROPORT;20140312;4,3;16,6
MONTPELLIER-AEROPORT;20140313;4;18,2
MONTPELLIER-AEROPORT;20140314;4;19,5
MONTPELLIER-AEROPORT;20140315;6,6;23,8
MONTPELLIER-AEROPORT;20140316;11,4;24,7
MONTPELLIER-AEROPORT;20140317;7,9;24,3
MONTPELLIER-AEROPORT;20140318;8,9;17,5
MONTPELLIER-AEROPORT;20140319;8,7;23,5
MONTPELLIER-AEROPORT;20140320;8,4;17,5
MONTPELLIER-AEROPORT;20140321;12,5;17,1
MONTPELLIER-AEROPORT;20140322;10,7;15,1
MONTPELLIER-AEROPORT;20140323;6,8;15
MONTPELLIER-AEROPORT;20140324;6,5;15,5
MONTPELLIER-AEROPORT;20140325;7;16,6
MONTPELLIER-AEROPORT;20140326;7,2;16,1
MONTPELLIER-AEROPORT;20140327;4,4;17,6
MONTPELLIER-AEROPORT;20140328;2,3;15,9
MONTPELLIER-AEROPORT;20140329;7,1;17,6
MONTPELLIER-AEROPORT;20140330;10,9;16,6
MONTPELLIER-AEROPORT;20140331;8,1;16,5
MONTPELLIER-AEROPORT;20140401;12,1;16,3
MONTPELLIER-AEROPORT;20140402;11,4;18,4
MONTPELLIER-AEROPORT;20140403;14;17,2
MONTPELLIER-AEROPORT;20140404;11,9;22,6
MONTPELLIER-AEROPORT;20140405;13,1;24,2
MONTPELLIER-AEROPORT;20140406;9,3;24,2
MONTPELLIER-AEROPORT;20140407;9,9;21,3
MONTPELLIER-AEROPORT;20140408;12,6;23,9
MONTPELLIER-AEROPORT;20140409;7,3;23,4
MONTPELLIER-AEROPORT;20140410;7,9;21
MONTPELLIER-AEROPORT;20140411;9,3;18
MONTPELLIER-AEROPORT;20140412;14;18,8
MONTPELLIER-AEROPORT;20140413;13,7;25,4
MONTPELLIER-AEROPORT;20140414;10,4;23,4
MONTPELLIER-AEROPORT;20140415;11,8;26,2
MONTPELLIER-AEROPORT;20140416;7,4;21,9
MONTPELLIER-AEROPORT;20140417;6,8;17,5
MONTPELLIER-AEROPORT;20140418;8,4;23,1
MONTPELLIER-AEROPORT;20140419;9,2;19,5
MONTPELLIER-AEROPORT;20140420;9,4;12,5
MONTPELLIER-AEROPORT;20140421;10,1;18,5
MONTPELLIER-AEROPORT;20140422;10,6;18
MONTPELLIER-AEROPORT;20140423;10,9;21,2
MONTPELLIER-AEROPORT;20140424;12,3;22,9
MONTPELLIER-AEROPORT;20140425;12,8;19,3
MONTPELLIER-AEROPORT;20140426;10,3;20,6
MONTPELLIER-AEROPORT;20140427;9,7;19,9
MONTPELLIER-AEROPORT;20140428;11,3;21,1
MONTPELLIER-AEROPORT;20140429;12,3;24
MONTPELLIER-AEROPORT;20140430;13,8;22
MONTPELLIER-AEROPORT;20140501;12,3;23,7
MONTPELLIER-AEROPORT;20140502;12,6;21
MONTPELLIER-AEROPORT;20140503;14,8;22,4
MONTPELLIER-AEROPORT;20140504;8,6;23,7
MONTPELLIER-AEROPORT;20140505;9,1;20,3
MONTPELLIER-AEROPORT;20140506;10,3;19,2
MONTPELLIER-AEROPORT;20140507;14,2;24,3
MONTPELLIER-AEROPORT;20140508;10,8;22,5
MONTPELLIER-AEROPORT;20140509;12,8;30
MONTPELLIER-AEROPORT;20140510;14,4;24,7
MONTPELLIER-AEROPORT;20140511;18;23,5
MONTPELLIER-AEROPORT;20140512;12,6;24
MONTPELLIER-AEROPORT;20140513;12,2;22,3
MONTPELLIER-AEROPORT;20140514;10,9;23,2
MONTPELLIER-AEROPORT;20140515;13,6;22,7
MONTPELLIER-AEROPORT;20140516;11;21,4
MONTPELLIER-AEROPORT;20140517;12,3;24,1
MONTPELLIER-AEROPORT;20140518;11,5;19,7
MONTPELLIER-AEROPORT;20140519;14,2;17,2
MONTPELLIER-AEROPORT;20140520;15,9;19
MONTPELLIER-AEROPORT;20140521;16,2;20,1
MONTPELLIER-AEROPORT;20140522;16,4;18,1
MONTPELLIER-AEROPORT;20140523;10,9;20,2
MONTPELLIER-AEROPORT;20140524;7,1;21,2
MONTPELLIER-AEROPORT;20140525;11;20,7
MONTPELLIER-AEROPORT;20140526;9,5;20,2
MONTPELLIER-AEROPORT;20140527;11,8;23
MONTPELLIER-AEROPORT;20140528;9,4;20,9
MONTPELLIER-AEROPORT;20140529;14,9;26,6
MONTPELLIER-AEROPORT;20140530;15,4;27
MONTPELLIER-AEROPORT;20140531;16,9;26,7
MONTPELLIER-AEROPORT;20140601;14,2;28
MONTPELLIER-AEROPORT;20140602;14,3;26,5
MONTPELLIER-AEROPORT;20140603;15,1;26,8
MONTPELLIER-AEROPORT;20140604;14,6;25,9
MONTPELLIER-AEROPORT;20140605;11,6;22,5
MONTPELLIER-AEROPORT;20140606;12,9;22,8
MONTPELLIER-AEROPORT;20140607;15,3;23,9
MONTPELLIER-AEROPORT;20140608;16,4;26,5
MONTPELLIER-AEROPORT;20140609;17,2;29,4
MONTPELLIER-AEROPORT;20140610;16,1;30,6
MONTPELLIER-AEROPORT;20140611;19;32,2
MONTPELLIER-AEROPORT;20140612;21,1;33,6
MONTPELLIER-AEROPORT;20140613;22,3;35
MONTPELLIER-AEROPORT;20140614;21,5;33,1
MONTPELLIER-AEROPORT;20140615;16,6;22,9
MONTPELLIER-AEROPORT;20140616;18,9;27,3
MONTPELLIER-AEROPORT;20140617;17,5;27,3
MONTPELLIER-AEROPORT;20140618;15,2;26,4
MONTPELLIER-AEROPORT;20140619;14;26,5
MONTPELLIER-AEROPORT;20140620;16,8;30,3
MONTPELLIER-AEROPORT;20140621;17,4;28,9
MONTPELLIER-AEROPORT;20140622;19,5;25,5
MONTPELLIER-AEROPORT;20140623;20,6;26,6
MONTPELLIER-AEROPORT;20140624;19,9;29,2
MONTPELLIER-AEROPORT;20140625;17,2;27,1
MONTPELLIER-AEROPORT;20140626;18;30,9
MONTPELLIER-AEROPORT;20140627;19,9;27,2
MONTPELLIER-AEROPORT;20140628;19,6;25,7
MONTPELLIER-AEROPORT;20140629;19,3;26,8
MONTPELLIER-AEROPORT;20140630;17;27,2
MONTPELLIER-AEROPORT;20140701;15,9;25
MONTPELLIER-AEROPORT;20140702;20,5;25,5
MONTPELLIER-AEROPORT;20140703;17;27,3
MONTPELLIER-AEROPORT;20140704;20,6;25,7
MONTPELLIER-AEROPORT;20140705;19,5;28,2
MONTPELLIER-AEROPORT;20140706;19,6;25,7
MONTPELLIER-AEROPORT;20140707;18,2;23
MONTPELLIER-AEROPORT;20140708;16,3;26,5
MONTPELLIER-AEROPORT;20140709;16,9;25,9
MONTPELLIER-AEROPORT;20140710;18;24,9
MONTPELLIER-AEROPORT;20140711;19,8;28,1
MONTPELLIER-AEROPORT;20140712;18,4;29,4
MONTPELLIER-AEROPORT;20140713;19,1;29,1
MONTPELLIER-AEROPORT;20140714;18,7;31
MONTPELLIER-AEROPORT;20140715;18,3;27,8
MONTPELLIER-AEROPORT;20140716;19,5;30,3
MONTPELLIER-AEROPORT;20140717;19,1;29,1
MONTPELLIER-AEROPORT;20140718;20,6;26,8
MONTPELLIER-AEROPORT;20140719;20,2;27,9
MONTPELLIER-AEROPORT;20140720;19,3;26,8
MONTPELLIER-AEROPORT;20140721;18,9;29,9
MONTPELLIER-AEROPORT;20140722;21,3;31,7
MONTPELLIER-AEROPORT;20140723;21,4;30,3
MONTPELLIER-AEROPORT;20140724;20,5;29,8
MONTPELLIER-AEROPORT;20140725;20,1;27,5
MONTPELLIER-AEROPORT;20140726;17,5;33,2
MONTPELLIER-AEROPORT;20140727;20;32,4
MONTPELLIER-AEROPORT;20140728;20,9;29,2
MONTPELLIER-AEROPORT;20140729;17,3;25,8
MONTPELLIER-AEROPORT;20140730;20;32,1
MONTPELLIER-AEROPORT;20140731;18,5;30,8
MONTPELLIER-AEROPORT;20140801;18,9;27,4
MONTPELLIER-AEROPORT;20140802;19,7;26,3
MONTPELLIER-AEROPORT;20140803;18,7;26,9
MONTPELLIER-AEROPORT;20140804;20,7;30,3
MONTPELLIER-AEROPORT;20140805;19,1;31,7
MONTPELLIER-AEROPORT;20140806;18,5;29,8
MONTPELLIER-AEROPORT;20140807;21,3;32
MONTPELLIER-AEROPORT;20140808;19,6;27,9
MONTPELLIER-AEROPORT;20140809;17,8;28,3
MONTPELLIER-AEROPORT;20140810;20,9;26,7
MONTPELLIER-AEROPORT;20140811;22,1;31,7
MONTPELLIER-AEROPORT;20140812;17,3;28,4
MONTPELLIER-AEROPORT;20140813;18,2;26,3
MONTPELLIER-AEROPORT;20140814;16,3;27,3
MONTPELLIER-AEROPORT;20140815;16,1;27,5
MONTPELLIER-AEROPORT;20140816;16,3;28,2
MONTPELLIER-AEROPORT;20140817;15;25,7
MONTPELLIER-AEROPORT;20140818;14,8;25,5
MONTPELLIER-AEROPORT;20140819;19,2;28
MONTPELLIER-AEROPORT;20140820;16,1;28,5
MONTPELLIER-AEROPORT;20140821;15,5;25
MONTPELLIER-AEROPORT;20140822;15,3;24,2
MONTPELLIER-AEROPORT;20140823;17,8;27,7
MONTPELLIER-AEROPORT;20140824;16;25,1
MONTPELLIER-AEROPORT;20140825;15,5;24,7
MONTPELLIER-AEROPORT;20140826;17,4;28,9
MONTPELLIER-AEROPORT;20140827;20,6;31,1
MONTPELLIER-AEROPORT;20140828;17,2;31,6
MONTPELLIER-AEROPORT;20140829;18,6;30,9
MONTPELLIER-AEROPORT;20140830;19,5;28,5
MONTPELLIER-AEROPORT;20140831;16,2;32,3
MONTPELLIER-AEROPORT;20140901;18;30,1
MONTPELLIER-AEROPORT;20140902;14,5;31,4
MONTPELLIER-AEROPORT;20140903;15;28
MONTPELLIER-AEROPORT;20140904;13,6;24,9
MONTPELLIER-AEROPORT;20140905;17,1;27,1
MONTPELLIER-AEROPORT;20140906;17,7;28,8
MONTPELLIER-AEROPORT;20140907;17,8;26,4
MONTPELLIER-AEROPORT;20140908;19,4;27,1
MONTPELLIER-AEROPORT;20140909;16,5;26,2
MONTPELLIER-AEROPORT;20140910;17,6;29,2
MONTPELLIER-AEROPORT;20140911;17,9;29,5
MONTPELLIER-AEROPORT;20140912;16,2;28,8
MONTPELLIER-AEROPORT;20140913;16,7;26,2
MONTPELLIER-AEROPORT;20140914;15,1;26,4
MONTPELLIER-AEROPORT;20140915;19,2;25,8
MONTPELLIER-AEROPORT;20140916;16,3;25
MONTPELLIER-AEROPORT;20140917;21,5;24,8
MONTPELLIER-AEROPORT;20140918;17,7;24,8
MONTPELLIER-AEROPORT;20140919;21,8;25,3
MONTPELLIER-AEROPORT;20140920;19;27,6
MONTPELLIER-AEROPORT;20140921;17,4;28,4
MONTPELLIER-AEROPORT;20140922;15,6;26,6
MONTPELLIER-AEROPORT;20140923;15,9;22,9
MONTPELLIER-AEROPORT;20140924;14,7;20,4
MONTPELLIER-AEROPORT;20140925;10,7;24,6
MONTPELLIER-AEROPORT;20140926;9,9;25,1
MONTPELLIER-AEROPORT;20140927;11,4;23,8
MONTPELLIER-AEROPORT;20140928;13,6;24,5
MONTPELLIER-AEROPORT;20140929;17,2;21,7
MONTPELLIER-AEROPORT;20140930;17,5;23,2
MONTPELLIER-AEROPORT;20141001;14,9;26,7
MONTPELLIER-AEROPORT;20141002;14,6;27,1
MONTPELLIER-AEROPORT;20141003;14,3;24,7
MONTPELLIER-AEROPORT;20141004;14,4;23,3
MONTPELLIER-AEROPORT;20141005;16,4;21,1
MONTPELLIER-AEROPORT;20141006;10;21,5
MONTPELLIER-AEROPORT;20141007;18,7;24,6
MONTPELLIER-AEROPORT;20141008;20,9;24,3
MONTPELLIER-AEROPORT;20141009;21;24,1
MONTPELLIER-AEROPORT;20141010;18,7;24,2
MONTPELLIER-AEROPORT;20141011;16,6;24,6
MONTPELLIER-AEROPORT;20141012;17,6;24,1
MONTPELLIER-AEROPORT;20141013;20,6;23,5
MONTPELLIER-AEROPORT;20141014;17;22,9
MONTPELLIER-AEROPORT;20141015;14,2;21,8
MONTPELLIER-AEROPORT;20141016;15,4;24,1
MONTPELLIER-AEROPORT;20141017;17,9;26
MONTPELLIER-AEROPORT;20141018;16;25,7
MONTPELLIER-AEROPORT;20141019;17,4;24,6
MONTPELLIER-AEROPORT;20141020;16;22,7
MONTPELLIER-AEROPORT;20141021;15,2;25,2
MONTPELLIER-AEROPORT;20141022;12,1;18,6
MONTPELLIER-AEROPORT;20141023;9;20,7
MONTPELLIER-AEROPORT;20141024;9,5;23,8
MONTPELLIER-AEROPORT;20141025;10,5;23
MONTPELLIER-AEROPORT;20141026;10,9;22,5
MONTPELLIER-AEROPORT;20141027;9,4;20,8
MONTPELLIER-AEROPORT;20141028;14,4;19,4
MONTPELLIER-AEROPORT;20141029;11;19,7
MONTPELLIER-AEROPORT;20141030;7,7;19,3
MONTPELLIER-AEROPORT;20141031;8,8;20,5
MONTPELLIER-AEROPORT;20141101;10;17,7
MONTPELLIER-AEROPORT;20141102;14,5;19,9
MONTPELLIER-AEROPORT;20141103;17,7;21,5
MONTPELLIER-AEROPORT;20141104;12,7;18,8
MONTPELLIER-AEROPORT;20141105;7,8;17,2
MONTPELLIER-AEROPORT;20141106;6,1;16,8
MONTPELLIER-AEROPORT;20141107;2,6;16,1
MONTPELLIER-AEROPORT;20141108;5,8;18,2
MONTPELLIER-AEROPORT;20141109;11,8;17,8
MONTPELLIER-AEROPORT;20141110;10,6;18,1
MONTPELLIER-AEROPORT;20141111;12,6;18,6
MONTPELLIER-AEROPORT;20141112;12,2;18,5
MONTPELLIER-AEROPORT;20141113;7,7;17,8
MONTPELLIER-AEROPORT;20141114;8,1;18,8
MONTPELLIER-AEROPORT;20141115;10,8;17,8
MONTPELLIER-AEROPORT;20141116;6,2;16,8
MONTPELLIER-AEROPORT;20141117;9;14,8
MONTPELLIER-AEROPORT;20141118;8,4;16,4
MONTPELLIER-AEROPORT;20141119;4,8;17,4
MONTPELLIER-AEROPORT;20141120;6,5;15,6
MONTPELLIER-AEROPORT;20141121;12,7;16,2
MONTPELLIER-AEROPORT;20141122;14,1;17
MONTPELLIER-AEROPORT;20141123;14,6;18,2
MONTPELLIER-AEROPORT;20141124;13,7;17,9
MONTPELLIER-AEROPORT;20141125;13,8;16
MONTPELLIER-AEROPORT;20141126;13,4;15
MONTPELLIER-AEROPORT;20141127;10,2;18,1
MONTPELLIER-AEROPORT;20141128;10,9;18,1
MONTPELLIER-AEROPORT;20141129;13,8;18
MONTPELLIER-AEROPORT;20141130;12,8;15,3
MONTPELLIER-AEROPORT;20141201;7,9;10,4
MONTPELLIER-AEROPORT;20141202;7,4;13,6
MONTPELLIER-AEROPORT;20141203;5,9;10,8
MONTPELLIER-AEROPORT;20141204;5;11,4
MONTPELLIER-AEROPORT;20141205;6,5;8,2
MONTPELLIER-AEROPORT;20141206;5,9;6,7
MONTPELLIER-AEROPORT;20141207;3,9;13,5
MONTPELLIER-AEROPORT;20141208;5,2;11,8
MONTPELLIER-AEROPORT;20141209;5,4;10,7
MONTPELLIER-AEROPORT;20141210;-1,8;12,3
MONTPELLIER-AEROPORT;20141211;8,3;14,6
MONTPELLIER-AEROPORT;20141212;0,9;14,1
MONTPELLIER-AEROPORT;20141213;7,5;15,7
MONTPELLIER-AEROPORT;20141214;10,7;15,4
MONTPELLIER-AEROPORT;20141215;9,6;14,9
MONTPELLIER-AEROPORT;20141216;9;16
MONTPELLIER-AEROPORT;20141217;6,4;15,2
MONTPELLIER-AEROPORT;20141218;8,2;19,1
MONTPELLIER-AEROPORT;20141219;8,7;18
MONTPELLIER-AEROPORT;20141220;10,3;18,4
MONTPELLIER-AEROPORT;20141221;2,9;15,8
MONTPELLIER-AEROPORT;20141222;2,9;14,4
MONTPELLIER-AEROPORT;20141223;-0,2;10,7
MONTPELLIER-AEROPORT;20141224;8,8;15
MONTPELLIER-AEROPORT;20141225;6,4;16,6
MONTPELLIER-AEROPORT;20141226;5,2;12,3
MONTPELLIER-AEROPORT;20141227;1,7;12,3
MONTPELLIER-AEROPORT;20141228;0,5;9,5
MONTPELLIER-AEROPORT;20141229;1,3;9,7
MONTPELLIER-AEROPORT;20141230;0,2;10,5
MONTPELLIER-AEROPORT;20141231;-2,2;9,4
MONTPELLIER-AEROPORT;20150101;-1,4;10
MONTPELLIER-AEROPORT;20150102;-2,1;13
MONTPELLIER-AEROPORT;20150103;3,1;19
MONTPELLIER-AEROPORT;20150104;12,3;18,7
MONTPELLIER-AEROPORT;20150105;2,1;13,8
MONTPELLIER-AEROPORT;20150106;-1,7;10,9
MONTPELLIER-AEROPORT;20150107;-0,3;12,9
MONTPELLIER-AEROPORT;20150108;-0,5;16,2
MONTPELLIER-AEROPORT;20150109;4,9;19,2
MONTPELLIER-AEROPORT;20150110;9,7;20,1
MONTPELLIER-AEROPORT;20150111;7,7;16,5
MONTPELLIER-AEROPORT;20150112;-0,7;12,5
MONTPELLIER-AEROPORT;20150113;1,4;14,8
MONTPELLIER-AEROPORT;20150114;7,7;15,8
MONTPELLIER-AEROPORT;20150115;3,9;16,6
MONTPELLIER-AEROPORT;20150116;10;14,3
MONTPELLIER-AEROPORT;20150117;6,7;11,6
MONTPELLIER-AEROPORT;20150118;-1,5;9,7
MONTPELLIER-AEROPORT;20150119;4,8;8,9
MONTPELLIER-AEROPORT;20150120;3,2;9,4
MONTPELLIER-AEROPORT;20150121;4,7;6,8
MONTPELLIER-AEROPORT;20150122;2,7;10,5
MONTPELLIER-AEROPORT;20150123;0,9;10,3
MONTPELLIER-AEROPORT;20150124;-2,6;11,3
MONTPELLIER-AEROPORT;20150125;3;10,9
MONTPELLIER-AEROPORT;20150126;1,3;10,8
MONTPELLIER-AEROPORT;20150127;7,3;12,4
MONTPELLIER-AEROPORT;20150128;1,8;12,7
MONTPELLIER-AEROPORT;20150129;6,7;12,6
MONTPELLIER-AEROPORT;20150130;5,7;10,4
MONTPELLIER-AEROPORT;20150131;1;12
MONTPELLIER-AEROPORT;20150201;3,7;9,7
MONTPELLIER-AEROPORT;20150202;3,2;10,4
MONTPELLIER-AEROPORT;20150203;-1,4;3,6
MONTPELLIER-AEROPORT;20150204;-1,5;6
MONTPELLIER-AEROPORT;20150205;2,1;6,9
MONTPELLIER-AEROPORT;20150206;-0,9;6,2
MONTPELLIER-AEROPORT;20150207;-1,5;10,7
MONTPELLIER-AEROPORT;20150208;-3,6;11,4
MONTPELLIER-AEROPORT;20150209;2,3;13,5
MONTPELLIER-AEROPORT;20150210;-1,7;12,9
MONTPELLIER-AEROPORT;20150211;-1,4;14,4
MONTPELLIER-AEROPORT;20150212;2,4;14,5
MONTPELLIER-AEROPORT;20150213;7,1;12
MONTPELLIER-AEROPORT;20150214;7,2;11,8
MONTPELLIER-AEROPORT;20150215;4;9,6
MONTPELLIER-AEROPORT;20150216;2,6;14,5
MONTPELLIER-AEROPORT;20150217;5,9;13,5
MONTPELLIER-AEROPORT;20150218;2,6;13,9
MONTPELLIER-AEROPORT;20150219;0,4;12,7
MONTPELLIER-AEROPORT;20150220;0,4;12,4
MONTPELLIER-AEROPORT;20150221;7,8;12,2
MONTPELLIER-AEROPORT;20150222;4,4;13,2
MONTPELLIER-AEROPORT;20150223;2,9;18,2
MONTPELLIER-AEROPORT;20150224;7,4;13,8
MONTPELLIER-AEROPORT;20150225;7,3;16,3
MONTPELLIER-AEROPORT;20150226;5,5;18
MONTPELLIER-AEROPORT;20150227;6,8;13,2
MONTPELLIER-AEROPORT;20150228;4,3;13,4
MONTPELLIER-AEROPORT;20150301;5,7;13,1
MONTPELLIER-AEROPORT;20150302;9;19,3
MONTPELLIER-AEROPORT;20150303;9,2;15,8
MONTPELLIER-AEROPORT;20150304;9,3;12,1
MONTPELLIER-AEROPORT;20150305;7;15,2
MONTPELLIER-AEROPORT;20150306;4,3;16,9
MONTPELLIER-AEROPORT;20150307;1,2;15,8
MONTPELLIER-AEROPORT;20150308;2,6;14,6
MONTPELLIER-AEROPORT;20150309;4,5;16,2
MONTPELLIER-AEROPORT;20150310;2,7;17,1
MONTPELLIER-AEROPORT;20150311;6,4;22,5
MONTPELLIER-AEROPORT;20150312;6;18,5
MONTPELLIER-AEROPORT;20150313;7,9;18
MONTPELLIER-AEROPORT;20150314;7,5;14,2
MONTPELLIER-AEROPORT;20150315;6,5;10
MONTPELLIER-AEROPORT;20150316;7,4;15,1
MONTPELLIER-AEROPORT;20150317;8,8;14,6
MONTPELLIER-AEROPORT;20150318;9,8;17,9
MONTPELLIER-AEROPORT;20150319;6,8;17,2
MONTPELLIER-AEROPORT;20150320;8,9;18,2
MONTPELLIER-AEROPORT;20150321;9,9;12,4
MONTPELLIER-AEROPORT;20150322;8,1;15
MONTPELLIER-AEROPORT;20150323;7,1;16,8
MONTPELLIER-AEROPORT;20150324;7,1;16,5
MONTPELLIER-AEROPORT;20150325;7,1;13,6
MONTPELLIER-AEROPORT;20150326;7,4;17,3
MONTPELLIER-AEROPORT;20150327;9,6;20,4
MONTPELLIER-AEROPORT;20150328;6,3;21,3
MONTPELLIER-AEROPORT;20150329;12,6;19,5
MONTPELLIER-AEROPORT;20150330;13,5;20,4
MONTPELLIER-AEROPORT;20150331;13,8;19,1
MONTPELLIER-AEROPORT;20150401;10,5;18,3
MONTPELLIER-AEROPORT;20150402;6,1;20
MONTPELLIER-AEROPORT;20150403;10,2;22,1
MONTPELLIER-AEROPORT;20150404;11,6;20
MONTPELLIER-AEROPORT;20150405;6;16,9
MONTPELLIER-AEROPORT;20150406;5,8;17,7
MONTPELLIER-AEROPORT;20150407;7,6;16,4
MONTPELLIER-AEROPORT;20150408;4;16,2
MONTPELLIER-AEROPORT;20150409;3,9;15,5
MONTPELLIER-AEROPORT;20150410;5,4;16,7
MONTPELLIER-AEROPORT;20150411;6;17,3
MONTPELLIER-AEROPORT;20150412;6,5;19,2
MONTPELLIER-AEROPORT;20150413;6,9;21,2
MONTPELLIER-AEROPORT;20150414;9,1;25,4
MONTPELLIER-AEROPORT;20150415;8,6;19,9
MONTPELLIER-AEROPORT;20150416;12,6;18,7
MONTPELLIER-AEROPORT;20150417;12,4;18,7
MONTPELLIER-AEROPORT;20150418;9,4;21,7
MONTPELLIER-AEROPORT;20150419;11,9;15,8
MONTPELLIER-AEROPORT;20150420;11,1;18
MONTPELLIER-AEROPORT;20150421;8,9;21,8
MONTPELLIER-AEROPORT;20150422;9,5;18,6
MONTPELLIER-AEROPORT;20150423;11,8;24,7
MONTPELLIER-AEROPORT;20150424;11,1;23,2
MONTPELLIER-AEROPORT;20150425;15,9;19,3
MONTPELLIER-AEROPORT;20150426;15,6;17,6
MONTPELLIER-AEROPORT;20150427;13,4;16,4
MONTPELLIER-AEROPORT;20150428;10,4;20
MONTPELLIER-AEROPORT;20150429;6,3;19,2
MONTPELLIER-AEROPORT;20150430;8,9;19,6
MONTPELLIER-AEROPORT;20150501;15,3;18,9
MONTPELLIER-AEROPORT;20150502;15,2;22,3
MONTPELLIER-AEROPORT;20150503;15,3;19,8
MONTPELLIER-AEROPORT;20150504;15;22,2
MONTPELLIER-AEROPORT;20150505;16;22,1
MONTPELLIER-AEROPORT;20150506;14,1;27,2
MONTPELLIER-AEROPORT;20150507;10,6;21,7
MONTPELLIER-AEROPORT;20150508;10,2;22,7
MONTPELLIER-AEROPORT;20150509;16;28,4
MONTPELLIER-AEROPORT;20150510;12,9;28,6
MONTPELLIER-AEROPORT;20150511;12,2;22,9
MONTPELLIER-AEROPORT;20150512;14,2;20,2
MONTPELLIER-AEROPORT;20150513;12,4;20,6
MONTPELLIER-AEROPORT;20150514;16;28,7
MONTPELLIER-AEROPORT;20150515;11,8;21,8
MONTPELLIER-AEROPORT;20150516;14,6;26,6
MONTPELLIER-AEROPORT;20150517;14,9;27,9
MONTPELLIER-AEROPORT;20150518;12,8;23,3
MONTPELLIER-AEROPORT;20150519;14,3;22,5
MONTPELLIER-AEROPORT;20150520;11,9;21,6
MONTPELLIER-AEROPORT;20150521;10,4;22,5
MONTPELLIER-AEROPORT;20150522;11,6;25,1
MONTPELLIER-AEROPORT;20150523;15,4;24,3
MONTPELLIER-AEROPORT;20150524;16,5;26,3
MONTPELLIER-AEROPORT;20150525;15,6;27,8
MONTPELLIER-AEROPORT;20150526;16,8;25,4
MONTPELLIER-AEROPORT;20150527;11,5;27,6
MONTPELLIER-AEROPORT;20150528;10,8;25,1
MONTPELLIER-AEROPORT;20150529;13;20
MONTPELLIER-AEROPORT;20150530;15,1;28,9
MONTPELLIER-AEROPORT;20150531;14,9;24,4
MONTPELLIER-AEROPORT;20150601;13;23,9
MONTPELLIER-AEROPORT;20150602;15,1;25,1
MONTPELLIER-AEROPORT;20150603;16,5;25,6
MONTPELLIER-AEROPORT;20150604;17,3;27,3
MONTPELLIER-AEROPORT;20150605;15,8;27,7
MONTPELLIER-AEROPORT;20150606;15,9;32,3
MONTPELLIER-AEROPORT;20150607;20,9;31,7
MONTPELLIER-AEROPORT;20150608;19,7;31,2
MONTPELLIER-AEROPORT;20150609;20,2;29,2
MONTPELLIER-AEROPORT;20150610;18;25,7
MONTPELLIER-AEROPORT;20150611;18,5;27,5
MONTPELLIER-AEROPORT;20150612;16,4;24,1
MONTPELLIER-AEROPORT;20150613;14,1;26
MONTPELLIER-AEROPORT;20150614;18;26,7
MONTPELLIER-AEROPORT;20150615;17,4;30,3
MONTPELLIER-AEROPORT;20150616;17,2;27,2
MONTPELLIER-AEROPORT;20150617;18,6;29,5
MONTPELLIER-AEROPORT;20150618;17,3;31,9
MONTPELLIER-AEROPORT;20150619;21,7;30,5
MONTPELLIER-AEROPORT;20150620;19,3;31,2
MONTPELLIER-AEROPORT;20150621;18,6;29,7
MONTPELLIER-AEROPORT;20150622;17,8;27,4
MONTPELLIER-AEROPORT;20150623;19,3;29,8
MONTPELLIER-AEROPORT;20150624;15,3;29,3
MONTPELLIER-AEROPORT;20150625;15,9;26
MONTPELLIER-AEROPORT;20150626;18;31,8
MONTPELLIER-AEROPORT;20150627;19,4;34,5
MONTPELLIER-AEROPORT;20150628;21,9;31,8
MONTPELLIER-AEROPORT;20150629;21,4;34,3
MONTPELLIER-AEROPORT;20150630;19;26,6
MONTPELLIER-AEROPORT;20150701;19,1;26,3
MONTPELLIER-AEROPORT;20150702;19,1;29
MONTPELLIER-AEROPORT;20150703;20,2;30,4
MONTPELLIER-AEROPORT;20150704;20,4;30,9
MONTPELLIER-AEROPORT;20150705;20,5;29,5
MONTPELLIER-AEROPORT;20150706;23,1;31,6
MONTPELLIER-AEROPORT;20150707;22,4;29,7
MONTPELLIER-AEROPORT;20150708;22,7;32,8
MONTPELLIER-AEROPORT;20150709;18;34,1
MONTPELLIER-AEROPORT;20150710;19,5;31,5
MONTPELLIER-AEROPORT;20150711;20,4;35,1
MONTPELLIER-AEROPORT;20150712;24,2;36,2
MONTPELLIER-AEROPORT;20150713;23;35,1
MONTPELLIER-AEROPORT;20150714;21,7;34
MONTPELLIER-AEROPORT;20150715;23,4;33,7
MONTPELLIER-AEROPORT;20150716;21,4;27,1
MONTPELLIER-AEROPORT;20150717;20,8;28,5
MONTPELLIER-AEROPORT;20150718;22,4;30,6
MONTPELLIER-AEROPORT;20150719;21,3;35,2
MONTPELLIER-AEROPORT;20150720;23,6;33
MONTPELLIER-AEROPORT;20150721;25,7;33,6
MONTPELLIER-AEROPORT;20150722;22,6;34,3
MONTPELLIER-AEROPORT;20150723;24;36,5
MONTPELLIER-AEROPORT;20150724;23,9;31,3
MONTPELLIER-AEROPORT;20150725;22,4;31,4
MONTPELLIER-AEROPORT;20150726;18,7;27
MONTPELLIER-AEROPORT;20150727;22,8;31,6
MONTPELLIER-AEROPORT;20150728;21,2;32,6
MONTPELLIER-AEROPORT;20150729;20;31,9
MONTPELLIER-AEROPORT;20150730;19,4;24,4
MONTPELLIER-AEROPORT;20150731;14,3;30
MONTPELLIER-AEROPORT;20150801;17,4;30,8
MONTPELLIER-AEROPORT;20150802;18,7;28,4
MONTPELLIER-AEROPORT;20150803;16,8;27,4
MONTPELLIER-AEROPORT;20150804;22,2;32,6
MONTPELLIER-AEROPORT;20150805;22,2;30,1
MONTPELLIER-AEROPORT;20150806;20,2;30,9
MONTPELLIER-AEROPORT;20150807;20;30,8
MONTPELLIER-AEROPORT;20150808;21,4;35,9
MONTPELLIER-AEROPORT;20150809;18,3;29,8
MONTPELLIER-AEROPORT;20150810;20,9;31,4
MONTPELLIER-AEROPORT;20150811;19;29,7
MONTPELLIER-AEROPORT;20150812;18,8;31,1
MONTPELLIER-AEROPORT;20150813;18,6;25,5
MONTPELLIER-AEROPORT;20150814;16,7;27
MONTPELLIER-AEROPORT;20150815;18;28,5
MONTPELLIER-AEROPORT;20150816;15,6;26,3
MONTPELLIER-AEROPORT;20150817;16,2;30,3
MONTPELLIER-AEROPORT;20150818;16,8;25,8
MONTPELLIER-AEROPORT;20150819;16;31,1
MONTPELLIER-AEROPORT;20150820;18;29,7
MONTPELLIER-AEROPORT;20150821;17,8;31,4
MONTPELLIER-AEROPORT;20150822;17,4;26,3
MONTPELLIER-AEROPORT;20150823;18,1;24,1
MONTPELLIER-AEROPORT;20150824;18,9;27,3
MONTPELLIER-AEROPORT;20150825;15;24,3
MONTPELLIER-AEROPORT;20150826;14,9;24,8
MONTPELLIER-AEROPORT;20150827;17,9;25,4
MONTPELLIER-AEROPORT;20150828;19,4;26
MONTPELLIER-AEROPORT;20150829;19,7;27,1
MONTPELLIER-AEROPORT;20150830;17,2;27,1
MONTPELLIER-AEROPORT;20150831;18,3;27,3
MONTPELLIER-AEROPORT;20150901;18,8;28,9
MONTPELLIER-AEROPORT;20150902;15,9;25,7
MONTPELLIER-AEROPORT;20150903;17,9;25,1
MONTPELLIER-AEROPORT;20150904;15,2;24,4
MONTPELLIER-AEROPORT;20150905;13,5;25,1
MONTPELLIER-AEROPORT;20150906;13,4;26,3
MONTPELLIER-AEROPORT;20150907;12,1;26,6
MONTPELLIER-AEROPORT;20150908;12,9;25,3
MONTPELLIER-AEROPORT;20150909;12,7;25,6
MONTPELLIER-AEROPORT;20150910;12,6;23
MONTPELLIER-AEROPORT;20150911;16,5;23,5
MONTPELLIER-AEROPORT;20150912;20,6;23,2
MONTPELLIER-AEROPORT;20150913;17;23,1
MONTPELLIER-AEROPORT;20150914;16;24,7
MONTPELLIER-AEROPORT;20150915;15;22,3
MONTPELLIER-AEROPORT;20150916;21,2;24,1
MONTPELLIER-AEROPORT;20150917;19,1;24,9
MONTPELLIER-AEROPORT;20150918;15,3;25
MONTPELLIER-AEROPORT;20150919;13,1;24,1
MONTPELLIER-AEROPORT;20150920;14,2;25,8
MONTPELLIER-AEROPORT;20150921;11,3;24,1
MONTPELLIER-AEROPORT;20150922;16,2;22,5
MONTPELLIER-AEROPORT;20150923;13,2;22,6
MONTPELLIER-AEROPORT;20150924;13,2;25,5
MONTPELLIER-AEROPORT;20150925;11,7;25,8
MONTPELLIER-AEROPORT;20150926;11,7;25,4
MONTPELLIER-AEROPORT;20150927;11,2;25,3
MONTPELLIER-AEROPORT;20150928;13,5;24
MONTPELLIER-AEROPORT;20150929;13,4;20,1
MONTPELLIER-AEROPORT;20150930;13,4;23
MONTPELLIER-AEROPORT;20151001;9,4;20,5
MONTPELLIER-AEROPORT;20151002;11,9;21,8
MONTPELLIER-AEROPORT;20151003;12,8;20,6
MONTPELLIER-AEROPORT;20151004;8,1;19,4
MONTPELLIER-AEROPORT;20151005;14,8;21,1
MONTPELLIER-AEROPORT;20151006;18,1;24
MONTPELLIER-AEROPORT;20151007;15;22,8
MONTPELLIER-AEROPORT;20151008;12,5;22,7
MONTPELLIER-AEROPORT;20151009;9,9;23,4
MONTPELLIER-AEROPORT;20151010;10,6;24
MONTPELLIER-AEROPORT;20151011;11,3;20,9
MONTPELLIER-AEROPORT;20151012;13,6;17,4
MONTPELLIER-AEROPORT;20151013;14,2;20
MONTPELLIER-AEROPORT;20151014;6,5;18
MONTPELLIER-AEROPORT;20151015;5,4;14,8
MONTPELLIER-AEROPORT;20151016;2,9;14,8
MONTPELLIER-AEROPORT;20151017;3,5;15,7
MONTPELLIER-AEROPORT;20151018;11,1;14,2
MONTPELLIER-AEROPORT;20151019;12,4;20
MONTPELLIER-AEROPORT;20151020;7,2;17,7
MONTPELLIER-AEROPORT;20151021;6,4;18,9
MONTPELLIER-AEROPORT;20151022;6,6;19,9
MONTPELLIER-AEROPORT;20151023;8,7;21,4
MONTPELLIER-AEROPORT;20151024;9,4;20
MONTPELLIER-AEROPORT;20151025;10,7;22,4
MONTPELLIER-AEROPORT;20151026;10,8;19,8
MONTPELLIER-AEROPORT;20151027;14,7;18,1
MONTPELLIER-AEROPORT;20151028;13,7;20
MONTPELLIER-AEROPORT;20151029;7,9;20,5
MONTPELLIER-AEROPORT;20151030;8,5;20,6
MONTPELLIER-AEROPORT;20151031;8,8;21,1
MONTPELLIER-AEROPORT;20151101;8,3;22,4
MONTPELLIER-AEROPORT;20151102;8,3;18,8
MONTPELLIER-AEROPORT;20151103;14,9;18,9
MONTPELLIER-AEROPORT;20151104;14,4;18,7
MONTPELLIER-AEROPORT;20151105;12,8;18,9
MONTPELLIER-AEROPORT;20151106;9,3;19,5
MONTPELLIER-AEROPORT;20151107;10,3;18,2
MONTPELLIER-AEROPORT;20151108;9,8;15,5
MONTPELLIER-AEROPORT;20151109;14;20,6
MONTPELLIER-AEROPORT;20151110;9,8;21,7
MONTPELLIER-AEROPORT;20151111;7,3;19,5
MONTPELLIER-AEROPORT;20151112;7,8;18,8
MONTPELLIER-AEROPORT;20151113;11,8;18
MONTPELLIER-AEROPORT;20151114;10,8;21,5
MONTPELLIER-AEROPORT;20151115;6,8;25,3
MONTPELLIER-AEROPORT;20151116;7,1;19,5
MONTPELLIER-AEROPORT;20151117;6;20,5
MONTPELLIER-AEROPORT;20151118;12,1;23,1
MONTPELLIER-AEROPORT;20151119;9,5;21,2
MONTPELLIER-AEROPORT;20151120;16,1;19,7
MONTPELLIER-AEROPORT;20151121;8;14,3
MONTPELLIER-AEROPORT;20151122;4,3;11,5
MONTPELLIER-AEROPORT;20151123;1,3;11
MONTPELLIER-AEROPORT;20151124;-1,4;10,8
MONTPELLIER-AEROPORT;20151125;4,9;13,5
MONTPELLIER-AEROPORT;20151126;7,6;12,5
MONTPELLIER-AEROPORT;20151127;-0,3;12,7
MONTPELLIER-AEROPORT;20151128;0,5;15
MONTPELLIER-AEROPORT;20151129;1,9;15,6
MONTPELLIER-AEROPORT;20151130;4;18,3
MONTPELLIER-AEROPORT;20151201;4,4;17,5
MONTPELLIER-AEROPORT;20151202;0,4;14
MONTPELLIER-AEROPORT;20151203;4,9;13,3
MONTPELLIER-AEROPORT;20151204;6,6;15
MONTPELLIER-AEROPORT;20151205;8;13,7
MONTPELLIER-AEROPORT;20151206;9,8;16
MONTPELLIER-AEROPORT;20151207;10,4;16,3
MONTPELLIER-AEROPORT;20151208;10,7;14,3
MONTPELLIER-AEROPORT;20151209;8,6;16,3
MONTPELLIER-AEROPORT;20151210;2,3;15,1
MONTPELLIER-AEROPORT;20151211;6,2;13,8
MONTPELLIER-AEROPORT;20151212;1;13,5
MONTPELLIER-AEROPORT;20151213;6,7;14,4
MONTPELLIER-AEROPORT;20151214;8;16,8
MONTPELLIER-AEROPORT;20151215;9,7;12,8
MONTPELLIER-AEROPORT;20151216;5,7;18,3
MONTPELLIER-AEROPORT;20151217;8,3;12,6
MONTPELLIER-AEROPORT;20151218;10,8;15,3
MONTPELLIER-AEROPORT;20151219;7,8;12,7
MONTPELLIER-AEROPORT;20151220;11,6;14,6
MONTPELLIER-AEROPORT;20151221;11,5;14,6
MONTPELLIER-AEROPORT;20151222;9,5;15
MONTPELLIER-AEROPORT;20151223;10,8;16,4
MONTPELLIER-AEROPORT;20151224;10,9;16,6
MONTPELLIER-AEROPORT;20151225;12,4;15,7
MONTPELLIER-AEROPORT;20151226;9,6;14,7
MONTPELLIER-AEROPORT;20151227;11;14,4
MONTPELLIER-AEROPORT;20151228;12,8;14,4
MONTPELLIER-AEROPORT;20151229;11,3;15,3
MONTPELLIER-AEROPORT;20151230;5,9;14,1
MONTPELLIER-AEROPORT;20151231;8,7;11,4
MONTPELLIER-AEROPORT;20160101;9,7;13,6
MONTPELLIER-AEROPORT;20160102;10;14,1
MONTPELLIER-AEROPORT;20160103;6,7;12,5
MONTPELLIER-AEROPORT;20160104;7,3;13,5
MONTPELLIER-AEROPORT;20160105;7,5;11,6
MONTPELLIER-AEROPORT;20160106;5,3;12,9
MONTPELLIER-AEROPORT;20160107;7,1;16,7
MONTPELLIER-AEROPORT;20160108;6,6;13,8
MONTPELLIER-AEROPORT;20160109;8,2;14
MONTPELLIER-AEROPORT;20160110;8,5;15
MONTPELLIER-AEROPORT;20160111;6,9;15,6
MONTPELLIER-AEROPORT;20160112;7,6;12,7
MONTPELLIER-AEROPORT;20160113;4,8;11,6
MONTPELLIER-AEROPORT;20160114;3,6;9,6
MONTPELLIER-AEROPORT;20160115;1,9;10,6
MONTPELLIER-AEROPORT;20160116;1,9;9,5
MONTPELLIER-AEROPORT;20160117;1,5;9,9
MONTPELLIER-AEROPORT;20160118;-0,2;5
MONTPELLIER-AEROPORT;20160119;2,3;9,4
MONTPELLIER-AEROPORT;20160120;4,9;11,3
MONTPELLIER-AEROPORT;20160121;0,3;11,5
MONTPELLIER-AEROPORT;20160122;-0,9;9,5
MONTPELLIER-AEROPORT;20160123;4,7;15,4
MONTPELLIER-AEROPORT;20160124;2,7;11,9
MONTPELLIER-AEROPORT;20160125;8,5;10,6
MONTPELLIER-AEROPORT;20160126;9,9;12,5
MONTPELLIER-AEROPORT;20160127;10,8;13,1
MONTPELLIER-AEROPORT;20160128;11;15,4
MONTPELLIER-AEROPORT;20160129;7,3;17,5
MONTPELLIER-AEROPORT;20160130;4,2;13,7
MONTPELLIER-AEROPORT;20160131;9,7;17,3
MONTPELLIER-AEROPORT;20160201;14,5;20
MONTPELLIER-AEROPORT;20160202;7,1;15,8
MONTPELLIER-AEROPORT;20160203;10,1;15,6
MONTPELLIER-AEROPORT;20160204;4;13,1
MONTPELLIER-AEROPORT;20160205;1,7;19,6
MONTPELLIER-AEROPORT;20160206;6,9;14,8
MONTPELLIER-AEROPORT;20160207;9,3;14,6
MONTPELLIER-AEROPORT;20160208;5,7;17,1
MONTPELLIER-AEROPORT;20160209;5,4;13,8
MONTPELLIER-AEROPORT;20160210;4,7;11,5
MONTPELLIER-AEROPORT;20160211;5,1;11,5
MONTPELLIER-AEROPORT;20160212;5,4;12,2
MONTPELLIER-AEROPORT;20160213;7;18,9
MONTPELLIER-AEROPORT;20160214;8,6;15,3
MONTPELLIER-AEROPORT;20160215;5,9;13
MONTPELLIER-AEROPORT;20160216;3,9;12,5
MONTPELLIER-AEROPORT;20160217;-0,9;9,6
MONTPELLIER-AEROPORT;20160218;2;11,9
MONTPELLIER-AEROPORT;20160219;4,4;13,9
MONTPELLIER-AEROPORT;20160220;1,7;16,7
MONTPELLIER-AEROPORT;20160221;4,6;17,9
MONTPELLIER-AEROPORT;20160222;9,1;15
MONTPELLIER-AEROPORT;20160223;9,2;17,6
MONTPELLIER-AEROPORT;20160224;6,1;16
MONTPELLIER-AEROPORT;20160225;4,7;17,5
MONTPELLIER-AEROPORT;20160226;1,1;11
MONTPELLIER-AEROPORT;20160227;6,7;9,7
MONTPELLIER-AEROPORT;20160228;6,4;14,1
MONTPELLIER-AEROPORT;20160229;6,7;13
MONTPELLIER-AEROPORT;20160301;5,1;15,4
MONTPELLIER-AEROPORT;20160302;9,8;18
MONTPELLIER-AEROPORT;20160303;8,1;14,3
MONTPELLIER-AEROPORT;20160304;5;14,8
MONTPELLIER-AEROPORT;20160305;7,9;13,7
MONTPELLIER-AEROPORT;20160306;3,4;12,5
MONTPELLIER-AEROPORT;20160307;1,9;13,2
MONTPELLIER-AEROPORT;20160308;2,9;12
MONTPELLIER-AEROPORT;20160309;0,5;8
MONTPELLIER-AEROPORT;20160310;1,3;16,1
MONTPELLIER-AEROPORT;20160311;3,6;16
MONTPELLIER-AEROPORT;20160312;3,8;14,8
MONTPELLIER-AEROPORT;20160313;3,1;15,5
MONTPELLIER-AEROPORT;20160314;6,7;16,5
MONTPELLIER-AEROPORT;20160315;8,8;15,8
MONTPELLIER-AEROPORT;20160316;5,3;10,6
MONTPELLIER-AEROPORT;20160317;3,6;10,4
MONTPELLIER-AEROPORT;20160318;6,3;16,4
MONTPELLIER-AEROPORT;20160319;2,3;13,9
MONTPELLIER-AEROPORT;20160320;9,1;14,7
MONTPELLIER-AEROPORT;20160321;6,2;18,3
MONTPELLIER-AEROPORT;20160322;5,2;19,7
MONTPELLIER-AEROPORT;20160323;4,5;18,9
MONTPELLIER-AEROPORT;20160324;7,5;19,4
MONTPELLIER-AEROPORT;20160325;7,6;17,4
MONTPELLIER-AEROPORT;20160326;6,1;19,2
MONTPELLIER-AEROPORT;20160327;10,4;14,4
MONTPELLIER-AEROPORT;20160328;5,5;15,3
MONTPELLIER-AEROPORT;20160329;5,9;18,4
MONTPELLIER-AEROPORT;20160330;10,3;16,1
MONTPELLIER-AEROPORT;20160331;9,2;19,8
MONTPELLIER-AEROPORT;20160401;9,2;13,2
MONTPELLIER-AEROPORT;20160402;9,1;15,3
MONTPELLIER-AEROPORT;20160403;12,8;15,5
MONTPELLIER-AEROPORT;20160404;12,8;14,9
MONTPELLIER-AEROPORT;20160405;12,8;15,9
MONTPELLIER-AEROPORT;20160406;11,4;23,3
MONTPELLIER-AEROPORT;20160407;11,1;19,1
MONTPELLIER-AEROPORT;20160408;7,6;17,4
MONTPELLIER-AEROPORT;20160409;9,9;20,4
MONTPELLIER-AEROPORT;20160410;5,5;17,3
MONTPELLIER-AEROPORT;20160411;13,3;15,6
MONTPELLIER-AEROPORT;20160412;11,5;17
MONTPELLIER-AEROPORT;20160413;11,6;18,9
MONTPELLIER-AEROPORT;20160414;7,4;18,9
MONTPELLIER-AEROPORT;20160415;10,6;18
MONTPELLIER-AEROPORT;20160416;14,9;18,7
MONTPELLIER-AEROPORT;20160417;14,5;21,4
MONTPELLIER-AEROPORT;20160418;7,3;20
MONTPELLIER-AEROPORT;20160419;6,2;22,5
MONTPELLIER-AEROPORT;20160420;9;20,9
MONTPELLIER-AEROPORT;20160421;12,1;17,7
MONTPELLIER-AEROPORT;20160422;10,7;19,1
MONTPELLIER-AEROPORT;20160423;14,3;22,3
MONTPELLIER-AEROPORT;20160424;9,9;17,9
MONTPELLIER-AEROPORT;20160425;8;18,8
MONTPELLIER-AEROPORT;20160426;7,9;19,1
MONTPELLIER-AEROPORT;20160427;9,6;19,8
MONTPELLIER-AEROPORT;20160428;8;18,1
MONTPELLIER-AEROPORT;20160429;6,4;18
MONTPELLIER-AEROPORT;20160430;8,3;17,7
MONTPELLIER-AEROPORT;20160501;9,2;15,9
MONTPELLIER-AEROPORT;20160502;9,3;24,1
MONTPELLIER-AEROPORT;20160503;12,2;24,4
MONTPELLIER-AEROPORT;20160504;11,8;24,8
MONTPELLIER-AEROPORT;20160505;7,3;20,6
MONTPELLIER-AEROPORT;20160506;9,6;19,8
MONTPELLIER-AEROPORT;20160507;11,9;20,2
MONTPELLIER-AEROPORT;20160508;11,1;18
MONTPELLIER-AEROPORT;20160509;14,3;17,2
MONTPELLIER-AEROPORT;20160510;14,6;17,3
MONTPELLIER-AEROPORT;20160511;14,1;18,7
MONTPELLIER-AEROPORT;20160512;11,3;19,9
MONTPELLIER-AEROPORT;20160513;13,3;20,1
MONTPELLIER-AEROPORT;20160514;15,5;26,7
MONTPELLIER-AEROPORT;20160515;12,3;23,7
MONTPELLIER-AEROPORT;20160516;8,1;23,8
MONTPELLIER-AEROPORT;20160517;11,8;23,6
MONTPELLIER-AEROPORT;20160518;10,7;20,4
MONTPELLIER-AEROPORT;20160519;13,8;21,9
MONTPELLIER-AEROPORT;20160520;11,8;24,6
MONTPELLIER-AEROPORT;20160521;12,3;22,7
MONTPELLIER-AEROPORT;20160522;12,2;19,3
MONTPELLIER-AEROPORT;20160523;10,4;21,6
MONTPELLIER-AEROPORT;20160524;9;21,5
MONTPELLIER-AEROPORT;20160525;12,5;20
MONTPELLIER-AEROPORT;20160526;13,4;21,6
MONTPELLIER-AEROPORT;20160527;12,7;25,1
MONTPELLIER-AEROPORT;20160528;17,3;21,1
MONTPELLIER-AEROPORT;20160529;14,1;24
MONTPELLIER-AEROPORT;20160530;14,3;25,4
MONTPELLIER-AEROPORT;20160531;13,7;23,1
MONTPELLIER-AEROPORT;20160601;14,2;21,7
MONTPELLIER-AEROPORT;20160602;15,6;25,7
MONTPELLIER-AEROPORT;20160603;17,7;22,9
MONTPELLIER-AEROPORT;20160604;15,5;24,1
MONTPELLIER-AEROPORT;20160605;14,9;25,9
MONTPELLIER-AEROPORT;20160606;15,5;25,7
MONTPELLIER-AEROPORT;20160607;17,9;29,5
MONTPELLIER-AEROPORT;20160608;19,1;29,1
MONTPELLIER-AEROPORT;20160609;17,6;31
MONTPELLIER-AEROPORT;20160610;16,9;24,9
MONTPELLIER-AEROPORT;20160611;18,1;27,6
MONTPELLIER-AEROPORT;20160612;18,6;28,3
MONTPELLIER-AEROPORT;20160613;19,6;27,8
MONTPELLIER-AEROPORT;20160614;16,6;26
MONTPELLIER-AEROPORT;20160615;16,2;22,5
MONTPELLIER-AEROPORT;20160616;15;25,7
MONTPELLIER-AEROPORT;20160617;13,5;22,7
MONTPELLIER-AEROPORT;20160618;14,6;24,2
MONTPELLIER-AEROPORT;20160619;16,4;26,7
MONTPELLIER-AEROPORT;20160620;15,9;28,2
MONTPELLIER-AEROPORT;20160621;18,7;27,8
MONTPELLIER-AEROPORT;20160622;16,7;26,1
MONTPELLIER-AEROPORT;20160623;15,4;27
MONTPELLIER-AEROPORT;20160624;16,8;29,9
MONTPELLIER-AEROPORT;20160625;22,2;32,7
MONTPELLIER-AEROPORT;20160626;19,4;30,9
MONTPELLIER-AEROPORT;20160627;17,4;31,8
MONTPELLIER-AEROPORT;20160628;18,3;27,6
MONTPELLIER-AEROPORT;20160629;18;27,6
MONTPELLIER-AEROPORT;20160630;19,2;27,9
MONTPELLIER-AEROPORT;20160701;19,6;28,7
MONTPELLIER-AEROPORT;20160702;19,3;30,4
MONTPELLIER-AEROPORT;20160703;17,7;31,9
MONTPELLIER-AEROPORT;20160704;19,2;31,4
MONTPELLIER-AEROPORT;20160705;20,5;32,6
MONTPELLIER-AEROPORT;20160706;20,2;31,3
MONTPELLIER-AEROPORT;20160707;18,7;31,9
MONTPELLIER-AEROPORT;20160708;20,9;29,6
MONTPELLIER-AEROPORT;20160709;22,7;33,6
MONTPELLIER-AEROPORT;20160710;20,5;28,4
MONTPELLIER-AEROPORT;20160711;21,6;28,8
MONTPELLIER-AEROPORT;20160712;22;29,3
MONTPELLIER-AEROPORT;20160713;17,5;26,5
MONTPELLIER-AEROPORT;20160714;15,7;26
MONTPELLIER-AEROPORT;20160715;15,9;29
MONTPELLIER-AEROPORT;20160716;15,7;31,2
MONTPELLIER-AEROPORT;20160717;17;27,8
MONTPELLIER-AEROPORT;20160718;15,8;24,6
MONTPELLIER-AEROPORT;20160719;15,3;25,1
MONTPELLIER-AEROPORT;20160720;16,6;26,4
MONTPELLIER-AEROPORT;20160721;21,2;29,1
MONTPELLIER-AEROPORT;20160722;20;28,4
MONTPELLIER-AEROPORT;20160723;20,4;30,1
MONTPELLIER-AEROPORT;20160724;19,5;32,1
MONTPELLIER-AEROPORT;20160725;20,4;33
MONTPELLIER-AEROPORT;20160726;23,2;34,9
MONTPELLIER-AEROPORT;20160727;21,7;33,7
MONTPELLIER-AEROPORT;20160728;20,8;34,2
MONTPELLIER-AEROPORT;20160729;21,7;30,5
MONTPELLIER-AEROPORT;20160730;21,6;27,2
MONTPELLIER-AEROPORT;20160731;21,3;31,7
MONTPELLIER-AEROPORT;20160801;20,3;32,3
MONTPELLIER-AEROPORT;20160802;20,4;30,5
MONTPELLIER-AEROPORT;20160803;21,7;30,8
MONTPELLIER-AEROPORT;20160804;19,9;26,5
MONTPELLIER-AEROPORT;20160805;19,5;30,4
MONTPELLIER-AEROPORT;20160806;18,2;31,2
MONTPELLIER-AEROPORT;20160807;19,4;33,6
MONTPELLIER-AEROPORT;20160808;17,9;31,5
MONTPELLIER-AEROPORT;20160809;21,3;32,1
MONTPELLIER-AEROPORT;20160810;17,9;29,7
MONTPELLIER-AEROPORT;20160811;16,8;28,5
MONTPELLIER-AEROPORT;20160812;16,6;29,8
MONTPELLIER-AEROPORT;20160813;16,3;27,1
MONTPELLIER-AEROPORT;20160814;15,1;26,6
MONTPELLIER-AEROPORT;20160815;15,2;26
MONTPELLIER-AEROPORT;20160816;21;25,6
MONTPELLIER-AEROPORT;20160817;20,1;28,5
MONTPELLIER-AEROPORT;20160818;20,8;31,9
MONTPELLIER-AEROPORT;20160819;19,6;28
MONTPELLIER-AEROPORT;20160820;22,3;27,2
MONTPELLIER-AEROPORT;20160821;17,9;29,9
MONTPELLIER-AEROPORT;20160822;17;32,4
MONTPELLIER-AEROPORT;20160823;18,4;29,5
MONTPELLIER-AEROPORT;20160824;16,4;29,5
MONTPELLIER-AEROPORT;20160825;16,5;31,6
MONTPELLIER-AEROPORT;20160826;18,1;31,1
MONTPELLIER-AEROPORT;20160827;17,5;28,4
MONTPELLIER-AEROPORT;20160828;18,4;27,7
MONTPELLIER-AEROPORT;20160829;21,3;33,2
MONTPELLIER-AEROPORT;20160830;18,3;30,8
MONTPELLIER-AEROPORT;20160831;19,7;28,8
MONTPELLIER-AEROPORT;20160901;19,5;31,9
MONTPELLIER-AEROPORT;20160902;20,2;30,6
MONTPELLIER-AEROPORT;20160903;17,8;30,6
MONTPELLIER-AEROPORT;20160904;17,2;29,9
MONTPELLIER-AEROPORT;20160905;20,5;35,2
MONTPELLIER-AEROPORT;20160906;22,6;34,5
MONTPELLIER-AEROPORT;20160907;20,5;26,8
MONTPELLIER-AEROPORT;20160908;15,7;31,9
MONTPELLIER-AEROPORT;20160909;19,2;31,6
MONTPELLIER-AEROPORT;20160910;19,9;31,2
MONTPELLIER-AEROPORT;20160911;19,5;31
MONTPELLIER-AEROPORT;20160912;18,7;27,3
MONTPELLIER-AEROPORT;20160913;19,8;27,7
MONTPELLIER-AEROPORT;20160914;19,2;23,5
MONTPELLIER-AEROPORT;20160915;14;23
MONTPELLIER-AEROPORT;20160916;16,6;24,1
MONTPELLIER-AEROPORT;20160917;17,2;24,5
MONTPELLIER-AEROPORT;20160918;16,3;25,3
MONTPELLIER-AEROPORT;20160919;18,4;27,5
MONTPELLIER-AEROPORT;20160920;15,7;26,4
MONTPELLIER-AEROPORT;20160921;10,9;24,1
MONTPELLIER-AEROPORT;20160922;11,6;24,4
MONTPELLIER-AEROPORT;20160923;13,6;24,2
MONTPELLIER-AEROPORT;20160924;14,3;23,3
MONTPELLIER-AEROPORT;20160925;14,3;24,2
MONTPELLIER-AEROPORT;20160926;14,2;26,3
MONTPELLIER-AEROPORT;20160927;13,8;25,9
MONTPELLIER-AEROPORT;20160928;12,9;25,9
MONTPELLIER-AEROPORT;20160929;12,3;23,7
MONTPELLIER-AEROPORT;20160930;16,4;24,7
MONTPELLIER-AEROPORT;20161001;19,5;22,9
MONTPELLIER-AEROPORT;20161002;15,4;22,8
MONTPELLIER-AEROPORT;20161003;11,7;25,2
MONTPELLIER-AEROPORT;20161004;11;24,8
MONTPELLIER-AEROPORT;20161005;9,3;25,9
MONTPELLIER-AEROPORT;20161006;11,9;17,1
MONTPELLIER-AEROPORT;20161007;8,5;20,1
MONTPELLIER-AEROPORT;20161008;11;22,6
MONTPELLIER-AEROPORT;20161009;9,4;22,3
MONTPELLIER-AEROPORT;20161010;6,1;19,8
MONTPELLIER-AEROPORT;20161011;10,1;18,8
MONTPELLIER-AEROPORT;20161012;7;18,5
MONTPELLIER-AEROPORT;20161013;12,2;16,4
MONTPELLIER-AEROPORT;20161014;13;20,1
MONTPELLIER-AEROPORT;20161015;8,9;19,6
MONTPELLIER-AEROPORT;20161016;12;20,9
MONTPELLIER-AEROPORT;20161017;16,4;20,2
MONTPELLIER-AEROPORT;20161018;11,1;24
MONTPELLIER-AEROPORT;20161019;10;21,3
MONTPELLIER-AEROPORT;20161020;6,9;18,9
MONTPELLIER-AEROPORT;20161021;6,1;19,7
MONTPELLIER-AEROPORT;20161022;5,2;14,9
MONTPELLIER-AEROPORT;20161023;12;18,5
MONTPELLIER-AEROPORT;20161024;17,7;20,9
MONTPELLIER-AEROPORT;20161025;18,3;22
MONTPELLIER-AEROPORT;20161026;14,4;20,1
MONTPELLIER-AEROPORT;20161027;8,8;22
MONTPELLIER-AEROPORT;20161028;11,2;21,5
MONTPELLIER-AEROPORT;20161029;7,5;21,4
MONTPELLIER-AEROPORT;20161030;7,8;21,3
MONTPELLIER-AEROPORT;20161031;7,4;19,7
MONTPELLIER-AEROPORT;20161101;13,4;18,9
MONTPELLIER-AEROPORT;20161102;9,6;21,7
MONTPELLIER-AEROPORT;20161103;8,2;19,8
MONTPELLIER-AEROPORT;20161104;6,2;15,8
MONTPELLIER-AEROPORT;20161105;12,6;17,6
MONTPELLIER-AEROPORT;20161106;10,2;14,8
MONTPELLIER-AEROPORT;20161107;4,5;13
MONTPELLIER-AEROPORT;20161108;5,6;13
MONTPELLIER-AEROPORT;20161109;3,7;14,1
MONTPELLIER-AEROPORT;20161110;7,2;16,4
MONTPELLIER-AEROPORT;20161111;10,6;17
MONTPELLIER-AEROPORT;20161112;3,3;16,2
MONTPELLIER-AEROPORT;20161113;5,5;14,1
MONTPELLIER-AEROPORT;20161114;8,4;15,7
MONTPELLIER-AEROPORT;20161115;4,5;14,3
MONTPELLIER-AEROPORT;20161116;2;14,5
MONTPELLIER-AEROPORT;20161117;4,3;15,4
MONTPELLIER-AEROPORT;20161118;8;15,2
MONTPELLIER-AEROPORT;20161119;9,1;15,3
MONTPELLIER-AEROPORT;20161120;8,9;17,7
MONTPELLIER-AEROPORT;20161121;15,9;17,2
MONTPELLIER-AEROPORT;20161122;15,2;17,6
MONTPELLIER-AEROPORT;20161123;16,7;19,2
MONTPELLIER-AEROPORT;20161124;11,9;17,5
MONTPELLIER-AEROPORT;20161125;10,6;17
MONTPELLIER-AEROPORT;20161126;7,3;15,1
MONTPELLIER-AEROPORT;20161127;7,1;16,4
MONTPELLIER-AEROPORT;20161128;6,5;14,2
MONTPELLIER-AEROPORT;20161129;7,7;11
MONTPELLIER-AEROPORT;20161130;4,9;14
MONTPELLIER-AEROPORT;20161201;0,9;13,5
MONTPELLIER-AEROPORT;20161202;0,6;12,7
MONTPELLIER-AEROPORT;20161203;1,4;12,2
MONTPELLIER-AEROPORT;20161204;5,4;14,1
MONTPELLIER-AEROPORT;20161205;8,1;13,9
MONTPELLIER-AEROPORT;20161206;4,9;16
MONTPELLIER-AEROPORT;20161207;3,6;15,1
MONTPELLIER-AEROPORT;20161208;3;15,1
MONTPELLIER-AEROPORT;20161209;4,3;13,4
MONTPELLIER-AEROPORT;20161210;7;14,2
MONTPELLIER-AEROPORT;20161211;1,1;17,1
MONTPELLIER-AEROPORT;20161212;1,2;15,2
MONTPELLIER-AEROPORT;20161213;1,4;12
MONTPELLIER-AEROPORT;20161214;5,9;14,8
MONTPELLIER-AEROPORT;20161215;8,5;14
MONTPELLIER-AEROPORT;20161216;10,3;14,2
MONTPELLIER-AEROPORT;20161217;3,9;13,6
MONTPELLIER-AEROPORT;20161218;1,4;11,8
MONTPELLIER-AEROPORT;20161219;1,4;7,7
MONTPELLIER-AEROPORT;20161220;6,4;9,9
MONTPELLIER-AEROPORT;20161221;6,2;13,4
MONTPELLIER-AEROPORT;20161222;1;13,6
MONTPELLIER-AEROPORT;20161223;2,7;17,4
MONTPELLIER-AEROPORT;20161224;1,2;17,3
MONTPELLIER-AEROPORT;20161225;5,9;15,9
MONTPELLIER-AEROPORT;20161226;3,5;14,7
MONTPELLIER-AEROPORT;20161227;4,1;16,5
MONTPELLIER-AEROPORT;20161228;3,3;14,8
MONTPELLIER-AEROPORT;20161229;-1,6;13,6
MONTPELLIER-AEROPORT;20161230;6,2;9,7
MONTPELLIER-AEROPORT;20161231;2;12,6
MONTPELLIER-AEROPORT;20170101;2,4;12,3
MONTPELLIER-AEROPORT;20170102;3,3;12,3
MONTPELLIER-AEROPORT;20170103;0,3;11,6
MONTPELLIER-AEROPORT;20170104;-2,8;11,6
MONTPELLIER-AEROPORT;20170105;1,6;10,1
MONTPELLIER-AEROPORT;20170106;-1,1;6,9
MONTPELLIER-AEROPORT;20170107;-4,2;7,8
MONTPELLIER-AEROPORT;20170108;-2,2;13,2
MONTPELLIER-AEROPORT;20170109;-1,3;10,3
MONTPELLIER-AEROPORT;20170110;-1;10,7
MONTPELLIER-AEROPORT;20170111;0;12,4
MONTPELLIER-AEROPORT;20170112;1,4;16,1
MONTPELLIER-AEROPORT;20170113;6,5;9,7
MONTPELLIER-AEROPORT;20170114;4,3;9,3
MONTPELLIER-AEROPORT;20170115;0,8;9
MONTPELLIER-AEROPORT;20170116;-1,9;8,7
MONTPELLIER-AEROPORT;20170117;-0,2;5
MONTPELLIER-AEROPORT;20170118;-4,7;7
MONTPELLIER-AEROPORT;20170119;-5,3;9,7
MONTPELLIER-AEROPORT;20170120;-2,1;11,2
MONTPELLIER-AEROPORT;20170121;0,3;13,6
MONTPELLIER-AEROPORT;20170122;2,4;7,7
MONTPELLIER-AEROPORT;20170123;4,3;10
MONTPELLIER-AEROPORT;20170124;-2,2;10
MONTPELLIER-AEROPORT;20170125;-3,7;7,4
MONTPELLIER-AEROPORT;20170126;1,4;11,7
MONTPELLIER-AEROPORT;20170127;3,5;12,4
MONTPELLIER-AEROPORT;20170128;8,7;10,8
MONTPELLIER-AEROPORT;20170129;2,8;12,7
MONTPELLIER-AEROPORT;20170130;3,4;12,7
MONTPELLIER-AEROPORT;20170131;7,4;11,8
MONTPELLIER-AEROPORT;20170201;10,9;13,2
MONTPELLIER-AEROPORT;20170202;11,9;13,9
MONTPELLIER-AEROPORT;20170203;4,6;12,3
MONTPELLIER-AEROPORT;20170204;5;16,1
MONTPELLIER-AEROPORT;20170205;8,4;12,2
MONTPELLIER-AEROPORT;20170206;8,5;14,4
MONTPELLIER-AEROPORT;20170207;4,3;18
MONTPELLIER-AEROPORT;20170208;7,8;14,9
MONTPELLIER-AEROPORT;20170209;4,2;13,3
MONTPELLIER-AEROPORT;20170210;2,7;12,7
MONTPELLIER-AEROPORT;20170211;6,7;12,9
MONTPELLIER-AEROPORT;20170212;9,7;14
MONTPELLIER-AEROPORT;20170213;9,7;15
MONTPELLIER-AEROPORT;20170214;12,1;14
MONTPELLIER-AEROPORT;20170215;10,2;13,7
MONTPELLIER-AEROPORT;20170216;10,3;14,6
MONTPELLIER-AEROPORT;20170217;3,6;14,7
MONTPELLIER-AEROPORT;20170218;5,3;17,1
MONTPELLIER-AEROPORT;20170219;3,8;15,3
MONTPELLIER-AEROPORT;20170220;4,2;19,5
MONTPELLIER-AEROPORT;20170221;5;21,3
MONTPELLIER-AEROPORT;20170222;5,9;17,9
MONTPELLIER-AEROPORT;20170223;5,6;17
MONTPELLIER-AEROPORT;20170224;7,9;17,1
MONTPELLIER-AEROPORT;20170225;4,2;16,2
MONTPELLIER-AEROPORT;20170226;1,2;14,3
MONTPELLIER-AEROPORT;20170227;5,5;14,9
MONTPELLIER-AEROPORT;20170228;9,3;15,4
MONTPELLIER-AEROPORT;20170301;5,9;15,1
MONTPELLIER-AEROPORT;20170302;4,9;20,3
MONTPELLIER-AEROPORT;20170303;5,8;14,1
MONTPELLIER-AEROPORT;20170304;6,4;13,7
MONTPELLIER-AEROPORT;20170305;5,4;12,4
MONTPELLIER-AEROPORT;20170306;9;19,5
MONTPELLIER-AEROPORT;20170307;9,6;15,1
MONTPELLIER-AEROPORT;20170308;4,1;19,9
MONTPELLIER-AEROPORT;20170309;7;21,5
MONTPELLIER-AEROPORT;20170310;7,9;24,9
MONTPELLIER-AEROPORT;20170311;8,5;20,3
MONTPELLIER-AEROPORT;20170312;8,2;15,7
MONTPELLIER-AEROPORT;20170313;8,6;19,1
MONTPELLIER-AEROPORT;20170314;6,2;21
MONTPELLIER-AEROPORT;20170315;6,9;21,4
MONTPELLIER-AEROPORT;20170316;5,8;18,7
MONTPELLIER-AEROPORT;20170317;9,2;15,3
MONTPELLIER-AEROPORT;20170318;9,9;20,7
MONTPELLIER-AEROPORT;20170319;11,5;25,6
MONTPELLIER-AEROPORT;20170320;9,5;19,4
MONTPELLIER-AEROPORT;20170321;7,9;18,1
MONTPELLIER-AEROPORT;20170322;8,2;15,2
MONTPELLIER-AEROPORT;20170323;12,7;16,6
MONTPELLIER-AEROPORT;20170324;11,2;13,2
MONTPELLIER-AEROPORT;20170325;9,7;13,9
MONTPELLIER-AEROPORT;20170326;8,1;17,5
MONTPELLIER-AEROPORT;20170327;7,2;16,4
MONTPELLIER-AEROPORT;20170328;6,9;17,5
MONTPELLIER-AEROPORT;20170329;9,5;24
MONTPELLIER-AEROPORT;20170330;8,1;20,6
MONTPELLIER-AEROPORT;20170331;10,1;17,9
MONTPELLIER-AEROPORT;20170401;9,6;15,1
MONTPELLIER-AEROPORT;20170402;9,4;17,3
MONTPELLIER-AEROPORT;20170403;9,7;23,2
MONTPELLIER-AEROPORT;20170404;11,5;23,7
MONTPELLIER-AEROPORT;20170405;12,8;22,2
MONTPELLIER-AEROPORT;20170406;9,3;21,7
MONTPELLIER-AEROPORT;20170407;7,9;21,2
MONTPELLIER-AEROPORT;20170408;7,2;20,5
MONTPELLIER-AEROPORT;20170409;10,3;19,8
MONTPELLIER-AEROPORT;20170410;7,6;24,1
MONTPELLIER-AEROPORT;20170411;12,2;23,7
MONTPELLIER-AEROPORT;20170412;9,2;21,5
MONTPELLIER-AEROPORT;20170413;9,5;23,6
MONTPELLIER-AEROPORT;20170414;10,8;27,2
MONTPELLIER-AEROPORT;20170415;13,5;21,9
MONTPELLIER-AEROPORT;20170416;11,9;24,4
MONTPELLIER-AEROPORT;20170417;9;21,6
MONTPELLIER-AEROPORT;20170418;10,1;19,9
MONTPELLIER-AEROPORT;20170419;8,7;17,8
MONTPELLIER-AEROPORT;20170420;5,7;18,7
MONTPELLIER-AEROPORT;20170421;6,8;17,4
MONTPELLIER-AEROPORT;20170422;4,8;18,2
MONTPELLIER-AEROPORT;20170423;8,7;23
MONTPELLIER-AEROPORT;20170424;8,7;18,4
MONTPELLIER-AEROPORT;20170425;11;17,8
MONTPELLIER-AEROPORT;20170426;11,3;16,2
MONTPELLIER-AEROPORT;20170427;7,4;15,5
MONTPELLIER-AEROPORT;20170428;5,9;17,1
MONTPELLIER-AEROPORT;20170429;6,6;18
MONTPELLIER-AEROPORT;20170430;7,9;14,9
MONTPELLIER-AEROPORT;20170501;6,1;19
MONTPELLIER-AEROPORT;20170502;9,6;20,4
MONTPELLIER-AEROPORT;20170503;6,3;17,5
MONTPELLIER-AEROPORT;20170504;9,3;17
MONTPELLIER-AEROPORT;20170505;9,6;19,8
MONTPELLIER-AEROPORT;20170506;10,3;21,2
MONTPELLIER-AEROPORT;20170507;12,3;23,6
MONTPELLIER-AEROPORT;20170508;12,6;24
MONTPELLIER-AEROPORT;20170509;10,1;23,4
MONTPELLIER-AEROPORT;20170510;10,3;18,1
MONTPELLIER-AEROPORT;20170511;12,7;17,2
MONTPELLIER-AEROPORT;20170512;15,4;18,6
MONTPELLIER-AEROPORT;20170513;12,4;23,7
MONTPELLIER-AEROPORT;20170514;14,4;23,7
MONTPELLIER-AEROPORT;20170515;13,7;29,2
MONTPELLIER-AEROPORT;20170516;14,8;25,3
MONTPELLIER-AEROPORT;20170517;13,1;23,8
MONTPELLIER-AEROPORT;20170518;14,8;23,1
MONTPELLIER-AEROPORT;20170519;10,1;22,1
MONTPELLIER-AEROPORT;20170520;11,4;23,6
MONTPELLIER-AEROPORT;20170521;12,6;25,2
MONTPELLIER-AEROPORT;20170522;11,5;22,9
MONTPELLIER-AEROPORT;20170523;13,5;30,5
MONTPELLIER-AEROPORT;20170524;16,8;32,4
MONTPELLIER-AEROPORT;20170525;18;32,2
MONTPELLIER-AEROPORT;20170526;15,6;24
MONTPELLIER-AEROPORT;20170527;14,5;25,9
MONTPELLIER-AEROPORT;20170528;14,3;25,7
MONTPELLIER-AEROPORT;20170529;13,4;25,3
MONTPELLIER-AEROPORT;20170530;14,6;25,2
MONTPELLIER-AEROPORT;20170531;18,2;25,2
MONTPELLIER-AEROPORT;20170601;18;24,3
MONTPELLIER-AEROPORT;20170602;16,4;25,2
MONTPELLIER-AEROPORT;20170603;17,5;24,9
MONTPELLIER-AEROPORT;20170604;17;27,1
MONTPELLIER-AEROPORT;20170605;16,8;26,4
MONTPELLIER-AEROPORT;20170606;15,9;26
MONTPELLIER-AEROPORT;20170607;14,1;26,3
MONTPELLIER-AEROPORT;20170608;14,3;24,6
MONTPELLIER-AEROPORT;20170609;16,2;25,7
MONTPELLIER-AEROPORT;20170610;17,3;31,2
MONTPELLIER-AEROPORT;20170611;18,9;26,4
MONTPELLIER-AEROPORT;20170612;19;33,4
MONTPELLIER-AEROPORT;20170613;22,9;30,1
MONTPELLIER-AEROPORT;20170614;19,6;27,9
MONTPELLIER-AEROPORT;20170615;21,4;32,9
MONTPELLIER-AEROPORT;20170616;25,1;34,7
MONTPELLIER-AEROPORT;20170617;20,1;34,3
MONTPELLIER-AEROPORT;20170618;21,5;31,5
MONTPELLIER-AEROPORT;20170619;19,1;27,1
MONTPELLIER-AEROPORT;20170620;20,4;27,2
MONTPELLIER-AEROPORT;20170621;22,8;27
MONTPELLIER-AEROPORT;20170622;22,3;28,3
MONTPELLIER-AEROPORT;20170623;23,4;34,6
MONTPELLIER-AEROPORT;20170624;24,2;33
MONTPELLIER-AEROPORT;20170625;22;30,6
MONTPELLIER-AEROPORT;20170626;21,9;26,9
MONTPELLIER-AEROPORT;20170627;18,3;28,1
MONTPELLIER-AEROPORT;20170628;14,9;26,5
MONTPELLIER-AEROPORT;20170629;15,2;25,2
MONTPELLIER-AEROPORT;20170630;14,5;25,2
MONTPELLIER-AEROPORT;20170701;15,6;27,1
MONTPELLIER-AEROPORT;20170702;18,8;28,2
MONTPELLIER-AEROPORT;20170703;17,9;30,1
MONTPELLIER-AEROPORT;20170704;20,2;29,9
MONTPELLIER-AEROPORT;20170705;17,1;23,6
MONTPELLIER-AEROPORT;20170706;16,5;28,1
MONTPELLIER-AEROPORT;20170707;18,7;29,5
MONTPELLIER-AEROPORT;20170708;19,6;29,7
MONTPELLIER-AEROPORT;20170709;21,6;28,3
MONTPELLIER-AEROPORT;20170710;20,1;29,1
MONTPELLIER-AEROPORT;20170711;19,6;28,2
MONTPELLIER-AEROPORT;20170712;19,6;35
MONTPELLIER-AEROPORT;20170713;20,2;35
MONTPELLIER-AEROPORT;20170714;21,7;34,3
MONTPELLIER-AEROPORT;20170715;20,6;34,3
MONTPELLIER-AEROPORT;20170716;22;33,6
MONTPELLIER-AEROPORT;20170717;18,6;27,4
MONTPELLIER-AEROPORT;20170718;18;26,5
MONTPELLIER-AEROPORT;20170719;19,6;24,9
MONTPELLIER-AEROPORT;20170720;19;29
MONTPELLIER-AEROPORT;20170721;22;28,1
MONTPELLIER-AEROPORT;20170722;18,4;27,9
MONTPELLIER-AEROPORT;20170723;22;33
MONTPELLIER-AEROPORT;20170724;20,8;30,6
MONTPELLIER-AEROPORT;20170725;19,5;28,9
MONTPELLIER-AEROPORT;20170726;19,1;31,5
MONTPELLIER-AEROPORT;20170727;20,8;34
MONTPELLIER-AEROPORT;20170728;23;34,5
MONTPELLIER-AEROPORT;20170729;19,3;29,3
MONTPELLIER-AEROPORT;20170730;19,5;26,4
MONTPELLIER-AEROPORT;20170731;20;28,8
MONTPELLIER-AEROPORT;20170801;22,8;26,7
MONTPELLIER-AEROPORT;20170802;20,7;32,3
MONTPELLIER-AEROPORT;20170803;22,2;30,5
MONTPELLIER-AEROPORT;20170804;23,4;37,7
MONTPELLIER-AEROPORT;20170805;24,2;36,6
MONTPELLIER-AEROPORT;20170806;20,4;31,5
MONTPELLIER-AEROPORT;20170807;18,5;29,9
MONTPELLIER-AEROPORT;20170808;21,9;29,4
MONTPELLIER-AEROPORT;20170809;17,3;29,4
MONTPELLIER-AEROPORT;20170810;17,3;25,9
MONTPELLIER-AEROPORT;20170811;17,2;24,2
MONTPELLIER-AEROPORT;20170812;16,2;31,1
MONTPELLIER-AEROPORT;20170813;18,3;28,5
MONTPELLIER-AEROPORT;20170814;17,7;25,7
MONTPELLIER-AEROPORT;20170815;20;26,9
MONTPELLIER-AEROPORT;20170816;19;29,8
MONTPELLIER-AEROPORT;20170817;20,4;31
MONTPELLIER-AEROPORT;20170818;19,9;29,3
MONTPELLIER-AEROPORT;20170819;21,8;32,9
MONTPELLIER-AEROPORT;20170820;16,6;30,9
MONTPELLIER-AEROPORT;20170821;17,7;32,3
MONTPELLIER-AEROPORT;20170822;16,7;27,7
MONTPELLIER-AEROPORT;20170823;20,6;27,3
MONTPELLIER-AEROPORT;20170824;22;25,6
MONTPELLIER-AEROPORT;20170825;21;26
MONTPELLIER-AEROPORT;20170826;19,2;26,6
MONTPELLIER-AEROPORT;20170827;18,9;30,1
MONTPELLIER-AEROPORT;20170828;20,7;27,8
MONTPELLIER-AEROPORT;20170829;21,4;28,4
MONTPELLIER-AEROPORT;20170830;23,3;28
MONTPELLIER-AEROPORT;20170831;19,5;26,4
MONTPELLIER-AEROPORT;20170901;14,5;28
MONTPELLIER-AEROPORT;20170902;16,3;25,5
MONTPELLIER-AEROPORT;20170903;13,7;24,7
MONTPELLIER-AEROPORT;20170904;17,2;26,1
MONTPELLIER-AEROPORT;20170905;15,7;26,5
MONTPELLIER-AEROPORT;20170906;20,6;30,8
MONTPELLIER-AEROPORT;20170907;14,3;28,8
MONTPELLIER-AEROPORT;20170908;13,4;24,6
MONTPELLIER-AEROPORT;20170909;15,6;20,5
MONTPELLIER-AEROPORT;20170910;14,8;25,4
MONTPELLIER-AEROPORT;20170911;16,5;26,9
MONTPELLIER-AEROPORT;20170912;15;25,4
MONTPELLIER-AEROPORT;20170913;14,6;26,3
MONTPELLIER-AEROPORT;20170914;15,3;26,8
MONTPELLIER-AEROPORT;20170915;12,5;18,7
MONTPELLIER-AEROPORT;20170916;13;23,6
MONTPELLIER-AEROPORT;20170917;13,3;22,1
MONTPELLIER-AEROPORT;20170918;14,1;19,1
MONTPELLIER-AEROPORT;20170919;10,4;21,8
MONTPELLIER-AEROPORT;20170920;10,9;24,2
MONTPELLIER-AEROPORT;20170921;7,8;21,5
MONTPELLIER-AEROPORT;20170922;11,5;21,8
MONTPELLIER-AEROPORT;20170923;14;23,3
MONTPELLIER-AEROPORT;20170924;12,5;23,8
MONTPELLIER-AEROPORT;20170925;13,4;23
MONTPELLIER-AEROPORT;20170926;12,4;25,5
MONTPELLIER-AEROPORT;20170927;13,1;23,1
MONTPELLIER-AEROPORT;20170928;11,3;24,6
MONTPELLIER-AEROPORT;20170929;11,5;24,1
MONTPELLIER-AEROPORT;20170930;12,4;20,6
MONTPELLIER-AEROPORT;20171001;12,9;23,2
MONTPELLIER-AEROPORT;20171002;15,8;22
MONTPELLIER-AEROPORT;20171003;14,9;25,2
MONTPELLIER-AEROPORT;20171004;12,7;25,6
MONTPELLIER-AEROPORT;20171005;12;22,9
MONTPELLIER-AEROPORT;20171006;17,3;25,9
MONTPELLIER-AEROPORT;20171007;11,1;23,2
MONTPELLIER-AEROPORT;20171008;7,2;24,7
MONTPELLIER-AEROPORT;20171009;10,5;24,7
MONTPELLIER-AEROPORT;20171010;9;24,3
MONTPELLIER-AEROPORT;20171011;9,8;21,4
MONTPELLIER-AEROPORT;20171012;16,8;22,2
MONTPELLIER-AEROPORT;20171013;11,1;21,2
MONTPELLIER-AEROPORT;20171014;17,8;21,9
MONTPELLIER-AEROPORT;20171015;16,6;22,4
MONTPELLIER-AEROPORT;20171016;15,4;22,5
MONTPELLIER-AEROPORT;20171017;12;21,5
MONTPELLIER-AEROPORT;20171018;15,4;21,1
MONTPELLIER-AEROPORT;20171019;16,1;19,9
MONTPELLIER-AEROPORT;20171020;15,7;22,1
MONTPELLIER-AEROPORT;20171021;17,7;21,8
MONTPELLIER-AEROPORT;20171022;12,9;19,5
MONTPELLIER-AEROPORT;20171023;11,8;21,2
MONTPELLIER-AEROPORT;20171024;11,7;26,2
MONTPELLIER-AEROPORT;20171025;11;23,2
MONTPELLIER-AEROPORT;20171026;9,8;19,7
MONTPELLIER-AEROPORT;20171027;8,9;26
MONTPELLIER-AEROPORT;20171028;8,6;22,6
MONTPELLIER-AEROPORT;20171029;8,8;21,2
MONTPELLIER-AEROPORT;20171030;11,5;18,7
MONTPELLIER-AEROPORT;20171031;7,6;19,9
MONTPELLIER-AEROPORT;20171101;6,6;19,7
MONTPELLIER-AEROPORT;20171102;12,2;18,4
MONTPELLIER-AEROPORT;20171103;8,9;19,1
MONTPELLIER-AEROPORT;20171104;15,7;19,7
MONTPELLIER-AEROPORT;20171105;12;15,9
MONTPELLIER-AEROPORT;20171106;7,8;14,9
MONTPELLIER-AEROPORT;20171107;5,1;15,1
MONTPELLIER-AEROPORT;20171108;3,1;12,9
MONTPELLIER-AEROPORT;20171109;6,1;14,8
MONTPELLIER-AEROPORT;20171110;4,6;13,9
MONTPELLIER-AEROPORT;20171111;7,8;18,5
MONTPELLIER-AEROPORT;20171112;13,8;19
MONTPELLIER-AEROPORT;20171113;7,2;14,6
MONTPELLIER-AEROPORT;20171114;6,6;14,4
MONTPELLIER-AEROPORT;20171115;1,6;16
MONTPELLIER-AEROPORT;20171116;1,7;15,2
MONTPELLIER-AEROPORT;20171117;1,6;16,4
MONTPELLIER-AEROPORT;20171118;3,9;16,5
MONTPELLIER-AEROPORT;20171119;2,3;18,9
MONTPELLIER-AEROPORT;20171120;1,9;15,2
MONTPELLIER-AEROPORT;20171121;1,4;19,9
MONTPELLIER-AEROPORT;20171122;5,4;15,3
MONTPELLIER-AEROPORT;20171123;12;17,2
MONTPELLIER-AEROPORT;20171124;11,1;14,4
MONTPELLIER-AEROPORT;20171125;10,9;17,1
MONTPELLIER-AEROPORT;20171126;4,7;12,7
MONTPELLIER-AEROPORT;20171127;3,4;14,1
MONTPELLIER-AEROPORT;20171128;0,4;12
MONTPELLIER-AEROPORT;20171129;3,6;13,6
MONTPELLIER-AEROPORT;20171130;2;10,2
MONTPELLIER-AEROPORT;20171201;2,8;8,4
MONTPELLIER-AEROPORT;20171202;0,2;5,3
MONTPELLIER-AEROPORT;20171203;-4,5;9,5
MONTPELLIER-AEROPORT;20171204;-2,9;13,5
MONTPELLIER-AEROPORT;20171205;-0,6;14,1
MONTPELLIER-AEROPORT;20171206;-0,4;11,3
MONTPELLIER-AEROPORT;20171207;1,2;12,7
MONTPELLIER-AEROPORT;20171208;3,3;13,4
MONTPELLIER-AEROPORT;20171209;1,9;9,8
MONTPELLIER-AEROPORT;20171210;1,6;13,6
MONTPELLIER-AEROPORT;20171211;3,9;13,8
MONTPELLIER-AEROPORT;20171212;1,8;10,7
MONTPELLIER-AEROPORT;20171213;-2,5;10,9
MONTPELLIER-AEROPORT;20171214;6,6;16,3
MONTPELLIER-AEROPORT;20171215;7,7;12,8
MONTPELLIER-AEROPORT;20171216;5;11,9
MONTPELLIER-AEROPORT;20171217;3,9;10,7
MONTPELLIER-AEROPORT;20171218;0,5;11,8
MONTPELLIER-AEROPORT;20171219;0,1;10,2
MONTPELLIER-AEROPORT;20171220;1,5;10,4
MONTPELLIER-AEROPORT;20171221;5,7;12,9
MONTPELLIER-AEROPORT;20171222;2,3;16,1
MONTPELLIER-AEROPORT;20171223;4,8;14,9
MONTPELLIER-AEROPORT;20171224;-0,7;12,2
MONTPELLIER-AEROPORT;20171225;-1,2;12,8
MONTPELLIER-AEROPORT;20171226;7,4;13,6
MONTPELLIER-AEROPORT;20171227;5,6;13,3
MONTPELLIER-AEROPORT;20171228;3,7;10
MONTPELLIER-AEROPORT;20171229;-2,5;8,8
MONTPELLIER-AEROPORT;20171230;2,4;18,4
MONTPELLIER-AEROPORT;20171231;2;13,1
MONTPELLIER-AEROPORT;20180101;8,9;14,7
MONTPELLIER-AEROPORT;20180102;6,7;13,1
MONTPELLIER-AEROPORT;20180103;6;20,7
MONTPELLIER-AEROPORT;20180104;12,2;18,9
MONTPELLIER-AEROPORT;20180105;7,6;18,1
MONTPELLIER-AEROPORT;20180106;9,3;14,5
MONTPELLIER-AEROPORT;20180107;12,2;16,1
MONTPELLIER-AEROPORT;20180108;8,2;10,6
MONTPELLIER-AEROPORT;20180109;6,7;13,6
MONTPELLIER-AEROPORT;20180110;7;13,7
MONTPELLIER-AEROPORT;20180111;7,2;12,9
MONTPELLIER-AEROPORT;20180112;7,2;14,5
MONTPELLIER-AEROPORT;20180113;-0,5;11,3
MONTPELLIER-AEROPORT;20180114;7,8;10,7
MONTPELLIER-AEROPORT;20180115;7,8;12,2
MONTPELLIER-AEROPORT;20180116;9,4;17,7
MONTPELLIER-AEROPORT;20180117;10,1;13,9
MONTPELLIER-AEROPORT;20180118;5,1;14,5
MONTPELLIER-AEROPORT;20180119;8,6;15,3
MONTPELLIER-AEROPORT;20180120;6,9;17,2
MONTPELLIER-AEROPORT;20180121;12,4;19,9
MONTPELLIER-AEROPORT;20180122;14,5;17,5
MONTPELLIER-AEROPORT;20180123;9,1;18,7
MONTPELLIER-AEROPORT;20180124;4,5;13,2
MONTPELLIER-AEROPORT;20180125;10,6;12,9
MONTPELLIER-AEROPORT;20180126;5,4;9,7
MONTPELLIER-AEROPORT;20180127;5,2;13,8
MONTPELLIER-AEROPORT;20180128;1,5;14,6
MONTPELLIER-AEROPORT;20180129;2;14,8
MONTPELLIER-AEROPORT;20180130;3;13,6
MONTPELLIER-AEROPORT;20180131;6,7;10,8
MONTPELLIER-AEROPORT;20180201;4,2;10,4
MONTPELLIER-AEROPORT;20180202;1;11,2
MONTPELLIER-AEROPORT;20180203;4,1;10,9
MONTPELLIER-AEROPORT;20180204;-0,8;10,1
MONTPELLIER-AEROPORT;20180205;3,9;8,4
MONTPELLIER-AEROPORT;20180206;1,9;7,6
MONTPELLIER-AEROPORT;20180207;1,2;7,5
MONTPELLIER-AEROPORT;20180208;-0,3;9,6
MONTPELLIER-AEROPORT;20180209;-2;8,8
MONTPELLIER-AEROPORT;20180210;4,6;10,8
MONTPELLIER-AEROPORT;20180211;0,2;12,4
MONTPELLIER-AEROPORT;20180212;3,6;11,4
MONTPELLIER-AEROPORT;20180213;-0,5;8,3
MONTPELLIER-AEROPORT;20180214;1,1;9,7
MONTPELLIER-AEROPORT;20180215;5,1;9,9
MONTPELLIER-AEROPORT;20180216;4,3;15
MONTPELLIER-AEROPORT;20180217;8,8;14,5
MONTPELLIER-AEROPORT;20180218;3,9;14
MONTPELLIER-AEROPORT;20180219;1,5;13
MONTPELLIER-AEROPORT;20180220;4,5;15,1
MONTPELLIER-AEROPORT;20180221;1,3;9,9
MONTPELLIER-AEROPORT;20180222;-2,1;10,6
MONTPELLIER-AEROPORT;20180223;-1,5;11,3
MONTPELLIER-AEROPORT;20180224;0,7;8,6
MONTPELLIER-AEROPORT;20180225;3,3;11,7
MONTPELLIER-AEROPORT;20180226;-3,2;7,1
MONTPELLIER-AEROPORT;20180227;-6,4;3,6
MONTPELLIER-AEROPORT;20180228;-4,2;3,7
MONTPELLIER-AEROPORT;20180301;0,2;8,9
MONTPELLIER-AEROPORT;20180302;4,4;14,8
MONTPELLIER-AEROPORT;20180303;6,2;18,5
MONTPELLIER-AEROPORT;20180304;4,8;13,9
MONTPELLIER-AEROPORT;20180305;8,6;12
MONTPELLIER-AEROPORT;20180306;6,3;16,3
MONTPELLIER-AEROPORT;20180307;5,1;13,9
MONTPELLIER-AEROPORT;20180308;2,2;13,7
MONTPELLIER-AEROPORT;20180309;7,1;13,8
MONTPELLIER-AEROPORT;20180310;12,1;13,9
MONTPELLIER-AEROPORT;20180311;12,4;16
MONTPELLIER-AEROPORT;20180312;8,6;17,3
MONTPELLIER-AEROPORT;20180313;6,8;17,3
MONTPELLIER-AEROPORT;20180314;3,5;14
MONTPELLIER-AEROPORT;20180315;12,1;17,2
MONTPELLIER-AEROPORT;20180316;5,2;15,8
MONTPELLIER-AEROPORT;20180317;5,1;16,9
MONTPELLIER-AEROPORT;20180318;7,4;14,3
MONTPELLIER-AEROPORT;20180319;6;13,2
MONTPELLIER-AEROPORT;20180320;4,3;12,4
MONTPELLIER-AEROPORT;20180321;5,2;11,9
MONTPELLIER-AEROPORT;20180322;0,5;16,1
MONTPELLIER-AEROPORT;20180323;7;16,8
MONTPELLIER-AEROPORT;20180324;4;13
MONTPELLIER-AEROPORT;20180325;5,4;16,2
MONTPELLIER-AEROPORT;20180326;10,6;18,6
MONTPELLIER-AEROPORT;20180327;8,5;16,4
MONTPELLIER-AEROPORT;20180328;12,2;20,5
MONTPELLIER-AEROPORT;20180329;12,1;17,8
MONTPELLIER-AEROPORT;20180330;6,9;17,4
MONTPELLIER-AEROPORT;20180331;4,3;17,5
MONTPELLIER-AEROPORT;20180401;7,4;18,6
MONTPELLIER-AEROPORT;20180402;5,2;14,1
MONTPELLIER-AEROPORT;20180403;9,5;14,7
MONTPELLIER-AEROPORT;20180404;13,1;15,3
MONTPELLIER-AEROPORT;20180405;9,8;18,7
MONTPELLIER-AEROPORT;20180406;5,4;15,8
MONTPELLIER-AEROPORT;20180407;9,3;17,7
MONTPELLIER-AEROPORT;20180408;10,3;17,3
MONTPELLIER-AEROPORT;20180409;11,4;15,6
MONTPELLIER-AEROPORT;20180410;9,9;15,6
MONTPELLIER-AEROPORT;20180411;8,1;12,2
MONTPELLIER-AEROPORT;20180412;7,2;11,2
MONTPELLIER-AEROPORT;20180413;5,9;15,2
MONTPELLIER-AEROPORT;20180414;10,8;17
MONTPELLIER-AEROPORT;20180415;8,9;24,2
MONTPELLIER-AEROPORT;20180416;11,6;22,9
MONTPELLIER-AEROPORT;20180417;11,6;24,7
MONTPELLIER-AEROPORT;20180418;10,5;22,5
MONTPELLIER-AEROPORT;20180419;11,1;23,6
MONTPELLIER-AEROPORT;20180420;9,5;23,8
MONTPELLIER-AEROPORT;20180421;10,3;25,3
MONTPELLIER-AEROPORT;20180422;10,1;21
MONTPELLIER-AEROPORT;20180423;11,6;21,3
MONTPELLIER-AEROPORT;20180424;11,6;25,9
MONTPELLIER-AEROPORT;20180425;13,2;27,5
MONTPELLIER-AEROPORT;20180426;13,2;25,3
MONTPELLIER-AEROPORT;20180427;8;19,7
MONTPELLIER-AEROPORT;20180428;11,4;19,2
MONTPELLIER-AEROPORT;20180429;14,3;18,6
MONTPELLIER-AEROPORT;20180430;7,4;16,9
MONTPELLIER-AEROPORT;20180501;9,8;16,7
MONTPELLIER-AEROPORT;20180502;7,9;21,5
MONTPELLIER-AEROPORT;20180503;14,7;23,3
MONTPELLIER-AEROPORT;20180504;13,9;24
MONTPELLIER-AEROPORT;20180505;13,8;23,4
MONTPELLIER-AEROPORT;20180506;15,4;24,2
MONTPELLIER-AEROPORT;20180507;14,3;21,6
MONTPELLIER-AEROPORT;20180508;14;26,5
MONTPELLIER-AEROPORT;20180509;16,3;26,3
MONTPELLIER-AEROPORT;20180510;16,1;24,6
MONTPELLIER-AEROPORT;20180511;10;20,9
MONTPELLIER-AEROPORT;20180512;13,3;19
MONTPELLIER-AEROPORT;20180513;8,3;11,8
MONTPELLIER-AEROPORT;20180514;10,3;16,1
MONTPELLIER-AEROPORT;20180515;11,5;21,2
MONTPELLIER-AEROPORT;20180516;13,9;24,6
MONTPELLIER-AEROPORT;20180517;11,3;23,4
MONTPELLIER-AEROPORT;20180518;11,4;23,3
MONTPELLIER-AEROPORT;20180519;13,2;25,2
MONTPELLIER-AEROPORT;20180520;12,1;24,8
MONTPELLIER-AEROPORT;20180521;13,2;24,3
MONTPELLIER-AEROPORT;20180522;15,5;22,3
MONTPELLIER-AEROPORT;20180523;14,2;22,5
MONTPELLIER-AEROPORT;20180524;14;21,9
MONTPELLIER-AEROPORT;20180525;13,6;24,5
MONTPELLIER-AEROPORT;20180526;15,5;25,8
MONTPELLIER-AEROPORT;20180527;14,7;26,8
MONTPELLIER-AEROPORT;20180528;17,3;21,2
MONTPELLIER-AEROPORT;20180529;18,5;22
MONTPELLIER-AEROPORT;20180530;14,7;23
MONTPELLIER-AEROPORT;20180531;15,3;23,3
MONTPELLIER-AEROPORT;20180601;14,1;25,1
MONTPELLIER-AEROPORT;20180602;15,2;25,6
MONTPELLIER-AEROPORT;20180603;18,4;23,6
MONTPELLIER-AEROPORT;20180604;16,2;24,6
MONTPELLIER-AEROPORT;20180605;16;23,7
MONTPELLIER-AEROPORT;20180606;16,6;23,5
MONTPELLIER-AEROPORT;20180607;16,2;22,5
MONTPELLIER-AEROPORT;20180608;16;25,1
MONTPELLIER-AEROPORT;20180609;16,2;24,9
MONTPELLIER-AEROPORT;20180610;17,4;25,3
MONTPELLIER-AEROPORT;20180611;17,1;22,8
MONTPELLIER-AEROPORT;20180612;14,4;24,1
MONTPELLIER-AEROPORT;20180613;19,4;26,9
MONTPELLIER-AEROPORT;20180614;16,9;28,9
MONTPELLIER-AEROPORT;20180615;19;28,8
MONTPELLIER-AEROPORT;20180616;19,5;30,1
MONTPELLIER-AEROPORT;20180617;20,1;28,8
MONTPELLIER-AEROPORT;20180618;18,1;30,2
MONTPELLIER-AEROPORT;20180619;16,1;31,5
MONTPELLIER-AEROPORT;20180620;18,4;28,8
MONTPELLIER-AEROPORT;20180621;18,1;28,7
MONTPELLIER-AEROPORT;20180622;20,1;31,3
MONTPELLIER-AEROPORT;20180623;14;28,9
MONTPELLIER-AEROPORT;20180624;16,4;28,8
MONTPELLIER-AEROPORT;20180625;16,2;30,9
MONTPELLIER-AEROPORT;20180626;16,2;27,3
MONTPELLIER-AEROPORT;20180627;16,6;28,9
MONTPELLIER-AEROPORT;20180628;17,1;30,4
MONTPELLIER-AEROPORT;20180629;18,3;27,3
MONTPELLIER-AEROPORT;20180630;16,4;28,5
MONTPELLIER-AEROPORT;20180701;16,1;29,7
MONTPELLIER-AEROPORT;20180702;18,5;27,9
MONTPELLIER-AEROPORT;20180703;20,3;28,5
MONTPELLIER-AEROPORT;20180704;19;29,4
MONTPELLIER-AEROPORT;20180705;20,8;31,5
MONTPELLIER-AEROPORT;20180706;20,4;32,3
MONTPELLIER-AEROPORT;20180707;20,9;32,5
MONTPELLIER-AEROPORT;20180708;20,8;34
MONTPELLIER-AEROPORT;20180709;21,9;31,9
MONTPELLIER-AEROPORT;20180710;20,3;33
MONTPELLIER-AEROPORT;20180711;19,4;30
MONTPELLIER-AEROPORT;20180712;17,7;28,6
MONTPELLIER-AEROPORT;20180713;17,3;31,4
MONTPELLIER-AEROPORT;20180714;20,2;31,7
MONTPELLIER-AEROPORT;20180715;20,4;30,4
MONTPELLIER-AEROPORT;20180716;20,5;28,9
MONTPELLIER-AEROPORT;20180717;23,1;34,6
MONTPELLIER-AEROPORT;20180718;19,7;31,7
MONTPELLIER-AEROPORT;20180719;19,5;33,6
MONTPELLIER-AEROPORT;20180720;18,6;29
MONTPELLIER-AEROPORT;20180721;19,5;31,2
MONTPELLIER-AEROPORT;20180722;20,2;30,2
MONTPELLIER-AEROPORT;20180723;22;33,5
MONTPELLIER-AEROPORT;20180724;18,6;29
MONTPELLIER-AEROPORT;20180725;20;34,4
MONTPELLIER-AEROPORT;20180726;20,8;31,6
MONTPELLIER-AEROPORT;20180727;20,5;28,9
MONTPELLIER-AEROPORT;20180728;22,5;32
MONTPELLIER-AEROPORT;20180729;20,7;30,3
MONTPELLIER-AEROPORT;20180730;21;30,1
MONTPELLIER-AEROPORT;20180731;21,2;32,4
MONTPELLIER-AEROPORT;20180801;22,2;35,4
MONTPELLIER-AEROPORT;20180802;21,1;36,9
MONTPELLIER-AEROPORT;20180803;21,6;34,4
MONTPELLIER-AEROPORT;20180804;23,1;35,7
MONTPELLIER-AEROPORT;20180805;22,6;34,9
MONTPELLIER-AEROPORT;20180806;21,7;31,7
MONTPELLIER-AEROPORT;20180807;23,6;30,4
MONTPELLIER-AEROPORT;20180808;23,5;30,1
MONTPELLIER-AEROPORT;20180809;20,5;31,3
MONTPELLIER-AEROPORT;20180810;17,4;29,6
MONTPELLIER-AEROPORT;20180811;16,7;30,3
MONTPELLIER-AEROPORT;20180812;16,5;28,5
MONTPELLIER-AEROPORT;20180813;18,9;27,9
MONTPELLIER-AEROPORT;20180814;20,8;31,2
MONTPELLIER-AEROPORT;20180815;19,5;32,1
MONTPELLIER-AEROPORT;20180816;17,5;28,8
MONTPELLIER-AEROPORT;20180817;17,5;28
MONTPELLIER-AEROPORT;20180818;21,3;32,1
MONTPELLIER-AEROPORT;20180819;18,1;33,6
MONTPELLIER-AEROPORT;20180820;20,1;34,7
MONTPELLIER-AEROPORT;20180821;20,3;32,7
MONTPELLIER-AEROPORT;20180822;19,8;32,1
MONTPELLIER-AEROPORT;20180823;18,3;30,4
MONTPELLIER-AEROPORT;20180824;22,2;31,3
MONTPELLIER-AEROPORT;20180825;19,5;27,2
MONTPELLIER-AEROPORT;20180826;13,5;27,8
MONTPELLIER-AEROPORT;20180827;13,7;28,5
MONTPELLIER-AEROPORT;20180828;16,1;27,4
MONTPELLIER-AEROPORT;20180829;21,3;32,7
MONTPELLIER-AEROPORT;20180830;16,9;26,6
MONTPELLIER-AEROPORT;20180831;18,3;29,8
MONTPELLIER-AEROPORT;20180901;14,8;28,9
MONTPELLIER-AEROPORT;20180902;13,6;27,3
MONTPELLIER-AEROPORT;20180903;12,2;25,9
MONTPELLIER-AEROPORT;20180904;15,2;27,3
MONTPELLIER-AEROPORT;20180905;14,5;25,5
MONTPELLIER-AEROPORT;20180906;19,5;25
MONTPELLIER-AEROPORT;20180907;19,4;29
MONTPELLIER-AEROPORT;20180908;15;27
MONTPELLIER-AEROPORT;20180909;14,2;26,8
MONTPELLIER-AEROPORT;20180910;17,4;29,1
MONTPELLIER-AEROPORT;20180911;16,5;28,7
MONTPELLIER-AEROPORT;20180912;17,9;27,5
MONTPELLIER-AEROPORT;20180913;18;32,7
MONTPELLIER-AEROPORT;20180914;19,8;29,5
MONTPELLIER-AEROPORT;20180915;15,5;28,8
MONTPELLIER-AEROPORT;20180916;16;26
MONTPELLIER-AEROPORT;20180917;18,5;26,6
MONTPELLIER-AEROPORT;20180918;17,7;26,6
MONTPELLIER-AEROPORT;20180919;17,3;28,5
MONTPELLIER-AEROPORT;20180920;17,4;30,5
MONTPELLIER-AEROPORT;20180921;17,9;32,9
MONTPELLIER-AEROPORT;20180922;15,3;27,2
MONTPELLIER-AEROPORT;20180923;19,6;35,3
MONTPELLIER-AEROPORT;20180924;17,6;25,1
MONTPELLIER-AEROPORT;20180925;14,7;25,1
MONTPELLIER-AEROPORT;20180926;12,1;23,4
MONTPELLIER-AEROPORT;20180927;11;22,6
MONTPELLIER-AEROPORT;20180928;10,3;26,3
MONTPELLIER-AEROPORT;20180929;15,8;26,1
MONTPELLIER-AEROPORT;20180930;15,2;23,9
MONTPELLIER-AEROPORT;20181001;15,7;22,2
MONTPELLIER-AEROPORT;20181002;11,9;24,9
MONTPELLIER-AEROPORT;20181003;10,6;26,7
MONTPELLIER-AEROPORT;20181004;12,9;25,7
MONTPELLIER-AEROPORT;20181005;12,6;24,8
MONTPELLIER-AEROPORT;20181006;12,2;23,4
MONTPELLIER-AEROPORT;20181007;13,2;21,2
MONTPELLIER-AEROPORT;20181008;10,4;21,8
MONTPELLIER-AEROPORT;20181009;15,5;24,1
MONTPELLIER-AEROPORT;20181010;16;19,6
MONTPELLIER-AEROPORT;20181011;16,3;22,4
MONTPELLIER-AEROPORT;20181012;17,3;22,3
MONTPELLIER-AEROPORT;20181013;16,3;23
MONTPELLIER-AEROPORT;20181014;19,3;21,1
MONTPELLIER-AEROPORT;20181015;16,4;20,8
MONTPELLIER-AEROPORT;20181016;16;20
MONTPELLIER-AEROPORT;20181017;14,4;22,1
MONTPELLIER-AEROPORT;20181018;16,6;24
MONTPELLIER-AEROPORT;20181019;14,2;24,4
MONTPELLIER-AEROPORT;20181020;13;23,5
MONTPELLIER-AEROPORT;20181021;10,3;22,8
MONTPELLIER-AEROPORT;20181022;13;22
MONTPELLIER-AEROPORT;20181023;9,2;23,6
MONTPELLIER-AEROPORT;20181024;10,1;27,2
MONTPELLIER-AEROPORT;20181025;13,1;24,7
MONTPELLIER-AEROPORT;20181026;9,4;19,1
MONTPELLIER-AEROPORT;20181027;11,3;13,3
MONTPELLIER-AEROPORT;20181028;5,8;11,8
MONTPELLIER-AEROPORT;20181029;5,8;9
MONTPELLIER-AEROPORT;20181030;3,6;16,8
MONTPELLIER-AEROPORT;20181031;10,8;18,2
MONTPELLIER-AEROPORT;20181101;9,8;17,2
MONTPELLIER-AEROPORT;20181102;6,6;18,3
MONTPELLIER-AEROPORT;20181103;6,6;19,1
MONTPELLIER-AEROPORT;20181104;10;19
MONTPELLIER-AEROPORT;20181105;11,9;19,5
MONTPELLIER-AEROPORT;20181106;13;18,3
MONTPELLIER-AEROPORT;20181107;10,2;17,8
MONTPELLIER-AEROPORT;20181108;9,4;17,3
MONTPELLIER-AEROPORT;20181109;12,5;17,5
MONTPELLIER-AEROPORT;20181110;9,5;18,2
MONTPELLIER-AEROPORT;20181111;15,8;19,7
MONTPELLIER-AEROPORT;20181112;17,7;19,4
MONTPELLIER-AEROPORT;20181113;15,9;20,2
MONTPELLIER-AEROPORT;20181114;13;18,3
MONTPELLIER-AEROPORT;20181115;12,5;19,1
MONTPELLIER-AEROPORT;20181116;10,1;17,6
MONTPELLIER-AEROPORT;20181117;9,5;12,6
MONTPELLIER-AEROPORT;20181118;5,7;14,4
MONTPELLIER-AEROPORT;20181119;2,8;7,9
MONTPELLIER-AEROPORT;20181120;2,9;10,3
MONTPELLIER-AEROPORT;20181121;7,9;13,3
MONTPELLIER-AEROPORT;20181122;7,9;15,2
MONTPELLIER-AEROPORT;20181123;10,9;15,6
MONTPELLIER-AEROPORT;20181124;4;16,4
MONTPELLIER-AEROPORT;20181125;4,8;12,5
MONTPELLIER-AEROPORT;20181126;4,5;14,3
MONTPELLIER-AEROPORT;20181127;7,9;14,3
MONTPELLIER-AEROPORT;20181128;2,6;14,8
MONTPELLIER-AEROPORT;20181129;5,6;15,7
MONTPELLIER-AEROPORT;20181130;8,3;12,3
MONTPELLIER-AEROPORT;20181201;6;15,9
MONTPELLIER-AEROPORT;20181202;6;14,8
MONTPELLIER-AEROPORT;20181203;9,3;18,6
MONTPELLIER-AEROPORT;20181204;11,5;20,2
MONTPELLIER-AEROPORT;20181205;4,7;17,7
MONTPELLIER-AEROPORT;20181206;6,9;19,1
MONTPELLIER-AEROPORT;20181207;6,4;17,8
MONTPELLIER-AEROPORT;20181208;9,5;15,4
MONTPELLIER-AEROPORT;20181209;11;17,2
MONTPELLIER-AEROPORT;20181210;10,6;14,7
MONTPELLIER-AEROPORT;20181211;2,1;14,2
MONTPELLIER-AEROPORT;20181212;3,2;10,4
MONTPELLIER-AEROPORT;20181213;-0,8;7,1
MONTPELLIER-AEROPORT;20181214;4,7;11,4
MONTPELLIER-AEROPORT;20181215;-3,1;6,7
MONTPELLIER-AEROPORT;20181216;3,7;10,8
MONTPELLIER-AEROPORT;20181217;4,1;14,9
MONTPELLIER-AEROPORT;20181218;-0,2;13
MONTPELLIER-AEROPORT;20181219;9,9;16
MONTPELLIER-AEROPORT;20181220;5,9;14,5
MONTPELLIER-AEROPORT;20181221;1,8;12
MONTPELLIER-AEROPORT;20181222;6,5;18,6
MONTPELLIER-AEROPORT;20181223;8,7;20
MONTPELLIER-AEROPORT;20181224;5,6;20,9
MONTPELLIER-AEROPORT;20181225;2,6;14,3
MONTPELLIER-AEROPORT;20181226;-1,7;11,5
MONTPELLIER-AEROPORT;20181227;0,1;11,2
MONTPELLIER-AEROPORT;20181228;-0,1;11,8
MONTPELLIER-AEROPORT;20181229;-2;11,8
MONTPELLIER-AEROPORT;20181230;-1,4;17,8
MONTPELLIER-AEROPORT;20181231;0,5;14,8
MONTPELLIER-AEROPORT;20190101;2,8;14,3
MONTPELLIER-AEROPORT;20190102;0,6;13,9
MONTPELLIER-AEROPORT;20190103;-0,2;11,4
MONTPELLIER-AEROPORT;20190104;0,8;9,7
MONTPELLIER-AEROPORT;20190105;0,3;13,3
MONTPELLIER-AEROPORT;20190106;1,7;12,4
MONTPELLIER-AEROPORT;20190107;-1,7;10,8
MONTPELLIER-AEROPORT;20190108;-3,1;12,1
MONTPELLIER-AEROPORT;20190109;4,9;10,8
MONTPELLIER-AEROPORT;20190110;2,1;9,4
MONTPELLIER-AEROPORT;20190111;-1,2;9
MONTPELLIER-AEROPORT;20190112;-0,9;14,4
MONTPELLIER-AEROPORT;20190113;4;15,2
MONTPELLIER-AEROPORT;20190114;9,2;16,7
MONTPELLIER-AEROPORT;20190115;3,6;14,4
MONTPELLIER-AEROPORT;20190116;1,2;12,9
MONTPELLIER-AEROPORT;20190117;5,8;14,6
MONTPELLIER-AEROPORT;20190118;3,7;11,6
MONTPELLIER-AEROPORT;20190119;-2,5;10,6
MONTPELLIER-AEROPORT;20190120;1;7,2
MONTPELLIER-AEROPORT;20190121;-0,4;13,3
MONTPELLIER-AEROPORT;20190122;-2;7,8
MONTPELLIER-AEROPORT;20190123;3,4;10,4
MONTPELLIER-AEROPORT;20190124;0,6;9,2
MONTPELLIER-AEROPORT;20190125;-0,5;11,8
MONTPELLIER-AEROPORT;20190126;-0,4;15,9
MONTPELLIER-AEROPORT;20190127;3,5;14,2
MONTPELLIER-AEROPORT;20190128;3,5;11,4
MONTPELLIER-AEROPORT;20190129;0,2;9,7
MONTPELLIER-AEROPORT;20190130;1,8;10,6
MONTPELLIER-AEROPORT;20190131;0,1;9,3
MONTPELLIER-AEROPORT;20190201;6,5;11,4
MONTPELLIER-AEROPORT;20190202;4,4;7,8
MONTPELLIER-AEROPORT;20190203;5,9;10,1
MONTPELLIER-AEROPORT;20190204;-0,6;12,3
MONTPELLIER-AEROPORT;20190205;1,9;15,3
MONTPELLIER-AEROPORT;20190206;-0,7;17,3
MONTPELLIER-AEROPORT;20190207;0,2;16,5
MONTPELLIER-AEROPORT;20190208;1,3;14,3
MONTPELLIER-AEROPORT;20190209;1,7;14,5
MONTPELLIER-AEROPORT;20190210;6,2;15,1
MONTPELLIER-AEROPORT;20190211;6,2;13,7
MONTPELLIER-AEROPORT;20190212;3;16,4
MONTPELLIER-AEROPORT;20190213;0,6;15,3
MONTPELLIER-AEROPORT;20190214;3,5;14,2
MONTPELLIER-AEROPORT;20190215;-1,9;14,2
MONTPELLIER-AEROPORT;20190216;-0,1;15,5
MONTPELLIER-AEROPORT;20190217;4,7;14,5
MONTPELLIER-AEROPORT;20190218;6,6;14,3
MONTPELLIER-AEROPORT;20190219;6,8;13,1
MONTPELLIER-AEROPORT;20190220;1;13,5
MONTPELLIER-AEROPORT;20190221;1,2;13,9
MONTPELLIER-AEROPORT;20190222;3,9;23,6
MONTPELLIER-AEROPORT;20190223;7;19,4
MONTPELLIER-AEROPORT;20190224;9,8;15,6
MONTPELLIER-AEROPORT;20190225;2,9;16,6
MONTPELLIER-AEROPORT;20190226;2,9;19,2
MONTPELLIER-AEROPORT;20190227;2,9;19,4
MONTPELLIER-AEROPORT;20190228;2,6;23,2
MONTPELLIER-AEROPORT;20190301;9;19
MONTPELLIER-AEROPORT;20190302;9,4;18
MONTPELLIER-AEROPORT;20190303;3,7;16,1
MONTPELLIER-AEROPORT;20190304;10,4;18,3
MONTPELLIER-AEROPORT;20190305;9,3;16,7
MONTPELLIER-AEROPORT;20190306;6;14
MONTPELLIER-AEROPORT;20190307;11,3;17,6
MONTPELLIER-AEROPORT;20190308;2,1;16,2
MONTPELLIER-AEROPORT;20190309;8,2;18,7
MONTPELLIER-AEROPORT;20190310;12,4;18,4
MONTPELLIER-AEROPORT;20190311;9,1;16,8
MONTPELLIER-AEROPORT;20190312;-0,5;13,7
MONTPELLIER-AEROPORT;20190313;4,4;15,6
MONTPELLIER-AEROPORT;20190314;8,5;15,5
MONTPELLIER-AEROPORT;20190315;12,3;20,8
MONTPELLIER-AEROPORT;20190316;7,7;18,2
MONTPELLIER-AEROPORT;20190317;6,3;20,1
MONTPELLIER-AEROPORT;20190318;8;16,8
MONTPELLIER-AEROPORT;20190319;5,5;17
MONTPELLIER-AEROPORT;20190320;2,3;17,8
MONTPELLIER-AEROPORT;20190321;2,8;16,8
MONTPELLIER-AEROPORT;20190322;3,5;20,7
MONTPELLIER-AEROPORT;20190323;3,5;26,1
MONTPELLIER-AEROPORT;20190324;5,4;22,2
MONTPELLIER-AEROPORT;20190325;6,7;21,2
MONTPELLIER-AEROPORT;20190326;9;17,7
MONTPELLIER-AEROPORT;20190327;3,7;19,4
MONTPELLIER-AEROPORT;20190328;3;17,7
MONTPELLIER-AEROPORT;20190329;3,2;16,7
MONTPELLIER-AEROPORT;20190330;3,6;16
MONTPELLIER-AEROPORT;20190331;4;16,5
MONTPELLIER-AEROPORT;20190401;4,8;17,9
MONTPELLIER-AEROPORT;20190402;3,6;15,7
MONTPELLIER-AEROPORT;20190403;8,1;10,9
MONTPELLIER-AEROPORT;20190404;4,3;15,4
MONTPELLIER-AEROPORT;20190405;-0,3;15,1
MONTPELLIER-AEROPORT;20190406;9,8;14,7
MONTPELLIER-AEROPORT;20190407;8,2;14,5
MONTPELLIER-AEROPORT;20190408;4;17
MONTPELLIER-AEROPORT;20190409;5,1;16,9
MONTPELLIER-AEROPORT;20190410;9,5;20,7
MONTPELLIER-AEROPORT;20190411;12,7;18,8
MONTPELLIER-AEROPORT;20190412;9,9;19,9
MONTPELLIER-AEROPORT;20190413;3,1;18,9
MONTPELLIER-AEROPORT;20190414;4,8;17,4
MONTPELLIER-AEROPORT;20190415;3,3;15,5
MONTPELLIER-AEROPORT;20190416;10,9;16,4
MONTPELLIER-AEROPORT;20190417;5,8;17,6
MONTPELLIER-AEROPORT;20190418;8,6;19,3
MONTPELLIER-AEROPORT;20190419;9,5;21,5
MONTPELLIER-AEROPORT;20190420;8,4;22,9
MONTPELLIER-AEROPORT;20190421;13,9;19,2
MONTPELLIER-AEROPORT;20190422;11;23,5
MONTPELLIER-AEROPORT;20190423;12,9;16,1
MONTPELLIER-AEROPORT;20190424;14,4;17,4
MONTPELLIER-AEROPORT;20190425;14,3;16,2
MONTPELLIER-AEROPORT;20190426;7;20,4
MONTPELLIER-AEROPORT;20190427;10,1;21
MONTPELLIER-AEROPORT;20190428;10,8;20
MONTPELLIER-AEROPORT;20190429;5,6;21,5
MONTPELLIER-AEROPORT;20190430;9,5;22,7
MONTPELLIER-AEROPORT;20190501;7,5;21
MONTPELLIER-AEROPORT;20190502;10,2;23,4
MONTPELLIER-AEROPORT;20190503;10,3;20,1
MONTPELLIER-AEROPORT;20190504;12,6;21,9
MONTPELLIER-AEROPORT;20190505;8,2;16,9
MONTPELLIER-AEROPORT;20190506;8,3;20,3
MONTPELLIER-AEROPORT;20190507;4,7;17,9
MONTPELLIER-AEROPORT;20190508;13,4;14,9
MONTPELLIER-AEROPORT;20190509;8,9;22,3
MONTPELLIER-AEROPORT;20190510;11,9;20,8
MONTPELLIER-AEROPORT;20190511;12,7;23,6
MONTPELLIER-AEROPORT;20190512;12,6;21,6
MONTPELLIER-AEROPORT;20190513;12,6;23,9
MONTPELLIER-AEROPORT;20190514;8,4;23,6
MONTPELLIER-AEROPORT;20190515;10,6;22
MONTPELLIER-AEROPORT;20190516;7,1;20,3
MONTPELLIER-AEROPORT;20190517;11,3;15,2
MONTPELLIER-AEROPORT;20190518;11;20,8
MONTPELLIER-AEROPORT;20190519;10,6;20,1
MONTPELLIER-AEROPORT;20190520;13,6;23,8
MONTPELLIER-AEROPORT;20190521;13;26,2
MONTPELLIER-AEROPORT;20190522;14,1;26,1
MONTPELLIER-AEROPORT;20190523;12,1;24
MONTPELLIER-AEROPORT;20190524;13,2;21,9
MONTPELLIER-AEROPORT;20190525;13,9;28,4
MONTPELLIER-AEROPORT;20190526;16,4;28,2
MONTPELLIER-AEROPORT;20190527;17,7;26,7
MONTPELLIER-AEROPORT;20190528;15,4;21,9
MONTPELLIER-AEROPORT;20190529;13,6;25
MONTPELLIER-AEROPORT;20190530;12,4;27,5
MONTPELLIER-AEROPORT;20190531;14,3;25,7
MONTPELLIER-AEROPORT;20190601;12,8;22,8
MONTPELLIER-AEROPORT;20190602;13,6;21,6
MONTPELLIER-AEROPORT;20190603;13,6;24,3
MONTPELLIER-AEROPORT;20190604;15,1;22,3
MONTPELLIER-AEROPORT;20190605;14,2;22,6
MONTPELLIER-AEROPORT;20190606;12,8;21,9
MONTPELLIER-AEROPORT;20190607;15,7;21,6
MONTPELLIER-AEROPORT;20190608;11,6;27
MONTPELLIER-AEROPORT;20190609;16,3;26,8
MONTPELLIER-AEROPORT;20190610;18,1;27,3
MONTPELLIER-AEROPORT;20190611;14,8;19,3
MONTPELLIER-AEROPORT;20190612;12;21,5
MONTPELLIER-AEROPORT;20190613;9,7;22,1
MONTPELLIER-AEROPORT;20190614;14,4;28
MONTPELLIER-AEROPORT;20190615;18,5;27,3
MONTPELLIER-AEROPORT;20190616;14,4;27,9
MONTPELLIER-AEROPORT;20190617;14;28,2
MONTPELLIER-AEROPORT;20190618;14,1;26,7
MONTPELLIER-AEROPORT;20190619;15,6;23,2
MONTPELLIER-AEROPORT;20190620;16,7;30
MONTPELLIER-AEROPORT;20190621;17,7;27,5
MONTPELLIER-AEROPORT;20190622;18;27,8
MONTPELLIER-AEROPORT;20190623;16,5;27
MONTPELLIER-AEROPORT;20190624;16,7;28,2
MONTPELLIER-AEROPORT;20190625;16,5;31
MONTPELLIER-AEROPORT;20190626;18,8;33,5
MONTPELLIER-AEROPORT;20190627;19,8;35
MONTPELLIER-AEROPORT;20190628;21,3;43,5
MONTPELLIER-AEROPORT;20190629;21,8;34,9
MONTPELLIER-AEROPORT;20190630;21,6;34,2
MONTPELLIER-AEROPORT;20190701;22,8;30,2
MONTPELLIER-AEROPORT;20190702;20,7;33,4
MONTPELLIER-AEROPORT;20190703;22,6;32,8
MONTPELLIER-AEROPORT;20190704;20,6;33,1
MONTPELLIER-AEROPORT;20190705;20,8;31,3
MONTPELLIER-AEROPORT;20190706;20,8;29,6
MONTPELLIER-AEROPORT;20190707;23,5;36,1
MONTPELLIER-AEROPORT;20190708;22,7;34,5
MONTPELLIER-AEROPORT;20190709;21,5;25,8
MONTPELLIER-AEROPORT;20190710;19,7;33,4
MONTPELLIER-AEROPORT;20190711;16,5;33,9
MONTPELLIER-AEROPORT;20190712;19,6;36,7
MONTPELLIER-AEROPORT;20190713;21,6;32,8
MONTPELLIER-AEROPORT;20190714;19,9;33,5
MONTPELLIER-AEROPORT;20190715;19;32
MONTPELLIER-AEROPORT;20190716;19,5;30,5
MONTPELLIER-AEROPORT;20190717;17,5;34
MONTPELLIER-AEROPORT;20190718;24;33,8
MONTPELLIER-AEROPORT;20190719;20;30,5
MONTPELLIER-AEROPORT;20190720;18,3;27,1
MONTPELLIER-AEROPORT;20190721;20,3;30,4
MONTPELLIER-AEROPORT;20190722;21,9;30,8
MONTPELLIER-AEROPORT;20190723;21,8;31,3
MONTPELLIER-AEROPORT;20190724;20;32,4
MONTPELLIER-AEROPORT;20190725;20,8;29,6
MONTPELLIER-AEROPORT;20190726;21,6;30,4
MONTPELLIER-AEROPORT;20190727;21,4;27,9
MONTPELLIER-AEROPORT;20190728;20,2;30,4
MONTPELLIER-AEROPORT;20190729;17,4;28,7
MONTPELLIER-AEROPORT;20190730;18,3;33,4
MONTPELLIER-AEROPORT;20190731;18,1;32,8
MONTPELLIER-AEROPORT;20190801;18,8;31,2
MONTPELLIER-AEROPORT;20190802;17,8;33
MONTPELLIER-AEROPORT;20190803;21,5;33,7
MONTPELLIER-AEROPORT;20190804;18,7;32,3
MONTPELLIER-AEROPORT;20190805;19,7;27,4
MONTPELLIER-AEROPORT;20190806;20,7;27,6
MONTPELLIER-AEROPORT;20190807;21,5;31,3
MONTPELLIER-AEROPORT;20190808;19,9;31,7
MONTPELLIER-AEROPORT;20190809;22,1;29,3
MONTPELLIER-AEROPORT;20190810;23,2;32,4
MONTPELLIER-AEROPORT;20190811;21,3;29,7
MONTPELLIER-AEROPORT;20190812;21,4;32,2
MONTPELLIER-AEROPORT;20190813;18,2;30,4
MONTPELLIER-AEROPORT;20190814;17,2;31,4
MONTPELLIER-AEROPORT;20190815;17,8;31,5
MONTPELLIER-AEROPORT;20190816;18,6;28,8
MONTPELLIER-AEROPORT;20190817;16,3;25,4
MONTPELLIER-AEROPORT;20190818;22,3;27,2
MONTPELLIER-AEROPORT;20190819;21,1;27,8
MONTPELLIER-AEROPORT;20190820;19,8;25,8
MONTPELLIER-AEROPORT;20190821;14,5;32
MONTPELLIER-AEROPORT;20190822;18,2;32,7
MONTPELLIER-AEROPORT;20190823;18,6;31,9
MONTPELLIER-AEROPORT;20190824;17,1;29,1
MONTPELLIER-AEROPORT;20190825;18,3;29
MONTPELLIER-AEROPORT;20190826;18,6;29,2
MONTPELLIER-AEROPORT;20190827;19,2;29,1
MONTPELLIER-AEROPORT;20190828;17,8;30,7
MONTPELLIER-AEROPORT;20190829;19,4;31,7
MONTPELLIER-AEROPORT;20190830;20,4;33,9
MONTPELLIER-AEROPORT;20190831;20,2;31,1
MONTPELLIER-AEROPORT;20190901;19,3;31,3
MONTPELLIER-AEROPORT;20190902;16,8;31
MONTPELLIER-AEROPORT;20190903;16,3;32,8
MONTPELLIER-AEROPORT;20190904;14,5;29,9
MONTPELLIER-AEROPORT;20190905;20;28,8
MONTPELLIER-AEROPORT;20190906;16,9;27,8
MONTPELLIER-AEROPORT;20190907;16,8;29,2
MONTPELLIER-AEROPORT;20190908;15,1;26,4
MONTPELLIER-AEROPORT;20190909;11;22,7
MONTPELLIER-AEROPORT;20190910;13,6;18,6
MONTPELLIER-AEROPORT;20190911;14,4;29,3
MONTPELLIER-AEROPORT;20190912;15,1;29,3
MONTPELLIER-AEROPORT;20190913;13,8;30
MONTPELLIER-AEROPORT;20190914;15,7;29,2
MONTPELLIER-AEROPORT;20190915;16,3;29,1
MONTPELLIER-AEROPORT;20190916;15,6;28,3
MONTPELLIER-AEROPORT;20190917;16,5;29,3
MONTPELLIER-AEROPORT;20190918;17,5;29,5
MONTPELLIER-AEROPORT;20190919;17,6;27,5
MONTPELLIER-AEROPORT;20190920;15,5;25,5
MONTPELLIER-AEROPORT;20190921;17,6;20,9
MONTPELLIER-AEROPORT;20190922;16,9;21,5
MONTPELLIER-AEROPORT;20190923;12,7;27,2
MONTPELLIER-AEROPORT;20190924;13,5;24,4
MONTPELLIER-AEROPORT;20190925;18,2;26,1
MONTPELLIER-AEROPORT;20190926;18,6;28,3
MONTPELLIER-AEROPORT;20190927;14,1;26,8
MONTPELLIER-AEROPORT;20190928;16,5;27,1
MONTPELLIER-AEROPORT;20190929;11,6;23,6
MONTPELLIER-AEROPORT;20190930;16,3;28,8
MONTPELLIER-AEROPORT;20191001;14;24,1
MONTPELLIER-AEROPORT;20191002;14,9;26
MONTPELLIER-AEROPORT;20191003;12,7;26,2
MONTPELLIER-AEROPORT;20191004;7,6;24,3
MONTPELLIER-AEROPORT;20191005;15,3;24,9
MONTPELLIER-AEROPORT;20191006;13,2;23,9
MONTPELLIER-AEROPORT;20191007;14,6;24
MONTPELLIER-AEROPORT;20191008;9,4;21,5
MONTPELLIER-AEROPORT;20191009;11,1;23,9
MONTPELLIER-AEROPORT;20191010;13,4;25,4
MONTPELLIER-AEROPORT;20191011;8;22
MONTPELLIER-AEROPORT;20191012;17,9;19,4
MONTPELLIER-AEROPORT;20191013;16,8;22
MONTPELLIER-AEROPORT;20191014;17,6;21,2
MONTPELLIER-AEROPORT;20191015;15,6;20
MONTPELLIER-AEROPORT;20191016;8,1;20,7
MONTPELLIER-AEROPORT;20191017;12,8;21,7
MONTPELLIER-AEROPORT;20191018;18;21,8
MONTPELLIER-AEROPORT;20191019;16,9;22,3
MONTPELLIER-AEROPORT;20191020;19,8;22,1
MONTPELLIER-AEROPORT;20191021;13,6;17,3
MONTPELLIER-AEROPORT;20191022;14,8;19,8
MONTPELLIER-AEROPORT;20191023;14,2;21,5
MONTPELLIER-AEROPORT;20191024;12,7;20
MONTPELLIER-AEROPORT;20191025;14,1;23,3
MONTPELLIER-AEROPORT;20191026;10,7;22,4
MONTPELLIER-AEROPORT;20191027;12,5;21,6
MONTPELLIER-AEROPORT;20191028;12,4;19,5
MONTPELLIER-AEROPORT;20191029;13;21,7
MONTPELLIER-AEROPORT;20191030;11,5;20,5
MONTPELLIER-AEROPORT;20191031;13,3;21,6
MONTPELLIER-AEROPORT;20191101;8,3;18,1
MONTPELLIER-AEROPORT;20191102;12,9;19,7
MONTPELLIER-AEROPORT;20191103;11,4;18
MONTPELLIER-AEROPORT;20191104;10,4;20,7
MONTPELLIER-AEROPORT;20191105;10,7;17
MONTPELLIER-AEROPORT;20191106;9,9;17,2
MONTPELLIER-AEROPORT;20191107;6,6;13,7
MONTPELLIER-AEROPORT;20191108;4,9;13,6
MONTPELLIER-AEROPORT;20191109;7,8;14,9
MONTPELLIER-AEROPORT;20191110;4,8;14,6
MONTPELLIER-AEROPORT;20191111;4,9;16,3
MONTPELLIER-AEROPORT;20191112;5;15,7
MONTPELLIER-AEROPORT;20191113;4,1;14,6
MONTPELLIER-AEROPORT;20191114;1,9;8,2
MONTPELLIER-AEROPORT;20191115;0,6;9,5
MONTPELLIER-AEROPORT;20191116;0,5;11,8
MONTPELLIER-AEROPORT;20191117;0,6;13,7
MONTPELLIER-AEROPORT;20191118;1,1;13,3
MONTPELLIER-AEROPORT;20191119;-0,3;12,9
MONTPELLIER-AEROPORT;20191120;5,9;12,8
MONTPELLIER-AEROPORT;20191121;6,9;15,7
MONTPELLIER-AEROPORT;20191122;7,5;15,3
MONTPELLIER-AEROPORT;20191123;13,7;17,6
MONTPELLIER-AEROPORT;20191124;11,4;13,7
MONTPELLIER-AEROPORT;20191125;3,8;15,4
MONTPELLIER-AEROPORT;20191126;6,5;15
MONTPELLIER-AEROPORT;20191127;10,8;18,3
MONTPELLIER-AEROPORT;20191128;8,9;16,8
MONTPELLIER-AEROPORT;20191129;9,6;18,1
MONTPELLIER-AEROPORT;20191130;3,5;15,2
MONTPELLIER-AEROPORT;20191201;9,9;12,3
MONTPELLIER-AEROPORT;20191202;4,9;14,8
MONTPELLIER-AEROPORT;20191203;5,9;12,1
MONTPELLIER-AEROPORT;20191204;3,5;10
MONTPELLIER-AEROPORT;20191205;3,8;11,7
MONTPELLIER-AEROPORT;20191206;4,1;14,5
MONTPELLIER-AEROPORT;20191207;1,8;14,7
MONTPELLIER-AEROPORT;20191208;2,7;16,7
MONTPELLIER-AEROPORT;20191209;10,4;15
MONTPELLIER-AEROPORT;20191210;5,2;11,5
MONTPELLIER-AEROPORT;20191211;-0,6;9,2
MONTPELLIER-AEROPORT;20191212;5,2;12,6
MONTPELLIER-AEROPORT;20191213;6;15,4
MONTPELLIER-AEROPORT;20191214;9,5;18,7
MONTPELLIER-AEROPORT;20191215;7,3;15,9
MONTPELLIER-AEROPORT;20191216;12,4;15,6
MONTPELLIER-AEROPORT;20191217;14,4;16,4
MONTPELLIER-AEROPORT;20191218;12,5;16,9
MONTPELLIER-AEROPORT;20191219;13,7;15,8
MONTPELLIER-AEROPORT;20191220;11,2;16,4
MONTPELLIER-AEROPORT;20191221;9,7;15,3
MONTPELLIER-AEROPORT;20191222;8,9;14,6
MONTPELLIER-AEROPORT;20191223;8,7;15,2
MONTPELLIER-AEROPORT;20191224;6,3;18,9
MONTPELLIER-AEROPORT;20191225;6,8;18,2
MONTPELLIER-AEROPORT;20191226;2,9;15,4
MONTPELLIER-AEROPORT;20191227;7;16,3
MONTPELLIER-AEROPORT;20191228;4,1;14,2
MONTPELLIER-AEROPORT;20191229;5,1;13,2
MONTPELLIER-AEROPORT;20191230;0,9;9,2
MONTPELLIER-AEROPORT;20191231;4,5;12
MONTPELLIER-AEROPORT;20200101;-0,6;10,8
MONTPELLIER-AEROPORT;20200102;0;10,3
MONTPELLIER-AEROPORT;20200103;5;13,4
MONTPELLIER-AEROPORT;20200104;7,8;16,8
MONTPELLIER-AEROPORT;20200105;1,4;13,7
MONTPELLIER-AEROPORT;20200106;3,6;11,8
MONTPELLIER-AEROPORT;20200107;0,5;16,5
MONTPELLIER-AEROPORT;20200108;2,9;15,5
MONTPELLIER-AEROPORT;20200109;0,9;13,5
MONTPELLIER-AEROPORT;20200110;8,6;15,8
MONTPELLIER-AEROPORT;20200111;3,8;13,6
MONTPELLIER-AEROPORT;20200112;-0,4;14,4
MONTPELLIER-AEROPORT;20200113;-1,4;12
MONTPELLIER-AEROPORT;20200114;5,5;14,4
MONTPELLIER-AEROPORT;20200115;9,3;14,2
MONTPELLIER-AEROPORT;20200116;5,6;14,1
MONTPELLIER-AEROPORT;20200117;8,9;12,9
MONTPELLIER-AEROPORT;20200118;4,4;12,1
MONTPELLIER-AEROPORT;20200119;2,4;9,9
MONTPELLIER-AEROPORT;20200120;5,4;8,6
MONTPELLIER-AEROPORT;20200121;3,9;8,5
MONTPELLIER-AEROPORT;20200122;5,6;10,7
MONTPELLIER-AEROPORT;20200123;6,1;12,8
MONTPELLIER-AEROPORT;20200124;9;11,1
MONTPELLIER-AEROPORT;20200125;5,8;13,4
MONTPELLIER-AEROPORT;20200126;8;12,8
MONTPELLIER-AEROPORT;20200127;1,1;9,4
MONTPELLIER-AEROPORT;20200128;4,2;15,9
MONTPELLIER-AEROPORT;20200129;6,5;14,6
MONTPELLIER-AEROPORT;20200130;3,3;11,9
MONTPELLIER-AEROPORT;20200131;5,6;19,8
MONTPELLIER-AEROPORT;20200201;5,3;18,1
MONTPELLIER-AEROPORT;20200202;9,4;22,1
MONTPELLIER-AEROPORT;20200203;15,3;23
MONTPELLIER-AEROPORT;20200204;9,4;16,4
MONTPELLIER-AEROPORT;20200205;5,4;15,9
MONTPELLIER-AEROPORT;20200206;2,5;14,1
MONTPELLIER-AEROPORT;20200207;4,6;14,2
MONTPELLIER-AEROPORT;20200208;6,8;12,4
MONTPELLIER-AEROPORT;20200209;7,1;13,8
MONTPELLIER-AEROPORT;20200210;10,1;18,5
MONTPELLIER-AEROPORT;20200211;12,7;17,1
MONTPELLIER-AEROPORT;20200212;3,8;15,6
MONTPELLIER-AEROPORT;20200213;2;14,4
MONTPELLIER-AEROPORT;20200214;8;18,1
MONTPELLIER-AEROPORT;20200215;1,3;15,4
MONTPELLIER-AEROPORT;20200216;7,4;13,2
MONTPELLIER-AEROPORT;20200217;11,9;14,3
MONTPELLIER-AEROPORT;20200218;6,8;16,2
MONTPELLIER-AEROPORT;20200219;5,5;16,1
MONTPELLIER-AEROPORT;20200220;1,7;14,9
MONTPELLIER-AEROPORT;20200221;3,5;19,3
MONTPELLIER-AEROPORT;20200222;2,4;16,2
MONTPELLIER-AEROPORT;20200223;2,2;18,8
MONTPELLIER-AEROPORT;20200224;8,1;22
MONTPELLIER-AEROPORT;20200225;9,5;16,7
MONTPELLIER-AEROPORT;20200226;7,1;13,8
MONTPELLIER-AEROPORT;20200227;5,7;18,1
MONTPELLIER-AEROPORT;20200228;3,5;14,3
MONTPELLIER-AEROPORT;20200229;10,4;15,1
MONTPELLIER-AEROPORT;20200301;9,8;15,2
MONTPELLIER-AEROPORT;20200302;6,2;15,6
MONTPELLIER-AEROPORT;20200303;6,2;12,4
MONTPELLIER-AEROPORT;20200304;3,8;12,9
MONTPELLIER-AEROPORT;20200305;8,2;13,4
MONTPELLIER-AEROPORT;20200306;6,1;14,1
MONTPELLIER-AEROPORT;20200307;7,5;16,4
MONTPELLIER-AEROPORT;20200308;1;15,9
MONTPELLIER-AEROPORT;20200309;9,4;16,8
MONTPELLIER-AEROPORT;20200310;8;17,4
MONTPELLIER-AEROPORT;20200311;8,5;23,8
MONTPELLIER-AEROPORT;20200312;8,2;15,9
MONTPELLIER-AEROPORT;20200313;11;19,5
MONTPELLIER-AEROPORT;20200314;2,1;19
MONTPELLIER-AEROPORT;20200315;3,1;15,4
MONTPELLIER-AEROPORT;20200316;12,4;14,2
MONTPELLIER-AEROPORT;20200317;7,2;17,6
MONTPELLIER-AEROPORT;20200318;4,3;17,7
MONTPELLIER-AEROPORT;20200319;4,1;19,6
MONTPELLIER-AEROPORT;20200320;3,1;17,6
MONTPELLIER-AEROPORT;20200321;7;17,5
MONTPELLIER-AEROPORT;20200322;5,4;17,3
MONTPELLIER-AEROPORT;20200323;7,2;16,7
MONTPELLIER-AEROPORT;20200324;8,9;11,4
MONTPELLIER-AEROPORT;20200325;0,2;13
MONTPELLIER-AEROPORT;20200326;2,7;12,8
MONTPELLIER-AEROPORT;20200327;7;15,6
MONTPELLIER-AEROPORT;20200328;6,6;17,6
MONTPELLIER-AEROPORT;20200329;10,4;21,6
MONTPELLIER-AEROPORT;20200330;4,9;16,1
MONTPELLIER-AEROPORT;20200331;5,9;16,4
MONTPELLIER-AEROPORT;20200401;8,5;14
MONTPELLIER-AEROPORT;20200402;3,9;14,8
MONTPELLIER-AEROPORT;20200403;5;18,3
MONTPELLIER-AEROPORT;20200404;2,8;17,2
MONTPELLIER-AEROPORT;20200405;3,8;17,5
MONTPELLIER-AEROPORT;20200406;4,5;18,7
MONTPELLIER-AEROPORT;20200407;6,4;19,1
MONTPELLIER-AEROPORT;20200408;5,2;20,5
MONTPELLIER-AEROPORT;20200409;4,1;21,1
MONTPELLIER-AEROPORT;20200410;4,8;19,7
MONTPELLIER-AEROPORT;20200411;7,2;18,5
MONTPELLIER-AEROPORT;20200412;6,4;18,5
MONTPELLIER-AEROPORT;20200413;8,9;16,4
MONTPELLIER-AEROPORT;20200414;8,7;24,7
MONTPELLIER-AEROPORT;20200415;7,6;18,7
MONTPELLIER-AEROPORT;20200416;9,3;18,2
MONTPELLIER-AEROPORT;20200417;12,3;18,1
MONTPELLIER-AEROPORT;20200418;13,9;19,8
MONTPELLIER-AEROPORT;20200419;13;15,7
MONTPELLIER-AEROPORT;20200420;14,1;18
MONTPELLIER-AEROPORT;20200421;14,3;16,2
MONTPELLIER-AEROPORT;20200422;12,9;18,7
MONTPELLIER-AEROPORT;20200423;11;18,8
MONTPELLIER-AEROPORT;20200424;11,7;19,3
MONTPELLIER-AEROPORT;20200425;9,8;19,5
MONTPELLIER-AEROPORT;20200426;10,8;19,7
MONTPELLIER-AEROPORT;20200427;16,3;19,6
MONTPELLIER-AEROPORT;20200428;12,9;23,5
MONTPELLIER-AEROPORT;20200429;12,5;20,4
MONTPELLIER-AEROPORT;20200430;12,5;22,9
MONTPELLIER-AEROPORT;20200501;13;23,1
MONTPELLIER-AEROPORT;20200502;15,5;25,3
MONTPELLIER-AEROPORT;20200503;17,9;28,4
MONTPELLIER-AEROPORT;20200504;12,9;22,8
MONTPELLIER-AEROPORT;20200505;16;23,8
MONTPELLIER-AEROPORT;20200506;15,2;28
MONTPELLIER-AEROPORT;20200507;12,9;23,3
MONTPELLIER-AEROPORT;20200508;12;21,6
MONTPELLIER-AEROPORT;20200509;14,1;20,8
MONTPELLIER-AEROPORT;20200510;15,8;18,1
MONTPELLIER-AEROPORT;20200511;13,8;17,6
MONTPELLIER-AEROPORT;20200512;11,6;19,8
MONTPELLIER-AEROPORT;20200513;12,5;19,1
MONTPELLIER-AEROPORT;20200514;13,6;21,3
MONTPELLIER-AEROPORT;20200515;13,2;22
MONTPELLIER-AEROPORT;20200516;10,8;23,9
MONTPELLIER-AEROPORT;20200517;14,4;27,4
MONTPELLIER-AEROPORT;20200518;12,8;29
MONTPELLIER-AEROPORT;20200519;16,7;30,3
MONTPELLIER-AEROPORT;20200520;18,3;30,9
MONTPELLIER-AEROPORT;20200521;15,7;28,4
MONTPELLIER-AEROPORT;20200522;15;24,5
MONTPELLIER-AEROPORT;20200523;17,5;27,6
MONTPELLIER-AEROPORT;20200524;13;27,2
MONTPELLIER-AEROPORT;20200525;13,5;27,2
MONTPELLIER-AEROPORT;20200526;15,1;29,1
MONTPELLIER-AEROPORT;20200527;14,4;24,5
MONTPELLIER-AEROPORT;20200528;12,6;24,2
MONTPELLIER-AEROPORT;20200529;13,4;25,6
MONTPELLIER-AEROPORT;20200530;12;22,5
MONTPELLIER-AEROPORT;20200531;15,3;22,5
MONTPELLIER-AEROPORT;20200601;15,3;23,3
MONTPELLIER-AEROPORT;20200602;17,1;23,1
MONTPELLIER-AEROPORT;20200603;16;23,9
MONTPELLIER-AEROPORT;20200604;17,7;24,7
MONTPELLIER-AEROPORT;20200605;16,6;23,3
MONTPELLIER-AEROPORT;20200606;15,5;25,9
MONTPELLIER-AEROPORT;20200607;17;24,9
MONTPELLIER-AEROPORT;20200608;15,2;25,2
MONTPELLIER-AEROPORT;20200609;15,5;25,1
MONTPELLIER-AEROPORT;20200610;13,7;26,1
MONTPELLIER-AEROPORT;20200611;13,7;21
MONTPELLIER-AEROPORT;20200612;17,8;20,9
MONTPELLIER-AEROPORT;20200613;18,5;26,6
MONTPELLIER-AEROPORT;20200614;13,2;28,7
MONTPELLIER-AEROPORT;20200615;16,7;29,5
MONTPELLIER-AEROPORT;20200616;16,7;26,9
MONTPELLIER-AEROPORT;20200617;15,5;26,9
MONTPELLIER-AEROPORT;20200618;16,4;24,5
MONTPELLIER-AEROPORT;20200619;13,2;29,5
MONTPELLIER-AEROPORT;20200620;16,1;31,2
MONTPELLIER-AEROPORT;20200621;18,4;33,1
MONTPELLIER-AEROPORT;20200622;21,3;32,1
MONTPELLIER-AEROPORT;20200623;19,2;28,4
MONTPELLIER-AEROPORT;20200624;16,3;27,4
MONTPELLIER-AEROPORT;20200625;16,3;25,8
MONTPELLIER-AEROPORT;20200626;18,5;26,4
MONTPELLIER-AEROPORT;20200627;18,9;26,5
MONTPELLIER-AEROPORT;20200628;19,1;29,1
MONTPELLIER-AEROPORT;20200629;23,1;31,9
MONTPELLIER-AEROPORT;20200630;18,4;28,9
MONTPELLIER-AEROPORT;20200701;20,9;26,7
MONTPELLIER-AEROPORT;20200702;20,2;33,1
MONTPELLIER-AEROPORT;20200703;18,9;29,9
MONTPELLIER-AEROPORT;20200704;19,2;31,6
MONTPELLIER-AEROPORT;20200705;21,2;35
MONTPELLIER-AEROPORT;20200706;22,7;33,8
MONTPELLIER-AEROPORT;20200707;16,3;31,1
MONTPELLIER-AEROPORT;20200708;17,3;29,9
MONTPELLIER-AEROPORT;20200709;15,7;30,1
MONTPELLIER-AEROPORT;20200710;19,3;30,2
MONTPELLIER-AEROPORT;20200711;21,3;33
MONTPELLIER-AEROPORT;20200712;18,4;30,5
MONTPELLIER-AEROPORT;20200713;19,8;31,1
MONTPELLIER-AEROPORT;20200714;21;31,3
MONTPELLIER-AEROPORT;20200715;22,7;29,6
MONTPELLIER-AEROPORT;20200716;19,1;31,3
MONTPELLIER-AEROPORT;20200717;18,5;31,6
MONTPELLIER-AEROPORT;20200718;19,9;32,8
MONTPELLIER-AEROPORT;20200719;17,5;30,1
MONTPELLIER-AEROPORT;20200720;17,3;25,5
MONTPELLIER-AEROPORT;20200721;21,1;25,9
MONTPELLIER-AEROPORT;20200722;19,1;29,3
MONTPELLIER-AEROPORT;20200723;20,9;31,5
MONTPELLIER-AEROPORT;20200724;22,3;35,7
MONTPELLIER-AEROPORT;20200725;20,8;32
MONTPELLIER-AEROPORT;20200726;18,3;31,7
MONTPELLIER-AEROPORT;20200727;19,6;28,5
MONTPELLIER-AEROPORT;20200728;20,9;28
MONTPELLIER-AEROPORT;20200729;22,2;32,7
MONTPELLIER-AEROPORT;20200730;21,1;29,2
MONTPELLIER-AEROPORT;20200731;20,2;30,6
MONTPELLIER-AEROPORT;20200801;20,9;37,6
MONTPELLIER-AEROPORT;20200802;24,3;34,7
MONTPELLIER-AEROPORT;20200803;23,1;31,3
MONTPELLIER-AEROPORT;20200804;18,3;30,7
MONTPELLIER-AEROPORT;20200805;19;31,7
MONTPELLIER-AEROPORT;20200806;15,6;30,4
MONTPELLIER-AEROPORT;20200807;16,8;29
MONTPELLIER-AEROPORT;20200808;21,5;28,5
MONTPELLIER-AEROPORT;20200809;21,5;29,3
MONTPELLIER-AEROPORT;20200810;22,4;28,7
MONTPELLIER-AEROPORT;20200811;19,3;29
MONTPELLIER-AEROPORT;20200812;21,8;29,6
MONTPELLIER-AEROPORT;20200813;19,3;28,3
MONTPELLIER-AEROPORT;20200814;18,9;31,4
MONTPELLIER-AEROPORT;20200815;18,6;32,6
MONTPELLIER-AEROPORT;20200816;23;29,4
MONTPELLIER-AEROPORT;20200817;18,5;29,6
MONTPELLIER-AEROPORT;20200818;21,1;31,8
MONTPELLIER-AEROPORT;20200819;17,4;29
MONTPELLIER-AEROPORT;20200820;22,2;28,6
MONTPELLIER-AEROPORT;20200821;20,4;28,6
MONTPELLIER-AEROPORT;20200822;22,5;35,8
MONTPELLIER-AEROPORT;20200823;20,6;32,1
MONTPELLIER-AEROPORT;20200824;18,3;31,3
MONTPELLIER-AEROPORT;20200825;17;28,2
MONTPELLIER-AEROPORT;20200826;16,4;33,1
MONTPELLIER-AEROPORT;20200827;19,4;29,8
MONTPELLIER-AEROPORT;20200828;18,2;29,7
MONTPELLIER-AEROPORT;20200829;16,2;25,8
MONTPELLIER-AEROPORT;20200830;14,8;26,2
MONTPELLIER-AEROPORT;20200831;13,7;27,7
MONTPELLIER-AEROPORT;20200901;13,9;25,9
MONTPELLIER-AEROPORT;20200902;14,2;26,6
MONTPELLIER-AEROPORT;20200903;15,4;28,2
MONTPELLIER-AEROPORT;20200904;14;24,5
MONTPELLIER-AEROPORT;20200905;14,8;24,8
MONTPELLIER-AEROPORT;20200906;17,8;29,7
MONTPELLIER-AEROPORT;20200907;14,9;27,7
MONTPELLIER-AEROPORT;20200908;16,2;29,8
MONTPELLIER-AEROPORT;20200909;18,5;27,8
MONTPELLIER-AEROPORT;20200910;16,6;24,4
MONTPELLIER-AEROPORT;20200911;17,9;30,5
MONTPELLIER-AEROPORT;20200912;16,6;33,1
MONTPELLIER-AEROPORT;20200913;17,1;30
MONTPELLIER-AEROPORT;20200914;16,2;30,5
MONTPELLIER-AEROPORT;20200915;17;29
MONTPELLIER-AEROPORT;20200916;16;26,4
MONTPELLIER-AEROPORT;20200917;16,2;30,1
MONTPELLIER-AEROPORT;20200918;19,3;27,1
MONTPELLIER-AEROPORT;20200919;23,6;26,8
MONTPELLIER-AEROPORT;20200920;17,8;26,4
MONTPELLIER-AEROPORT;20200921;16,9;25,7
MONTPELLIER-AEROPORT;20200922;17,6;21,9
MONTPELLIER-AEROPORT;20200923;16,1;24
MONTPELLIER-AEROPORT;20200924;17,4;24,9
MONTPELLIER-AEROPORT;20200925;14,3;18,9
MONTPELLIER-AEROPORT;20200926;11,1;19,6
MONTPELLIER-AEROPORT;20200927;8,7;15,1
MONTPELLIER-AEROPORT;20200928;13,7;19,4
MONTPELLIER-AEROPORT;20200929;7,4;22,2
MONTPELLIER-AEROPORT;20200930;9,6;21,3
MONTPELLIER-AEROPORT;20201001;11,7;22,6
MONTPELLIER-AEROPORT;20201002;11,1;19,8
MONTPELLIER-AEROPORT;20201003;8,2;19,8
MONTPELLIER-AEROPORT;20201004;11,7;19,4
MONTPELLIER-AEROPORT;20201005;9,7;20,6
MONTPELLIER-AEROPORT;20201006;12;20,7
MONTPELLIER-AEROPORT;20201007;15,6;21,7
MONTPELLIER-AEROPORT;20201008;9,6;24,1
MONTPELLIER-AEROPORT;20201009;11,3;20,2
MONTPELLIER-AEROPORT;20201010;10,7;23,6
MONTPELLIER-AEROPORT;20201011;9,8;19,8
MONTPELLIER-AEROPORT;20201012;5,8;20,1
MONTPELLIER-AEROPORT;20201013;5,9;19,2
MONTPELLIER-AEROPORT;20201014;8;18,2
MONTPELLIER-AEROPORT;20201015;11,3;18,7
MONTPELLIER-AEROPORT;20201016;12;17,6
MONTPELLIER-AEROPORT;20201017;7;20,1
MONTPELLIER-AEROPORT;20201018;3,6;18,5
MONTPELLIER-AEROPORT;20201019;4,7;17
MONTPELLIER-AEROPORT;20201020;15,1;18,2
MONTPELLIER-AEROPORT;20201021;16,4;18,7
MONTPELLIER-AEROPORT;20201022;17,1;18,8
MONTPELLIER-AEROPORT;20201023;15,1;19,6
MONTPELLIER-AEROPORT;20201024;12,6;20,8
MONTPELLIER-AEROPORT;20201025;9,2;19,3
MONTPELLIER-AEROPORT;20201026;11;17,9
MONTPELLIER-AEROPORT;20201027;9,8;18,4
MONTPELLIER-AEROPORT;20201028;9,7;20,5
MONTPELLIER-AEROPORT;20201029;13,4;22,1
MONTPELLIER-AEROPORT;20201030;8,6;22,3
MONTPELLIER-AEROPORT;20201031;7,4;17,4
MONTPELLIER-AEROPORT;20201101;8;16,5
MONTPELLIER-AEROPORT;20201102;10,7;15,2
MONTPELLIER-AEROPORT;20201103;12,1;20,4
MONTPELLIER-AEROPORT;20201104;9,5;18,5
MONTPELLIER-AEROPORT;20201105;10,8;20,4
MONTPELLIER-AEROPORT;20201106;9,5;19,2
MONTPELLIER-AEROPORT;20201107;11,1;19,5
MONTPELLIER-AEROPORT;20201108;14;19,4
MONTPELLIER-AEROPORT;20201109;12,4;19,3
MONTPELLIER-AEROPORT;20201110;12,1;18,8
MONTPELLIER-AEROPORT;20201111;7,3;19,5
MONTPELLIER-AEROPORT;20201112;9,4;20
MONTPELLIER-AEROPORT;20201113;10,5;18,6
MONTPELLIER-AEROPORT;20201114;12,6;17,8
MONTPELLIER-AEROPORT;20201115;13,8;17,8
MONTPELLIER-AEROPORT;20201116;13;18,7
MONTPELLIER-AEROPORT;20201117;5,9;19
MONTPELLIER-AEROPORT;20201118;6,4;18,4
MONTPELLIER-AEROPORT;20201119;5,1;21,1
MONTPELLIER-AEROPORT;20201120;8,7;15,5
MONTPELLIER-AEROPORT;20201121;1,4;13,7
MONTPELLIER-AEROPORT;20201122;1,8;13,5
MONTPELLIER-AEROPORT;20201123;0,5;13,2
MONTPELLIER-AEROPORT;20201124;2,6;15,4
MONTPELLIER-AEROPORT;20201125;8,4;14,6
MONTPELLIER-AEROPORT;20201126;10,8;15,2
MONTPELLIER-AEROPORT;20201127;11,4;14,9
MONTPELLIER-AEROPORT;20201128;11,2;16,2
MONTPELLIER-AEROPORT;20201129;3,4;15,2
MONTPELLIER-AEROPORT;20201130;1,8;11,5
MONTPELLIER-AEROPORT;20201201;-2,1;11,4
MONTPELLIER-AEROPORT;20201202;2,9;14
MONTPELLIER-AEROPORT;20201203;2,4;13,5
MONTPELLIER-AEROPORT;20201204;6,3;10,7
MONTPELLIER-AEROPORT;20201205;-1,8;11,4
MONTPELLIER-AEROPORT;20201206;-2,8;10,5
MONTPELLIER-AEROPORT;20201207;0,8;8
MONTPELLIER-AEROPORT;20201208;2,3;11,4
MONTPELLIER-AEROPORT;20201209;2,5;11,3
MONTPELLIER-AEROPORT;20201210;0,9;6,2
MONTPELLIER-AEROPORT;20201211;-1;9,7
MONTPELLIER-AEROPORT;20201212;1,9;14,2
MONTPELLIER-AEROPORT;20201213;2,7;16,1
MONTPELLIER-AEROPORT;20201214;2,8;13,4
MONTPELLIER-AEROPORT;20201215;11,7;14
MONTPELLIER-AEROPORT;20201216;9,8;15,2
MONTPELLIER-AEROPORT;20201217;11,9;15,3
MONTPELLIER-AEROPORT;20201218;12,1;15,9
MONTPELLIER-AEROPORT;20201219;13,7;15,2
MONTPELLIER-AEROPORT;20201220;8,9;14,2
MONTPELLIER-AEROPORT;20201221;2;11,7
MONTPELLIER-AEROPORT;20201222;5,3;12,8
MONTPELLIER-AEROPORT;20201223;8,2;13,5
MONTPELLIER-AEROPORT;20201224;8,6;14,6
MONTPELLIER-AEROPORT;20201225;5,3;10,7
MONTPELLIER-AEROPORT;20201226;2,6;10,1
MONTPELLIER-AEROPORT;20201227;-4,5;7,3
MONTPELLIER-AEROPORT;20201228;4,2;12,3
MONTPELLIER-AEROPORT;20201229;3,4;11,5
MONTPELLIER-AEROPORT;20201230;0,7;10,6
MONTPELLIER-AEROPORT;20201231;0;11,1
MONTPELLIER-AEROPORT;20210101;1,9;10,3
MONTPELLIER-AEROPORT;20210102;1,2;7
MONTPELLIER-AEROPORT;20210103;2,9;7
MONTPELLIER-AEROPORT;20210104;0,9;6,7
MONTPELLIER-AEROPORT;20210105;-3,4;8,7
MONTPELLIER-AEROPORT;20210106;-4,2;7,2
MONTPELLIER-AEROPORT;20210107;-4,4;6,9
MONTPELLIER-AEROPORT;20210108;-4,5;8,8
MONTPELLIER-AEROPORT;20210109;3;7,8
MONTPELLIER-AEROPORT;20210110;3,3;5,4
MONTPELLIER-AEROPORT;20210111;-3,8;6,6
MONTPELLIER-AEROPORT;20210112;-5,8;11,2
MONTPELLIER-AEROPORT;20210113;7,3;15,5
MONTPELLIER-AEROPORT;20210114;8,8;14,4
MONTPELLIER-AEROPORT;20210115;8,9;12,9
MONTPELLIER-AEROPORT;20210116;-2,5;10,9
MONTPELLIER-AEROPORT;20210117;3,7;14,8
MONTPELLIER-AEROPORT;20210118;1,2;13,6
MONTPELLIER-AEROPORT;20210119;-3,7;12
MONTPELLIER-AEROPORT;20210120;5,9;12,8
MONTPELLIER-AEROPORT;20210121;9,5;14,8
MONTPELLIER-AEROPORT;20210122;7,1;12
MONTPELLIER-AEROPORT;20210123;4,7;14,6
MONTPELLIER-AEROPORT;20210124;5,3;12,2
MONTPELLIER-AEROPORT;20210125;5,4;13
MONTPELLIER-AEROPORT;20210126;-0,8;10,6
MONTPELLIER-AEROPORT;20210127;2,3;17,1
MONTPELLIER-AEROPORT;20210128;12,3;19,6
MONTPELLIER-AEROPORT;20210129;10,8;18,3
MONTPELLIER-AEROPORT;20210130;5,3;12,5
MONTPELLIER-AEROPORT;20210131;6;17,1
MONTPELLIER-AEROPORT;20210201;10,5;17,1
MONTPELLIER-AEROPORT;20210202;12,6;21,1
MONTPELLIER-AEROPORT;20210203;9;16,5
MONTPELLIER-AEROPORT;20210204;7,1;12,8
MONTPELLIER-AEROPORT;20210205;11,1;17
MONTPELLIER-AEROPORT;20210206;9,9;15,4
MONTPELLIER-AEROPORT;20210207;9,2;13
MONTPELLIER-AEROPORT;20210208;6;11,4
MONTPELLIER-AEROPORT;20210209;7,1;13
MONTPELLIER-AEROPORT;20210210;6,6;15,7
MONTPELLIER-AEROPORT;20210211;1,4;12,4
MONTPELLIER-AEROPORT;20210212;2,1;8,6
MONTPELLIER-AEROPORT;20210213;2,4;10,7
MONTPELLIER-AEROPORT;20210214;-1,7;8,5
MONTPELLIER-AEROPORT;20210215;2;10,3
MONTPELLIER-AEROPORT;20210216;6,9;12
MONTPELLIER-AEROPORT;20210217;3,8;15,8
MONTPELLIER-AEROPORT;20210218;5,9;12,1
MONTPELLIER-AEROPORT;20210219;10,2;14
MONTPELLIER-AEROPORT;20210220;11,4;13,5
MONTPELLIER-AEROPORT;20210221;11;14,9
MONTPELLIER-AEROPORT;20210222;11,5;14,4
MONTPELLIER-AEROPORT;20210223;10,8;15,8
MONTPELLIER-AEROPORT;20210224;10,6;14,6
MONTPELLIER-AEROPORT;20210225;6,8;13,8
MONTPELLIER-AEROPORT;20210226;3,4;16,3
MONTPELLIER-AEROPORT;20210227;5,9;17,6
MONTPELLIER-AEROPORT;20210228;8,2;15,8
MONTPELLIER-AEROPORT;20210301;4,6;15,7
MONTPELLIER-AEROPORT;20210302;4,8;15,2
MONTPELLIER-AEROPORT;20210303;6,1;13,5
MONTPELLIER-AEROPORT;20210304;6,4;13,9
MONTPELLIER-AEROPORT;20210305;4,2;17,6
MONTPELLIER-AEROPORT;20210306;3,5;15,8
MONTPELLIER-AEROPORT;20210307;8,7;14,5
MONTPELLIER-AEROPORT;20210308;7,7;18,1
MONTPELLIER-AEROPORT;20210309;4,5;17,2
MONTPELLIER-AEROPORT;20210310;2,3;15,3
MONTPELLIER-AEROPORT;20210311;8,7;16,9
MONTPELLIER-AEROPORT;20210312;9,5;17,4
MONTPELLIER-AEROPORT;20210313;5,9;18,4
MONTPELLIER-AEROPORT;20210314;9;15,8
MONTPELLIER-AEROPORT;20210315;7,6;16
MONTPELLIER-AEROPORT;20210316;7,1;17,5
MONTPELLIER-AEROPORT;20210317;8,3;16,9
MONTPELLIER-AEROPORT;20210318;4,7;12,8
MONTPELLIER-AEROPORT;20210319;2,5;13,4
MONTPELLIER-AEROPORT;20210320;1,4;13,7
MONTPELLIER-AEROPORT;20210321;1,5;18
MONTPELLIER-AEROPORT;20210322;6,6;18,5
MONTPELLIER-AEROPORT;20210323;2,2;16,7
MONTPELLIER-AEROPORT;20210324;1;15,9
MONTPELLIER-AEROPORT;20210325;2,8;22,4
MONTPELLIER-AEROPORT;20210326;6;14,4
MONTPELLIER-AEROPORT;20210327;7,8;18,5
MONTPELLIER-AEROPORT;20210328;2,9;18,1
MONTPELLIER-AEROPORT;20210329;4,3;17,8
MONTPELLIER-AEROPORT;20210330;3,8;19,5
MONTPELLIER-AEROPORT;20210331;3,6;17,5
MONTPELLIER-AEROPORT;20210401;2,3;18,9
MONTPELLIER-AEROPORT;20210402;4,7;20,9
MONTPELLIER-AEROPORT;20210403;8,8;23,6
MONTPELLIER-AEROPORT;20210404;8;19,5
MONTPELLIER-AEROPORT;20210405;3,6;23,8
MONTPELLIER-AEROPORT;20210406;8,4;16,6
MONTPELLIER-AEROPORT;20210407;3,9;14,4
MONTPELLIER-AEROPORT;20210408;0,2;14,7
MONTPELLIER-AEROPORT;20210409;11,3;15,6
MONTPELLIER-AEROPORT;20210410;9,1;13,7
MONTPELLIER-AEROPORT;20210411;9;13,7
MONTPELLIER-AEROPORT;20210412;4,9;16,7
MONTPELLIER-AEROPORT;20210413;4,6;18,8
MONTPELLIER-AEROPORT;20210414;4,4;17,4
MONTPELLIER-AEROPORT;20210415;4,1;18
MONTPELLIER-AEROPORT;20210416;3,3;15,9
MONTPELLIER-AEROPORT;20210417;7,2;17
MONTPELLIER-AEROPORT;20210418;6,9;18,7
MONTPELLIER-AEROPORT;20210419;4,9;19,7
MONTPELLIER-AEROPORT;20210420;3,7;18,1
MONTPELLIER-AEROPORT;20210421;8,9;17,5
MONTPELLIER-AEROPORT;20210422;6,6;19,1
MONTPELLIER-AEROPORT;20210423;6,7;20,5
MONTPELLIER-AEROPORT;20210424;6,6;20,8
MONTPELLIER-AEROPORT;20210425;8,5;18,8
MONTPELLIER-AEROPORT;20210426;10,8;23,1
MONTPELLIER-AEROPORT;20210427;12,1;18,1
MONTPELLIER-AEROPORT;20210428;13,1;17,7
MONTPELLIER-AEROPORT;20210429;12,3;19,7
MONTPELLIER-AEROPORT;20210430;12;19,2
MONTPELLIER-AEROPORT;20210501;11,4;16,3
MONTPELLIER-AEROPORT;20210502;9;20
MONTPELLIER-AEROPORT;20210503;5,6;19,1
MONTPELLIER-AEROPORT;20210504;6,6;18,1
MONTPELLIER-AEROPORT;20210505;12,3;22,5
MONTPELLIER-AEROPORT;20210506;11;19
MONTPELLIER-AEROPORT;20210507;16,1;24,6
MONTPELLIER-AEROPORT;20210508;9,9;21,6
MONTPELLIER-AEROPORT;20210509;15,7;19,9
MONTPELLIER-AEROPORT;20210510;14,9;17,1
MONTPELLIER-AEROPORT;20210511;10,6;20,2
MONTPELLIER-AEROPORT;20210512;7,9;19,7
MONTPELLIER-AEROPORT;20210513;11;22,2
MONTPELLIER-AEROPORT;20210514;12,3;21,7
MONTPELLIER-AEROPORT;20210515;12,6;17,3
MONTPELLIER-AEROPORT;20210516;14,8;20,8
MONTPELLIER-AEROPORT;20210517;12,3;21,5
MONTPELLIER-AEROPORT;20210518;10,1;18,8
MONTPELLIER-AEROPORT;20210519;11,9;21,6
MONTPELLIER-AEROPORT;20210520;9,7;21,7
MONTPELLIER-AEROPORT;20210521;11,5;17,6
MONTPELLIER-AEROPORT;20210522;13;23,2
MONTPELLIER-AEROPORT;20210523;12,2;20,8
MONTPELLIER-AEROPORT;20210524;12,6;21,7
MONTPELLIER-AEROPORT;20210525;12,3;23,2
MONTPELLIER-AEROPORT;20210526;9,6;21,5
MONTPELLIER-AEROPORT;20210527;10,6;25,7
MONTPELLIER-AEROPORT;20210528;13,8;22,6
MONTPELLIER-AEROPORT;20210529;14,2;25,3
MONTPELLIER-AEROPORT;20210530;16,8;26
MONTPELLIER-AEROPORT;20210531;15,2;23
MONTPELLIER-AEROPORT;20210601;13,9;21,1
MONTPELLIER-AEROPORT;20210602;16,4;21,9
MONTPELLIER-AEROPORT;20210603;13,4;23,1
MONTPELLIER-AEROPORT;20210604;16,4;23,9
MONTPELLIER-AEROPORT;20210605;15,5;27,6
MONTPELLIER-AEROPORT;20210606;17,5;28
MONTPELLIER-AEROPORT;20210607;17,1;28,2
MONTPELLIER-AEROPORT;20210608;15,7;29,3
MONTPELLIER-AEROPORT;20210609;17;30
MONTPELLIER-AEROPORT;20210610;18,3;32,7
MONTPELLIER-AEROPORT;20210611;19;31,1
MONTPELLIER-AEROPORT;20210612;18,4;32,3
MONTPELLIER-AEROPORT;20210613;21,3;34
MONTPELLIER-AEROPORT;20210614;19,3;30
MONTPELLIER-AEROPORT;20210615;21,8;31,4
MONTPELLIER-AEROPORT;20210616;20;27,5
MONTPELLIER-AEROPORT;20210617;23,4;28,2
MONTPELLIER-AEROPORT;20210618;22,7;26,3
MONTPELLIER-AEROPORT;20210619;22,3;26
MONTPELLIER-AEROPORT;20210620;21,2;25,7
MONTPELLIER-AEROPORT;20210621;22,3;26,6
MONTPELLIER-AEROPORT;20210622;17;28,8
MONTPELLIER-AEROPORT;20210623;17,9;28,5
MONTPELLIER-AEROPORT;20210624;18,1;27,7
MONTPELLIER-AEROPORT;20210625;16,1;27,3
MONTPELLIER-AEROPORT;20210626;16,9;27,4
MONTPELLIER-AEROPORT;20210627;19,8;26,4
MONTPELLIER-AEROPORT;20210628;19,7;25,9
MONTPELLIER-AEROPORT;20210629;18,5;27,6
MONTPELLIER-AEROPORT;20210630;17,2;29,8
MONTPELLIER-AEROPORT;20210701;15,8;28,1
MONTPELLIER-AEROPORT;20210702;17,6;29,9
MONTPELLIER-AEROPORT;20210703;19,6;29,8
MONTPELLIER-AEROPORT;20210704;19;26
MONTPELLIER-AEROPORT;20210705;17,9;28
MONTPELLIER-AEROPORT;20210706;22,5;25,9
MONTPELLIER-AEROPORT;20210707;19,3;28,3
MONTPELLIER-AEROPORT;20210708;18,4;28,5
MONTPELLIER-AEROPORT;20210709;17,6;27,5
MONTPELLIER-AEROPORT;20210710;17,1;26,9
MONTPELLIER-AEROPORT;20210711;17,7;28,8
MONTPELLIER-AEROPORT;20210712;20,7;26,6
MONTPELLIER-AEROPORT;20210713;16,9;25,5
MONTPELLIER-AEROPORT;20210714;16,5;27,7
MONTPELLIER-AEROPORT;20210715;19;29,9
MONTPELLIER-AEROPORT;20210716;21,2;30,5
MONTPELLIER-AEROPORT;20210717;18,2;31,7
MONTPELLIER-AEROPORT;20210718;22,2;34,5
MONTPELLIER-AEROPORT;20210719;21,6;33,6
MONTPELLIER-AEROPORT;20210720;20,6;33,1
MONTPELLIER-AEROPORT;20210721;21,3;32
MONTPELLIER-AEROPORT;20210722;21;31,6
MONTPELLIER-AEROPORT;20210723;21;29
MONTPELLIER-AEROPORT;20210724;22,7;27,4
MONTPELLIER-AEROPORT;20210725;20,6;32,4
MONTPELLIER-AEROPORT;20210726;18,9;32,8
MONTPELLIER-AEROPORT;20210727;18,4;28,9
MONTPELLIER-AEROPORT;20210728;18,8;29,1
MONTPELLIER-AEROPORT;20210729;17,4;30,1
MONTPELLIER-AEROPORT;20210730;20,1;28,4
MONTPELLIER-AEROPORT;20210731;19,3;30,8
MONTPELLIER-AEROPORT;20210801;18,3;28,1
MONTPELLIER-AEROPORT;20210802;17,1;26,3
MONTPELLIER-AEROPORT;20210803;15,3;26,6
MONTPELLIER-AEROPORT;20210804;17,9;23,2
MONTPELLIER-AEROPORT;20210805;18,4;29,1
MONTPELLIER-AEROPORT;20210806;19,1;29,3
MONTPELLIER-AEROPORT;20210807;19;26,7
MONTPELLIER-AEROPORT;20210808;16,5;29,1
MONTPELLIER-AEROPORT;20210809;14,5;28,8
MONTPELLIER-AEROPORT;20210810;17,9;30,1
MONTPELLIER-AEROPORT;20210811;17,9;32,1
MONTPELLIER-AEROPORT;20210812;19,9;29,7
MONTPELLIER-AEROPORT;20210813;19,8;34
MONTPELLIER-AEROPORT;20210814;21;31,6
MONTPELLIER-AEROPORT;20210815;20,5;31,1
MONTPELLIER-AEROPORT;20210816;23;30
MONTPELLIER-AEROPORT;20210817;21;31
MONTPELLIER-AEROPORT;20210818;18,3;30,1
MONTPELLIER-AEROPORT;20210819;17,8;28,3
MONTPELLIER-AEROPORT;20210820;18;29,1
MONTPELLIER-AEROPORT;20210821;16,7;27,9
MONTPELLIER-AEROPORT;20210822;20,4;34
MONTPELLIER-AEROPORT;20210823;18,2;30,6
MONTPELLIER-AEROPORT;20210824;16;29,3
MONTPELLIER-AEROPORT;20210825;16,4;27,4
MONTPELLIER-AEROPORT;20210826;16,4;29,5
MONTPELLIER-AEROPORT;20210827;18,6;28,6
MONTPELLIER-AEROPORT;20210828;14,7;30,2
MONTPELLIER-AEROPORT;20210829;15;29,8
MONTPELLIER-AEROPORT;20210830;14,2;26,5
MONTPELLIER-AEROPORT;20210831;15,3;29
MONTPELLIER-AEROPORT;20210901;14,7;26,1
MONTPELLIER-AEROPORT;20210902;15,4;25,3
MONTPELLIER-AEROPORT;20210903;17,2;22,3
MONTPELLIER-AEROPORT;20210904;16,9;25
MONTPELLIER-AEROPORT;20210905;16,8;26,8
MONTPELLIER-AEROPORT;20210906;20,2;26,7
MONTPELLIER-AEROPORT;20210907;21,2;26,1
MONTPELLIER-AEROPORT;20210908;19,7;25,9
MONTPELLIER-AEROPORT;20210909;19,6;26,6
MONTPELLIER-AEROPORT;20210910;19,1;25,3
MONTPELLIER-AEROPORT;20210911;15,7;27,7
MONTPELLIER-AEROPORT;20210912;15,4;27,5
MONTPELLIER-AEROPORT;20210913;16,2;26,2
MONTPELLIER-AEROPORT;20210914;21,6;26,1
MONTPELLIER-AEROPORT;20210915;22;25,5
MONTPELLIER-AEROPORT;20210916;18,3;25,5
MONTPELLIER-AEROPORT;20210917;15,4;26,5
MONTPELLIER-AEROPORT;20210918;15,3;25,6
MONTPELLIER-AEROPORT;20210919;14,6;23,9
MONTPELLIER-AEROPORT;20210920;15,2;25,3
MONTPELLIER-AEROPORT;20210921;13,1;26,1
MONTPELLIER-AEROPORT;20210922;13,4;25,8
MONTPELLIER-AEROPORT;20210923;13,2;24,3
MONTPELLIER-AEROPORT;20210924;13,4;24,8
MONTPELLIER-AEROPORT;20210925;17,6;24,2
MONTPELLIER-AEROPORT;20210926;17,9;24,8
MONTPELLIER-AEROPORT;20210927;15,1;26,6
MONTPELLIER-AEROPORT;20210928;14,6;23,8
MONTPELLIER-AEROPORT;20210929;15,7;25,5
MONTPELLIER-AEROPORT;20210930;11,5;24,6
MONTPELLIER-AEROPORT;20211001;9,9;23,1
MONTPELLIER-AEROPORT;20211002;10,8;22,2
MONTPELLIER-AEROPORT;20211003;17,3;22,3
MONTPELLIER-AEROPORT;20211004;13;16,1
MONTPELLIER-AEROPORT;20211005;11,3;20,8
MONTPELLIER-AEROPORT;20211006;11,6;21,7
MONTPELLIER-AEROPORT;20211007;11,7;21,7
MONTPELLIER-AEROPORT;20211008;7,2;21,5
MONTPELLIER-AEROPORT;20211009;8,1;21,4
MONTPELLIER-AEROPORT;20211010;11,6;21
MONTPELLIER-AEROPORT;20211011;7,9;22,9
MONTPELLIER-AEROPORT;20211012;7,2;22,2
MONTPELLIER-AEROPORT;20211013;11,9;21
MONTPELLIER-AEROPORT;20211014;9,4;20
MONTPELLIER-AEROPORT;20211015;9,1;20,3
MONTPELLIER-AEROPORT;20211016;7,4;21,6
MONTPELLIER-AEROPORT;20211017;6,6;20,2
MONTPELLIER-AEROPORT;20211018;7,6;20
MONTPELLIER-AEROPORT;20211019;11,4;19,8
MONTPELLIER-AEROPORT;20211020;18,7;20,9
MONTPELLIER-AEROPORT;20211021;16;21,2
MONTPELLIER-AEROPORT;20211022;8,8;22,4
MONTPELLIER-AEROPORT;20211023;4,9;19,6
MONTPELLIER-AEROPORT;20211024;8,9;21,6
MONTPELLIER-AEROPORT;20211025;7,3;19,6
MONTPELLIER-AEROPORT;20211026;7,2;22,9
MONTPELLIER-AEROPORT;20211027;7,4;19,9
MONTPELLIER-AEROPORT;20211028;8,6;20,8
MONTPELLIER-AEROPORT;20211029;14,6;19,2
MONTPELLIER-AEROPORT;20211030;15,1;19,5
MONTPELLIER-AEROPORT;20211031;14,3;19,4
MONTPELLIER-AEROPORT;20211101;14;20,3
MONTPELLIER-AEROPORT;20211102;9,8;18,9
MONTPELLIER-AEROPORT;20211103;10,8;16,9
MONTPELLIER-AEROPORT;20211104;6,9;17,2
MONTPELLIER-AEROPORT;20211105;3,4;15,4
MONTPELLIER-AEROPORT;20211106;3,8;16
MONTPELLIER-AEROPORT;20211107;1,7;18,6
MONTPELLIER-AEROPORT;20211108;6,1;18,4
MONTPELLIER-AEROPORT;20211109;2,3;16,2
MONTPELLIER-AEROPORT;20211110;8,8;12,5
MONTPELLIER-AEROPORT;20211111;9;20,9
MONTPELLIER-AEROPORT;20211112;9,4;16,7
MONTPELLIER-AEROPORT;20211113;6,8;15,3
MONTPELLIER-AEROPORT;20211114;7,5;17,8
MONTPELLIER-AEROPORT;20211115;8,2;14,9
MONTPELLIER-AEROPORT;20211116;8,5;18,3
MONTPELLIER-AEROPORT;20211117;4,9;14,7
MONTPELLIER-AEROPORT;20211118;4,6;16,8
MONTPELLIER-AEROPORT;20211119;6,5;16,9
MONTPELLIER-AEROPORT;20211120;4;15,2
MONTPELLIER-AEROPORT;20211121;8,9;13,4
MONTPELLIER-AEROPORT;20211122;4,5;14,8
MONTPELLIER-AEROPORT;20211123;6,7;14,4
MONTPELLIER-AEROPORT;20211124;7,4;9,9
MONTPELLIER-AEROPORT;20211125;8,7;11,5
MONTPELLIER-AEROPORT;20211126;2,7;10
MONTPELLIER-AEROPORT;20211127;3,6;11,8
MONTPELLIER-AEROPORT;20211128;3,9;9,5
MONTPELLIER-AEROPORT;20211129;3;10,2
MONTPELLIER-AEROPORT;20211130;-2,4;14,1
MONTPELLIER-AEROPORT;20211201;2,2;12,7
MONTPELLIER-AEROPORT;20211202;4,6;13
MONTPELLIER-AEROPORT;20211203;1,9;11,5
MONTPELLIER-AEROPORT;20211204;3;14,8
MONTPELLIER-AEROPORT;20211205;4;11,3
MONTPELLIER-AEROPORT;20211206;5,1;12,3
MONTPELLIER-AEROPORT;20211207;0,6;11,4
MONTPELLIER-AEROPORT;20211208;6,9;10,5
MONTPELLIER-AEROPORT;20211209;5,6;10,5
MONTPELLIER-AEROPORT;20211210;2,1;13,3
MONTPELLIER-AEROPORT;20211211;3,4;12,8
MONTPELLIER-AEROPORT;20211212;2,6;13,6
MONTPELLIER-AEROPORT;20211213;0,5;13,3
MONTPELLIER-AEROPORT;20211214;-0,1;15,2
MONTPELLIER-AEROPORT;20211215;-0,6;15,8
MONTPELLIER-AEROPORT;20211216;0,1;11,6
MONTPELLIER-AEROPORT;20211217;3,1;14,3
MONTPELLIER-AEROPORT;20211218;-1,6;13
MONTPELLIER-AEROPORT;20211219;2,7;12,4
MONTPELLIER-AEROPORT;20211220;-2,4;8,1
MONTPELLIER-AEROPORT;20211221;-2,8;10,5
MONTPELLIER-AEROPORT;20211222;2,7;11,9
MONTPELLIER-AEROPORT;20211223;8,1;10,6
MONTPELLIER-AEROPORT;20211224;8,2;12,4
MONTPELLIER-AEROPORT;20211225;9,4;16,2
MONTPELLIER-AEROPORT;20211226;4;17
MONTPELLIER-AEROPORT;20211227;5,6;15
MONTPELLIER-AEROPORT;20211228;8,4;18,2
MONTPELLIER-AEROPORT;20211229;14,3;20,2
MONTPELLIER-AEROPORT;20211230;8,9;21,6
MONTPELLIER-AEROPORT;20211231;6;13,6
MONTPELLIER-AEROPORT;20220101;5,9;10,1
MONTPELLIER-AEROPORT;20220102;7,9;11,1
MONTPELLIER-AEROPORT;20220103;3;13,8
MONTPELLIER-AEROPORT;20220104;7,1;13,1
MONTPELLIER-AEROPORT;20220105;6,1;10,9
MONTPELLIER-AEROPORT;20220106;2,8;11,2
MONTPELLIER-AEROPORT;20220107;-1,9;10,9
MONTPELLIER-AEROPORT;20220108;5,5;15,1
MONTPELLIER-AEROPORT;20220109;7,9;11,2
MONTPELLIER-AEROPORT;20220110;6,6;12,7
MONTPELLIER-AEROPORT;20220111;-0,1;10,7
MONTPELLIER-AEROPORT;20220112;-1;9,7
MONTPELLIER-AEROPORT;20220113;-2,8;11,2
MONTPELLIER-AEROPORT;20220114;-4,1;11,8
MONTPELLIER-AEROPORT;20220115;-3,5;10,7
MONTPELLIER-AEROPORT;20220116;-4,4;16,7
MONTPELLIER-AEROPORT;20220117;0,1;15,9
MONTPELLIER-AEROPORT;20220118;-0,8;13,1
MONTPELLIER-AEROPORT;20220119;2;14,4
MONTPELLIER-AEROPORT;20220120;2,7;14,1
MONTPELLIER-AEROPORT;20220121;1,4;10,5
MONTPELLIER-AEROPORT;20220122;-2,4;11,5
MONTPELLIER-AEROPORT;20220123;-0,5;12,3
MONTPELLIER-AEROPORT;20220124;1;12,1
MONTPELLIER-AEROPORT;20220125;-2,1;11,8
MONTPELLIER-AEROPORT;20220126;-2,4;13,1
MONTPELLIER-AEROPORT;20220127;-3,5;12,4
MONTPELLIER-AEROPORT;20220128;-3,4;17,9
MONTPELLIER-AEROPORT;20220129;0,5;16,8
MONTPELLIER-AEROPORT;20220130;-0,3;18,2
MONTPELLIER-AEROPORT;20220131;-1;13,9
MONTPELLIER-AEROPORT;20220201;4,3;14,3
MONTPELLIER-AEROPORT;20220202;8,4;18,3
MONTPELLIER-AEROPORT;20220203;0,1;17,2
MONTPELLIER-AEROPORT;20220204;1;17,6
MONTPELLIER-AEROPORT;20220205;5,1;17,3
MONTPELLIER-AEROPORT;20220206;-0,7;14,3
MONTPELLIER-AEROPORT;20220207;7,7;18
MONTPELLIER-AEROPORT;20220208;0,1;15,9
MONTPELLIER-AEROPORT;20220209;0,7;14
MONTPELLIER-AEROPORT;20220210;9,3;14,2
MONTPELLIER-AEROPORT;20220211;2,9;16,9
MONTPELLIER-AEROPORT;20220212;5,4;15,2
MONTPELLIER-AEROPORT;20220213;7,6;12,6
MONTPELLIER-AEROPORT;20220214;10,9;13
MONTPELLIER-AEROPORT;20220215;7;14,2
MONTPELLIER-AEROPORT;20220216;8,1;16,4
MONTPELLIER-AEROPORT;20220217;12,9;20,4
MONTPELLIER-AEROPORT;20220218;5,4;16,3
MONTPELLIER-AEROPORT;20220219;8,9;15,9
MONTPELLIER-AEROPORT;20220220;6,4;16,4
MONTPELLIER-AEROPORT;20220221;11,1;15,9
MONTPELLIER-AEROPORT;20220222;8,6;17,8
MONTPELLIER-AEROPORT;20220223;5,8;18,9
MONTPELLIER-AEROPORT;20220224;6,3;16,8
MONTPELLIER-AEROPORT;20220225;8,4;15,5
MONTPELLIER-AEROPORT;20220226;5,9;14,5
MONTPELLIER-AEROPORT;20220227;0,7;14,1
MONTPELLIER-AEROPORT;20220228;2,3;13,6
MONTPELLIER-AEROPORT;20220301;1,7;13
MONTPELLIER-AEROPORT;20220302;3,7;11,8
MONTPELLIER-AEROPORT;20220303;0,2;14,7
MONTPELLIER-AEROPORT;20220304;6,5;19,1
MONTPELLIER-AEROPORT;20220305;3,4;14,8
MONTPELLIER-AEROPORT;20220306;0,6;14,4
MONTPELLIER-AEROPORT;20220307;-2,1;12,8
MONTPELLIER-AEROPORT;20220308;1,1;11,6
MONTPELLIER-AEROPORT;20220309;5,8;12,9
MONTPELLIER-AEROPORT;20220310;6,1;13,1
MONTPELLIER-AEROPORT;20220311;11,7;12,9
MONTPELLIER-AEROPORT;20220312;8;11,8
MONTPELLIER-AEROPORT;20220313;7,1;11,4
MONTPELLIER-AEROPORT;20220314;7,9;13,4
MONTPELLIER-AEROPORT;20220315;10,6;14,4
MONTPELLIER-AEROPORT;20220316;9,2;15,2
MONTPELLIER-AEROPORT;20220317;7,8;16,3
MONTPELLIER-AEROPORT;20220318;10,1;16,7
MONTPELLIER-AEROPORT;20220319;7,3;16,8
MONTPELLIER-AEROPORT;20220320;5,9;12,6
MONTPELLIER-AEROPORT;20220321;7,9;12,8
MONTPELLIER-AEROPORT;20220322;3,4;15
MONTPELLIER-AEROPORT;20220323;2,9;15,3
MONTPELLIER-AEROPORT;20220324;2,1;16,9
MONTPELLIER-AEROPORT;20220325;2,9;17,7
MONTPELLIER-AEROPORT;20220326;3,8;17,6
MONTPELLIER-AEROPORT;20220327;5,1;20,9
MONTPELLIER-AEROPORT;20220328;4,8;19,7
MONTPELLIER-AEROPORT;20220329;7,1;16,5
MONTPELLIER-AEROPORT;20220330;10,1;17,1
MONTPELLIER-AEROPORT;20220331;10,6;19,2
MONTPELLIER-AEROPORT;20220401;5,7;11,3
MONTPELLIER-AEROPORT;20220402;4,7;9,1
MONTPELLIER-AEROPORT;20220403;1,6;11,2
MONTPELLIER-AEROPORT;20220404;-0,6;14,4
MONTPELLIER-AEROPORT;20220405;1,7;17
MONTPELLIER-AEROPORT;20220406;4,9;18,3
MONTPELLIER-AEROPORT;20220407;11,6;21,7
MONTPELLIER-AEROPORT;20220408;12,5;20,7
MONTPELLIER-AEROPORT;20220409;10,3;17,9
MONTPELLIER-AEROPORT;20220410;2,1;16,5
MONTPELLIER-AEROPORT;20220411;6,4;14,5
MONTPELLIER-AEROPORT;20220412;6,6;16,4
MONTPELLIER-AEROPORT;20220413;8,6;18,5
MONTPELLIER-AEROPORT;20220414;8,1;24,5
MONTPELLIER-AEROPORT;20220415;12,2;27,2
MONTPELLIER-AEROPORT;20220416;12,3;28,9
MONTPELLIER-AEROPORT;20220417;11,1;20,2
MONTPELLIER-AEROPORT;20220418;7,5;20,5
MONTPELLIER-AEROPORT;20220419;10,2;22,4
MONTPELLIER-AEROPORT;20220420;11,9;17,6
MONTPELLIER-AEROPORT;20220421;12,2;19,3
MONTPELLIER-AEROPORT;20220422;9,7;18,9
MONTPELLIER-AEROPORT;20220423;10;16
MONTPELLIER-AEROPORT;20220424;9,1;18,3
MONTPELLIER-AEROPORT;20220425;10,9;22,3
MONTPELLIER-AEROPORT;20220426;7,1;20,7
MONTPELLIER-AEROPORT;20220427;9,6;20,9
MONTPELLIER-AEROPORT;20220428;11,5;24
MONTPELLIER-AEROPORT;20220429;10,5;23,6
MONTPELLIER-AEROPORT;20220430;14;24,6
MONTPELLIER-AEROPORT;20220501;9,2;23,3
MONTPELLIER-AEROPORT;20220502;10,6;21,7
MONTPELLIER-AEROPORT;20220503;12,1;21,7
MONTPELLIER-AEROPORT;20220504;9,5;21,9
MONTPELLIER-AEROPORT;20220505;12,8;22,7
MONTPELLIER-AEROPORT;20220506;11,5;23,4
MONTPELLIER-AEROPORT;20220507;13,4;26,7
MONTPELLIER-AEROPORT;20220508;12,7;25,3
MONTPELLIER-AEROPORT;20220509;11,6;23,4
MONTPELLIER-AEROPORT;20220510;12;22,8
MONTPELLIER-AEROPORT;20220511;12,2;22
MONTPELLIER-AEROPORT;20220512;13,2;21,1
MONTPELLIER-AEROPORT;20220513;12;23,7
MONTPELLIER-AEROPORT;20220514;13,4;26,6
MONTPELLIER-AEROPORT;20220515;15,8;22,7
MONTPELLIER-AEROPORT;20220516;14,2;23,4
MONTPELLIER-AEROPORT;20220517;15;24,5
MONTPELLIER-AEROPORT;20220518;15,4;31
MONTPELLIER-AEROPORT;20220519;17,8;24,6
MONTPELLIER-AEROPORT;20220520;15,3;24,8
MONTPELLIER-AEROPORT;20220521;16,2;26,4
MONTPELLIER-AEROPORT;20220522;16,3;25,3
MONTPELLIER-AEROPORT;20220523;19,6;28,3
MONTPELLIER-AEROPORT;20220524;18;23,4
MONTPELLIER-AEROPORT;20220525;17;28,3
MONTPELLIER-AEROPORT;20220526;17,3;30,1
MONTPELLIER-AEROPORT;20220527;15,2;33,1
MONTPELLIER-AEROPORT;20220528;17,3;30,9
MONTPELLIER-AEROPORT;20220529;14,2;27
MONTPELLIER-AEROPORT;20220530;12,2;25,1
MONTPELLIER-AEROPORT;20220531;16,3;24,8
MONTPELLIER-AEROPORT;20220601;14;25,5
MONTPELLIER-AEROPORT;20220602;18,3;25
MONTPELLIER-AEROPORT;20220603;18,2;27,7
MONTPELLIER-AEROPORT;20220604;19,7;26,1
MONTPELLIER-AEROPORT;20220605;19,7;32,9
MONTPELLIER-AEROPORT;20220606;17,2;28,8
MONTPELLIER-AEROPORT;20220607;19,4;30,5
MONTPELLIER-AEROPORT;20220608;17,4;27,7
MONTPELLIER-AEROPORT;20220609;18;28,1
MONTPELLIER-AEROPORT;20220610;17,3;33,2
MONTPELLIER-AEROPORT;20220611;17,2;32,5
MONTPELLIER-AEROPORT;20220612;17,1;29,5
MONTPELLIER-AEROPORT;20220613;19;35,4
MONTPELLIER-AEROPORT;20220614;19,7;30,9
MONTPELLIER-AEROPORT;20220615;19,2;29,6
MONTPELLIER-AEROPORT;20220616;17,9;31,7
MONTPELLIER-AEROPORT;20220617;23,9;38,6
MONTPELLIER-AEROPORT;20220618;19,3;29,5
MONTPELLIER-AEROPORT;20220619;20;27,6
MONTPELLIER-AEROPORT;20220620;19,1;27,7
MONTPELLIER-AEROPORT;20220621;22,6;30,4
MONTPELLIER-AEROPORT;20220622;22,6;27,7
MONTPELLIER-AEROPORT;20220623;23,4;27,2
MONTPELLIER-AEROPORT;20220624;19,6;29,9
MONTPELLIER-AEROPORT;20220625;17,3;26,6
MONTPELLIER-AEROPORT;20220626;23,3;28
MONTPELLIER-AEROPORT;20220627;20,9;32,1
MONTPELLIER-AEROPORT;20220628;18,3;34,2
MONTPELLIER-AEROPORT;20220629;19,5;29,6
MONTPELLIER-AEROPORT;20220630;19,1;28,5
MONTPELLIER-AEROPORT;20220701;16,9;29,1
MONTPELLIER-AEROPORT;20220702;16,1;29,5
MONTPELLIER-AEROPORT;20220703;16,9;30
MONTPELLIER-AEROPORT;20220704;20,8;34,6
MONTPELLIER-AEROPORT;20220705;22,6;33,1
MONTPELLIER-AEROPORT;20220706;22,9;33,5
MONTPELLIER-AEROPORT;20220707;18,3;35,1
MONTPELLIER-AEROPORT;20220708;21,4;35
MONTPELLIER-AEROPORT;20220709;19,2;32,9
MONTPELLIER-AEROPORT;20220710;22,5;35,9
MONTPELLIER-AEROPORT;20220711;18,2;29,9
MONTPELLIER-AEROPORT;20220712;19;29,3
MONTPELLIER-AEROPORT;20220713;18,8;28,8
MONTPELLIER-AEROPORT;20220714;20,6;29,1
MONTPELLIER-AEROPORT;20220715;21,7;37
MONTPELLIER-AEROPORT;20220716;24,6;37
MONTPELLIER-AEROPORT;20220717;20,4;33,6
MONTPELLIER-AEROPORT;20220718;21;33,6
MONTPELLIER-AEROPORT;20220719;20,9;31
MONTPELLIER-AEROPORT;20220720;20;35,1
MONTPELLIER-AEROPORT;20220721;21,7;33,9
MONTPELLIER-AEROPORT;20220722;21,2;31,4
MONTPELLIER-AEROPORT;20220723;24,1;33,1
MONTPELLIER-AEROPORT;20220724;23,4;33,2
MONTPELLIER-AEROPORT;20220725;21,8;37,3
MONTPELLIER-AEROPORT;20220726;22,6;36,3
MONTPELLIER-AEROPORT;20220727;21;31,7
MONTPELLIER-AEROPORT;20220728;18,3;30,7
MONTPELLIER-AEROPORT;20220729;19,2;28,3
MONTPELLIER-AEROPORT;20220730;22,7;33,6
MONTPELLIER-AEROPORT;20220731;22,9;36
MONTPELLIER-AEROPORT;20220801;23,7;35,6
MONTPELLIER-AEROPORT;20220802;24,9;34,8
MONTPELLIER-AEROPORT;20220803;20,7;30,8
MONTPELLIER-AEROPORT;20220804;21,8;29,2
MONTPELLIER-AEROPORT;20220805;23,1;32,2
MONTPELLIER-AEROPORT;20220806;21,9;35,9
MONTPELLIER-AEROPORT;20220807;23,5;32,9
MONTPELLIER-AEROPORT;20220808;20,1;34,5
MONTPELLIER-AEROPORT;20220809;18;34,3
MONTPELLIER-AEROPORT;20220810;19,8;30,9
MONTPELLIER-AEROPORT;20220811;21;30,6
MONTPELLIER-AEROPORT;20220812;23,3;30,9
MONTPELLIER-AEROPORT;20220813;23,1;30,4
MONTPELLIER-AEROPORT;20220814;19,9;29,3
MONTPELLIER-AEROPORT;20220815;19,9;29,7
MONTPELLIER-AEROPORT;20220816;19,4;29,9
MONTPELLIER-AEROPORT;20220817;19,6;27,9
MONTPELLIER-AEROPORT;20220818;16,8;28,2
MONTPELLIER-AEROPORT;20220819;22,3;32,5
MONTPELLIER-AEROPORT;20220820;20,4;33,5
MONTPELLIER-AEROPORT;20220821;19,5;32,7
MONTPELLIER-AEROPORT;20220822;21,6;33
MONTPELLIER-AEROPORT;20220823;21,4;34
MONTPELLIER-AEROPORT;20220824;18,9;30,1
MONTPELLIER-AEROPORT;20220825;19,2;29,3
MONTPELLIER-AEROPORT;20220826;20,8;33
MONTPELLIER-AEROPORT;20220827;19,7;30,8
MONTPELLIER-AEROPORT;20220828;18,2;29,6
MONTPELLIER-AEROPORT;20220829;18;29,1
MONTPELLIER-AEROPORT;20220830;23,3;28,5
MONTPELLIER-AEROPORT;20220831;18,6;31
MONTPELLIER-AEROPORT;20220901;18,8;30,8
MONTPELLIER-AEROPORT;20220902;20,1;27,8
MONTPELLIER-AEROPORT;20220903;19,6;27,3
MONTPELLIER-AEROPORT;20220904;19,7;28,4
MONTPELLIER-AEROPORT;20220905;21,3;28,1
MONTPELLIER-AEROPORT;20220906;19,6;28,4
MONTPELLIER-AEROPORT;20220907;18,3;26,9
MONTPELLIER-AEROPORT;20220908;17,4;27,5
MONTPELLIER-AEROPORT;20220909;17;27,2
MONTPELLIER-AEROPORT;20220910;16,5;25,2
MONTPELLIER-AEROPORT;20220911;15,3;27,8
MONTPELLIER-AEROPORT;20220912;15,6;25,5
MONTPELLIER-AEROPORT;20220913;21,8;26,1
MONTPELLIER-AEROPORT;20220914;21,9;27,2
MONTPELLIER-AEROPORT;20220915;18,4;31,3
MONTPELLIER-AEROPORT;20220916;20,3;29,1
MONTPELLIER-AEROPORT;20220917;15,6;22,9
MONTPELLIER-AEROPORT;20220918;11,7;25,2
MONTPELLIER-AEROPORT;20220919;11,9;26
MONTPELLIER-AEROPORT;20220920;9,2;26
MONTPELLIER-AEROPORT;20220921;9,9;25,3
MONTPELLIER-AEROPORT;20220922;11,9;23,1
MONTPELLIER-AEROPORT;20220923;13,4;23,1
MONTPELLIER-AEROPORT;20220924;15,9;22,4
MONTPELLIER-AEROPORT;20220925;13,3;23
MONTPELLIER-AEROPORT;20220926;12,6;22,6
MONTPELLIER-AEROPORT;20220927;16,4;21,2
MONTPELLIER-AEROPORT;20220928;16,3;23,6
MONTPELLIER-AEROPORT;20220929;15,7;21,9
MONTPELLIER-AEROPORT;20220930;13,8;20,6
MONTPELLIER-AEROPORT;20221001;9,9;24
MONTPELLIER-AEROPORT;20221002;14,5;28,2
MONTPELLIER-AEROPORT;20221003;14,9;26,8
MONTPELLIER-AEROPORT;20221004;11,6;23,4
MONTPELLIER-AEROPORT;20221005;13;21,1
MONTPELLIER-AEROPORT;20221006;13,8;23,9
MONTPELLIER-AEROPORT;20221007;13,4;22,7
MONTPELLIER-AEROPORT;20221008;15,7;21,8
MONTPELLIER-AEROPORT;20221009;13,2;21,4
MONTPELLIER-AEROPORT;20221010;14,5;22,9
MONTPELLIER-AEROPORT;20221011;12;22,3
MONTPELLIER-AEROPORT;20221012;13,1;24,3
MONTPELLIER-AEROPORT;20221013;11,2;21,5
MONTPELLIER-AEROPORT;20221014;17;25,1
MONTPELLIER-AEROPORT;20221015;11,6;22,7
MONTPELLIER-AEROPORT;20221016;16,6;22,4
MONTPELLIER-AEROPORT;20221017;16,7;22
MONTPELLIER-AEROPORT;20221018;17,5;22,7
MONTPELLIER-AEROPORT;20221019;17,4;21,3
MONTPELLIER-AEROPORT;20221020;20;21,3
MONTPELLIER-AEROPORT;20221021;20,3;22,7
MONTPELLIER-AEROPORT;20221022;16,7;23,6
MONTPELLIER-AEROPORT;20221023;20,5;21,6
MONTPELLIER-AEROPORT;20221024;19,6;22,7
MONTPELLIER-AEROPORT;20221025;13,8;23
MONTPELLIER-AEROPORT;20221026;17,2;23,3
MONTPELLIER-AEROPORT;20221027;18,6;22,7
MONTPELLIER-AEROPORT;20221028;16;22,5
MONTPELLIER-AEROPORT;20221029;12;23,5
MONTPELLIER-AEROPORT;20221030;14,7;22,6
MONTPELLIER-AEROPORT;20221031;15,4;21,9
MONTPELLIER-AEROPORT;20221101;18,1;23,5
MONTPELLIER-AEROPORT;20221102;12;22,7
MONTPELLIER-AEROPORT;20221103;9,7;16,4
MONTPELLIER-AEROPORT;20221104;8,9;16,4
MONTPELLIER-AEROPORT;20221105;10,6;18,6
MONTPELLIER-AEROPORT;20221106;4,4;18,5
MONTPELLIER-AEROPORT;20221107;4,9;20,3
MONTPELLIER-AEROPORT;20221108;9,6;19
MONTPELLIER-AEROPORT;20221109;17,3;21,1
MONTPELLIER-AEROPORT;20221110;10;20,4
MONTPELLIER-AEROPORT;20221111;11,8;21,1
MONTPELLIER-AEROPORT;20221112;9,4;21
MONTPELLIER-AEROPORT;20221113;9,4;18,8
MONTPELLIER-AEROPORT;20221114;13,2;17,6
MONTPELLIER-AEROPORT;20221115;13,6;19
MONTPELLIER-AEROPORT;20221116;9;19,2
MONTPELLIER-AEROPORT;20221117;10;19,3
MONTPELLIER-AEROPORT;20221118;9,5;17,5
MONTPELLIER-AEROPORT;20221119;5,7;16,6
MONTPELLIER-AEROPORT;20221120;7,2;15,7
MONTPELLIER-AEROPORT;20221121;6,1;10,8
MONTPELLIER-AEROPORT;20221122;7,8;13,9
MONTPELLIER-AEROPORT;20221123;8;17,9
MONTPELLIER-AEROPORT;20221124;8,5;17,4
MONTPELLIER-AEROPORT;20221125;7,2;18,6
MONTPELLIER-AEROPORT;20221126;6,2;17,1
MONTPELLIER-AEROPORT;20221127;2,7;14,3
MONTPELLIER-AEROPORT;20221128;8,3;12
MONTPELLIER-AEROPORT;20221129;4,9;15,2
MONTPELLIER-AEROPORT;20221130;2,1;14,5
MONTPELLIER-AEROPORT;20221201;4;12,7
MONTPELLIER-AEROPORT;20221202;1,7;8,8
MONTPELLIER-AEROPORT;20221203;6,1;8,7
MONTPELLIER-AEROPORT;20221204;4,3;13,1
MONTPELLIER-AEROPORT;20221205;-0,6;12,4
MONTPELLIER-AEROPORT;20221206;2,2;13,1
MONTPELLIER-AEROPORT;20221207;1,1;11
MONTPELLIER-AEROPORT;20221208;0,3;8,8
MONTPELLIER-AEROPORT;20221209;5,3;15,3
MONTPELLIER-AEROPORT;20221210;2,6;10,3
MONTPELLIER-AEROPORT;20221211;-4,7;9,2
MONTPELLIER-AEROPORT;20221212;-5;5,6
MONTPELLIER-AEROPORT;20221213;1,9;8,3
MONTPELLIER-AEROPORT;20221214;6,3;13,4
MONTPELLIER-AEROPORT;20221215;9;12
MONTPELLIER-AEROPORT;20221216;6,4;14,6
MONTPELLIER-AEROPORT;20221217;-1,6;10,9
MONTPELLIER-AEROPORT;20221218;-1,6;11,1
MONTPELLIER-AEROPORT;20221219;8,9;15
MONTPELLIER-AEROPORT;20221220;11,5;15,4
MONTPELLIER-AEROPORT;20221221;11,9;19,5
MONTPELLIER-AEROPORT;20221222;8,8;16,2
MONTPELLIER-AEROPORT;20221223;13;21,5
MONTPELLIER-AEROPORT;20221224;9,8;20
MONTPELLIER-AEROPORT;20221225;6,4;14,5
MONTPELLIER-AEROPORT;20221226;12,3;17,7
MONTPELLIER-AEROPORT;20221227;6,1;17,2
MONTPELLIER-AEROPORT;20221228;2,7;11,7
MONTPELLIER-AEROPORT;20221229;9,4;15,6
MONTPELLIER-AEROPORT;20221230;8;14,5
MONTPELLIER-AEROPORT;20221231;10,4;15,1
MONTPELLIER-AEROPORT;20230101;13,3;16,1
MONTPELLIER-AEROPORT;20230102;14,5;15,3
MONTPELLIER-AEROPORT;20230103;11,5;13,4
MONTPELLIER-AEROPORT;20230104;2,2;16,2
MONTPELLIER-AEROPORT;20230105;7,7;19,6
MONTPELLIER-AEROPORT;20230106;5,2;15,3
MONTPELLIER-AEROPORT;20230107;7,7;15
MONTPELLIER-AEROPORT;20230108;9,8;14,6
MONTPELLIER-AEROPORT;20230109;8,7;14
MONTPELLIER-AEROPORT;20230110;5,9;14,6
MONTPELLIER-AEROPORT;20230111;2,8;17,2
MONTPELLIER-AEROPORT;20230112;4,9;15,5
MONTPELLIER-AEROPORT;20230113;8,9;16,9
MONTPELLIER-AEROPORT;20230114;3,5;12,3
MONTPELLIER-AEROPORT;20230115;5;14,6
MONTPELLIER-AEROPORT;20230116;4,6;11,7
MONTPELLIER-AEROPORT;20230117;3,1;11,6
MONTPELLIER-AEROPORT;20230118;4,4;10
MONTPELLIER-AEROPORT;20230119;-1,1;9,5
MONTPELLIER-AEROPORT;20230120;0,7;9,9
MONTPELLIER-AEROPORT;20230121;1,9;10,5
MONTPELLIER-AEROPORT;20230122;0,2;8
MONTPELLIER-AEROPORT;20230123;-1,8;8,9
MONTPELLIER-AEROPORT;20230124;-1,9;11,8
MONTPELLIER-AEROPORT;20230125;0,5;11,1
MONTPELLIER-AEROPORT;20230126;-2,6;10,1
MONTPELLIER-AEROPORT;20230127;-1,5;8,4
MONTPELLIER-AEROPORT;20230128;2;8,5
MONTPELLIER-AEROPORT;20230129;-3,7;9,8
MONTPELLIER-AEROPORT;20230130;-4,9;13,2
MONTPELLIER-AEROPORT;20230131;1;15
MONTPELLIER-AEROPORT;20230201;-1,5;16,3
MONTPELLIER-AEROPORT;20230202;-0,2;15,8
MONTPELLIER-AEROPORT;20230203;1,2;18
MONTPELLIER-AEROPORT;20230204;3,1;19,7
MONTPELLIER-AEROPORT;20230205;3,8;17
MONTPELLIER-AEROPORT;20230206;5,3;13
MONTPELLIER-AEROPORT;20230207;3,9;11,8
MONTPELLIER-AEROPORT;20230208;-0,6;11
MONTPELLIER-AEROPORT;20230209;-1,5;11,5
MONTPELLIER-AEROPORT;20230210;-2,8;11,6
MONTPELLIER-AEROPORT;20230211;-3,3;11,9
MONTPELLIER-AEROPORT;20230212;-3,5;12,5
MONTPELLIER-AEROPORT;20230213;-1,9;13,4
MONTPELLIER-AEROPORT;20230214;1,2;13,3
MONTPELLIER-AEROPORT;20230215;4,6;13,6
MONTPELLIER-AEROPORT;20230216;0,3;13,3
MONTPELLIER-AEROPORT;20230217;0,4;13,3
MONTPELLIER-AEROPORT;20230218;2,7;16
MONTPELLIER-AEROPORT;20230219;2,9;20,7
MONTPELLIER-AEROPORT;20230220;3,8;17,2
MONTPELLIER-AEROPORT;20230221;5,6;15,3
MONTPELLIER-AEROPORT;20230222;9,6;16,1
MONTPELLIER-AEROPORT;20230223;7,2;13,8
MONTPELLIER-AEROPORT;20230224;9,8;13,8
MONTPELLIER-AEROPORT;20230225;6,1;12,6
MONTPELLIER-AEROPORT;20230226;2,8;11,1
MONTPELLIER-AEROPORT;20230227;0,5;8,1
MONTPELLIER-AEROPORT;20230228;3,4;8,2
MONTPELLIER-AEROPORT;20230301;1;11,1
MONTPELLIER-AEROPORT;20230302;3,3;13,6
MONTPELLIER-AEROPORT;20230303;-0,1;14,7
MONTPELLIER-AEROPORT;20230304;3,4;17,4
MONTPELLIER-AEROPORT;20230305;1,8;14,9
MONTPELLIER-AEROPORT;20230306;-0,3;15
MONTPELLIER-AEROPORT;20230307;-0,5;11,5
MONTPELLIER-AEROPORT;20230308;3,8;14,5
MONTPELLIER-AEROPORT;20230309;8,6;17,1
MONTPELLIER-AEROPORT;20230310;9,5;19,5
MONTPELLIER-AEROPORT;20230311;12,3;22,7
MONTPELLIER-AEROPORT;20230312;9,3;22,6
MONTPELLIER-AEROPORT;20230313;8,9;16,4
MONTPELLIER-AEROPORT;20230314;11,1;18,1
MONTPELLIER-AEROPORT;20230315;6,4;17,6
MONTPELLIER-AEROPORT;20230316;3,1;15,6
MONTPELLIER-AEROPORT;20230317;9,3;15,3
MONTPELLIER-AEROPORT;20230318;5,8;15,3
MONTPELLIER-AEROPORT;20230319;9,8;15,9
MONTPELLIER-AEROPORT;20230320;6,1;18,7
MONTPELLIER-AEROPORT;20230321;4,6;16,1
MONTPELLIER-AEROPORT;20230322;5,4;15,9
MONTPELLIER-AEROPORT;20230323;11;16
MONTPELLIER-AEROPORT;20230324;13,9;17,8
MONTPELLIER-AEROPORT;20230325;10,8;19,6
MONTPELLIER-AEROPORT;20230326;8,7;19,5
MONTPELLIER-AEROPORT;20230327;11,3;19,3
MONTPELLIER-AEROPORT;20230328;4,1;16,6
MONTPELLIER-AEROPORT;20230329;4,5;17,3
MONTPELLIER-AEROPORT;20230330;13,2;17,8
MONTPELLIER-AEROPORT;20230331;11,5;21,6
MONTPELLIER-AEROPORT;20230401;11,7;19,1
MONTPELLIER-AEROPORT;20230402;9,6;20
MONTPELLIER-AEROPORT;20230403;7,8;19,7
MONTPELLIER-AEROPORT;20230404;5;17,6
MONTPELLIER-AEROPORT;20230405;2,2;17,5
MONTPELLIER-AEROPORT;20230406;3,8;17,3
MONTPELLIER-AEROPORT;20230407;3,8;21,5
MONTPELLIER-AEROPORT;20230408;5,4;21,1
MONTPELLIER-AEROPORT;20230409;6,2;20,4
MONTPELLIER-AEROPORT;20230410;4,7;16,9
MONTPELLIER-AEROPORT;20230411;10,4;23,6
MONTPELLIER-AEROPORT;20230412;7,3;18,7
MONTPELLIER-AEROPORT;20230413;8;17,1
MONTPELLIER-AEROPORT;20230414;8,1;17,1
MONTPELLIER-AEROPORT;20230415;13;19,6
MONTPELLIER-AEROPORT;20230416;9,8;22,9
MONTPELLIER-AEROPORT;20230417;9,5;21
MONTPELLIER-AEROPORT;20230418;5,8;19,8
MONTPELLIER-AEROPORT;20230419;7,3;20,3
MONTPELLIER-AEROPORT;20230420;5,4;18,1
MONTPELLIER-AEROPORT;20230421;11,8;17,7
MONTPELLIER-AEROPORT;20230422;14,9;17,6
MONTPELLIER-AEROPORT;20230423;10,4;18,9
MONTPELLIER-AEROPORT;20230424;11,3;21,8
MONTPELLIER-AEROPORT;20230425;13,9;21,2
MONTPELLIER-AEROPORT;20230426;8;21,2
MONTPELLIER-AEROPORT;20230427;15,6;22,6
MONTPELLIER-AEROPORT;20230428;13,5;19,2
MONTPELLIER-AEROPORT;20230429;13,8;25
MONTPELLIER-AEROPORT;20230430;16,1;22,9
MONTPELLIER-AEROPORT;20230501;11,6;25,2
MONTPELLIER-AEROPORT;20230502;11,7;26,3
MONTPELLIER-AEROPORT;20230503;12,3;23,6
MONTPELLIER-AEROPORT;20230504;10;20,7
MONTPELLIER-AEROPORT;20230505;10,1;20,1
MONTPELLIER-AEROPORT;20230506;13,1;20,2
MONTPELLIER-AEROPORT;20230507;14,1;27,1
MONTPELLIER-AEROPORT;20230508;14;27,8
MONTPELLIER-AEROPORT;20230509;14,6;23,5
MONTPELLIER-AEROPORT;20230510;14,6;23,5
MONTPELLIER-AEROPORT;20230511;12,9;24
MONTPELLIER-AEROPORT;20230512;12,3;20,1
MONTPELLIER-AEROPORT;20230513;11,2;21,4
MONTPELLIER-AEROPORT;20230514;12,5;23,8
MONTPELLIER-AEROPORT;20230515;14,7;25,6
MONTPELLIER-AEROPORT;20230516;14,6;23,8
MONTPELLIER-AEROPORT;20230517;11,8;22,8
MONTPELLIER-AEROPORT;20230518;12,9;21,4
MONTPELLIER-AEROPORT;20230519;13,8;23,3
MONTPELLIER-AEROPORT;20230520;13,9;21,3
MONTPELLIER-AEROPORT;20230521;14,7;21,5
MONTPELLIER-AEROPORT;20230522;14,4;26,5
MONTPELLIER-AEROPORT;20230523;14;27,4
MONTPELLIER-AEROPORT;20230524;15,5;27,1
MONTPELLIER-AEROPORT;20230525;16,1;22,2
MONTPELLIER-AEROPORT;20230526;13,7;25,6
MONTPELLIER-AEROPORT;20230527;13,7;27
MONTPELLIER-AEROPORT;20230528;13,6;24,3
MONTPELLIER-AEROPORT;20230529;14;26,1
MONTPELLIER-AEROPORT;20230530;14,6;28
MONTPELLIER-AEROPORT;20230531;15,8;24,1
MONTPELLIER-AEROPORT;20230601;16,2;26,2
MONTPELLIER-AEROPORT;20230602;15,4;25,6
MONTPELLIER-AEROPORT;20230603;15,4;24,5
MONTPELLIER-AEROPORT;20230604;16,3;24,6
MONTPELLIER-AEROPORT;20230605;16,3;24,7
MONTPELLIER-AEROPORT;20230606;16,3;25,3
MONTPELLIER-AEROPORT;20230607;17,6;25,1
MONTPELLIER-AEROPORT;20230608;18,6;25,3
MONTPELLIER-AEROPORT;20230609;20,9;23,3
MONTPELLIER-AEROPORT;20230610;18,7;27,9
MONTPELLIER-AEROPORT;20230611;18;30,4
MONTPELLIER-AEROPORT;20230612;17,4;29,1
MONTPELLIER-AEROPORT;20230613;18;25,9
MONTPELLIER-AEROPORT;20230614;17,8;29,2
MONTPELLIER-AEROPORT;20230615;20,8;32,7
MONTPELLIER-AEROPORT;20230616;20,2;32,6
MONTPELLIER-AEROPORT;20230617;17,5;31,2
MONTPELLIER-AEROPORT;20230618;19,4;26
MONTPELLIER-AEROPORT;20230619;18,2;27,2
MONTPELLIER-AEROPORT;20230620;19,5;25,8
MONTPELLIER-AEROPORT;20230621;20,9;31,5
MONTPELLIER-AEROPORT;20230622;19,5;29,3
MONTPELLIER-AEROPORT;20230623;17,9;31,7
MONTPELLIER-AEROPORT;20230624;20,5;33,1
MONTPELLIER-AEROPORT;20230625;18;29,6
MONTPELLIER-AEROPORT;20230626;25;36,6
MONTPELLIER-AEROPORT;20230627;21;33,6
MONTPELLIER-AEROPORT;20230628;19,5;32,2
MONTPELLIER-AEROPORT;20230629;20,2;30,5
MONTPELLIER-AEROPORT;20230630;19;28,1
MONTPELLIER-AEROPORT;20230701;18,6;30,1
MONTPELLIER-AEROPORT;20230702;20,9;31,2
MONTPELLIER-AEROPORT;20230703;19,4;30,2
MONTPELLIER-AEROPORT;20230704;18,2;29,4
MONTPELLIER-AEROPORT;20230705;22,3;29,7
MONTPELLIER-AEROPORT;20230706;20,5;31
MONTPELLIER-AEROPORT;20230707;18,8;28,1
MONTPELLIER-AEROPORT;20230708;19,1;32,4
MONTPELLIER-AEROPORT;20230709;20,3;30,5
MONTPELLIER-AEROPORT;20230710;21,5;34,2
MONTPELLIER-AEROPORT;20230711;21,1;29,3
MONTPELLIER-AEROPORT;20230712;23,3;32,1
MONTPELLIER-AEROPORT;20230713;21,1;33,6
MONTPELLIER-AEROPORT;20230714;18,6;29,5
MONTPELLIER-AEROPORT;20230715;22,5;28
MONTPELLIER-AEROPORT;20230716;21,6;30,7
MONTPELLIER-AEROPORT;20230717;20,6;31,8
MONTPELLIER-AEROPORT;20230718;22,1;29,5
MONTPELLIER-AEROPORT;20230719;24,7;37,6
MONTPELLIER-AEROPORT;20230720;21,9;32
MONTPELLIER-AEROPORT;20230721;23,9;34,4
MONTPELLIER-AEROPORT;20230722;19,9;31,3
MONTPELLIER-AEROPORT;20230723;17,6;28,7
MONTPELLIER-AEROPORT;20230724;21,9;32,9
MONTPELLIER-AEROPORT;20230725;21,2;28,3
MONTPELLIER-AEROPORT;20230726;18,8;30,9
MONTPELLIER-AEROPORT;20230727;18,5;27,4
MONTPELLIER-AEROPORT;20230728;20,6;28,4
MONTPELLIER-AEROPORT;20230729;20,2;27,4
MONTPELLIER-AEROPORT;20230730;22,7;34,5
MONTPELLIER-AEROPORT;20230731;19,2;34
MONTPELLIER-AEROPORT;20230801;22,2;30,8
MONTPELLIER-AEROPORT;20230802;21,5;30,1
MONTPELLIER-AEROPORT;20230803;22,2;30,8
MONTPELLIER-AEROPORT;20230804;19,1;27,6
MONTPELLIER-AEROPORT;20230805;19,2;29,4
MONTPELLIER-AEROPORT;20230806;18,4;27,6
MONTPELLIER-AEROPORT;20230807;17,2;29
MONTPELLIER-AEROPORT;20230808;14,5;28,2
MONTPELLIER-AEROPORT;20230809;14,1;30,4
MONTPELLIER-AEROPORT;20230810;18;28,4
MONTPELLIER-AEROPORT;20230811;18,5;27,4
MONTPELLIER-AEROPORT;20230812;18,3;28,5
MONTPELLIER-AEROPORT;20230813;19,9;26,2
MONTPELLIER-AEROPORT;20230814;22,6;26,8
MONTPELLIER-AEROPORT;20230815;20,7;28,1
MONTPELLIER-AEROPORT;20230816;18,1;28,5
MONTPELLIER-AEROPORT;20230817;18,9;30,5
MONTPELLIER-AEROPORT;20230818;18,4;31,7
MONTPELLIER-AEROPORT;20230819;19,1;32
MONTPELLIER-AEROPORT;20230820;20,2;34
MONTPELLIER-AEROPORT;20230821;22,2;34,1
MONTPELLIER-AEROPORT;20230822;22,1;34,1
MONTPELLIER-AEROPORT;20230823;23,5;36,4
MONTPELLIER-AEROPORT;20230824;21,2;32,4
MONTPELLIER-AEROPORT;20230825;23,8;32,2
MONTPELLIER-AEROPORT;20230826;20,1;28,8
MONTPELLIER-AEROPORT;20230827;18,3;24,8
MONTPELLIER-AEROPORT;20230828;19,5;28
MONTPELLIER-AEROPORT;20230829;18,5;27,4
MONTPELLIER-AEROPORT;20230830;16,6;29,2
MONTPELLIER-AEROPORT;20230831;18,9;27,4
MONTPELLIER-AEROPORT;20230901;14,6;23,4
MONTPELLIER-AEROPORT;20230902;19,7;25
MONTPELLIER-AEROPORT;20230903;16,2;30,4
MONTPELLIER-AEROPORT;20230904;17,6;31,8
MONTPELLIER-AEROPORT;20230905;17,5;29
MONTPELLIER-AEROPORT;20230906;16,3;27,8
MONTPELLIER-AEROPORT;20230907;14,4;29,9
MONTPELLIER-AEROPORT;20230908;15,8;30,1
MONTPELLIER-AEROPORT;20230909;15,6;28,8
MONTPELLIER-AEROPORT;20230910;14,4;29,1
MONTPELLIER-AEROPORT;20230911;15,6;26,7
MONTPELLIER-AEROPORT;20230912;19,2;27,1
MONTPELLIER-AEROPORT;20230913;19;29,5
MONTPELLIER-AEROPORT;20230914;15,9;30,1
MONTPELLIER-AEROPORT;20230915;16;26,4
MONTPELLIER-AEROPORT;20230916;21,1;27
MONTPELLIER-AEROPORT;20230917;22,6;27,9
MONTPELLIER-AEROPORT;20230918;23,8;31,7
MONTPELLIER-AEROPORT;20230919;18,4;29,9
MONTPELLIER-AEROPORT;20230920;16,8;24
MONTPELLIER-AEROPORT;20230921;18,7;25,6
MONTPELLIER-AEROPORT;20230922;16,4;24,7
MONTPELLIER-AEROPORT;20230923;14,5;24,9
MONTPELLIER-AEROPORT;20230924;11,3;26,5
MONTPELLIER-AEROPORT;20230925;10,1;25,1
MONTPELLIER-AEROPORT;20230926;11;25,3
MONTPELLIER-AEROPORT;20230927;12,1;24,6
MONTPELLIER-AEROPORT;20230928;14,5;25
MONTPELLIER-AEROPORT;20230929;15,9;28,8
MONTPELLIER-AEROPORT;20230930;18,6;31,1
MONTPELLIER-AEROPORT;20231001;15,7;27,6
MONTPELLIER-AEROPORT;20231002;15,1;25,8
MONTPELLIER-AEROPORT;20231003;20,3;26,7
MONTPELLIER-AEROPORT;20231004;16,7;27,3
MONTPELLIER-AEROPORT;20231005;10;26,1
MONTPELLIER-AEROPORT;20231006;9,5;27,3
MONTPELLIER-AEROPORT;20231007;9,4;27,1
MONTPELLIER-AEROPORT;20231008;12;27,1
MONTPELLIER-AEROPORT;20231009;12,3;23,9
MONTPELLIER-AEROPORT;20231010;13,1;22,8
MONTPELLIER-AEROPORT;20231011;15;25,3
MONTPELLIER-AEROPORT;20231012;17,9;24,8
MONTPELLIER-AEROPORT;20231013;17,8;24,7
MONTPELLIER-AEROPORT;20231014;19;27,6
MONTPELLIER-AEROPORT;20231015;11,5;22,7
MONTPELLIER-AEROPORT;20231016;13,8;21,9
MONTPELLIER-AEROPORT;20231017;15,2;20
MONTPELLIER-AEROPORT;20231018;15,6;22
MONTPELLIER-AEROPORT;20231019;17,5;24,1
MONTPELLIER-AEROPORT;20231020;16,8;22,5
MONTPELLIER-AEROPORT;20231021;15,4;21,3
MONTPELLIER-AEROPORT;20231022;8;19,8
MONTPELLIER-AEROPORT;20231023;14,4;21,9
MONTPELLIER-AEROPORT;20231024;16,4;22,6
MONTPELLIER-AEROPORT;20231025;12,4;21,4
MONTPELLIER-AEROPORT;20231026;14;21,9
MONTPELLIER-AEROPORT;20231027;14,7;21,7
MONTPELLIER-AEROPORT;20231028;8,2;20,9
MONTPELLIER-AEROPORT;20231029;13,7;20,9
MONTPELLIER-AEROPORT;20231030;13,9;20,9
MONTPELLIER-AEROPORT;20231031;10,5;20,6
MONTPELLIER-AEROPORT;20231101;9,1;19,7
MONTPELLIER-AEROPORT;20231102;11,2;16,3
MONTPELLIER-AEROPORT;20231103;8;14,7
MONTPELLIER-AEROPORT;20231104;9,8;17,4
MONTPELLIER-AEROPORT;20231105;6,3;19,9
MONTPELLIER-AEROPORT;20231106;8;18,1
MONTPELLIER-AEROPORT;20231107;8,7;17,6
MONTPELLIER-AEROPORT;20231108;4,1;17,6
MONTPELLIER-AEROPORT;20231109;9,8;18,1
MONTPELLIER-AEROPORT;20231110;11,9;17,8
MONTPELLIER-AEROPORT;20231111;9,5;16,4
MONTPELLIER-AEROPORT;20231112;7,8;20,3
MONTPELLIER-AEROPORT;20231113;12,3;20,1
MONTPELLIER-AEROPORT;20231114;11,7;22,9
MONTPELLIER-AEROPORT;20231115;12,7;20,9
MONTPELLIER-AEROPORT;20231116;6,2;17,9
MONTPELLIER-AEROPORT;20231117;10,8;18,5
MONTPELLIER-AEROPORT;20231118;4,3;17,7
MONTPELLIER-AEROPORT;20231119;4,6;20,2
MONTPELLIER-AEROPORT;20231120;7,8;22,3
MONTPELLIER-AEROPORT;20231121;9,6;18,9
MONTPELLIER-AEROPORT;20231122;8,3;17,1
MONTPELLIER-AEROPORT;20231123;3,3;16,9
MONTPELLIER-AEROPORT;20231124;3,3;16,9
MONTPELLIER-AEROPORT;20231125;5,5;12,5
MONTPELLIER-AEROPORT;20231126;0,7;14,4
MONTPELLIER-AEROPORT;20231127;-0,4;13
MONTPELLIER-AEROPORT;20231128;4,2;16,3
MONTPELLIER-AEROPORT;20231129;-1,1;12,1
MONTPELLIER-AEROPORT;20231130;6;13,7
MONTPELLIER-AEROPORT;20231201;8,2;11,5
MONTPELLIER-AEROPORT;20231202;5,4;10,5
MONTPELLIER-AEROPORT;20231203;-5;11,7
MONTPELLIER-AEROPORT;20231204;0,5;13,8
MONTPELLIER-AEROPORT;20231205;4,8;13,3
MONTPELLIER-AEROPORT;20231206;2;14,5
MONTPELLIER-AEROPORT;20231207;-2;11,1
MONTPELLIER-AEROPORT;20231208;7,2;14,8
MONTPELLIER-AEROPORT;20231209;4,8;15,6
MONTPELLIER-AEROPORT;20231210;7,1;16
MONTPELLIER-AEROPORT;20231211;8,2;21,4
MONTPELLIER-AEROPORT;20231212;8,1;15,3
MONTPELLIER-AEROPORT;20231213;11,6;16
MONTPELLIER-AEROPORT;20231214;9,4;14,9
MONTPELLIER-AEROPORT;20231215;5,1;17
MONTPELLIER-AEROPORT;20231216;2,6;14,3
MONTPELLIER-AEROPORT;20231217;0,9;13,8
MONTPELLIER-AEROPORT;20231218;-1,5;14,1
MONTPELLIER-AEROPORT;20231219;-1,2;16,1
MONTPELLIER-AEROPORT;20231220;3,1;17
MONTPELLIER-AEROPORT;20231221;8,6;17,1
MONTPELLIER-AEROPORT;20231222;13,6;17
MONTPELLIER-AEROPORT;20231223;11,2;16,9
MONTPELLIER-AEROPORT;20231224;0,4;15,8
MONTPELLIER-AEROPORT;20231225;0;15,6
MONTPELLIER-AEROPORT;20231226;-1,3;15,4
MONTPELLIER-AEROPORT;20231227;-1,3;13,8
MONTPELLIER-AEROPORT;20231228;7,6;13,5
MONTPELLIER-AEROPORT;20231229;9,6;13,4
MONTPELLIER-AEROPORT;20231230;5,2;16,2
MONTPELLIER-AEROPORT;20231231;5,5;15
MONTPELLIER-AEROPORT;20240101;8,8;15,5
MONTPELLIER-AEROPORT;20240102;2,6;12,3
MONTPELLIER-AEROPORT;20240103;4;17,9
MONTPELLIER-AEROPORT;20240104;8,5;17
MONTPELLIER-AEROPORT;20240105;10,3;14,7
MONTPELLIER-AEROPORT;20240106;7,1;13,7
MONTPELLIER-AEROPORT;20240107;7,4;11,4
MONTPELLIER-AEROPORT;20240108;2,9;8,8
MONTPELLIER-AEROPORT;20240109;-4,1;9,5
MONTPELLIER-AEROPORT;20240110;-2,8;8,6
MONTPELLIER-AEROPORT;20240111;5,5;9,2
MONTPELLIER-AEROPORT;20240112;-0,9;10,1
MONTPELLIER-AEROPORT;20240113;-2,1;9,8
MONTPELLIER-AEROPORT;20240114;-2;11
MONTPELLIER-AEROPORT;20240115;3,4;17,3
MONTPELLIER-AEROPORT;20240116;4,6;9,4
MONTPELLIER-AEROPORT;20240117;6,1;13,1
MONTPELLIER-AEROPORT;20240118;7;15,5
MONTPELLIER-AEROPORT;20240119;4,1;8
MONTPELLIER-AEROPORT;20240120;1,5;9,8
MONTPELLIER-AEROPORT;20240121;-1,9;11,9
MONTPELLIER-AEROPORT;20240122;0,6;12,6
MONTPELLIER-AEROPORT;20240123;6,5;18
MONTPELLIER-AEROPORT;20240124;4;22,1
MONTPELLIER-AEROPORT;20240125;3,4;20,2
MONTPELLIER-AEROPORT;20240126;6,2;21,4
MONTPELLIER-AEROPORT;20240127;5;19,2
MONTPELLIER-AEROPORT;20240128;4,3;12,6
MONTPELLIER-AEROPORT;20240129;10,2;13,2
MONTPELLIER-AEROPORT;20240130;7,4;13,9
MONTPELLIER-AEROPORT;20240131;5,2;13,2
MONTPELLIER-AEROPORT;20240201;3,5;18,1
MONTPELLIER-AEROPORT;20240202;6,8;19,1
MONTPELLIER-AEROPORT;20240203;2,7;16,2
MONTPELLIER-AEROPORT;20240204;1,8;20,6
MONTPELLIER-AEROPORT;20240205;1,9;15,8
MONTPELLIER-AEROPORT;20240206;1,3;13,3
MONTPELLIER-AEROPORT;20240207;1,1;15,6
MONTPELLIER-AEROPORT;20240208;8,4;16
MONTPELLIER-AEROPORT;20240209;10,4;15,5
MONTPELLIER-AEROPORT;20240210;11;13,3
MONTPELLIER-AEROPORT;20240211;7,9;15
MONTPELLIER-AEROPORT;20240212;1,6;11,5
MONTPELLIER-AEROPORT;20240213;3,7;16,2
MONTPELLIER-AEROPORT;20240214;2,5;16,3
MONTPELLIER-AEROPORT;20240215;5,7;14,2
MONTPELLIER-AEROPORT;20240216;9,9;16
MONTPELLIER-AEROPORT;20240217;10,3;20,8
MONTPELLIER-AEROPORT;20240218;6;18
MONTPELLIER-AEROPORT;20240219;11,1;20,8
MONTPELLIER-AEROPORT;20240220;10,8;18
MONTPELLIER-AEROPORT;20240221;4,8;15,8
MONTPELLIER-AEROPORT;20240222;8,5;14,4
MONTPELLIER-AEROPORT;20240223;6,5;13
MONTPELLIER-AEROPORT;20240224;3,3;14
MONTPELLIER-AEROPORT;20240225;2,8;13,4
MONTPELLIER-AEROPORT;20240226;6,4;14,6
MONTPELLIER-AEROPORT;20240227;4;16,1
MONTPELLIER-AEROPORT;20240228;10,4;15,8
MONTPELLIER-AEROPORT;20240229;3,8;17,1
MONTPELLIER-AEROPORT;20240301;10,9;16,4
MONTPELLIER-AEROPORT;20240302;6;15
MONTPELLIER-AEROPORT;20240303;5,4;9
MONTPELLIER-AEROPORT;20240304;6,7;16,2
MONTPELLIER-AEROPORT;20240305;6,8;15,9
MONTPELLIER-AEROPORT;20240306;4,9;16,6
MONTPELLIER-AEROPORT;20240307;0,5;13
MONTPELLIER-AEROPORT;20240308;8,7;13,2
MONTPELLIER-AEROPORT;20240309;9,9;13,4
MONTPELLIER-AEROPORT;20240310;6,3;15,1
MONTPELLIER-AEROPORT;20240311;7,6;15,2
MONTPELLIER-AEROPORT;20240312;9,2;18,1
MONTPELLIER-AEROPORT;20240313;5,1;18,9
MONTPELLIER-AEROPORT;20240314;4,8;15,6
MONTPELLIER-AEROPORT;20240315;8,5;16,1
MONTPELLIER-AEROPORT;20240316;10,3;20,6
MONTPELLIER-AEROPORT;20240317;10;17,2
MONTPELLIER-AEROPORT;20240318;11,1;25,2
MONTPELLIER-AEROPORT;20240319;9,5;22,2
MONTPELLIER-AEROPORT;20240320;9,4;16,1
MONTPELLIER-AEROPORT;20240321;8,4;18,9
MONTPELLIER-AEROPORT;20240322;8,6;23,7
MONTPELLIER-AEROPORT;20240323;11,4;20,7
MONTPELLIER-AEROPORT;20240324;9,2;17,7
MONTPELLIER-AEROPORT;20240325;3,5;13,7
MONTPELLIER-AEROPORT;20240326;9,2;13,1
MONTPELLIER-AEROPORT;20240327;6,9;14,6
MONTPELLIER-AEROPORT;20240328;9;15,8
MONTPELLIER-AEROPORT;20240329;13;16,8
MONTPELLIER-AEROPORT;20240330;14,3;16,8
MONTPELLIER-AEROPORT;20240331;12,9;16,2
MONTPELLIER-AEROPORT;20240401;8;17,1
MONTPELLIER-AEROPORT;20240402;6,7;18,1
MONTPELLIER-AEROPORT;20240403;11,2;21,3
MONTPELLIER-AEROPORT;20240404;7,4;18,7
MONTPELLIER-AEROPORT;20240405;12,4;18,2
MONTPELLIER-AEROPORT;20240406;8,8;19,7
MONTPELLIER-AEROPORT;20240407;12;19,7
MONTPELLIER-AEROPORT;20240408;10,5;20,9
MONTPELLIER-AEROPORT;20240409;12,7;19,1
MONTPELLIER-AEROPORT;20240410;10,5;19,5
MONTPELLIER-AEROPORT;20240411;7,1;22,5
MONTPELLIER-AEROPORT;20240412;7,6;25,6
MONTPELLIER-AEROPORT;20240413;9,9;26
MONTPELLIER-AEROPORT;20240414;10,2;23,1
MONTPELLIER-AEROPORT;20240415;11,1;25,1
MONTPELLIER-AEROPORT;20240416;12,9;19,2
MONTPELLIER-AEROPORT;20240417;10,7;18,6
MONTPELLIER-AEROPORT;20240418;8,7;17
MONTPELLIER-AEROPORT;20240419;5,3;18,1
MONTPELLIER-AEROPORT;20240420;9;19,7
MONTPELLIER-AEROPORT;20240421;6,7;18,8
MONTPELLIER-AEROPORT;20240422;3,4;16,3
MONTPELLIER-AEROPORT;20240423;7;16,1
MONTPELLIER-AEROPORT;20240424;7,3;17,7
MONTPELLIER-AEROPORT;20240425;9;15,7
MONTPELLIER-AEROPORT;20240426;10,6;15,2
MONTPELLIER-AEROPORT;20240427;13,1;15,9
MONTPELLIER-AEROPORT;20240428;13,8;15,4
MONTPELLIER-AEROPORT;20240429;12,4;18,7
MONTPELLIER-AEROPORT;20240430;13,2;16,8
MONTPELLIER-AEROPORT;20240501;13;16
MONTPELLIER-AEROPORT;20240502;10;14,6
MONTPELLIER-AEROPORT;20240503;8;21,4
MONTPELLIER-AEROPORT;20240504;9,1;18,6
MONTPELLIER-AEROPORT;20240505;13,4;18,6
MONTPELLIER-AEROPORT;20240506;12,4;18,8
MONTPELLIER-AEROPORT;20240507;11,6;21,2
MONTPELLIER-AEROPORT;20240508;14,8;24,9
MONTPELLIER-AEROPORT;20240509;12,3;23,2
MONTPELLIER-AEROPORT;20240510;10,7;23,3
MONTPELLIER-AEROPORT;20240511;10,2;23,1
MONTPELLIER-AEROPORT;20240512;11,2;20,9
MONTPELLIER-AEROPORT;20240513;12,6;21,3
MONTPELLIER-AEROPORT;20240514;15;18,6
MONTPELLIER-AEROPORT;20240515;13;21,1
MONTPELLIER-AEROPORT;20240516;12,2;19,9
MONTPELLIER-AEROPORT;20240517;8,9;19,9
MONTPELLIER-AEROPORT;20240518;13,8;20,8
MONTPELLIER-AEROPORT;20240519;11,7;22,6
MONTPELLIER-AEROPORT;20240520;13,7;21,6
MONTPELLIER-AEROPORT;20240521;14,3;23,8
MONTPELLIER-AEROPORT;20240522;15,2;24,7
MONTPELLIER-AEROPORT;20240523;14;25
MONTPELLIER-AEROPORT;20240524;12,2;19,6
MONTPELLIER-AEROPORT;20240525;10,6;21,9
MONTPELLIER-AEROPORT;20240526;12,4;21,8
MONTPELLIER-AEROPORT;20240527;15,6;22,3
MONTPELLIER-AEROPORT;20240528;13,2;25,4
MONTPELLIER-AEROPORT;20240529;14,8;26,7
MONTPELLIER-AEROPORT;20240530;18,5;26,4
MONTPELLIER-AEROPORT;20240531;14,5;25,4
MONTPELLIER-AEROPORT;20240601;14,2;24,7
MONTPELLIER-AEROPORT;20240602;13,2;24,4
MONTPELLIER-AEROPORT;20240603;15,6;26,3
MONTPELLIER-AEROPORT;20240604;13,6;23,9
MONTPELLIER-AEROPORT;20240605;17,8;22,5
MONTPELLIER-AEROPORT;20240606;17,7;23,9
MONTPELLIER-AEROPORT;20240607;19;26
MONTPELLIER-AEROPORT;20240608;17,3;25,3
MONTPELLIER-AEROPORT;20240609;18,1;24,5
MONTPELLIER-AEROPORT;20240610;17,9;28,9
MONTPELLIER-AEROPORT;20240611;17,6;27,3
MONTPELLIER-AEROPORT;20240612;14,2;27
MONTPELLIER-AEROPORT;20240613;14,3;24,3
MONTPELLIER-AEROPORT;20240614;14,6;22,7
MONTPELLIER-AEROPORT;20240615;17,8;25,1
MONTPELLIER-AEROPORT;20240616;15;25,8
MONTPELLIER-AEROPORT;20240617;15,8;22,7
MONTPELLIER-AEROPORT;20240618;14,6;27,1
MONTPELLIER-AEROPORT;20240619;17,8;25
MONTPELLIER-AEROPORT;20240620;20,5;24,2
MONTPELLIER-AEROPORT;20240621;19,3;28,6
MONTPELLIER-AEROPORT;20240622;18,3;26,2
MONTPELLIER-AEROPORT;20240623;17;28,4
MONTPELLIER-AEROPORT;20240624;16,4;28
MONTPELLIER-AEROPORT;20240625;17,4;24,4
MONTPELLIER-AEROPORT;20240626;20,8;24,6
MONTPELLIER-AEROPORT;20240627;19,2;26,6
MONTPELLIER-AEROPORT;20240628;20;27,4
MONTPELLIER-AEROPORT;20240629;20,5;25,6
MONTPELLIER-AEROPORT;20240630;18,2;28
MONTPELLIER-AEROPORT;20240701;19,6;31,3
MONTPELLIER-AEROPORT;20240702;19,3;27,4
MONTPELLIER-AEROPORT;20240703;19,2;28,4
MONTPELLIER-AEROPORT;20240704;19,9;30,9
MONTPELLIER-AEROPORT;20240705;18,5;28,2
MONTPELLIER-AEROPORT;20240706;19,6;24,1
MONTPELLIER-AEROPORT;20240707;17,5;30,6
MONTPELLIER-AEROPORT;20240708;16;27,9
MONTPELLIER-AEROPORT;20240709;19,1;26,7
MONTPELLIER-AEROPORT;20240710;18;27,9
MONTPELLIER-AEROPORT;20240711;20,4;32,2
MONTPELLIER-AEROPORT;20240712;22,8;32,4
MONTPELLIER-AEROPORT;20240713;18;27,2
MONTPELLIER-AEROPORT;20240714;16,4;27
MONTPELLIER-AEROPORT;20240715;21,7;26,7
MONTPELLIER-AEROPORT;20240716;21,4;33,4
MONTPELLIER-AEROPORT;20240717;19,8;33,1
MONTPELLIER-AEROPORT;20240718;18,1;31,6
MONTPELLIER-AEROPORT;20240719;19,6;33,7
MONTPELLIER-AEROPORT;20240720;21,4;32,8
MONTPELLIER-AEROPORT;20240721;18,9;29,6
MONTPELLIER-AEROPORT;20240722;22,1;33,8
MONTPELLIER-AEROPORT;20240723;19,9;34
MONTPELLIER-AEROPORT;20240724;22,2;33,5
MONTPELLIER-AEROPORT;20240725;17,5;33,7
MONTPELLIER-AEROPORT;20240726;19,8;33,5
MONTPELLIER-AEROPORT;20240727;19,8;26,7
MONTPELLIER-AEROPORT;20240728;20,9;31,5
MONTPELLIER-AEROPORT;20240729;21,5;31,6
MONTPELLIER-AEROPORT;20240730;20,7;32,6
MONTPELLIER-AEROPORT;20240731;23;29,8
MONTPELLIER-AEROPORT;20240801;22,3;37,8
MONTPELLIER-AEROPORT;20240802;23,3;36,7
MONTPELLIER-AEROPORT;20240803;19,3;34,9
MONTPELLIER-AEROPORT;20240804;21,1;32,7
MONTPELLIER-AEROPORT;20240805;20,3;32
MONTPELLIER-AEROPORT;20240806;19,4;34
MONTPELLIER-AEROPORT;20240807;21,3;32,3
MONTPELLIER-AEROPORT;20240808;22,7;32,9
MONTPELLIER-AEROPORT;20240809;22,1;33,9
MONTPELLIER-AEROPORT;20240810;22,2;36
MONTPELLIER-AEROPORT;20240811;21,9;32,5
MONTPELLIER-AEROPORT;20240812;21,9;30,7
MONTPELLIER-AEROPORT;20240813;20,7;28,9
MONTPELLIER-AEROPORT;20240814;22,3;32,1
MONTPELLIER-AEROPORT;20240815;22,2;33,4
MONTPELLIER-AEROPORT;20240816;20,5;29,7
MONTPELLIER-AEROPORT;20240817;21,1;33,5
MONTPELLIER-AEROPORT;20240818;21,9;31,2
MONTPELLIER-AEROPORT;20240819;17,2;32
MONTPELLIER-AEROPORT;20240820;20,1;32,6
MONTPELLIER-AEROPORT;20240821;20,2;32,1
MONTPELLIER-AEROPORT;20240822;16,1;28,2
MONTPELLIER-AEROPORT;20240823;16,1;28,2
MONTPELLIER-AEROPORT;20240824;21,2;27,4
MONTPELLIER-AEROPORT;20240825;20,6;30,1
MONTPELLIER-AEROPORT;20240826;15,9;31,3
MONTPELLIER-AEROPORT;20240827;19;31,1
MONTPELLIER-AEROPORT;20240828;20,2;30,9
MONTPELLIER-AEROPORT;20240829;19,6;29,6
MONTPELLIER-AEROPORT;20240830;19,2;29,3
MONTPELLIER-AEROPORT;20240831;18,6;30,5
MONTPELLIER-AEROPORT;20240901;19,3;31,1
MONTPELLIER-AEROPORT;20240902;17,3;30,2
MONTPELLIER-AEROPORT;20240903;18,4;28,7
MONTPELLIER-AEROPORT;20240904;19,3;27,4
MONTPELLIER-AEROPORT;20240905;16,2;27,7
MONTPELLIER-AEROPORT;20240906;15;25,7
MONTPELLIER-AEROPORT;20240907;18,7;27,3
MONTPELLIER-AEROPORT;20240908;18,7;24,9
MONTPELLIER-AEROPORT;20240909;17;27,7
MONTPELLIER-AEROPORT;20240910;18,2;27,6
MONTPELLIER-AEROPORT;20240911;17,4;25,5
MONTPELLIER-AEROPORT;20240912;14;23,1
MONTPELLIER-AEROPORT;20240913;10,7;22,1
MONTPELLIER-AEROPORT;20240914;11,8;24,6
MONTPELLIER-AEROPORT;20240915;10,4;27,5
MONTPELLIER-AEROPORT;20240916;8,7;28,6
MONTPELLIER-AEROPORT;20240917;17,1;25,4
MONTPELLIER-AEROPORT;20240918;14,1;23,2
MONTPELLIER-AEROPORT;20240919;12,4;23
MONTPELLIER-AEROPORT;20240920;13,7;24,5
MONTPELLIER-AEROPORT;20240921;15,2;23,8
MONTPELLIER-AEROPORT;20240922;17,4;23,1
MONTPELLIER-AEROPORT;20240923;15,8;25,7
MONTPELLIER-AEROPORT;20240924;16;22,2
MONTPELLIER-AEROPORT;20240925;11,9;22
MONTPELLIER-AEROPORT;20240926;18,7;27,2
MONTPELLIER-AEROPORT;20240927;17,6;23,2
MONTPELLIER-AEROPORT;20240928;13,2;22
MONTPELLIER-AEROPORT;20240929;6,2;21,2
MONTPELLIER-AEROPORT;20240930;11;22,6
MONTPELLIER-AEROPORT;20241001;13,4;22,5
MONTPELLIER-AEROPORT;20241002;17,7;21,5
MONTPELLIER-AEROPORT;20241003;13,6;23,2
MONTPELLIER-AEROPORT;20241004;12,9;21,7
MONTPELLIER-AEROPORT;20241005;6,7;20,5
MONTPELLIER-AEROPORT;20241006;11;15,6
MONTPELLIER-AEROPORT;20241007;14,5;19,9
MONTPELLIER-AEROPORT;20241008;18,3;23,4
MONTPELLIER-AEROPORT;20241009;14;22,7
MONTPELLIER-AEROPORT;20241010;16,2;22,3
MONTPELLIER-AEROPORT;20241011;9,2;21,2
MONTPELLIER-AEROPORT;20241012;10,8;18,9
MONTPELLIER-AEROPORT;20241013;16;21,4
MONTPELLIER-AEROPORT;20241014;14,9;19,3
MONTPELLIER-AEROPORT;20241015;14,8;23,2
MONTPELLIER-AEROPORT;20241016;18,7;21,9
MONTPELLIER-AEROPORT;20241017;19,9;21,4
MONTPELLIER-AEROPORT;20241018;13,8;20
MONTPELLIER-AEROPORT;20241019;10,5;23,6
MONTPELLIER-AEROPORT;20241020;10,6;24,5
MONTPELLIER-AEROPORT;20241021;13,3;23,4
MONTPELLIER-AEROPORT;20241022;14,1;23,1
MONTPELLIER-AEROPORT;20241023;13;23,1
MONTPELLIER-AEROPORT;20241024;14,2;19,9
MONTPELLIER-AEROPORT;20241025;17,2;21,5
MONTPELLIER-AEROPORT;20241026;15,8;20
MONTPELLIER-AEROPORT;20241027;15,5;20,4
MONTPELLIER-AEROPORT;20241028;14,3;21,3
MONTPELLIER-AEROPORT;20241029;15;23
MONTPELLIER-AEROPORT;20241030;13,2;23,8
MONTPELLIER-AEROPORT;20241031;13,9;24,1
MONTPELLIER-AEROPORT;20241101;11,8;23
MONTPELLIER-AEROPORT;20241102;9,1;21,1
MONTPELLIER-AEROPORT;20241103;9,2;20,3
MONTPELLIER-AEROPORT;20241104;10,4;20,2
MONTPELLIER-AEROPORT;20241105;14,1;20,1
MONTPELLIER-AEROPORT;20241106;12,6;18,9
MONTPELLIER-AEROPORT;20241107;12,7;20,4
MONTPELLIER-AEROPORT;20241108;11,5;19,9
MONTPELLIER-AEROPORT;20241109;13,2;14,8
MONTPELLIER-AEROPORT;20241110;9,7;21,6
MONTPELLIER-AEROPORT;20241111;7,3;18,3
MONTPELLIER-AEROPORT;20241112;7,9;14,9
MONTPELLIER-AEROPORT;20241113;8,3;15,4
MONTPELLIER-AEROPORT;20241114;4,4;15,5
MONTPELLIER-AEROPORT;20241115;4,3;15,6
MONTPELLIER-AEROPORT;20241116;3,6;13,7
MONTPELLIER-AEROPORT;20241117;4,3;19,6
MONTPELLIER-AEROPORT;20241118;6,7;17,3
MONTPELLIER-AEROPORT;20241119;4,5;18
MONTPELLIER-AEROPORT;20241120;11,6;15,1
MONTPELLIER-AEROPORT;20241121;4,7;15,8
MONTPELLIER-AEROPORT;20241122;5,1;13,1
MONTPELLIER-AEROPORT;20241123;-0,9;16,2
MONTPELLIER-AEROPORT;20241124;8,4;17,3
MONTPELLIER-AEROPORT;20241125;14,9;17,7
MONTPELLIER-AEROPORT;20241126;7,5;17,7
MONTPELLIER-AEROPORT;20241127;4,6;17
MONTPELLIER-AEROPORT;20241128;3,7;16,5
MONTPELLIER-AEROPORT;20241129;5;15,9
MONTPELLIER-AEROPORT;20241130;3,5;14,3
MONTPELLIER-AEROPORT;20241201;5;15,4
MONTPELLIER-AEROPORT;20241202;4,9;16,1
MONTPELLIER-AEROPORT;20241203;7,8;14,6
MONTPELLIER-AEROPORT;20241204;3,6;13,5
MONTPELLIER-AEROPORT;20241205;0,1;12,5
MONTPELLIER-AEROPORT;20241206;6;19,2
MONTPELLIER-AEROPORT;20241207;8,5;15,6
MONTPELLIER-AEROPORT;20241208;7,9;12,2
MONTPELLIER-AEROPORT;20241209;7,5;12,5
MONTPELLIER-AEROPORT;20241210;2,9;11
MONTPELLIER-AEROPORT;20241211;4,9;10,9
MONTPELLIER-AEROPORT;20241212;3,8;13,1
MONTPELLIER-AEROPORT;20241213;3;7,8
MONTPELLIER-AEROPORT;20241214;2,3;13,4
MONTPELLIER-AEROPORT;20241215;5,4;12,9
MONTPELLIER-AEROPORT;20241216;1,8;15,2
MONTPELLIER-AEROPORT;20241217;1,8;11,5
MONTPELLIER-AEROPORT;20241218;5,1;14,6
MONTPELLIER-AEROPORT;20241219;4;15,3
MONTPELLIER-AEROPORT;20241220;7,1;12,9
MONTPELLIER-AEROPORT;20241221;1,6;15,2
MONTPELLIER-AEROPORT;20241222;10,3;18
MONTPELLIER-AEROPORT;20241223;7,8;11,2
MONTPELLIER-AEROPORT;20241224;7,1;13,2
MONTPELLIER-AEROPORT;20241225;3,6;14,4
MONTPELLIER-AEROPORT;20241226;1,3;13,6
MONTPELLIER-AEROPORT;20241227;-2,3;13,4
MONTPELLIER-AEROPORT;20241228;-2,5;12,7
MONTPELLIER-AEROPORT;20241229;-2,7;14,1
MONTPELLIER-AEROPORT;20241230;-2;11,7
MONTPELLIER-AEROPORT;20241231;-1,9;9,9
