NOM_USUEL;AAAAMMJJ;TN;TX
PARIS-MONTSOURIS;20000101;7;10
PARIS-MONTSOURIS;20000102;7;10
PARIS-MONTSOURIS;20000103;5,5;8,4
PARIS-MONTSOURIS;20000104;6,7;10,1
PARIS-MONTSOURIS;20000105;7,5;10,3
PARIS-MONTSOURIS;20000106;4,5;10,5
PARIS-MONTSOURIS;20000107;5,3;6,8
PARIS-MONTSOURIS;20000108;5;10,2
PARIS-MONTSOURIS;20000109;5,2;7,2
PARIS-MONTSOURIS;20000110;1,6;5,6
PARIS-MONTSOURIS;20000111;-2,6;-0,1
PARIS-MONTSOURIS;20000112;-2,2;2,4
PARIS-MONTSOURIS;20000113;0,3;2,7
PARIS-MONTSOURIS;20000114;2,1;5,9
PARIS-MONTSOURIS;20000115;1,3;5,6
PARIS-MONTSOURIS;20000116;0,2;5,8
PARIS-MONTSOURIS;20000117;3,8;9,3
PARIS-MONTSOURIS;20000118;4,2;7,8
PARIS-MONTSOURIS;20000119;5,1;6,3
PARIS-MONTSOURIS;20000120;2,9;6,9
PARIS-MONTSOURIS;20000121;4,6;7,4
PARIS-MONTSOURIS;20000122;3,8;6,4
PARIS-MONTSOURIS;20000123;3,1;6,3
PARIS-MONTSOURIS;20000124;-0,5;2,9
PARIS-MONTSOURIS;20000125;-3,3;2,3
PARIS-MONTSOURIS;20000126;-3,7;2,4
PARIS-MONTSOURIS;20000127;-4,7;4,1
PARIS-MONTSOURIS;20000128;-3,3;7,9
PARIS-MONTSOURIS;20000129;4,3;11,3
PARIS-MONTSOURIS;20000130;9,9;13,7
PARIS-MONTSOURIS;20000131;9,4;12,7
PARIS-MONTSOURIS;20000201;7,3;9
PARIS-MONTSOURIS;20000202;5,1;10,1
PARIS-MONTSOURIS;20000203;3;8,2
PARIS-MONTSOURIS;20000204;4,1;10
PARIS-MONTSOURIS;20000205;2,8;13,9
PARIS-MONTSOURIS;20000206;4,9;10,1
PARIS-MONTSOURIS;20000207;6,5;11,5
PARIS-MONTSOURIS;20000208;8,7;13,6
PARIS-MONTSOURIS;20000209;6,1;10,8
PARIS-MONTSOURIS;20000210;3,1;9,4
PARIS-MONTSOURIS;20000211;2,2;9,3
PARIS-MONTSOURIS;20000212;0,4;9,8
PARIS-MONTSOURIS;20000213;6,9;11,8
PARIS-MONTSOURIS;20000214;5,9;11,7
PARIS-MONTSOURIS;20000215;8,7;10,2
PARIS-MONTSOURIS;20000216;1,2;7,4
PARIS-MONTSOURIS;20000217;2,4;8,5
PARIS-MONTSOURIS;20000218;2,9;12,1
PARIS-MONTSOURIS;20000219;6,8;9,5
PARIS-MONTSOURIS;20000220;2,4;8,8
PARIS-MONTSOURIS;20000221;-0,1;9,5
PARIS-MONTSOURIS;20000222;4,8;9,2
PARIS-MONTSOURIS;20000223;4;11,6
PARIS-MONTSOURIS;20000224;8,5;12,9
PARIS-MONTSOURIS;20000225;7,3;11,1
PARIS-MONTSOURIS;20000226;3;10,9
PARIS-MONTSOURIS;20000227;3;18,2
PARIS-MONTSOURIS;20000228;7,5;10,3
PARIS-MONTSOURIS;20000229;5;9,8
PARIS-MONTSOURIS;20000301;5,2;9,5
PARIS-MONTSOURIS;20000302;2,3;10,5
PARIS-MONTSOURIS;20000303;7,9;11,1
PARIS-MONTSOURIS;20000304;3,2;8,2
PARIS-MONTSOURIS;20000305;1,2;10,7
PARIS-MONTSOURIS;20000306;0,3;11,5
PARIS-MONTSOURIS;20000307;4,1;15,1
PARIS-MONTSOURIS;20000308;8,3;16,7
PARIS-MONTSOURIS;20000309;8,7;13,9
PARIS-MONTSOURIS;20000310;10,5;14,3
PARIS-MONTSOURIS;20000311;5,7;11,6
PARIS-MONTSOURIS;20000312;6,5;13,5
PARIS-MONTSOURIS;20000313;5,2;15,2
PARIS-MONTSOURIS;20000314;8,2;16,6
PARIS-MONTSOURIS;20000315;5;11,1
PARIS-MONTSOURIS;20000316;5;13,2
PARIS-MONTSOURIS;20000317;8,1;13,4
PARIS-MONTSOURIS;20000318;7,3;12
PARIS-MONTSOURIS;20000319;4,9;13,1
PARIS-MONTSOURIS;20000320;3,2;11,8
PARIS-MONTSOURIS;20000321;4,3;17
PARIS-MONTSOURIS;20000322;4,9;18,4
PARIS-MONTSOURIS;20000323;8,8;18,5
PARIS-MONTSOURIS;20000324;10,1;15,2
PARIS-MONTSOURIS;20000325;8,6;13,1
PARIS-MONTSOURIS;20000326;4,1;11,4
PARIS-MONTSOURIS;20000327;4,3;11,4
PARIS-MONTSOURIS;20000328;5,5;8,5
PARIS-MONTSOURIS;20000329;3,7;6,7
PARIS-MONTSOURIS;20000330;5,7;8,6
PARIS-MONTSOURIS;20000331;5,3;13,7
PARIS-MONTSOURIS;20000401;3,8;9,6
PARIS-MONTSOURIS;20000402;4,3;16,9
PARIS-MONTSOURIS;20000403;9,1;16
PARIS-MONTSOURIS;20000404;7,2;17,8
PARIS-MONTSOURIS;20000405;4,1;6,9
PARIS-MONTSOURIS;20000406;3,5;10,6
PARIS-MONTSOURIS;20000407;4,2;15,1
PARIS-MONTSOURIS;20000408;5,7;17,6
PARIS-MONTSOURIS;20000409;7,8;14,3
PARIS-MONTSOURIS;20000410;8,4;16,3
PARIS-MONTSOURIS;20000411;3,6;12,2
PARIS-MONTSOURIS;20000412;3,6;12
PARIS-MONTSOURIS;20000413;4,4;13,5
PARIS-MONTSOURIS;20000414;5,9;10,9
PARIS-MONTSOURIS;20000415;7,6;10
PARIS-MONTSOURIS;20000416;2,3;13,9
PARIS-MONTSOURIS;20000417;6,9;15,1
PARIS-MONTSOURIS;20000418;8,4;17
PARIS-MONTSOURIS;20000419;9,7;17,1
PARIS-MONTSOURIS;20000420;9,8;19,9
PARIS-MONTSOURIS;20000421;9,4;18,8
PARIS-MONTSOURIS;20000422;13;17,4
PARIS-MONTSOURIS;20000423;10,5;13,9
PARIS-MONTSOURIS;20000424;7;16,4
PARIS-MONTSOURIS;20000425;10,7;22,4
PARIS-MONTSOURIS;20000426;13,2;16,3
PARIS-MONTSOURIS;20000427;10,7;13,8
PARIS-MONTSOURIS;20000428;10,6;16,5
PARIS-MONTSOURIS;20000429;7,2;20,1
PARIS-MONTSOURIS;20000430;12,1;22,3
PARIS-MONTSOURIS;20000501;11,6;22,4
PARIS-MONTSOURIS;20000502;12,3;15,6
PARIS-MONTSOURIS;20000503;10,6;13,9
PARIS-MONTSOURIS;20000504;11,1;18,8
PARIS-MONTSOURIS;20000505;12,2;25,2
PARIS-MONTSOURIS;20000506;12,5;26,1
PARIS-MONTSOURIS;20000507;15,3;25,6
PARIS-MONTSOURIS;20000508;14,9;24,7
PARIS-MONTSOURIS;20000509;15,2;27,2
PARIS-MONTSOURIS;20000510;15,4;26
PARIS-MONTSOURIS;20000511;13,5;23,1
PARIS-MONTSOURIS;20000512;13,3;24
PARIS-MONTSOURIS;20000513;14,2;26
PARIS-MONTSOURIS;20000514;15,4;27,6
PARIS-MONTSOURIS;20000515;16,4;28,7
PARIS-MONTSOURIS;20000516;17,1;28,7
PARIS-MONTSOURIS;20000517;12,5;17,9
PARIS-MONTSOURIS;20000518;10,8;17,3
PARIS-MONTSOURIS;20000519;9,5;15,2
PARIS-MONTSOURIS;20000520;7,2;17,8
PARIS-MONTSOURIS;20000521;9,9;16,8
PARIS-MONTSOURIS;20000522;8,5;18,9
PARIS-MONTSOURIS;20000523;11,9;22
PARIS-MONTSOURIS;20000524;13,7;21
PARIS-MONTSOURIS;20000525;12,2;18,4
PARIS-MONTSOURIS;20000526;9,4;22,6
PARIS-MONTSOURIS;20000527;8,9;18,2
PARIS-MONTSOURIS;20000528;10,8;16,8
PARIS-MONTSOURIS;20000529;8,4;18,1
PARIS-MONTSOURIS;20000530;9,9;15,5
PARIS-MONTSOURIS;20000531;11,4;18,4
PARIS-MONTSOURIS;20000601;11,8;20,9
PARIS-MONTSOURIS;20000602;12,8;29,1
PARIS-MONTSOURIS;20000603;16,1;28,5
PARIS-MONTSOURIS;20000604;15,9;19,6
PARIS-MONTSOURIS;20000605;11,3;13
PARIS-MONTSOURIS;20000606;11,4;18,4
PARIS-MONTSOURIS;20000607;10,7;21,9
PARIS-MONTSOURIS;20000608;10,8;26
PARIS-MONTSOURIS;20000609;16,1;27,3
PARIS-MONTSOURIS;20000610;12,9;18,9
PARIS-MONTSOURIS;20000611;11,8;20,1
PARIS-MONTSOURIS;20000612;11;24,4
PARIS-MONTSOURIS;20000613;15,5;26,1
PARIS-MONTSOURIS;20000614;15,2;25,4
PARIS-MONTSOURIS;20000615;15,1;21,3
PARIS-MONTSOURIS;20000616;15,1;25,1
PARIS-MONTSOURIS;20000617;14,9;26,8
PARIS-MONTSOURIS;20000618;15,1;30,4
PARIS-MONTSOURIS;20000619;18,5;33
PARIS-MONTSOURIS;20000620;20,3;31,4
PARIS-MONTSOURIS;20000621;18,3;25,1
PARIS-MONTSOURIS;20000622;14,4;22,2
PARIS-MONTSOURIS;20000623;14,8;20,9
PARIS-MONTSOURIS;20000624;13;16,5
PARIS-MONTSOURIS;20000625;10,4;20,2
PARIS-MONTSOURIS;20000626;11,7;20,7
PARIS-MONTSOURIS;20000627;11,4;22,3
PARIS-MONTSOURIS;20000628;13,7;23,6
PARIS-MONTSOURIS;20000629;13,1;24,8
PARIS-MONTSOURIS;20000630;14,1;26,3
PARIS-MONTSOURIS;20000701;16,5;27,4
PARIS-MONTSOURIS;20000702;17;27
PARIS-MONTSOURIS;20000703;15,9;24,6
PARIS-MONTSOURIS;20000704;15,1;21,4
PARIS-MONTSOURIS;20000705;13,9;22,7
PARIS-MONTSOURIS;20000706;14,7;26,3
PARIS-MONTSOURIS;20000707;14,6;21,2
PARIS-MONTSOURIS;20000708;10,8;19,5
PARIS-MONTSOURIS;20000709;12,4;18,1
PARIS-MONTSOURIS;20000710;12,8;19,1
PARIS-MONTSOURIS;20000711;11,7;17,7
PARIS-MONTSOURIS;20000712;10,6;20,3
PARIS-MONTSOURIS;20000713;13,8;18,8
PARIS-MONTSOURIS;20000714;13,9;19
PARIS-MONTSOURIS;20000715;12,2;18,5
PARIS-MONTSOURIS;20000716;11,4;17,8
PARIS-MONTSOURIS;20000717;11,1;18,7
PARIS-MONTSOURIS;20000718;11,2;23,2
PARIS-MONTSOURIS;20000719;12,8;24,6
PARIS-MONTSOURIS;20000720;15,2;26,5
PARIS-MONTSOURIS;20000721;14,6;25,4
PARIS-MONTSOURIS;20000722;13,4;25,2
PARIS-MONTSOURIS;20000723;14,9;27,8
PARIS-MONTSOURIS;20000724;16,9;20,3
PARIS-MONTSOURIS;20000725;14,6;22,5
PARIS-MONTSOURIS;20000726;16,2;25,2
PARIS-MONTSOURIS;20000727;15,2;22,5
PARIS-MONTSOURIS;20000728;15,2;23,2
PARIS-MONTSOURIS;20000729;14,7;21,7
PARIS-MONTSOURIS;20000730;14,1;25,5
PARIS-MONTSOURIS;20000731;15;28,1
PARIS-MONTSOURIS;20000801;16,5;31,8
PARIS-MONTSOURIS;20000802;16,3;24,6
PARIS-MONTSOURIS;20000803;15,1;23,6
PARIS-MONTSOURIS;20000804;13,7;21,3
PARIS-MONTSOURIS;20000805;14,2;24,2
PARIS-MONTSOURIS;20000806;14,4;24,8
PARIS-MONTSOURIS;20000807;17,4;26,3
PARIS-MONTSOURIS;20000808;17,6;24,3
PARIS-MONTSOURIS;20000809;16,5;28
PARIS-MONTSOURIS;20000810;16,7;24,8
PARIS-MONTSOURIS;20000811;15,1;28,7
PARIS-MONTSOURIS;20000812;16,9;31,3
PARIS-MONTSOURIS;20000813;20;30,9
PARIS-MONTSOURIS;20000814;19;28,4
PARIS-MONTSOURIS;20000815;18,5;26,2
PARIS-MONTSOURIS;20000816;15,7;27,9
PARIS-MONTSOURIS;20000817;18,3;25,3
PARIS-MONTSOURIS;20000818;15,9;27,9
PARIS-MONTSOURIS;20000819;15,3;23,1
PARIS-MONTSOURIS;20000820;16,4;22,1
PARIS-MONTSOURIS;20000821;12,8;21,3
PARIS-MONTSOURIS;20000822;11,3;24,2
PARIS-MONTSOURIS;20000823;15,7;26,9
PARIS-MONTSOURIS;20000824;16,1;30,6
PARIS-MONTSOURIS;20000825;17,8;32,1
PARIS-MONTSOURIS;20000826;19,3;25,6
PARIS-MONTSOURIS;20000827;15,6;22,7
PARIS-MONTSOURIS;20000828;15,2;22,5
PARIS-MONTSOURIS;20000829;14,4;24,4
PARIS-MONTSOURIS;20000830;16;24,6
PARIS-MONTSOURIS;20000831;13,4;24,7
PARIS-MONTSOURIS;20000901;13,4;21,8
PARIS-MONTSOURIS;20000902;13,7;20,4
PARIS-MONTSOURIS;20000903;14,1;19,7
PARIS-MONTSOURIS;20000904;10,7;19,1
PARIS-MONTSOURIS;20000905;10,2;20,9
PARIS-MONTSOURIS;20000906;13,6;19,4
PARIS-MONTSOURIS;20000907;12,3;20,5
PARIS-MONTSOURIS;20000908;16,5;21,2
PARIS-MONTSOURIS;20000909;17,4;24,3
PARIS-MONTSOURIS;20000910;14,7;27,2
PARIS-MONTSOURIS;20000911;16,9;29,1
PARIS-MONTSOURIS;20000912;17,3;20,4
PARIS-MONTSOURIS;20000913;14,1;22,6
PARIS-MONTSOURIS;20000914;15,9;23,4
PARIS-MONTSOURIS;20000915;13,7;25,9
PARIS-MONTSOURIS;20000916;12,8;19,8
PARIS-MONTSOURIS;20000917;13,4;19,4
PARIS-MONTSOURIS;20000918;10,7;22,2
PARIS-MONTSOURIS;20000919;13,5;18,8
PARIS-MONTSOURIS;20000920;10,2;19,7
PARIS-MONTSOURIS;20000921;9,2;21,6
PARIS-MONTSOURIS;20000922;13,6;23,4
PARIS-MONTSOURIS;20000923;14;23,8
PARIS-MONTSOURIS;20000924;11,9;23,4
PARIS-MONTSOURIS;20000925;11,2;21,6
PARIS-MONTSOURIS;20000926;11,1;26,9
PARIS-MONTSOURIS;20000927;14,1;21,1
PARIS-MONTSOURIS;20000928;14,1;17
PARIS-MONTSOURIS;20000929;14,8;17,8
PARIS-MONTSOURIS;20000930;12,8;18,7
PARIS-MONTSOURIS;20001001;9,5;20
PARIS-MONTSOURIS;20001002;11,5;15
PARIS-MONTSOURIS;20001003;9,6;17,7
PARIS-MONTSOURIS;20001004;11,7;17,2
PARIS-MONTSOURIS;20001005;12,9;17,7
PARIS-MONTSOURIS;20001006;7,8;15,8
PARIS-MONTSOURIS;20001007;9;12
PARIS-MONTSOURIS;20001008;10,8;15,1
PARIS-MONTSOURIS;20001009;7,9;14,8
PARIS-MONTSOURIS;20001010;7,9;14,1
PARIS-MONTSOURIS;20001011;9,4;15,1
PARIS-MONTSOURIS;20001012;8,6;15,1
PARIS-MONTSOURIS;20001013;9;13
PARIS-MONTSOURIS;20001014;7,4;13,3
PARIS-MONTSOURIS;20001015;8,9;13,3
PARIS-MONTSOURIS;20001016;10,3;12,1
PARIS-MONTSOURIS;20001017;7,6;15,4
PARIS-MONTSOURIS;20001018;7,9;14,3
PARIS-MONTSOURIS;20001019;13;17,3
PARIS-MONTSOURIS;20001020;13;16,4
PARIS-MONTSOURIS;20001021;14,3;18,4
PARIS-MONTSOURIS;20001022;11,6;20,9
PARIS-MONTSOURIS;20001023;11;17,7
PARIS-MONTSOURIS;20001024;9,6;15,6
PARIS-MONTSOURIS;20001025;8,1;15,7
PARIS-MONTSOURIS;20001026;9,7;15,5
PARIS-MONTSOURIS;20001027;10,3;14,9
PARIS-MONTSOURIS;20001028;12,1;15,5
PARIS-MONTSOURIS;20001029;8,8;14,6
PARIS-MONTSOURIS;20001030;7,8;13,8
PARIS-MONTSOURIS;20001031;7,7;13,5
PARIS-MONTSOURIS;20001101;7,1;13,4
PARIS-MONTSOURIS;20001102;8,3;12,5
PARIS-MONTSOURIS;20001103;7;12,2
PARIS-MONTSOURIS;20001104;4,8;10,6
PARIS-MONTSOURIS;20001105;3,1;12,2
PARIS-MONTSOURIS;20001106;8,8;11,9
PARIS-MONTSOURIS;20001107;6,1;9,8
PARIS-MONTSOURIS;20001108;7,9;10,2
PARIS-MONTSOURIS;20001109;6,6;11
PARIS-MONTSOURIS;20001110;2,6;13,4
PARIS-MONTSOURIS;20001111;4,6;11,9
PARIS-MONTSOURIS;20001112;7,2;11,2
PARIS-MONTSOURIS;20001113;8,2;11,2
PARIS-MONTSOURIS;20001114;5,6;9,5
PARIS-MONTSOURIS;20001115;4,4;9,3
PARIS-MONTSOURIS;20001116;5,1;8,6
PARIS-MONTSOURIS;20001117;2,4;8,6
PARIS-MONTSOURIS;20001118;4,5;10,7
PARIS-MONTSOURIS;20001119;7,9;12,5
PARIS-MONTSOURIS;20001120;4,5;8,6
PARIS-MONTSOURIS;20001121;4,7;11,4
PARIS-MONTSOURIS;20001122;8,6;11,5
PARIS-MONTSOURIS;20001123;8,5;12,7
PARIS-MONTSOURIS;20001124;3,6;9,6
PARIS-MONTSOURIS;20001125;7,2;11,1
PARIS-MONTSOURIS;20001126;6,9;11,2
PARIS-MONTSOURIS;20001127;4,3;13,2
PARIS-MONTSOURIS;20001128;9,4;16,6
PARIS-MONTSOURIS;20001129;9,8;15,6
PARIS-MONTSOURIS;20001130;9;12,7
PARIS-MONTSOURIS;20001201;11,7;14
PARIS-MONTSOURIS;20001202;10,8;13
PARIS-MONTSOURIS;20001203;6,7;9,6
PARIS-MONTSOURIS;20001204;5,3;11,6
PARIS-MONTSOURIS;20001205;7,8;14
PARIS-MONTSOURIS;20001206;9,8;12
PARIS-MONTSOURIS;20001207;7,9;16,9
PARIS-MONTSOURIS;20001208;10,6;13,5
PARIS-MONTSOURIS;20001209;8,9;12,5
PARIS-MONTSOURIS;20001210;8,2;14,8
PARIS-MONTSOURIS;20001211;8,9;14,8
PARIS-MONTSOURIS;20001212;11,2;13,8
PARIS-MONTSOURIS;20001213;10;12,8
PARIS-MONTSOURIS;20001214;7,8;10,1
PARIS-MONTSOURIS;20001215;4,6;8,8
PARIS-MONTSOURIS;20001216;2,6;6,9
PARIS-MONTSOURIS;20001217;4,7;7,9
PARIS-MONTSOURIS;20001218;4,2;9,9
PARIS-MONTSOURIS;20001219;8,2;11,4
PARIS-MONTSOURIS;20001220;6,3;9,8
PARIS-MONTSOURIS;20001221;4,3;8,7
PARIS-MONTSOURIS;20001222;1,8;3,2
PARIS-MONTSOURIS;20001223;1,5;11,4
PARIS-MONTSOURIS;20001224;4,3;10,8
PARIS-MONTSOURIS;20001225;3,5;6,9
PARIS-MONTSOURIS;20001226;1,7;5,4
PARIS-MONTSOURIS;20001227;2,6;4,4
PARIS-MONTSOURIS;20001228;1,6;4,9
PARIS-MONTSOURIS;20001229;1,5;4,1
PARIS-MONTSOURIS;20001230;-0,3;4,6
PARIS-MONTSOURIS;20001231;-1,6;3,8
PARIS-MONTSOURIS;20010101;1,8;8,8
PARIS-MONTSOURIS;20010102;7,1;12
PARIS-MONTSOURIS;20010103;5,4;9,7
PARIS-MONTSOURIS;20010104;8,1;11,8
PARIS-MONTSOURIS;20010105;8,3;12,9
PARIS-MONTSOURIS;20010106;5,9;9,2
PARIS-MONTSOURIS;20010107;3,4;9,6
PARIS-MONTSOURIS;20010108;1,5;8,3
PARIS-MONTSOURIS;20010109;1,4;4,5
PARIS-MONTSOURIS;20010110;2,8;11,3
PARIS-MONTSOURIS;20010111;8,8;12
PARIS-MONTSOURIS;20010112;3,7;6,2
PARIS-MONTSOURIS;20010113;0,8;3,5
PARIS-MONTSOURIS;20010114;0;5,1
PARIS-MONTSOURIS;20010115;-2,1;1,6
PARIS-MONTSOURIS;20010116;0;4,5
PARIS-MONTSOURIS;20010117;0,9;4,6
PARIS-MONTSOURIS;20010118;2,5;5,1
PARIS-MONTSOURIS;20010119;1,9;5,4
PARIS-MONTSOURIS;20010120;0,6;4,1
PARIS-MONTSOURIS;20010121;0,5;9,9
PARIS-MONTSOURIS;20010122;7,2;9,8
PARIS-MONTSOURIS;20010123;6;12,6
PARIS-MONTSOURIS;20010124;8,3;12,8
PARIS-MONTSOURIS;20010125;6,9;10,2
PARIS-MONTSOURIS;20010126;4,8;8,5
PARIS-MONTSOURIS;20010127;4,3;9,2
PARIS-MONTSOURIS;20010128;4,1;9,2
PARIS-MONTSOURIS;20010129;2,5;6,6
PARIS-MONTSOURIS;20010130;2,3;3,2
PARIS-MONTSOURIS;20010131;1,1;5
PARIS-MONTSOURIS;20010201;0;2,8
PARIS-MONTSOURIS;20010202;-1,6;6,8
PARIS-MONTSOURIS;20010203;4,4;11,2
PARIS-MONTSOURIS;20010204;8,4;13,1
PARIS-MONTSOURIS;20010205;8,9;11,9
PARIS-MONTSOURIS;20010206;10;14,4
PARIS-MONTSOURIS;20010207;8,5;11,7
PARIS-MONTSOURIS;20010208;8,1;12,1
PARIS-MONTSOURIS;20010209;3,6;6,1
PARIS-MONTSOURIS;20010210;1,5;9,4
PARIS-MONTSOURIS;20010211;7,3;13,6
PARIS-MONTSOURIS;20010212;7,3;15,2
PARIS-MONTSOURIS;20010213;6,4;10,3
PARIS-MONTSOURIS;20010214;2,5;10,3
PARIS-MONTSOURIS;20010215;3,1;11,1
PARIS-MONTSOURIS;20010216;2,7;9
PARIS-MONTSOURIS;20010217;5;6,2
PARIS-MONTSOURIS;20010218;3,1;7,8
PARIS-MONTSOURIS;20010219;0,5;8
PARIS-MONTSOURIS;20010220;4;8,2
PARIS-MONTSOURIS;20010221;2,6;8,9
PARIS-MONTSOURIS;20010222;7,3;11,3
PARIS-MONTSOURIS;20010223;5,6;8,5
PARIS-MONTSOURIS;20010224;1,6;5,5
PARIS-MONTSOURIS;20010225;-2,5;4,8
PARIS-MONTSOURIS;20010226;-0,8;7,1
PARIS-MONTSOURIS;20010227;0,2;6,9
PARIS-MONTSOURIS;20010228;0,8;4,9
PARIS-MONTSOURIS;20010301;1,6;5,7
PARIS-MONTSOURIS;20010302;-0,4;4,3
PARIS-MONTSOURIS;20010303;0,3;7
PARIS-MONTSOURIS;20010304;2,3;9,1
PARIS-MONTSOURIS;20010305;3,8;9,1
PARIS-MONTSOURIS;20010306;3,1;14,4
PARIS-MONTSOURIS;20010307;9,9;18,7
PARIS-MONTSOURIS;20010308;9,7;14,4
PARIS-MONTSOURIS;20010309;8,6;14,2
PARIS-MONTSOURIS;20010310;9,3;16
PARIS-MONTSOURIS;20010311;11,1;16
PARIS-MONTSOURIS;20010312;8,6;13,1
PARIS-MONTSOURIS;20010313;5,7;11,9
PARIS-MONTSOURIS;20010314;6,7;11,9
PARIS-MONTSOURIS;20010315;8,9;15,7
PARIS-MONTSOURIS;20010316;8,5;17,9
PARIS-MONTSOURIS;20010317;7,9;17,2
PARIS-MONTSOURIS;20010318;8,1;13,4
PARIS-MONTSOURIS;20010319;3,8;7,5
PARIS-MONTSOURIS;20010320;3,9;13,3
PARIS-MONTSOURIS;20010321;6,5;17,3
PARIS-MONTSOURIS;20010322;10;13,6
PARIS-MONTSOURIS;20010323;10,4;18,3
PARIS-MONTSOURIS;20010324;9,9;13,7
PARIS-MONTSOURIS;20010325;5,3;7,7
PARIS-MONTSOURIS;20010326;4,5;7,4
PARIS-MONTSOURIS;20010327;4,8;14,4
PARIS-MONTSOURIS;20010328;6,5;10,9
PARIS-MONTSOURIS;20010329;7,1;12,7
PARIS-MONTSOURIS;20010330;5,5;13,6
PARIS-MONTSOURIS;20010331;5,6;14,2
PARIS-MONTSOURIS;20010401;8,9;18,8
PARIS-MONTSOURIS;20010402;9,5;23,5
PARIS-MONTSOURIS;20010403;9,6;16,3
PARIS-MONTSOURIS;20010404;8,6;12,6
PARIS-MONTSOURIS;20010405;4,6;11,5
PARIS-MONTSOURIS;20010406;8,5;14,6
PARIS-MONTSOURIS;20010407;5,9;12,3
PARIS-MONTSOURIS;20010408;7,3;12,3
PARIS-MONTSOURIS;20010409;7,1;14,4
PARIS-MONTSOURIS;20010410;8,4;12,6
PARIS-MONTSOURIS;20010411;7,6;10,4
PARIS-MONTSOURIS;20010412;4,2;12,1
PARIS-MONTSOURIS;20010413;4,7;9,8
PARIS-MONTSOURIS;20010414;1,1;9,9
PARIS-MONTSOURIS;20010415;7,9;12,2
PARIS-MONTSOURIS;20010416;6,7;11,9
PARIS-MONTSOURIS;20010417;5,8;10,5
PARIS-MONTSOURIS;20010418;5,7;9,6
PARIS-MONTSOURIS;20010419;2,5;9,8
PARIS-MONTSOURIS;20010420;2,7;8,8
PARIS-MONTSOURIS;20010421;3;11,3
PARIS-MONTSOURIS;20010422;3,3;13,4
PARIS-MONTSOURIS;20010423;7,2;14,9
PARIS-MONTSOURIS;20010424;7;18,2
PARIS-MONTSOURIS;20010425;8,8;14,4
PARIS-MONTSOURIS;20010426;7,1;16,9
PARIS-MONTSOURIS;20010427;9;15,7
PARIS-MONTSOURIS;20010428;10,3;13,5
PARIS-MONTSOURIS;20010429;8,9;16,3
PARIS-MONTSOURIS;20010430;9,2;14,7
PARIS-MONTSOURIS;20010501;10,1;16,4
PARIS-MONTSOURIS;20010502;11,3;19,9
PARIS-MONTSOURIS;20010503;11,6;16,6
PARIS-MONTSOURIS;20010504;8,6;10,8
PARIS-MONTSOURIS;20010505;6,4;12,1
PARIS-MONTSOURIS;20010506;5,5;13
PARIS-MONTSOURIS;20010507;8,5;14,7
PARIS-MONTSOURIS;20010508;9,1;20
PARIS-MONTSOURIS;20010509;12,1;21,4
PARIS-MONTSOURIS;20010510;14,1;22,1
PARIS-MONTSOURIS;20010511;16;26,6
PARIS-MONTSOURIS;20010512;14,8;27,3
PARIS-MONTSOURIS;20010513;15,5;27,1
PARIS-MONTSOURIS;20010514;11;17,1
PARIS-MONTSOURIS;20010515;10,6;19,3
PARIS-MONTSOURIS;20010516;11,9;19,3
PARIS-MONTSOURIS;20010517;11;18
PARIS-MONTSOURIS;20010518;8,6;17
PARIS-MONTSOURIS;20010519;8;19,8
PARIS-MONTSOURIS;20010520;10,1;21,8
PARIS-MONTSOURIS;20010521;10,7;23,8
PARIS-MONTSOURIS;20010522;10,9;23
PARIS-MONTSOURIS;20010523;12,3;25,1
PARIS-MONTSOURIS;20010524;15,9;26,2
PARIS-MONTSOURIS;20010525;14,3;26,6
PARIS-MONTSOURIS;20010526;15,7;26,5
PARIS-MONTSOURIS;20010527;15,2;24,9
PARIS-MONTSOURIS;20010528;16,8;29,2
PARIS-MONTSOURIS;20010529;18,7;27,2
PARIS-MONTSOURIS;20010530;15,7;28,1
PARIS-MONTSOURIS;20010531;13,6;21,3
PARIS-MONTSOURIS;20010601;11,5;19,6
PARIS-MONTSOURIS;20010602;13,3;16,8
PARIS-MONTSOURIS;20010603;8,7;16,4
PARIS-MONTSOURIS;20010604;7;21,5
PARIS-MONTSOURIS;20010605;9,8;24,4
PARIS-MONTSOURIS;20010606;13,6;20,3
PARIS-MONTSOURIS;20010607;13,5;20,6
PARIS-MONTSOURIS;20010608;9,9;16,5
PARIS-MONTSOURIS;20010609;9,9;19,5
PARIS-MONTSOURIS;20010610;10,4;19,4
PARIS-MONTSOURIS;20010611;9,9;20,4
PARIS-MONTSOURIS;20010612;11,7;24,8
PARIS-MONTSOURIS;20010613;13,9;25,2
PARIS-MONTSOURIS;20010614;11,8;24,4
PARIS-MONTSOURIS;20010615;15,2;18,7
PARIS-MONTSOURIS;20010616;12,4;21,7
PARIS-MONTSOURIS;20010617;13,5;20,1
PARIS-MONTSOURIS;20010618;11,8;17,9
PARIS-MONTSOURIS;20010619;10,7;21,4
PARIS-MONTSOURIS;20010620;11,9;27
PARIS-MONTSOURIS;20010621;15,4;25,2
PARIS-MONTSOURIS;20010622;12,5;25
PARIS-MONTSOURIS;20010623;13,9;27,1
PARIS-MONTSOURIS;20010624;15,4;31,7
PARIS-MONTSOURIS;20010625;19;32
PARIS-MONTSOURIS;20010626;19,4;35,2
PARIS-MONTSOURIS;20010627;18,5;21,7
PARIS-MONTSOURIS;20010628;15,5;25,8
PARIS-MONTSOURIS;20010629;16,8;29,3
PARIS-MONTSOURIS;20010630;19,6;25,4
PARIS-MONTSOURIS;20010701;15;26,3
PARIS-MONTSOURIS;20010702;16,6;28,6
PARIS-MONTSOURIS;20010703;18,4;30,9
PARIS-MONTSOURIS;20010704;19,2;29,5
PARIS-MONTSOURIS;20010705;17,6;26,6
PARIS-MONTSOURIS;20010706;17,8;26,8
PARIS-MONTSOURIS;20010707;15,6;20,9
PARIS-MONTSOURIS;20010708;16,2;22,1
PARIS-MONTSOURIS;20010709;15,2;24,8
PARIS-MONTSOURIS;20010710;16,7;22,7
PARIS-MONTSOURIS;20010711;14,3;22,3
PARIS-MONTSOURIS;20010712;13,9;16,5
PARIS-MONTSOURIS;20010713;12,8;19
PARIS-MONTSOURIS;20010714;13,4;17,6
PARIS-MONTSOURIS;20010715;12,6;21,4
PARIS-MONTSOURIS;20010716;12;22,2
PARIS-MONTSOURIS;20010717;12,7;21,1
PARIS-MONTSOURIS;20010718;13,6;16,7
PARIS-MONTSOURIS;20010719;13,1;18,3
PARIS-MONTSOURIS;20010720;11,9;21,7
PARIS-MONTSOURIS;20010721;14,1;25,5
PARIS-MONTSOURIS;20010722;16,2;29,4
PARIS-MONTSOURIS;20010723;17,6;26
PARIS-MONTSOURIS;20010724;15,7;27,4
PARIS-MONTSOURIS;20010725;16,4;29,9
PARIS-MONTSOURIS;20010726;19,5;30,4
PARIS-MONTSOURIS;20010727;18,7;30,7
PARIS-MONTSOURIS;20010728;19,8;29,8
PARIS-MONTSOURIS;20010729;19,3;29,5
PARIS-MONTSOURIS;20010730;19,9;32,1
PARIS-MONTSOURIS;20010731;21,8;29,5
PARIS-MONTSOURIS;20010801;18,4;28,6
PARIS-MONTSOURIS;20010802;20,5;26,4
PARIS-MONTSOURIS;20010803;18,1;24,2
PARIS-MONTSOURIS;20010804;15,5;22,9
PARIS-MONTSOURIS;20010805;15,6;22,2
PARIS-MONTSOURIS;20010806;15,6;23,2
PARIS-MONTSOURIS;20010807;17,1;22
PARIS-MONTSOURIS;20010808;14,3;22,5
PARIS-MONTSOURIS;20010809;14,6;22,2
PARIS-MONTSOURIS;20010810;13,2;21,2
PARIS-MONTSOURIS;20010811;11,6;23,3
PARIS-MONTSOURIS;20010812;12,7;26,7
PARIS-MONTSOURIS;20010813;16,8;29,1
PARIS-MONTSOURIS;20010814;17,8;31,7
PARIS-MONTSOURIS;20010815;19,4;32,5
PARIS-MONTSOURIS;20010816;17,2;23,8
PARIS-MONTSOURIS;20010817;14;26
PARIS-MONTSOURIS;20010818;16,2;24,9
PARIS-MONTSOURIS;20010819;17;22,8
PARIS-MONTSOURIS;20010820;15,8;22,9
PARIS-MONTSOURIS;20010821;14,9;26,6
PARIS-MONTSOURIS;20010822;16,6;28,5
PARIS-MONTSOURIS;20010823;18,8;29,8
PARIS-MONTSOURIS;20010824;19,2;31,7
PARIS-MONTSOURIS;20010825;20;33,9
PARIS-MONTSOURIS;20010826;19,6;33,9
PARIS-MONTSOURIS;20010827;19,5;24,6
PARIS-MONTSOURIS;20010828;13,5;24,8
PARIS-MONTSOURIS;20010829;14,3;25,8
PARIS-MONTSOURIS;20010830;17,7;21,6
PARIS-MONTSOURIS;20010831;15,2;18,8
PARIS-MONTSOURIS;20010901;12,4;21,7
PARIS-MONTSOURIS;20010902;11,7;22,2
PARIS-MONTSOURIS;20010903;15,8;19,5
PARIS-MONTSOURIS;20010904;12,4;17,3
PARIS-MONTSOURIS;20010905;11,6;18,1
PARIS-MONTSOURIS;20010906;14,2;20,7
PARIS-MONTSOURIS;20010907;11,6;21
PARIS-MONTSOURIS;20010908;15,3;18,2
PARIS-MONTSOURIS;20010909;10,2;16,7
PARIS-MONTSOURIS;20010910;9,1;17
PARIS-MONTSOURIS;20010911;9,4;17,8
PARIS-MONTSOURIS;20010912;13,7;20,8
PARIS-MONTSOURIS;20010913;13,4;18
PARIS-MONTSOURIS;20010914;11,2;18,1
PARIS-MONTSOURIS;20010915;9;17,5
PARIS-MONTSOURIS;20010916;11,6;16,4
PARIS-MONTSOURIS;20010917;9;15,4
PARIS-MONTSOURIS;20010918;10,6;12,8
PARIS-MONTSOURIS;20010919;9,5;14,3
PARIS-MONTSOURIS;20010920;13;15,2
PARIS-MONTSOURIS;20010921;10,3;18,2
PARIS-MONTSOURIS;20010922;9,3;18,2
PARIS-MONTSOURIS;20010923;8,6;16,3
PARIS-MONTSOURIS;20010924;10,1;16,4
PARIS-MONTSOURIS;20010925;9,4;16,9
PARIS-MONTSOURIS;20010926;8,5;15,6
PARIS-MONTSOURIS;20010927;12,5;20,3
PARIS-MONTSOURIS;20010928;10,4;23,8
PARIS-MONTSOURIS;20010929;13,9;18,7
PARIS-MONTSOURIS;20010930;10,7;18
PARIS-MONTSOURIS;20011001;16,6;20,7
PARIS-MONTSOURIS;20011002;16,9;25,1
PARIS-MONTSOURIS;20011003;14,3;17,5
PARIS-MONTSOURIS;20011004;10,3;17,5
PARIS-MONTSOURIS;20011005;10,4;20,9
PARIS-MONTSOURIS;20011006;13,2;20,4
PARIS-MONTSOURIS;20011007;12,8;19,3
PARIS-MONTSOURIS;20011008;12,7;18,2
PARIS-MONTSOURIS;20011009;11,6;19
PARIS-MONTSOURIS;20011010;9,7;20,4
PARIS-MONTSOURIS;20011011;9,1;21,3
PARIS-MONTSOURIS;20011012;10,7;22,6
PARIS-MONTSOURIS;20011013;14,4;23,9
PARIS-MONTSOURIS;20011014;15,1;19,3
PARIS-MONTSOURIS;20011015;13;22,2
PARIS-MONTSOURIS;20011016;11,3;15,9
PARIS-MONTSOURIS;20011017;10,3;20,8
PARIS-MONTSOURIS;20011018;14;18,2
PARIS-MONTSOURIS;20011019;12,9;19,2
PARIS-MONTSOURIS;20011020;15,1;16,4
PARIS-MONTSOURIS;20011021;12,3;18,5
PARIS-MONTSOURIS;20011022;12,3;17,4
PARIS-MONTSOURIS;20011023;14,1;18,7
PARIS-MONTSOURIS;20011024;11;17,6
PARIS-MONTSOURIS;20011025;12,5;18,6
PARIS-MONTSOURIS;20011026;9,6;17,7
PARIS-MONTSOURIS;20011027;11,9;15,7
PARIS-MONTSOURIS;20011028;10,3;19,4
PARIS-MONTSOURIS;20011029;12,3;16,1
PARIS-MONTSOURIS;20011030;10,3;18,2
PARIS-MONTSOURIS;20011031;12,2;16,3
PARIS-MONTSOURIS;20011101;6,6;13
PARIS-MONTSOURIS;20011102;6,8;13,9
PARIS-MONTSOURIS;20011103;5,8;14,1
PARIS-MONTSOURIS;20011104;6,5;11,4
PARIS-MONTSOURIS;20011105;7,8;12,2
PARIS-MONTSOURIS;20011106;5,8;12,9
PARIS-MONTSOURIS;20011107;11,3;14,7
PARIS-MONTSOURIS;20011108;4,3;11,3
PARIS-MONTSOURIS;20011109;2,6;6,3
PARIS-MONTSOURIS;20011110;0,7;4,8
PARIS-MONTSOURIS;20011111;0,9;8,6
PARIS-MONTSOURIS;20011112;7,2;11,9
PARIS-MONTSOURIS;20011113;6,5;10,2
PARIS-MONTSOURIS;20011114;3,8;7,9
PARIS-MONTSOURIS;20011115;0,9;6,7
PARIS-MONTSOURIS;20011116;0,5;9,9
PARIS-MONTSOURIS;20011117;3,3;7,2
PARIS-MONTSOURIS;20011118;3;4
PARIS-MONTSOURIS;20011119;2,5;5,7
PARIS-MONTSOURIS;20011120;4;8,8
PARIS-MONTSOURIS;20011121;5,4;8,2
PARIS-MONTSOURIS;20011122;3,1;9,5
PARIS-MONTSOURIS;20011123;3,7;7,7
PARIS-MONTSOURIS;20011124;4,7;11,3
PARIS-MONTSOURIS;20011125;9,5;12,3
PARIS-MONTSOURIS;20011126;7;9,7
PARIS-MONTSOURIS;20011127;2,5;9,2
PARIS-MONTSOURIS;20011128;7,2;10,4
PARIS-MONTSOURIS;20011129;6,1;13,6
PARIS-MONTSOURIS;20011130;11,1;13,7
PARIS-MONTSOURIS;20011201;11,8;13,4
PARIS-MONTSOURIS;20011202;7,3;10,3
PARIS-MONTSOURIS;20011203;9,8;10,3
PARIS-MONTSOURIS;20011204;8,7;12,6
PARIS-MONTSOURIS;20011205;8,2;13,9
PARIS-MONTSOURIS;20011206;8,4;10,6
PARIS-MONTSOURIS;20011207;4,4;8,2
PARIS-MONTSOURIS;20011208;1,2;5,5
PARIS-MONTSOURIS;20011209;-0,1;3,8
PARIS-MONTSOURIS;20011210;-0,1;4,1
PARIS-MONTSOURIS;20011211;1,3;6,4
PARIS-MONTSOURIS;20011212;1,4;4,4
PARIS-MONTSOURIS;20011213;2,7;4,9
PARIS-MONTSOURIS;20011214;-3,4;0,1
PARIS-MONTSOURIS;20011215;-3,7;1,5
PARIS-MONTSOURIS;20011216;-1;2,3
PARIS-MONTSOURIS;20011217;-2,9;2,8
PARIS-MONTSOURIS;20011218;0,2;2,8
PARIS-MONTSOURIS;20011219;1,6;4,4
PARIS-MONTSOURIS;20011220;2,9;6
PARIS-MONTSOURIS;20011221;-0,1;5,5
PARIS-MONTSOURIS;20011222;1,9;4,3
PARIS-MONTSOURIS;20011223;-1,2;1,4
PARIS-MONTSOURIS;20011224;-3;5
PARIS-MONTSOURIS;20011225;3,2;6,5
PARIS-MONTSOURIS;20011226;1,1;3,8
PARIS-MONTSOURIS;20011227;0,3;8,3
PARIS-MONTSOURIS;20011228;7,3;10,8
PARIS-MONTSOURIS;20011229;2,3;10,9
PARIS-MONTSOURIS;20011230;0,3;5,7
PARIS-MONTSOURIS;20011231;-0,4;2,8
PARIS-MONTSOURIS;20020101;-3,4;-0,6
PARIS-MONTSOURIS;20020102;-4,3;2,1
PARIS-MONTSOURIS;20020103;-2,2;3,3
PARIS-MONTSOURIS;20020104;-2,6;3,7
PARIS-MONTSOURIS;20020105;-1,7;5,3
PARIS-MONTSOURIS;20020106;-1,3;5,5
PARIS-MONTSOURIS;20020107;2,9;5
PARIS-MONTSOURIS;20020108;1,7;4,5
PARIS-MONTSOURIS;20020109;0,1;7,7
PARIS-MONTSOURIS;20020110;1,9;7,1
PARIS-MONTSOURIS;20020111;3,5;7
PARIS-MONTSOURIS;20020112;0,3;5,5
PARIS-MONTSOURIS;20020113;1,5;7
PARIS-MONTSOURIS;20020114;6;8,2
PARIS-MONTSOURIS;20020115;6,7;8
PARIS-MONTSOURIS;20020116;3,8;7,4
PARIS-MONTSOURIS;20020117;3,8;6,9
PARIS-MONTSOURIS;20020118;4,9;8,1
PARIS-MONTSOURIS;20020119;5,5;11,3
PARIS-MONTSOURIS;20020120;7;10,7
PARIS-MONTSOURIS;20020121;8,4;11,5
PARIS-MONTSOURIS;20020122;6,2;11,9
PARIS-MONTSOURIS;20020123;5,7;11,2
PARIS-MONTSOURIS;20020124;9,6;12
PARIS-MONTSOURIS;20020125;6,1;11,1
PARIS-MONTSOURIS;20020126;9,3;13,4
PARIS-MONTSOURIS;20020127;10,9;15,3
PARIS-MONTSOURIS;20020128;11,5;15,7
PARIS-MONTSOURIS;20020129;5,8;10,2
PARIS-MONTSOURIS;20020130;7;14,4
PARIS-MONTSOURIS;20020131;8,4;13,6
PARIS-MONTSOURIS;20020201;8,9;13,9
PARIS-MONTSOURIS;20020202;7,7;15,8
PARIS-MONTSOURIS;20020203;7,3;15,3
PARIS-MONTSOURIS;20020204;6;12,8
PARIS-MONTSOURIS;20020205;10,6;12,3
PARIS-MONTSOURIS;20020206;5,7;10,2
PARIS-MONTSOURIS;20020207;3,1;9,2
PARIS-MONTSOURIS;20020208;7,2;12,3
PARIS-MONTSOURIS;20020209;8,3;12,2
PARIS-MONTSOURIS;20020210;6,7;11,1
PARIS-MONTSOURIS;20020211;9,7;12,6
PARIS-MONTSOURIS;20020212;11,9;14,3
PARIS-MONTSOURIS;20020213;7,3;12,3
PARIS-MONTSOURIS;20020214;5;7,1
PARIS-MONTSOURIS;20020215;-0,5;6,1
PARIS-MONTSOURIS;20020216;0,1;6,8
PARIS-MONTSOURIS;20020217;1,5;9,8
PARIS-MONTSOURIS;20020218;2,3;7,7
PARIS-MONTSOURIS;20020219;2,8;10,5
PARIS-MONTSOURIS;20020220;8,1;13,1
PARIS-MONTSOURIS;20020221;3,6;7,2
PARIS-MONTSOURIS;20020222;4,2;11,6
PARIS-MONTSOURIS;20020223;6,5;9,5
PARIS-MONTSOURIS;20020224;3,2;9,8
PARIS-MONTSOURIS;20020225;6;12,6
PARIS-MONTSOURIS;20020226;10,4;15,8
PARIS-MONTSOURIS;20020227;5,7;11,1
PARIS-MONTSOURIS;20020228;4,5;10,6
PARIS-MONTSOURIS;20020301;2,8;9,5
PARIS-MONTSOURIS;20020302;2,1;5,7
PARIS-MONTSOURIS;20020303;0,6;10,3
PARIS-MONTSOURIS;20020304;4,2;10,8
PARIS-MONTSOURIS;20020305;4;11
PARIS-MONTSOURIS;20020306;4,2;12,5
PARIS-MONTSOURIS;20020307;9,3;16,2
PARIS-MONTSOURIS;20020308;6,7;16,2
PARIS-MONTSOURIS;20020309;9,3;14,6
PARIS-MONTSOURIS;20020310;3,2;13,9
PARIS-MONTSOURIS;20020311;4;16,2
PARIS-MONTSOURIS;20020312;9,5;13,2
PARIS-MONTSOURIS;20020313;8,7;20
PARIS-MONTSOURIS;20020314;7,1;13,9
PARIS-MONTSOURIS;20020315;8,5;13,7
PARIS-MONTSOURIS;20020316;7;16,6
PARIS-MONTSOURIS;20020317;10;13,7
PARIS-MONTSOURIS;20020318;8,6;12,6
PARIS-MONTSOURIS;20020319;9,4;15,3
PARIS-MONTSOURIS;20020320;13,4;17,8
PARIS-MONTSOURIS;20020321;12,2;16,2
PARIS-MONTSOURIS;20020322;9,5;14
PARIS-MONTSOURIS;20020323;6,6;11,9
PARIS-MONTSOURIS;20020324;4,1;12,4
PARIS-MONTSOURIS;20020325;3;10,8
PARIS-MONTSOURIS;20020326;5,5;11,5
PARIS-MONTSOURIS;20020327;4,2;11,2
PARIS-MONTSOURIS;20020328;3,2;13,9
PARIS-MONTSOURIS;20020329;5;17,5
PARIS-MONTSOURIS;20020330;8,1;17
PARIS-MONTSOURIS;20020331;6,3;17,6
PARIS-MONTSOURIS;20020401;9,1;19,5
PARIS-MONTSOURIS;20020402;9,4;20,7
PARIS-MONTSOURIS;20020403;9,4;20,9
PARIS-MONTSOURIS;20020404;10,6;21
PARIS-MONTSOURIS;20020405;10,4;20,4
PARIS-MONTSOURIS;20020406;6,5;15,1
PARIS-MONTSOURIS;20020407;4,5;15,7
PARIS-MONTSOURIS;20020408;5,8;16
PARIS-MONTSOURIS;20020409;5;14,6
PARIS-MONTSOURIS;20020410;5,2;13,1
PARIS-MONTSOURIS;20020411;5,8;13,5
PARIS-MONTSOURIS;20020412;6,4;14,4
PARIS-MONTSOURIS;20020413;6,6;11
PARIS-MONTSOURIS;20020414;3,1;11,5
PARIS-MONTSOURIS;20020415;4,3;13
PARIS-MONTSOURIS;20020416;6;14,5
PARIS-MONTSOURIS;20020417;4,5;16,5
PARIS-MONTSOURIS;20020418;9,1;16,3
PARIS-MONTSOURIS;20020419;7,2;15,4
PARIS-MONTSOURIS;20020420;6,6;16,6
PARIS-MONTSOURIS;20020421;7,5;19,9
PARIS-MONTSOURIS;20020422;10,2;21,9
PARIS-MONTSOURIS;20020423;10,8;19,2
PARIS-MONTSOURIS;20020424;11,2;23,3
PARIS-MONTSOURIS;20020425;12,9;20,6
PARIS-MONTSOURIS;20020426;10,3;14,4
PARIS-MONTSOURIS;20020427;6,9;14,9
PARIS-MONTSOURIS;20020428;8,7;18,1
PARIS-MONTSOURIS;20020429;7,5;14,6
PARIS-MONTSOURIS;20020430;7,6;19,5
PARIS-MONTSOURIS;20020501;9,3;17
PARIS-MONTSOURIS;20020502;6,8;14,2
PARIS-MONTSOURIS;20020503;6,9;15,3
PARIS-MONTSOURIS;20020504;7;12,2
PARIS-MONTSOURIS;20020505;6,6;10,9
PARIS-MONTSOURIS;20020506;7,5;13,9
PARIS-MONTSOURIS;20020507;8;19,8
PARIS-MONTSOURIS;20020508;11,3;23
PARIS-MONTSOURIS;20020509;13;16,9
PARIS-MONTSOURIS;20020510;11,6;15,5
PARIS-MONTSOURIS;20020511;12;13,9
PARIS-MONTSOURIS;20020512;10;19,3
PARIS-MONTSOURIS;20020513;8,3;23
PARIS-MONTSOURIS;20020514;10,4;18,6
PARIS-MONTSOURIS;20020515;9,6;22,3
PARIS-MONTSOURIS;20020516;12;27,8
PARIS-MONTSOURIS;20020517;15,5;28,3
PARIS-MONTSOURIS;20020518;12,9;19,6
PARIS-MONTSOURIS;20020519;10,6;19,7
PARIS-MONTSOURIS;20020520;13,4;22,8
PARIS-MONTSOURIS;20020521;14,1;25,3
PARIS-MONTSOURIS;20020522;13,7;15,4
PARIS-MONTSOURIS;20020523;9,8;19,6
PARIS-MONTSOURIS;20020524;10,5;17,7
PARIS-MONTSOURIS;20020525;10,5;19,2
PARIS-MONTSOURIS;20020526;10,5;17,3
PARIS-MONTSOURIS;20020527;8,4;17,1
PARIS-MONTSOURIS;20020528;7,8;14,3
PARIS-MONTSOURIS;20020529;8,6;18,4
PARIS-MONTSOURIS;20020530;8,5;20,3
PARIS-MONTSOURIS;20020531;10,5;22,4
PARIS-MONTSOURIS;20020601;13,2;26,6
PARIS-MONTSOURIS;20020602;14,9;28,1
PARIS-MONTSOURIS;20020603;17,6;24,9
PARIS-MONTSOURIS;20020604;14,5;22,5
PARIS-MONTSOURIS;20020605;13,8;19,8
PARIS-MONTSOURIS;20020606;11,7;19,5
PARIS-MONTSOURIS;20020607;12,5;19,2
PARIS-MONTSOURIS;20020608;12,6;21
PARIS-MONTSOURIS;20020609;11,3;19,4
PARIS-MONTSOURIS;20020610;10,1;18,1
PARIS-MONTSOURIS;20020611;12,3;21
PARIS-MONTSOURIS;20020612;15;21,4
PARIS-MONTSOURIS;20020613;14;21,8
PARIS-MONTSOURIS;20020614;14,7;29,6
PARIS-MONTSOURIS;20020615;16,8;23,4
PARIS-MONTSOURIS;20020616;18;29,4
PARIS-MONTSOURIS;20020617;20;34,8
PARIS-MONTSOURIS;20020618;21,2;30,7
PARIS-MONTSOURIS;20020619;15,5;24,8
PARIS-MONTSOURIS;20020620;14,6;20,8
PARIS-MONTSOURIS;20020621;15,1;24,7
PARIS-MONTSOURIS;20020622;17;27
PARIS-MONTSOURIS;20020623;15,9;23,2
PARIS-MONTSOURIS;20020624;13,1;23,4
PARIS-MONTSOURIS;20020625;13,2;24,7
PARIS-MONTSOURIS;20020626;14,1;24,8
PARIS-MONTSOURIS;20020627;13,2;22,3
PARIS-MONTSOURIS;20020628;11,6;20,2
PARIS-MONTSOURIS;20020629;11,4;21,2
PARIS-MONTSOURIS;20020630;13,1;22,9
PARIS-MONTSOURIS;20020701;14,4;17
PARIS-MONTSOURIS;20020702;12,9;19
PARIS-MONTSOURIS;20020703;13,8;20,5
PARIS-MONTSOURIS;20020704;12,2;21,4
PARIS-MONTSOURIS;20020705;12,2;17,6
PARIS-MONTSOURIS;20020706;14,2;20,9
PARIS-MONTSOURIS;20020707;14,1;23,9
PARIS-MONTSOURIS;20020708;13,2;27,4
PARIS-MONTSOURIS;20020709;18,3;22,1
PARIS-MONTSOURIS;20020710;13,2;21,5
PARIS-MONTSOURIS;20020711;11,7;22,2
PARIS-MONTSOURIS;20020712;15,3;23,3
PARIS-MONTSOURIS;20020713;14,1;20,4
PARIS-MONTSOURIS;20020714;13,1;21,4
PARIS-MONTSOURIS;20020715;14,5;21,5
PARIS-MONTSOURIS;20020716;14,6;25,4
PARIS-MONTSOURIS;20020717;15;25,4
PARIS-MONTSOURIS;20020718;14,8;24,8
PARIS-MONTSOURIS;20020719;14;24,7
PARIS-MONTSOURIS;20020720;13,2;28,6
PARIS-MONTSOURIS;20020721;14,3;22,7
PARIS-MONTSOURIS;20020722;13,2;24
PARIS-MONTSOURIS;20020723;14,8;25,8
PARIS-MONTSOURIS;20020724;16,1;23,2
PARIS-MONTSOURIS;20020725;14,5;22,9
PARIS-MONTSOURIS;20020726;19,1;25,4
PARIS-MONTSOURIS;20020727;17,9;31,8
PARIS-MONTSOURIS;20020728;21,4;34
PARIS-MONTSOURIS;20020729;19,2;33,9
PARIS-MONTSOURIS;20020730;20,3;26,2
PARIS-MONTSOURIS;20020731;15,9;23,2
PARIS-MONTSOURIS;20020801;13,6;23,8
PARIS-MONTSOURIS;20020802;14,4;23,3
PARIS-MONTSOURIS;20020803;14,1;20,9
PARIS-MONTSOURIS;20020804;13,9;19,7
PARIS-MONTSOURIS;20020805;13,3;21
PARIS-MONTSOURIS;20020806;14,3;22
PARIS-MONTSOURIS;20020807;15,8;25,5
PARIS-MONTSOURIS;20020808;16,1;24
PARIS-MONTSOURIS;20020809;13,6;23,1
PARIS-MONTSOURIS;20020810;14,4;20,5
PARIS-MONTSOURIS;20020811;13,5;22,3
PARIS-MONTSOURIS;20020812;15;21,2
PARIS-MONTSOURIS;20020813;12,9;25,5
PARIS-MONTSOURIS;20020814;15,8;28,8
PARIS-MONTSOURIS;20020815;17,6;30,5
PARIS-MONTSOURIS;20020816;18,6;31,6
PARIS-MONTSOURIS;20020817;19,4;32,3
PARIS-MONTSOURIS;20020818;19,9;32,4
PARIS-MONTSOURIS;20020819;19,3;28,6
PARIS-MONTSOURIS;20020820;16,2;19,9
PARIS-MONTSOURIS;20020821;14;22,6
PARIS-MONTSOURIS;20020822;15,4;22,9
PARIS-MONTSOURIS;20020823;14,1;23,3
PARIS-MONTSOURIS;20020824;15,5;24,5
PARIS-MONTSOURIS;20020825;15,1;23,2
PARIS-MONTSOURIS;20020826;16;19,6
PARIS-MONTSOURIS;20020827;17,5;18,5
PARIS-MONTSOURIS;20020828;16,9;20,7
PARIS-MONTSOURIS;20020829;16,3;24,3
PARIS-MONTSOURIS;20020830;15,9;24,5
PARIS-MONTSOURIS;20020831;17,8;22,1
PARIS-MONTSOURIS;20020901;13,2;20
PARIS-MONTSOURIS;20020902;11,9;24,1
PARIS-MONTSOURIS;20020903;16,6;22,9
PARIS-MONTSOURIS;20020904;16;22,8
PARIS-MONTSOURIS;20020905;13,2;22,5
PARIS-MONTSOURIS;20020906;12,3;21,6
PARIS-MONTSOURIS;20020907;15,9;22,9
PARIS-MONTSOURIS;20020908;15,4;20,2
PARIS-MONTSOURIS;20020909;14,7;19,6
PARIS-MONTSOURIS;20020910;13,6;21,1
PARIS-MONTSOURIS;20020911;12,2;20,6
PARIS-MONTSOURIS;20020912;12,7;22,8
PARIS-MONTSOURIS;20020913;13;23,6
PARIS-MONTSOURIS;20020914;12,4;22,9
PARIS-MONTSOURIS;20020915;15,4;20,7
PARIS-MONTSOURIS;20020916;11,2;21,9
PARIS-MONTSOURIS;20020917;11,9;22,1
PARIS-MONTSOURIS;20020918;11;23,9
PARIS-MONTSOURIS;20020919;12,9;19,5
PARIS-MONTSOURIS;20020920;13,2;21,1
PARIS-MONTSOURIS;20020921;12;20
PARIS-MONTSOURIS;20020922;10,9;18,3
PARIS-MONTSOURIS;20020923;10,9;16,9
PARIS-MONTSOURIS;20020924;7,6;15,9
PARIS-MONTSOURIS;20020925;7,2;16,5
PARIS-MONTSOURIS;20020926;10,9;15,7
PARIS-MONTSOURIS;20020927;9,3;17
PARIS-MONTSOURIS;20020928;9,8;18,6
PARIS-MONTSOURIS;20020929;8,4;20
PARIS-MONTSOURIS;20020930;7,6;21,9
PARIS-MONTSOURIS;20021001;8,8;22,2
PARIS-MONTSOURIS;20021002;12,1;20,2
PARIS-MONTSOURIS;20021003;14,6;20,5
PARIS-MONTSOURIS;20021004;12,6;19
PARIS-MONTSOURIS;20021005;9,7;17,9
PARIS-MONTSOURIS;20021006;13,8;17,7
PARIS-MONTSOURIS;20021007;6,7;15,4
PARIS-MONTSOURIS;20021008;6,6;16
PARIS-MONTSOURIS;20021009;6,6;18,2
PARIS-MONTSOURIS;20021010;13;17,7
PARIS-MONTSOURIS;20021011;8,1;16,2
PARIS-MONTSOURIS;20021012;8,1;16,9
PARIS-MONTSOURIS;20021013;6,7;14,5
PARIS-MONTSOURIS;20021014;10,1;13,9
PARIS-MONTSOURIS;20021015;9,9;19,4
PARIS-MONTSOURIS;20021016;12,5;17,1
PARIS-MONTSOURIS;20021017;8,8;12,4
PARIS-MONTSOURIS;20021018;5;13,3
PARIS-MONTSOURIS;20021019;5,3;14
PARIS-MONTSOURIS;20021020;5,9;15,4
PARIS-MONTSOURIS;20021021;11;18,1
PARIS-MONTSOURIS;20021022;12;16,6
PARIS-MONTSOURIS;20021023;10;13,3
PARIS-MONTSOURIS;20021024;7,1;12,7
PARIS-MONTSOURIS;20021025;11,6;16,5
PARIS-MONTSOURIS;20021026;11,7;16,3
PARIS-MONTSOURIS;20021027;11,5;16,6
PARIS-MONTSOURIS;20021028;7,8;14,4
PARIS-MONTSOURIS;20021029;6;14,5
PARIS-MONTSOURIS;20021030;9,8;17,1
PARIS-MONTSOURIS;20021031;10;17,6
PARIS-MONTSOURIS;20021101;11,3;15,1
PARIS-MONTSOURIS;20021102;13,7;16
PARIS-MONTSOURIS;20021103;10,2;14,6
PARIS-MONTSOURIS;20021104;9,4;14,3
PARIS-MONTSOURIS;20021105;6,9;13,5
PARIS-MONTSOURIS;20021106;6,8;10
PARIS-MONTSOURIS;20021107;7,8;11
PARIS-MONTSOURIS;20021108;5,1;13,2
PARIS-MONTSOURIS;20021109;8,9;12,9
PARIS-MONTSOURIS;20021110;8,5;16,2
PARIS-MONTSOURIS;20021111;10,9;14,3
PARIS-MONTSOURIS;20021112;8,1;13
PARIS-MONTSOURIS;20021113;9,9;14,1
PARIS-MONTSOURIS;20021114;9,9;13
PARIS-MONTSOURIS;20021115;6,3;12,8
PARIS-MONTSOURIS;20021116;7,2;10,1
PARIS-MONTSOURIS;20021117;7,2;11,1
PARIS-MONTSOURIS;20021118;6,6;9,5
PARIS-MONTSOURIS;20021119;5,1;7,2
PARIS-MONTSOURIS;20021120;4,6;12,8
PARIS-MONTSOURIS;20021121;9;12,8
PARIS-MONTSOURIS;20021122;7;10,9
PARIS-MONTSOURIS;20021123;6,1;9,4
PARIS-MONTSOURIS;20021124;5;12,4
PARIS-MONTSOURIS;20021125;7,2;9,8
PARIS-MONTSOURIS;20021126;6;7,3
PARIS-MONTSOURIS;20021127;3,5;7,3
PARIS-MONTSOURIS;20021128;5,4;10,3
PARIS-MONTSOURIS;20021129;8,5;9,7
PARIS-MONTSOURIS;20021130;7;10,6
PARIS-MONTSOURIS;20021201;8,2;10,6
PARIS-MONTSOURIS;20021202;6,4;9,2
PARIS-MONTSOURIS;20021203;4,1;10,1
PARIS-MONTSOURIS;20021204;4,3;8,2
PARIS-MONTSOURIS;20021205;6,4;7,4
PARIS-MONTSOURIS;20021206;2,1;5,8
PARIS-MONTSOURIS;20021207;1,8;3,7
PARIS-MONTSOURIS;20021208;2,5;3,5
PARIS-MONTSOURIS;20021209;-0,4;2
PARIS-MONTSOURIS;20021210;-1,1;5,2
PARIS-MONTSOURIS;20021211;1,4;5
PARIS-MONTSOURIS;20021212;1,3;5,8
PARIS-MONTSOURIS;20021213;3,5;8,8
PARIS-MONTSOURIS;20021214;5,9;9,8
PARIS-MONTSOURIS;20021215;6,8;10,5
PARIS-MONTSOURIS;20021216;6,3;8,8
PARIS-MONTSOURIS;20021217;4,7;7,1
PARIS-MONTSOURIS;20021218;2,6;4,5
PARIS-MONTSOURIS;20021219;-0,9;3,4
PARIS-MONTSOURIS;20021220;-0,1;11,3
PARIS-MONTSOURIS;20021221;9,2;12,2
PARIS-MONTSOURIS;20021222;10,5;15,1
PARIS-MONTSOURIS;20021223;11,4;13,4
PARIS-MONTSOURIS;20021224;9,9;14,2
PARIS-MONTSOURIS;20021225;9,8;11,6
PARIS-MONTSOURIS;20021226;10,2;15,1
PARIS-MONTSOURIS;20021227;11,2;12,9
PARIS-MONTSOURIS;20021228;7,3;11,2
PARIS-MONTSOURIS;20021229;7,3;13,6
PARIS-MONTSOURIS;20021230;11,3;12,7
PARIS-MONTSOURIS;20021231;4,9;10,2
PARIS-MONTSOURIS;20030101;4,9;14,2
PARIS-MONTSOURIS;20030102;10,6;14,5
PARIS-MONTSOURIS;20030103;7,9;9,7
PARIS-MONTSOURIS;20030104;-1,7;7,3
PARIS-MONTSOURIS;20030105;-3,6;-0,8
PARIS-MONTSOURIS;20030106;-4;0,5
PARIS-MONTSOURIS;20030107;-4,5;-1,7
PARIS-MONTSOURIS;20030108;-6,2;-5
PARIS-MONTSOURIS;20030109;-7,5;-2,8
PARIS-MONTSOURIS;20030110;-6,1;-0,4
PARIS-MONTSOURIS;20030111;-5,6;-0,2
PARIS-MONTSOURIS;20030112;-4,5;0,5
PARIS-MONTSOURIS;20030113;-3,6;6,7
PARIS-MONTSOURIS;20030114;5,4;7,3
PARIS-MONTSOURIS;20030115;1,8;5,9
PARIS-MONTSOURIS;20030116;2,5;5,6
PARIS-MONTSOURIS;20030117;1,1;5,1
PARIS-MONTSOURIS;20030118;1,1;4,2
PARIS-MONTSOURIS;20030119;2,9;9,1
PARIS-MONTSOURIS;20030120;6,8;9,9
PARIS-MONTSOURIS;20030121;7,1;10,8
PARIS-MONTSOURIS;20030122;6,5;9,7
PARIS-MONTSOURIS;20030123;6,4;8
PARIS-MONTSOURIS;20030124;2,8;7,2
PARIS-MONTSOURIS;20030125;-0,4;8,3
PARIS-MONTSOURIS;20030126;5,5;10,8
PARIS-MONTSOURIS;20030127;6,9;15,5
PARIS-MONTSOURIS;20030128;6,3;9,3
PARIS-MONTSOURIS;20030129;2,7;6
PARIS-MONTSOURIS;20030130;0;3
PARIS-MONTSOURIS;20030131;-0,5;3,3
PARIS-MONTSOURIS;20030201;-1,3;4,3
PARIS-MONTSOURIS;20030202;1,7;7,4
PARIS-MONTSOURIS;20030203;5,5;7,1
PARIS-MONTSOURIS;20030204;1,4;4,9
PARIS-MONTSOURIS;20030205;1,6;5,3
PARIS-MONTSOURIS;20030206;-1;5,7
PARIS-MONTSOURIS;20030207;1;6
PARIS-MONTSOURIS;20030208;3,1;6,7
PARIS-MONTSOURIS;20030209;4,5;7,3
PARIS-MONTSOURIS;20030210;3,9;6,1
PARIS-MONTSOURIS;20030211;4,1;6,4
PARIS-MONTSOURIS;20030212;-0,2;1,2
PARIS-MONTSOURIS;20030213;-2,5;0,8
PARIS-MONTSOURIS;20030214;-2,8;2,1
PARIS-MONTSOURIS;20030215;-1,7;5,2
PARIS-MONTSOURIS;20030216;-2,5;2,7
PARIS-MONTSOURIS;20030217;-3,3;2,1
PARIS-MONTSOURIS;20030218;-3,1;3,3
PARIS-MONTSOURIS;20030219;-2,8;5,6
PARIS-MONTSOURIS;20030220;3;9,6
PARIS-MONTSOURIS;20030221;1,2;11,7
PARIS-MONTSOURIS;20030222;-0,1;12,4
PARIS-MONTSOURIS;20030223;3,2;12,2
PARIS-MONTSOURIS;20030224;4;14,1
PARIS-MONTSOURIS;20030225;4,9;13,6
PARIS-MONTSOURIS;20030226;6,6;16,1
PARIS-MONTSOURIS;20030227;9,4;13,4
PARIS-MONTSOURIS;20030228;7,2;13,3
PARIS-MONTSOURIS;20030301;9,4;11,3
PARIS-MONTSOURIS;20030302;6,3;9,2
PARIS-MONTSOURIS;20030303;2;9,3
PARIS-MONTSOURIS;20030304;6,1;13,1
PARIS-MONTSOURIS;20030305;10,1;16,9
PARIS-MONTSOURIS;20030306;7,4;12
PARIS-MONTSOURIS;20030307;3,5;12,6
PARIS-MONTSOURIS;20030308;5,5;12,6
PARIS-MONTSOURIS;20030309;5,3;17,2
PARIS-MONTSOURIS;20030310;6,2;16,2
PARIS-MONTSOURIS;20030311;11,4;17,2
PARIS-MONTSOURIS;20030312;9,9;13,5
PARIS-MONTSOURIS;20030313;5,6;12,1
PARIS-MONTSOURIS;20030314;4;11,9
PARIS-MONTSOURIS;20030315;2,5;11,9
PARIS-MONTSOURIS;20030316;2,2;14,8
PARIS-MONTSOURIS;20030317;4,1;16
PARIS-MONTSOURIS;20030318;2,5;13,3
PARIS-MONTSOURIS;20030319;4;16
PARIS-MONTSOURIS;20030320;5,3;15,1
PARIS-MONTSOURIS;20030321;6,6;12,5
PARIS-MONTSOURIS;20030322;3,8;15,9
PARIS-MONTSOURIS;20030323;6,3;20,2
PARIS-MONTSOURIS;20030324;6,9;22,2
PARIS-MONTSOURIS;20030325;9,7;22,2
PARIS-MONTSOURIS;20030326;10,8;21,4
PARIS-MONTSOURIS;20030327;10,4;21,6
PARIS-MONTSOURIS;20030328;12,4;20,8
PARIS-MONTSOURIS;20030329;13,2;18,1
PARIS-MONTSOURIS;20030330;11,1;19,9
PARIS-MONTSOURIS;20030331;5,7;15,7
PARIS-MONTSOURIS;20030401;5,8;18,4
PARIS-MONTSOURIS;20030402;5,2;10
PARIS-MONTSOURIS;20030403;3,6;9,7
PARIS-MONTSOURIS;20030404;2,9;13
PARIS-MONTSOURIS;20030405;7,3;15,3
PARIS-MONTSOURIS;20030406;6,6;11,4
PARIS-MONTSOURIS;20030407;1,2;9,2
PARIS-MONTSOURIS;20030408;0,4;9,8
PARIS-MONTSOURIS;20030409;1,2;9,7
PARIS-MONTSOURIS;20030410;1,2;7,4
PARIS-MONTSOURIS;20030411;0,8;12
PARIS-MONTSOURIS;20030412;6,9;15,7
PARIS-MONTSOURIS;20030413;6,2;18,9
PARIS-MONTSOURIS;20030414;13,1;21,1
PARIS-MONTSOURIS;20030415;12,6;25,3
PARIS-MONTSOURIS;20030416;12,6;25,3
PARIS-MONTSOURIS;20030417;12,6;25
PARIS-MONTSOURIS;20030418;13,3;23,4
PARIS-MONTSOURIS;20030419;7,2;16
PARIS-MONTSOURIS;20030420;5,9;14,9
PARIS-MONTSOURIS;20030421;10;17,5
PARIS-MONTSOURIS;20030422;8,8;20,4
PARIS-MONTSOURIS;20030423;11;21
PARIS-MONTSOURIS;20030424;9,7;24,3
PARIS-MONTSOURIS;20030425;13;25,6
PARIS-MONTSOURIS;20030426;12,6;17,4
PARIS-MONTSOURIS;20030427;10,2;17,8
PARIS-MONTSOURIS;20030428;11,8;24,9
PARIS-MONTSOURIS;20030429;12,6;20,3
PARIS-MONTSOURIS;20030430;12,2;16,1
PARIS-MONTSOURIS;20030501;10,4;17,1
PARIS-MONTSOURIS;20030502;10,4;19,1
PARIS-MONTSOURIS;20030503;7,8;18,7
PARIS-MONTSOURIS;20030504;8,2;27,5
PARIS-MONTSOURIS;20030505;12,8;15
PARIS-MONTSOURIS;20030506;10,8;14
PARIS-MONTSOURIS;20030507;9,3;20,6
PARIS-MONTSOURIS;20030508;12,1;23,4
PARIS-MONTSOURIS;20030509;12,7;15,6
PARIS-MONTSOURIS;20030510;9,6;19
PARIS-MONTSOURIS;20030511;9,1;20,2
PARIS-MONTSOURIS;20030512;10,3;16,6
PARIS-MONTSOURIS;20030513;7,7;14,7
PARIS-MONTSOURIS;20030514;7,6;15,9
PARIS-MONTSOURIS;20030515;6,2;18
PARIS-MONTSOURIS;20030516;8,1;19,6
PARIS-MONTSOURIS;20030517;12;18
PARIS-MONTSOURIS;20030518;13,1;18,3
PARIS-MONTSOURIS;20030519;12,5;16,7
PARIS-MONTSOURIS;20030520;9,6;17,4
PARIS-MONTSOURIS;20030521;11,1;16,6
PARIS-MONTSOURIS;20030522;13,4;21,4
PARIS-MONTSOURIS;20030523;11,4;22,2
PARIS-MONTSOURIS;20030524;13,5;16,9
PARIS-MONTSOURIS;20030525;9,7;18,3
PARIS-MONTSOURIS;20030526;9,9;20,6
PARIS-MONTSOURIS;20030527;10,7;22,3
PARIS-MONTSOURIS;20030528;12,8;25,6
PARIS-MONTSOURIS;20030529;15,6;28,4
PARIS-MONTSOURIS;20030530;17,5;28,6
PARIS-MONTSOURIS;20030531;18,6;28,8
PARIS-MONTSOURIS;20030601;19,7;29,4
PARIS-MONTSOURIS;20030602;17,5;22,9
PARIS-MONTSOURIS;20030603;16,5;25
PARIS-MONTSOURIS;20030604;16,4;26,1
PARIS-MONTSOURIS;20030605;14,1;23,9
PARIS-MONTSOURIS;20030606;15,8;26,9
PARIS-MONTSOURIS;20030607;17,5;28,6
PARIS-MONTSOURIS;20030608;19,8;24,4
PARIS-MONTSOURIS;20030609;14;25,3
PARIS-MONTSOURIS;20030610;18,2;25,2
PARIS-MONTSOURIS;20030611;16,3;27,7
PARIS-MONTSOURIS;20030612;18,6;28,8
PARIS-MONTSOURIS;20030613;16,5;27,6
PARIS-MONTSOURIS;20030614;18,8;26,7
PARIS-MONTSOURIS;20030615;17,3;26,6
PARIS-MONTSOURIS;20030616;16,2;28,4
PARIS-MONTSOURIS;20030617;18,1;26,8
PARIS-MONTSOURIS;20030618;13,4;23,9
PARIS-MONTSOURIS;20030619;18,5;26,4
PARIS-MONTSOURIS;20030620;17,1;25,2
PARIS-MONTSOURIS;20030621;13,7;26,7
PARIS-MONTSOURIS;20030622;15,9;31,9
PARIS-MONTSOURIS;20030623;21,8;25,5
PARIS-MONTSOURIS;20030624;15;27,1
PARIS-MONTSOURIS;20030625;17,5;29
PARIS-MONTSOURIS;20030626;19,3;27,2
PARIS-MONTSOURIS;20030627;17,6;22,8
PARIS-MONTSOURIS;20030628;16,1;26,5
PARIS-MONTSOURIS;20030629;17,2;30,4
PARIS-MONTSOURIS;20030630;18,1;23,6
PARIS-MONTSOURIS;20030701;13,9;20,9
PARIS-MONTSOURIS;20030702;14,2;23,7
PARIS-MONTSOURIS;20030703;14,2;21,4
PARIS-MONTSOURIS;20030704;15;19,8
PARIS-MONTSOURIS;20030705;13,1;22,6
PARIS-MONTSOURIS;20030706;14,4;24,2
PARIS-MONTSOURIS;20030707;16;26
PARIS-MONTSOURIS;20030708;15,4;26,5
PARIS-MONTSOURIS;20030709;16,5;28,5
PARIS-MONTSOURIS;20030710;18,7;30,6
PARIS-MONTSOURIS;20030711;20,9;30,3
PARIS-MONTSOURIS;20030712;15,7;28,1
PARIS-MONTSOURIS;20030713;16,5;30,9
PARIS-MONTSOURIS;20030714;20,3;34,1
PARIS-MONTSOURIS;20030715;20,7;35,6
PARIS-MONTSOURIS;20030716;19,7;26,1
PARIS-MONTSOURIS;20030717;15;23,5
PARIS-MONTSOURIS;20030718;16,2;29,7
PARIS-MONTSOURIS;20030719;18,7;33,8
PARIS-MONTSOURIS;20030720;20,2;27
PARIS-MONTSOURIS;20030721;19,5;28,3
PARIS-MONTSOURIS;20030722;17,3;27,7
PARIS-MONTSOURIS;20030723;17,6;26,9
PARIS-MONTSOURIS;20030724;17,3;23,1
PARIS-MONTSOURIS;20030725;16,2;23,2
PARIS-MONTSOURIS;20030726;17,6;20,6
PARIS-MONTSOURIS;20030727;17,7;22,7
PARIS-MONTSOURIS;20030728;15,6;24,8
PARIS-MONTSOURIS;20030729;15;26,2
PARIS-MONTSOURIS;20030730;18,5;23,8
PARIS-MONTSOURIS;20030731;15,6;24,2
PARIS-MONTSOURIS;20030801;16,5;30
PARIS-MONTSOURIS;20030802;18,3;31,4
PARIS-MONTSOURIS;20030803;19,8;34,8
PARIS-MONTSOURIS;20030804;21,5;36,4
PARIS-MONTSOURIS;20030805;22,4;37,9
PARIS-MONTSOURIS;20030806;23,7;39,4
PARIS-MONTSOURIS;20030807;23,6;38,2
PARIS-MONTSOURIS;20030808;22,6;36,3
PARIS-MONTSOURIS;20030809;22,6;37,3
PARIS-MONTSOURIS;20030810;23,3;38,7
PARIS-MONTSOURIS;20030811;25,5;39,5
PARIS-MONTSOURIS;20030812;25,5;39,4
PARIS-MONTSOURIS;20030813;22,7;33
PARIS-MONTSOURIS;20030814;21,6;28,8
PARIS-MONTSOURIS;20030815;16,7;27
PARIS-MONTSOURIS;20030816;17,5;29,4
PARIS-MONTSOURIS;20030817;19,4;29,3
PARIS-MONTSOURIS;20030818;17,8;24,7
PARIS-MONTSOURIS;20030819;18,6;24,5
PARIS-MONTSOURIS;20030820;14,9;24
PARIS-MONTSOURIS;20030821;14,2;25
PARIS-MONTSOURIS;20030822;15,2;25,9
PARIS-MONTSOURIS;20030823;16,9;25,6
PARIS-MONTSOURIS;20030824;17,9;26,6
PARIS-MONTSOURIS;20030825;14,8;27
PARIS-MONTSOURIS;20030826;15,1;26,8
PARIS-MONTSOURIS;20030827;17;26,7
PARIS-MONTSOURIS;20030828;17,8;25
PARIS-MONTSOURIS;20030829;16;20
PARIS-MONTSOURIS;20030830;13,5;19,3
PARIS-MONTSOURIS;20030831;10,7;19,4
PARIS-MONTSOURIS;20030901;14;20,3
PARIS-MONTSOURIS;20030902;11,3;19,8
PARIS-MONTSOURIS;20030903;11,1;22,3
PARIS-MONTSOURIS;20030904;12,3;25,4
PARIS-MONTSOURIS;20030905;13,5;19,4
PARIS-MONTSOURIS;20030906;15,9;22,4
PARIS-MONTSOURIS;20030907;12,5;20,5
PARIS-MONTSOURIS;20030908;11,4;22,3
PARIS-MONTSOURIS;20030909;14,3;21,6
PARIS-MONTSOURIS;20030910;14,4;20
PARIS-MONTSOURIS;20030911;15;20,3
PARIS-MONTSOURIS;20030912;15,2;23,2
PARIS-MONTSOURIS;20030913;13,2;22,2
PARIS-MONTSOURIS;20030914;12,6;22,8
PARIS-MONTSOURIS;20030915;13,6;24
PARIS-MONTSOURIS;20030916;13,2;25,8
PARIS-MONTSOURIS;20030917;14;27,1
PARIS-MONTSOURIS;20030918;13,1;29,5
PARIS-MONTSOURIS;20030919;13,7;30,4
PARIS-MONTSOURIS;20030920;13,7;28,8
PARIS-MONTSOURIS;20030921;14,9;30,2
PARIS-MONTSOURIS;20030922;16,2;21,5
PARIS-MONTSOURIS;20030923;10,9;17,1
PARIS-MONTSOURIS;20030924;7,7;17
PARIS-MONTSOURIS;20030925;8,6;19,5
PARIS-MONTSOURIS;20030926;7,8;21,1
PARIS-MONTSOURIS;20030927;11;20,7
PARIS-MONTSOURIS;20030928;12,6;17,9
PARIS-MONTSOURIS;20030929;8,4;19
PARIS-MONTSOURIS;20030930;8,1;20,2
PARIS-MONTSOURIS;20031001;13,7;19,2
PARIS-MONTSOURIS;20031002;14;24,7
PARIS-MONTSOURIS;20031003;14;21,2
PARIS-MONTSOURIS;20031004;12,9;15,6
PARIS-MONTSOURIS;20031005;7,3;12,4
PARIS-MONTSOURIS;20031006;4,7;13,5
PARIS-MONTSOURIS;20031007;10,5;13,5
PARIS-MONTSOURIS;20031008;6,6;16,4
PARIS-MONTSOURIS;20031009;15,1;18,3
PARIS-MONTSOURIS;20031010;13,5;18,3
PARIS-MONTSOURIS;20031011;14,1;19,5
PARIS-MONTSOURIS;20031012;11;18,3
PARIS-MONTSOURIS;20031013;11,2;18,6
PARIS-MONTSOURIS;20031014;10,4;18
PARIS-MONTSOURIS;20031015;6,1;14,7
PARIS-MONTSOURIS;20031016;5,6;14,7
PARIS-MONTSOURIS;20031017;4,7;12,9
PARIS-MONTSOURIS;20031018;4,8;11,9
PARIS-MONTSOURIS;20031019;3,4;11,2
PARIS-MONTSOURIS;20031020;4,9;10,5
PARIS-MONTSOURIS;20031021;7;8,6
PARIS-MONTSOURIS;20031022;1,3;10,2
PARIS-MONTSOURIS;20031023;4,1;6
PARIS-MONTSOURIS;20031024;-0,1;8,3
PARIS-MONTSOURIS;20031025;3;11
PARIS-MONTSOURIS;20031026;4,7;8,6
PARIS-MONTSOURIS;20031027;2,9;6
PARIS-MONTSOURIS;20031028;1;10,1
PARIS-MONTSOURIS;20031029;1;8
PARIS-MONTSOURIS;20031030;5,8;10,7
PARIS-MONTSOURIS;20031031;7,8;10,8
PARIS-MONTSOURIS;20031101;6,4;12,3
PARIS-MONTSOURIS;20031102;5,4;12,8
PARIS-MONTSOURIS;20031103;11,5;15,2
PARIS-MONTSOURIS;20031104;8;12,1
PARIS-MONTSOURIS;20031105;6,4;12,7
PARIS-MONTSOURIS;20031106;4,6;16
PARIS-MONTSOURIS;20031107;6,1;12,6
PARIS-MONTSOURIS;20031108;3,9;9,7
PARIS-MONTSOURIS;20031109;3,4;10,7
PARIS-MONTSOURIS;20031110;6;13,6
PARIS-MONTSOURIS;20031111;6;13,3
PARIS-MONTSOURIS;20031112;6,1;11,8
PARIS-MONTSOURIS;20031113;5,2;12,8
PARIS-MONTSOURIS;20031114;5,3;12,7
PARIS-MONTSOURIS;20031115;5,5;9,3
PARIS-MONTSOURIS;20031116;6,7;7,9
PARIS-MONTSOURIS;20031117;2,9;12
PARIS-MONTSOURIS;20031118;7,3;13,3
PARIS-MONTSOURIS;20031119;11,6;12,6
PARIS-MONTSOURIS;20031120;6,9;9,1
PARIS-MONTSOURIS;20031121;6,6;11,3
PARIS-MONTSOURIS;20031122;9,8;16,2
PARIS-MONTSOURIS;20031123;13,4;18,5
PARIS-MONTSOURIS;20031124;10,7;13,7
PARIS-MONTSOURIS;20031125;8,3;10,7
PARIS-MONTSOURIS;20031126;7,1;10,5
PARIS-MONTSOURIS;20031127;4,6;7
PARIS-MONTSOURIS;20031128;4;5,4
PARIS-MONTSOURIS;20031129;1,8;10,5
PARIS-MONTSOURIS;20031130;5,6;12,5
PARIS-MONTSOURIS;20031201;9,3;10,9
PARIS-MONTSOURIS;20031202;7,5;9,7
PARIS-MONTSOURIS;20031203;5,6;9,9
PARIS-MONTSOURIS;20031204;5,8;7,1
PARIS-MONTSOURIS;20031205;4,7;6,9
PARIS-MONTSOURIS;20031206;3,8;6,2
PARIS-MONTSOURIS;20031207;-0,1;3,3
PARIS-MONTSOURIS;20031208;-0,4;7,3
PARIS-MONTSOURIS;20031209;-0,1;5
PARIS-MONTSOURIS;20031210;-1,2;3,6
PARIS-MONTSOURIS;20031211;-0,1;10,8
PARIS-MONTSOURIS;20031212;8,1;12,1
PARIS-MONTSOURIS;20031213;11,4;13,3
PARIS-MONTSOURIS;20031214;8,2;10
PARIS-MONTSOURIS;20031215;4,8;6,7
PARIS-MONTSOURIS;20031216;1,5;7,3
PARIS-MONTSOURIS;20031217;0,4;6,3
PARIS-MONTSOURIS;20031218;0,6;7,1
PARIS-MONTSOURIS;20031219;1,9;9,2
PARIS-MONTSOURIS;20031220;7,9;12,1
PARIS-MONTSOURIS;20031221;5,4;8,1
PARIS-MONTSOURIS;20031222;2,6;5,1
PARIS-MONTSOURIS;20031223;1;8,1
PARIS-MONTSOURIS;20031224;4,4;8,6
PARIS-MONTSOURIS;20031225;7,8;8,8
PARIS-MONTSOURIS;20031226;3,9;10,4
PARIS-MONTSOURIS;20031227;6,3;10,2
PARIS-MONTSOURIS;20031228;4,4;9,5
PARIS-MONTSOURIS;20031229;1,3;3,3
PARIS-MONTSOURIS;20031230;0,3;5,2
PARIS-MONTSOURIS;20031231;2,1;3,8
PARIS-MONTSOURIS;20040101;0,2;6
PARIS-MONTSOURIS;20040102;1,1;5,7
PARIS-MONTSOURIS;20040103;-1,5;0,9
PARIS-MONTSOURIS;20040104;-3;2,8
PARIS-MONTSOURIS;20040105;1,7;5,1
PARIS-MONTSOURIS;20040106;4,4;9
PARIS-MONTSOURIS;20040107;5,3;9,3
PARIS-MONTSOURIS;20040108;3,1;8,3
PARIS-MONTSOURIS;20040109;6,8;11
PARIS-MONTSOURIS;20040110;6,3;12,2
PARIS-MONTSOURIS;20040111;9,9;13,9
PARIS-MONTSOURIS;20040112;7,2;15,2
PARIS-MONTSOURIS;20040113;7,4;13,3
PARIS-MONTSOURIS;20040114;4,9;8,2
PARIS-MONTSOURIS;20040115;3,5;8,8
PARIS-MONTSOURIS;20040116;6,7;10
PARIS-MONTSOURIS;20040117;4;6,5
PARIS-MONTSOURIS;20040118;2,8;5
PARIS-MONTSOURIS;20040119;1,3;9,7
PARIS-MONTSOURIS;20040120;7,1;9,4
PARIS-MONTSOURIS;20040121;5,9;8
PARIS-MONTSOURIS;20040122;3,5;6,3
PARIS-MONTSOURIS;20040123;4,7;6,9
PARIS-MONTSOURIS;20040124;5,6;9,7
PARIS-MONTSOURIS;20040125;3,1;7,8
PARIS-MONTSOURIS;20040126;0,8;2,4
PARIS-MONTSOURIS;20040127;0,4;4,4
PARIS-MONTSOURIS;20040128;0,8;3,4
PARIS-MONTSOURIS;20040129;-0,3;4,2
PARIS-MONTSOURIS;20040130;-1,3;6,6
PARIS-MONTSOURIS;20040131;1,9;11,5
PARIS-MONTSOURIS;20040201;9,5;14,4
PARIS-MONTSOURIS;20040202;10,4;15,2
PARIS-MONTSOURIS;20040203;9,5;16
PARIS-MONTSOURIS;20040204;9,6;18
PARIS-MONTSOURIS;20040205;10,3;17,5
PARIS-MONTSOURIS;20040206;9,2;15,1
PARIS-MONTSOURIS;20040207;6,6;10,8
PARIS-MONTSOURIS;20040208;5,9;8,7
PARIS-MONTSOURIS;20040209;1,8;7,3
PARIS-MONTSOURIS;20040210;0,5;8
PARIS-MONTSOURIS;20040211;4,2;10,1
PARIS-MONTSOURIS;20040212;5,6;7,4
PARIS-MONTSOURIS;20040213;2,8;10,3
PARIS-MONTSOURIS;20040214;5,9;9,4
PARIS-MONTSOURIS;20040215;5,1;8,3
PARIS-MONTSOURIS;20040216;4,4;9,8
PARIS-MONTSOURIS;20040217;3,3;8,2
PARIS-MONTSOURIS;20040218;4;8,2
PARIS-MONTSOURIS;20040219;2,5;5,8
PARIS-MONTSOURIS;20040220;0,7;6
PARIS-MONTSOURIS;20040221;3,3;5,8
PARIS-MONTSOURIS;20040222;2,3;5,1
PARIS-MONTSOURIS;20040223;0,7;6,9
PARIS-MONTSOURIS;20040224;-0,1;6
PARIS-MONTSOURIS;20040225;2;7
PARIS-MONTSOURIS;20040226;-1,7;5,4
PARIS-MONTSOURIS;20040227;-3,4;5,2
PARIS-MONTSOURIS;20040228;-0,4;5,9
PARIS-MONTSOURIS;20040229;0,4;4,9
PARIS-MONTSOURIS;20040301;-1,6;5
PARIS-MONTSOURIS;20040302;-0,5;8,1
PARIS-MONTSOURIS;20040303;-0,2;11,6
PARIS-MONTSOURIS;20040304;5,9;7,3
PARIS-MONTSOURIS;20040305;5,5;8,3
PARIS-MONTSOURIS;20040306;5,4;9,1
PARIS-MONTSOURIS;20040307;4,2;9,1
PARIS-MONTSOURIS;20040308;3,1;7,3
PARIS-MONTSOURIS;20040309;3,4;5,6
PARIS-MONTSOURIS;20040310;0,5;3,4
PARIS-MONTSOURIS;20040311;0,8;3,6
PARIS-MONTSOURIS;20040312;2,2;9,1
PARIS-MONTSOURIS;20040313;6;13,2
PARIS-MONTSOURIS;20040314;4,1;13,2
PARIS-MONTSOURIS;20040315;9,4;14
PARIS-MONTSOURIS;20040316;8,7;20,1
PARIS-MONTSOURIS;20040317;8,3;22,9
PARIS-MONTSOURIS;20040318;11,9;19,6
PARIS-MONTSOURIS;20040319;9,1;13,4
PARIS-MONTSOURIS;20040320;10,3;14,9
PARIS-MONTSOURIS;20040321;7,6;14,1
PARIS-MONTSOURIS;20040322;5;11
PARIS-MONTSOURIS;20040323;4,3;10
PARIS-MONTSOURIS;20040324;3,4;9,7
PARIS-MONTSOURIS;20040325;3,2;8,9
PARIS-MONTSOURIS;20040326;1,8;9,5
PARIS-MONTSOURIS;20040327;1,8;8,9
PARIS-MONTSOURIS;20040328;2;13,1
PARIS-MONTSOURIS;20040329;4,1;15,2
PARIS-MONTSOURIS;20040330;6,3;17,7
PARIS-MONTSOURIS;20040331;10,2;18
PARIS-MONTSOURIS;20040401;9,7;19,1
PARIS-MONTSOURIS;20040402;9,6;13,3
PARIS-MONTSOURIS;20040403;8,9;15,8
PARIS-MONTSOURIS;20040404;9,8;16
PARIS-MONTSOURIS;20040405;8;13,3
PARIS-MONTSOURIS;20040406;5,8;11,1
PARIS-MONTSOURIS;20040407;4,8;10,4
PARIS-MONTSOURIS;20040408;5;11,7
PARIS-MONTSOURIS;20040409;5,1;9
PARIS-MONTSOURIS;20040410;4,9;12,8
PARIS-MONTSOURIS;20040411;5,1;12,4
PARIS-MONTSOURIS;20040412;3,9;14,9
PARIS-MONTSOURIS;20040413;6,9;13,6
PARIS-MONTSOURIS;20040414;8,7;15,3
PARIS-MONTSOURIS;20040415;7;18,2
PARIS-MONTSOURIS;20040416;7,8;20
PARIS-MONTSOURIS;20040417;9,8;13,7
PARIS-MONTSOURIS;20040418;6,4;12,6
PARIS-MONTSOURIS;20040419;4;12,6
PARIS-MONTSOURIS;20040420;6,6;14,1
PARIS-MONTSOURIS;20040421;11,7;22,6
PARIS-MONTSOURIS;20040422;12,3;19,1
PARIS-MONTSOURIS;20040423;8,6;18,9
PARIS-MONTSOURIS;20040424;8,7;20,1
PARIS-MONTSOURIS;20040425;9,9;20,8
PARIS-MONTSOURIS;20040426;11,2;22,3
PARIS-MONTSOURIS;20040427;12,6;23,8
PARIS-MONTSOURIS;20040428;9,3;17,7
PARIS-MONTSOURIS;20040429;10,7;16,6
PARIS-MONTSOURIS;20040430;11,1;16,6
PARIS-MONTSOURIS;20040501;7,9;18,4
PARIS-MONTSOURIS;20040502;8,9;20
PARIS-MONTSOURIS;20040503;10,7;20,4
PARIS-MONTSOURIS;20040504;8,3;12,5
PARIS-MONTSOURIS;20040505;5,8;13,5
PARIS-MONTSOURIS;20040506;5,5;14,6
PARIS-MONTSOURIS;20040507;7,3;14,7
PARIS-MONTSOURIS;20040508;8,5;10,1
PARIS-MONTSOURIS;20040509;8,5;11,2
PARIS-MONTSOURIS;20040510;10,1;15,6
PARIS-MONTSOURIS;20040511;11,3;19,3
PARIS-MONTSOURIS;20040512;7,6;17,1
PARIS-MONTSOURIS;20040513;7,9;12,2
PARIS-MONTSOURIS;20040514;7,5;18,1
PARIS-MONTSOURIS;20040515;9,9;21,8
PARIS-MONTSOURIS;20040516;11,9;23,1
PARIS-MONTSOURIS;20040517;13,7;26,2
PARIS-MONTSOURIS;20040518;14,6;25,6
PARIS-MONTSOURIS;20040519;15,5;26,5
PARIS-MONTSOURIS;20040520;14,6;25,4
PARIS-MONTSOURIS;20040521;12,1;17,8
PARIS-MONTSOURIS;20040522;8,3;15,3
PARIS-MONTSOURIS;20040523;7;16,8
PARIS-MONTSOURIS;20040524;8,1;20,4
PARIS-MONTSOURIS;20040525;10,8;21,7
PARIS-MONTSOURIS;20040526;11,5;20,5
PARIS-MONTSOURIS;20040527;10,6;20,6
PARIS-MONTSOURIS;20040528;10,3;22
PARIS-MONTSOURIS;20040529;12,3;25,4
PARIS-MONTSOURIS;20040530;13,9;19,9
PARIS-MONTSOURIS;20040531;13,2;20,4
PARIS-MONTSOURIS;20040601;13,4;18,5
PARIS-MONTSOURIS;20040602;14,6;18,9
PARIS-MONTSOURIS;20040603;11,4;19,6
PARIS-MONTSOURIS;20040604;13,8;18,1
PARIS-MONTSOURIS;20040605;15,4;23,4
PARIS-MONTSOURIS;20040606;13,6;24,7
PARIS-MONTSOURIS;20040607;15,2;28,4
PARIS-MONTSOURIS;20040608;16,8;31,5
PARIS-MONTSOURIS;20040609;18,8;30,3
PARIS-MONTSOURIS;20040610;19,3;26,8
PARIS-MONTSOURIS;20040611;17,2;23,8
PARIS-MONTSOURIS;20040612;13,2;20,2
PARIS-MONTSOURIS;20040613;13,6;21,1
PARIS-MONTSOURIS;20040614;11,8;25,4
PARIS-MONTSOURIS;20040615;16,7;27,7
PARIS-MONTSOURIS;20040616;17,1;24,1
PARIS-MONTSOURIS;20040617;14,9;26,1
PARIS-MONTSOURIS;20040618;13,1;19,7
PARIS-MONTSOURIS;20040619;11,5;18
PARIS-MONTSOURIS;20040620;9,5;18,7
PARIS-MONTSOURIS;20040621;10,8;20,2
PARIS-MONTSOURIS;20040622;13,6;24,4
PARIS-MONTSOURIS;20040623;16,4;22,9
PARIS-MONTSOURIS;20040624;11,5;19,6
PARIS-MONTSOURIS;20040625;11;22,1
PARIS-MONTSOURIS;20040626;12,1;23,8
PARIS-MONTSOURIS;20040627;17,6;27,5
PARIS-MONTSOURIS;20040628;14;24
PARIS-MONTSOURIS;20040629;12,8;24,8
PARIS-MONTSOURIS;20040630;15,4;27,3
PARIS-MONTSOURIS;20040701;14,1;20,2
PARIS-MONTSOURIS;20040702;13,9;21,3
PARIS-MONTSOURIS;20040703;13,2;21,8
PARIS-MONTSOURIS;20040704;14;18,5
PARIS-MONTSOURIS;20040705;14,1;22,6
PARIS-MONTSOURIS;20040706;12,9;24,2
PARIS-MONTSOURIS;20040707;15,7;23,1
PARIS-MONTSOURIS;20040708;13,4;19,4
PARIS-MONTSOURIS;20040709;13;17,4
PARIS-MONTSOURIS;20040710;10,1;18,3
PARIS-MONTSOURIS;20040711;12,1;18,6
PARIS-MONTSOURIS;20040712;12,7;17,5
PARIS-MONTSOURIS;20040713;13,4;21,5
PARIS-MONTSOURIS;20040714;13,1;24,7
PARIS-MONTSOURIS;20040715;18,1;23,1
PARIS-MONTSOURIS;20040716;16;27,8
PARIS-MONTSOURIS;20040717;19,5;29,7
PARIS-MONTSOURIS;20040718;18,1;24,9
PARIS-MONTSOURIS;20040719;14,9;25,5
PARIS-MONTSOURIS;20040720;16,5;27,2
PARIS-MONTSOURIS;20040721;19,2;26,7
PARIS-MONTSOURIS;20040722;17;31,4
PARIS-MONTSOURIS;20040723;20;26,1
PARIS-MONTSOURIS;20040724;16,3;26,7
PARIS-MONTSOURIS;20040725;14,7;23,7
PARIS-MONTSOURIS;20040726;15,4;18,6
PARIS-MONTSOURIS;20040727;14,5;25,6
PARIS-MONTSOURIS;20040728;15,8;28,2
PARIS-MONTSOURIS;20040729;16,7;29,5
PARIS-MONTSOURIS;20040730;18,2;29,1
PARIS-MONTSOURIS;20040731;19,8;30,4
PARIS-MONTSOURIS;20040801;17,9;31,3
PARIS-MONTSOURIS;20040802;18,6;32,8
PARIS-MONTSOURIS;20040803;21,5;28,7
PARIS-MONTSOURIS;20040804;17,9;28,5
PARIS-MONTSOURIS;20040805;18,4;22,5
PARIS-MONTSOURIS;20040806;18,5;27,1
PARIS-MONTSOURIS;20040807;18,5;29,6
PARIS-MONTSOURIS;20040808;18,8;33,5
PARIS-MONTSOURIS;20040809;20,7;29,7
PARIS-MONTSOURIS;20040810;18,3;26,8
PARIS-MONTSOURIS;20040811;17;29
PARIS-MONTSOURIS;20040812;15,9;22,4
PARIS-MONTSOURIS;20040813;15,5;22,6
PARIS-MONTSOURIS;20040814;16,2;24,6
PARIS-MONTSOURIS;20040815;15,4;27,1
PARIS-MONTSOURIS;20040816;17,4;25,3
PARIS-MONTSOURIS;20040817;16,7;24,9
PARIS-MONTSOURIS;20040818;17,6;27,2
PARIS-MONTSOURIS;20040819;16,1;25,1
PARIS-MONTSOURIS;20040820;14,2;21,7
PARIS-MONTSOURIS;20040821;13,5;20,2
PARIS-MONTSOURIS;20040822;12,7;22,7
PARIS-MONTSOURIS;20040823;15,3;26,3
PARIS-MONTSOURIS;20040824;15,9;21,5
PARIS-MONTSOURIS;20040825;13,6;20,7
PARIS-MONTSOURIS;20040826;14,6;21,4
PARIS-MONTSOURIS;20040827;12,6;22,5
PARIS-MONTSOURIS;20040828;16,2;21,7
PARIS-MONTSOURIS;20040829;14,7;21,4
PARIS-MONTSOURIS;20040830;14,3;19,4
PARIS-MONTSOURIS;20040831;11,5;21,5
PARIS-MONTSOURIS;20040901;12,4;23,3
PARIS-MONTSOURIS;20040902;13,4;25,6
PARIS-MONTSOURIS;20040903;15;28,1
PARIS-MONTSOURIS;20040904;17;29,5
PARIS-MONTSOURIS;20040905;18,3;30
PARIS-MONTSOURIS;20040906;17,9;28,7
PARIS-MONTSOURIS;20040907;17,4;27,9
PARIS-MONTSOURIS;20040908;17,6;28,3
PARIS-MONTSOURIS;20040909;16;27,8
PARIS-MONTSOURIS;20040910;18,2;26,5
PARIS-MONTSOURIS;20040911;16,9;25,4
PARIS-MONTSOURIS;20040912;13,3;20,6
PARIS-MONTSOURIS;20040913;13,6;21,5
PARIS-MONTSOURIS;20040914;12,1;20,9
PARIS-MONTSOURIS;20040915;11,9;19,4
PARIS-MONTSOURIS;20040916;10;18,9
PARIS-MONTSOURIS;20040917;8,2;22,2
PARIS-MONTSOURIS;20040918;11,7;26,2
PARIS-MONTSOURIS;20040919;13,7;19,5
PARIS-MONTSOURIS;20040920;11,2;18,3
PARIS-MONTSOURIS;20040921;13;18
PARIS-MONTSOURIS;20040922;11,7;18,4
PARIS-MONTSOURIS;20040923;15,5;20,2
PARIS-MONTSOURIS;20040924;11;16
PARIS-MONTSOURIS;20040925;10,3;16,3
PARIS-MONTSOURIS;20040926;11,5;19,4
PARIS-MONTSOURIS;20040927;14,8;17,1
PARIS-MONTSOURIS;20040928;14,9;15,9
PARIS-MONTSOURIS;20040929;14,2;19,4
PARIS-MONTSOURIS;20040930;13,5;22,3
PARIS-MONTSOURIS;20041001;14,1;20
PARIS-MONTSOURIS;20041002;12,5;17,3
PARIS-MONTSOURIS;20041003;8,2;20,5
PARIS-MONTSOURIS;20041004;10,5;24,9
PARIS-MONTSOURIS;20041005;11,9;17,5
PARIS-MONTSOURIS;20041006;10,7;17,8
PARIS-MONTSOURIS;20041007;6,8;15,9
PARIS-MONTSOURIS;20041008;10,9;14,1
PARIS-MONTSOURIS;20041009;10,4;11,9
PARIS-MONTSOURIS;20041010;10,9;13,4
PARIS-MONTSOURIS;20041011;10,5;14,3
PARIS-MONTSOURIS;20041012;12,5;18,4
PARIS-MONTSOURIS;20041013;10,1;15,1
PARIS-MONTSOURIS;20041014;10,8;14,4
PARIS-MONTSOURIS;20041015;6,7;11,9
PARIS-MONTSOURIS;20041016;6,1;12,3
PARIS-MONTSOURIS;20041017;6,5;13,9
PARIS-MONTSOURIS;20041018;8,1;14,5
PARIS-MONTSOURIS;20041019;7,1;16
PARIS-MONTSOURIS;20041020;12,7;22,2
PARIS-MONTSOURIS;20041021;9,3;16,8
PARIS-MONTSOURIS;20041022;8,5;18,7
PARIS-MONTSOURIS;20041023;12,2;20,5
PARIS-MONTSOURIS;20041024;12,2;19,9
PARIS-MONTSOURIS;20041025;11,7;15,6
PARIS-MONTSOURIS;20041026;9,1;14,3
PARIS-MONTSOURIS;20041027;5,9;12,1
PARIS-MONTSOURIS;20041028;10,5;17,4
PARIS-MONTSOURIS;20041029;9,4;16,9
PARIS-MONTSOURIS;20041030;8,9;15
PARIS-MONTSOURIS;20041031;8,6;12,1
PARIS-MONTSOURIS;20041101;9,4;10,6
PARIS-MONTSOURIS;20041102;10;12,7
PARIS-MONTSOURIS;20041103;10,7;11,5
PARIS-MONTSOURIS;20041104;8,8;13
PARIS-MONTSOURIS;20041105;8,5;12,3
PARIS-MONTSOURIS;20041106;7,3;12,1
PARIS-MONTSOURIS;20041107;8,8;13,1
PARIS-MONTSOURIS;20041108;6,9;8
PARIS-MONTSOURIS;20041109;6,6;9,1
PARIS-MONTSOURIS;20041110;4,4;9,6
PARIS-MONTSOURIS;20041111;6,2;8,9
PARIS-MONTSOURIS;20041112;2,4;9,4
PARIS-MONTSOURIS;20041113;5,2;9,3
PARIS-MONTSOURIS;20041114;4,4;9
PARIS-MONTSOURIS;20041115;3,3;8,5
PARIS-MONTSOURIS;20041116;7,5;11,1
PARIS-MONTSOURIS;20041117;10,2;12,4
PARIS-MONTSOURIS;20041118;9,3;11,7
PARIS-MONTSOURIS;20041119;5,9;7,9
PARIS-MONTSOURIS;20041120;3,6;6,5
PARIS-MONTSOURIS;20041121;3,5;11,2
PARIS-MONTSOURIS;20041122;10,2;13,1
PARIS-MONTSOURIS;20041123;11,2;13
PARIS-MONTSOURIS;20041124;7,4;11,7
PARIS-MONTSOURIS;20041125;1;6,1
PARIS-MONTSOURIS;20041126;0,9;9,4
PARIS-MONTSOURIS;20041127;8,2;11,2
PARIS-MONTSOURIS;20041128;5,9;7,8
PARIS-MONTSOURIS;20041129;7,1;9,6
PARIS-MONTSOURIS;20041130;6;8,6
PARIS-MONTSOURIS;20041201;4,8;6,2
PARIS-MONTSOURIS;20041202;4,4;5,9
PARIS-MONTSOURIS;20041203;3,3;7,6
PARIS-MONTSOURIS;20041204;2,7;5
PARIS-MONTSOURIS;20041205;1,5;6,1
PARIS-MONTSOURIS;20041206;5;8,7
PARIS-MONTSOURIS;20041207;4,9;6,3
PARIS-MONTSOURIS;20041208;3,2;4
PARIS-MONTSOURIS;20041209;1,2;2,8
PARIS-MONTSOURIS;20041210;0,7;3,7
PARIS-MONTSOURIS;20041211;0,2;2,1
PARIS-MONTSOURIS;20041212;-1,3;-0,8
PARIS-MONTSOURIS;20041213;-1,7;0,2
PARIS-MONTSOURIS;20041214;-1,1;3,2
PARIS-MONTSOURIS;20041215;-1,2;4,5
PARIS-MONTSOURIS;20041216;1,3;8,7
PARIS-MONTSOURIS;20041217;5,8;12,2
PARIS-MONTSOURIS;20041218;3,2;11
PARIS-MONTSOURIS;20041219;2,8;6,7
PARIS-MONTSOURIS;20041220;-0,7;1,9
PARIS-MONTSOURIS;20041221;-3,6;1,5
PARIS-MONTSOURIS;20041222;-1,4;10,2
PARIS-MONTSOURIS;20041223;4,2;11,5
PARIS-MONTSOURIS;20041224;9,4;11,2
PARIS-MONTSOURIS;20041225;4,3;6,9
PARIS-MONTSOURIS;20041226;1,9;4,7
PARIS-MONTSOURIS;20041227;1,3;4,5
PARIS-MONTSOURIS;20041228;1,8;6,9
PARIS-MONTSOURIS;20041229;2,7;7,3
PARIS-MONTSOURIS;20041230;5;9,7
PARIS-MONTSOURIS;20041231;8,9;11,2
PARIS-MONTSOURIS;20050101;7;12,2
PARIS-MONTSOURIS;20050102;6,6;8,8
PARIS-MONTSOURIS;20050103;3;10,5
PARIS-MONTSOURIS;20050104;3,2;6,9
PARIS-MONTSOURIS;20050105;4,1;10,7
PARIS-MONTSOURIS;20050106;8,3;11
PARIS-MONTSOURIS;20050107;8,8;12,2
PARIS-MONTSOURIS;20050108;7,2;10,4
PARIS-MONTSOURIS;20050109;6;11,7
PARIS-MONTSOURIS;20050110;7,6;11,4
PARIS-MONTSOURIS;20050111;8,7;11,1
PARIS-MONTSOURIS;20050112;8,5;11,4
PARIS-MONTSOURIS;20050113;4,4;9,8
PARIS-MONTSOURIS;20050114;0,1;2,6
PARIS-MONTSOURIS;20050115;0,2;2,3
PARIS-MONTSOURIS;20050116;-1,1;5,6
PARIS-MONTSOURIS;20050117;3,9;8,6
PARIS-MONTSOURIS;20050118;2;7,1
PARIS-MONTSOURIS;20050119;3,7;11,3
PARIS-MONTSOURIS;20050120;7,3;11,6
PARIS-MONTSOURIS;20050121;8,3;10,4
PARIS-MONTSOURIS;20050122;4,3;6,9
PARIS-MONTSOURIS;20050123;1,4;5,7
PARIS-MONTSOURIS;20050124;1,6;3,7
PARIS-MONTSOURIS;20050125;-0,5;2,8
PARIS-MONTSOURIS;20050126;-1,7;0,7
PARIS-MONTSOURIS;20050127;-2,8;5
PARIS-MONTSOURIS;20050128;0,9;5,1
PARIS-MONTSOURIS;20050129;1,3;3,2
PARIS-MONTSOURIS;20050130;1,4;6,7
PARIS-MONTSOURIS;20050131;5,1;8,7
PARIS-MONTSOURIS;20050201;5,9;8,7
PARIS-MONTSOURIS;20050202;5,5;8,9
PARIS-MONTSOURIS;20050203;5,9;8,2
PARIS-MONTSOURIS;20050204;5,8;8
PARIS-MONTSOURIS;20050205;0,2;5,8
PARIS-MONTSOURIS;20050206;2;8,6
PARIS-MONTSOURIS;20050207;1,1;9,6
PARIS-MONTSOURIS;20050208;2,6;12
PARIS-MONTSOURIS;20050209;3,4;12,6
PARIS-MONTSOURIS;20050210;6;9,6
PARIS-MONTSOURIS;20050211;8,3;12,6
PARIS-MONTSOURIS;20050212;10,6;13,3
PARIS-MONTSOURIS;20050213;2,2;6,6
PARIS-MONTSOURIS;20050214;2,4;5,6
PARIS-MONTSOURIS;20050215;1,4;4,6
PARIS-MONTSOURIS;20050216;-0,1;1,7
PARIS-MONTSOURIS;20050217;0,4;2,6
PARIS-MONTSOURIS;20050218;1,3;6,3
PARIS-MONTSOURIS;20050219;2,9;6,3
PARIS-MONTSOURIS;20050220;0,5;4
PARIS-MONTSOURIS;20050221;1,4;4,4
PARIS-MONTSOURIS;20050222;-0,4;1,5
PARIS-MONTSOURIS;20050223;-2,1;1,1
PARIS-MONTSOURIS;20050224;-2,3;2,5
PARIS-MONTSOURIS;20050225;-2,9;2,3
PARIS-MONTSOURIS;20050226;-2,3;3,7
PARIS-MONTSOURIS;20050227;-1,2;1,4
PARIS-MONTSOURIS;20050228;-5,5;-0,2
PARIS-MONTSOURIS;20050301;-6;1,9
PARIS-MONTSOURIS;20050302;-2,6;2,4
PARIS-MONTSOURIS;20050303;-0,6;0,6
PARIS-MONTSOURIS;20050304;-2,2;2,6
PARIS-MONTSOURIS;20050305;-0,9;3,5
PARIS-MONTSOURIS;20050306;-1,4;2,5
PARIS-MONTSOURIS;20050307;-0,1;5,9
PARIS-MONTSOURIS;20050308;3,7;7,6
PARIS-MONTSOURIS;20050309;4,5;7,9
PARIS-MONTSOURIS;20050310;4;6,6
PARIS-MONTSOURIS;20050311;3,1;9,7
PARIS-MONTSOURIS;20050312;3,9;8,1
PARIS-MONTSOURIS;20050313;0,2;9,1
PARIS-MONTSOURIS;20050314;1;11,4
PARIS-MONTSOURIS;20050315;2,6;16,9
PARIS-MONTSOURIS;20050316;7,5;22,8
PARIS-MONTSOURIS;20050317;11,8;20,3
PARIS-MONTSOURIS;20050318;8;17,4
PARIS-MONTSOURIS;20050319;7,1;17
PARIS-MONTSOURIS;20050320;9,3;20,3
PARIS-MONTSOURIS;20050321;8,2;18,8
PARIS-MONTSOURIS;20050322;12,4;16,2
PARIS-MONTSOURIS;20050323;6,8;19,2
PARIS-MONTSOURIS;20050324;11,2;14,5
PARIS-MONTSOURIS;20050325;7,1;18,3
PARIS-MONTSOURIS;20050326;8,6;16,9
PARIS-MONTSOURIS;20050327;10,7;16
PARIS-MONTSOURIS;20050328;9,3;16,1
PARIS-MONTSOURIS;20050329;9,4;15,2
PARIS-MONTSOURIS;20050330;10;14,8
PARIS-MONTSOURIS;20050331;8,9;14,2
PARIS-MONTSOURIS;20050401;7,9;18,6
PARIS-MONTSOURIS;20050402;8;20
PARIS-MONTSOURIS;20050403;10,1;20,1
PARIS-MONTSOURIS;20050404;11,2;15,7
PARIS-MONTSOURIS;20050405;7,7;14,1
PARIS-MONTSOURIS;20050406;6;15,5
PARIS-MONTSOURIS;20050407;7,3;13,6
PARIS-MONTSOURIS;20050408;3,8;7,6
PARIS-MONTSOURIS;20050409;1,7;9,6
PARIS-MONTSOURIS;20050410;5,8;13,4
PARIS-MONTSOURIS;20050411;6,5;17,1
PARIS-MONTSOURIS;20050412;7,8;15,7
PARIS-MONTSOURIS;20050413;8,9;15,6
PARIS-MONTSOURIS;20050414;8,8;12,8
PARIS-MONTSOURIS;20050415;7,5;13
PARIS-MONTSOURIS;20050416;7;11,9
PARIS-MONTSOURIS;20050417;7;16,3
PARIS-MONTSOURIS;20050418;9,2;15,4
PARIS-MONTSOURIS;20050419;5,5;14,3
PARIS-MONTSOURIS;20050420;7,3;14,6
PARIS-MONTSOURIS;20050421;7;16
PARIS-MONTSOURIS;20050422;5,7;17,8
PARIS-MONTSOURIS;20050423;10,6;18,6
PARIS-MONTSOURIS;20050424;12,1;16,8
PARIS-MONTSOURIS;20050425;10,3;16,8
PARIS-MONTSOURIS;20050426;8,9;16,4
PARIS-MONTSOURIS;20050427;8,9;17
PARIS-MONTSOURIS;20050428;9,7;21,5
PARIS-MONTSOURIS;20050429;12,9;21,9
PARIS-MONTSOURIS;20050430;13,4;27,3
PARIS-MONTSOURIS;20050501;14,6;28,7
PARIS-MONTSOURIS;20050502;16,5;25,5
PARIS-MONTSOURIS;20050503;12,8;21,1
PARIS-MONTSOURIS;20050504;11,3;16,7
PARIS-MONTSOURIS;20050505;7,8;16,1
PARIS-MONTSOURIS;20050506;11,2;17,9
PARIS-MONTSOURIS;20050507;10,5;16,3
PARIS-MONTSOURIS;20050508;7;15,3
PARIS-MONTSOURIS;20050509;6,5;15,7
PARIS-MONTSOURIS;20050510;6,2;14,9
PARIS-MONTSOURIS;20050511;5,1;15,7
PARIS-MONTSOURIS;20050512;7,2;19,2
PARIS-MONTSOURIS;20050513;10,3;17,1
PARIS-MONTSOURIS;20050514;11,4;13,3
PARIS-MONTSOURIS;20050515;8,9;17,8
PARIS-MONTSOURIS;20050516;11,1;16,6
PARIS-MONTSOURIS;20050517;9,5;14,2
PARIS-MONTSOURIS;20050518;5,2;17
PARIS-MONTSOURIS;20050519;8,6;19,9
PARIS-MONTSOURIS;20050520;13,7;22,6
PARIS-MONTSOURIS;20050521;11,9;20,1
PARIS-MONTSOURIS;20050522;9,9;20
PARIS-MONTSOURIS;20050523;9,4;18,4
PARIS-MONTSOURIS;20050524;11,7;20,3
PARIS-MONTSOURIS;20050525;11,6;26
PARIS-MONTSOURIS;20050526;14;30
PARIS-MONTSOURIS;20050527;18;32,7
PARIS-MONTSOURIS;20050528;20,5;26,1
PARIS-MONTSOURIS;20050529;13,4;22,4
PARIS-MONTSOURIS;20050530;12;18,3
PARIS-MONTSOURIS;20050531;10,4;20,6
PARIS-MONTSOURIS;20050601;14;22
PARIS-MONTSOURIS;20050602;14,1;25,6
PARIS-MONTSOURIS;20050603;15,3;23,5
PARIS-MONTSOURIS;20050604;11,6;19,8
PARIS-MONTSOURIS;20050605;10,8;18
PARIS-MONTSOURIS;20050606;13;19,2
PARIS-MONTSOURIS;20050607;8;17,1
PARIS-MONTSOURIS;20050608;8,3;20,3
PARIS-MONTSOURIS;20050609;10,2;21,1
PARIS-MONTSOURIS;20050610;11,8;22,5
PARIS-MONTSOURIS;20050611;11,4;18,2
PARIS-MONTSOURIS;20050612;9,5;22,2
PARIS-MONTSOURIS;20050613;12,2;21,7
PARIS-MONTSOURIS;20050614;12,4;23,8
PARIS-MONTSOURIS;20050615;12,8;19,5
PARIS-MONTSOURIS;20050616;14,9;25
PARIS-MONTSOURIS;20050617;19,7;25,6
PARIS-MONTSOURIS;20050618;18,5;30,6
PARIS-MONTSOURIS;20050619;19,9;33,2
PARIS-MONTSOURIS;20050620;19,9;34,3
PARIS-MONTSOURIS;20050621;18,3;29,5
PARIS-MONTSOURIS;20050622;16,7;31,6
PARIS-MONTSOURIS;20050623;19,1;33,9
PARIS-MONTSOURIS;20050624;17,8;32,4
PARIS-MONTSOURIS;20050625;20,9;27,7
PARIS-MONTSOURIS;20050626;19;27,2
PARIS-MONTSOURIS;20050627;19,5;32,6
PARIS-MONTSOURIS;20050628;22,4;33,2
PARIS-MONTSOURIS;20050629;19,8;27
PARIS-MONTSOURIS;20050630;15,8;23,3
PARIS-MONTSOURIS;20050701;13,6;20,6
PARIS-MONTSOURIS;20050702;17,3;27,7
PARIS-MONTSOURIS;20050703;17,9;30,2
PARIS-MONTSOURIS;20050704;12,7;20,5
PARIS-MONTSOURIS;20050705;11,9;22,3
PARIS-MONTSOURIS;20050706;14,3;20,1
PARIS-MONTSOURIS;20050707;12,5;17
PARIS-MONTSOURIS;20050708;14,4;16,2
PARIS-MONTSOURIS;20050709;14,1;23
PARIS-MONTSOURIS;20050710;15,2;25,4
PARIS-MONTSOURIS;20050711;18;29,3
PARIS-MONTSOURIS;20050712;17,6;27,8
PARIS-MONTSOURIS;20050713;16,9;29,8
PARIS-MONTSOURIS;20050714;18,9;31,9
PARIS-MONTSOURIS;20050715;21;32,8
PARIS-MONTSOURIS;20050716;19,3;29,9
PARIS-MONTSOURIS;20050717;16,5;30,5
PARIS-MONTSOURIS;20050718;20,1;27,4
PARIS-MONTSOURIS;20050719;16;23,2
PARIS-MONTSOURIS;20050720;15,5;23,5
PARIS-MONTSOURIS;20050721;16,2;24,8
PARIS-MONTSOURIS;20050722;15,3;23,7
PARIS-MONTSOURIS;20050723;16,1;22,8
PARIS-MONTSOURIS;20050724;16,5;23,5
PARIS-MONTSOURIS;20050725;16,6;23,9
PARIS-MONTSOURIS;20050726;17,7;23,8
PARIS-MONTSOURIS;20050727;17,7;28
PARIS-MONTSOURIS;20050728;18,4;29,7
PARIS-MONTSOURIS;20050729;19,4;27,7
PARIS-MONTSOURIS;20050730;14,3;23,2
PARIS-MONTSOURIS;20050731;14,5;22,9
PARIS-MONTSOURIS;20050801;16,7;21,4
PARIS-MONTSOURIS;20050802;15;25,9
PARIS-MONTSOURIS;20050803;15;24,6
PARIS-MONTSOURIS;20050804;14,5;24,5
PARIS-MONTSOURIS;20050805;15,3;22,3
PARIS-MONTSOURIS;20050806;15,6;20,8
PARIS-MONTSOURIS;20050807;15,8;23,1
PARIS-MONTSOURIS;20050808;12,5;21,3
PARIS-MONTSOURIS;20050809;11,9;24,8
PARIS-MONTSOURIS;20050810;14,6;28
PARIS-MONTSOURIS;20050811;15,2;26,3
PARIS-MONTSOURIS;20050812;16,2;23,5
PARIS-MONTSOURIS;20050813;13,5;24,6
PARIS-MONTSOURIS;20050814;15,9;20,1
PARIS-MONTSOURIS;20050815;13,8;19,9
PARIS-MONTSOURIS;20050816;12,5;24,1
PARIS-MONTSOURIS;20050817;16;27,9
PARIS-MONTSOURIS;20050818;16,6;30,7
PARIS-MONTSOURIS;20050819;17,5;23
PARIS-MONTSOURIS;20050820;12,8;20,6
PARIS-MONTSOURIS;20050821;14,9;19,7
PARIS-MONTSOURIS;20050822;15,1;24,7
PARIS-MONTSOURIS;20050823;16,6;20,1
PARIS-MONTSOURIS;20050824;12,5;23,2
PARIS-MONTSOURIS;20050825;14,4;21,5
PARIS-MONTSOURIS;20050826;11,9;21,3
PARIS-MONTSOURIS;20050827;12,9;23,3
PARIS-MONTSOURIS;20050828;13;25,3
PARIS-MONTSOURIS;20050829;14,4;27,5
PARIS-MONTSOURIS;20050830;15,8;31
PARIS-MONTSOURIS;20050831;18,1;33,2
PARIS-MONTSOURIS;20050901;18,2;24
PARIS-MONTSOURIS;20050902;16,6;26,7
PARIS-MONTSOURIS;20050903;17,1;29,6
PARIS-MONTSOURIS;20050904;19;31,6
PARIS-MONTSOURIS;20050905;19,2;24,6
PARIS-MONTSOURIS;20050906;17,9;24,3
PARIS-MONTSOURIS;20050907;16,7;28,2
PARIS-MONTSOURIS;20050908;16,7;30
PARIS-MONTSOURIS;20050909;19,4;28,8
PARIS-MONTSOURIS;20050910;16,3;19,7
PARIS-MONTSOURIS;20050911;14,5;20,7
PARIS-MONTSOURIS;20050912;17;20,8
PARIS-MONTSOURIS;20050913;16,2;22,3
PARIS-MONTSOURIS;20050914;17;24,4
PARIS-MONTSOURIS;20050915;18,1;24,8
PARIS-MONTSOURIS;20050916;14,1;17,8
PARIS-MONTSOURIS;20050917;9,6;17,2
PARIS-MONTSOURIS;20050918;8,3;18,2
PARIS-MONTSOURIS;20050919;8,9;19,9
PARIS-MONTSOURIS;20050920;10,2;19,6
PARIS-MONTSOURIS;20050921;10,9;21,8
PARIS-MONTSOURIS;20050922;10,5;23,5
PARIS-MONTSOURIS;20050923;9,5;25,4
PARIS-MONTSOURIS;20050924;15,2;20,7
PARIS-MONTSOURIS;20050925;14,3;21,5
PARIS-MONTSOURIS;20050926;11,5;22,1
PARIS-MONTSOURIS;20050927;12,2;20,9
PARIS-MONTSOURIS;20050928;11,8;17,4
PARIS-MONTSOURIS;20050929;13,1;17,9
PARIS-MONTSOURIS;20050930;10,3;17,2
PARIS-MONTSOURIS;20051001;12,8;18,4
PARIS-MONTSOURIS;20051002;9,6;15
PARIS-MONTSOURIS;20051003;10,2;16,8
PARIS-MONTSOURIS;20051004;10,2;14,8
PARIS-MONTSOURIS;20051005;12,9;15,5
PARIS-MONTSOURIS;20051006;13,6;16,4
PARIS-MONTSOURIS;20051007;12,6;16,2
PARIS-MONTSOURIS;20051008;12,8;20,3
PARIS-MONTSOURIS;20051009;11,3;21,3
PARIS-MONTSOURIS;20051010;11,5;23,6
PARIS-MONTSOURIS;20051011;11,7;23,5
PARIS-MONTSOURIS;20051012;16;23,3
PARIS-MONTSOURIS;20051013;15;22,9
PARIS-MONTSOURIS;20051014;13,7;22,8
PARIS-MONTSOURIS;20051015;10,2;22,9
PARIS-MONTSOURIS;20051016;10,8;18,9
PARIS-MONTSOURIS;20051017;11,1;19,7
PARIS-MONTSOURIS;20051018;9,7;14,7
PARIS-MONTSOURIS;20051019;12,8;18,5
PARIS-MONTSOURIS;20051020;12,6;15,6
PARIS-MONTSOURIS;20051021;13,4;18,8
PARIS-MONTSOURIS;20051022;14;19
PARIS-MONTSOURIS;20051023;10,5;16,4
PARIS-MONTSOURIS;20051024;9,9;16,1
PARIS-MONTSOURIS;20051025;14,1;19,8
PARIS-MONTSOURIS;20051026;14,8;22,3
PARIS-MONTSOURIS;20051027;12,5;23,4
PARIS-MONTSOURIS;20051028;14,5;20,9
PARIS-MONTSOURIS;20051029;14,8;22,7
PARIS-MONTSOURIS;20051030;14;23,5
PARIS-MONTSOURIS;20051031;15,8;19,8
PARIS-MONTSOURIS;20051101;11,1;15,9
PARIS-MONTSOURIS;20051102;10,8;16,3
PARIS-MONTSOURIS;20051103;13,5;19,2
PARIS-MONTSOURIS;20051104;11,2;14,2
PARIS-MONTSOURIS;20051105;7,4;14
PARIS-MONTSOURIS;20051106;6,6;15
PARIS-MONTSOURIS;20051107;10,1;16,4
PARIS-MONTSOURIS;20051108;9;16,1
PARIS-MONTSOURIS;20051109;9,2;12,1
PARIS-MONTSOURIS;20051110;4,8;13,4
PARIS-MONTSOURIS;20051111;6,6;10,8
PARIS-MONTSOURIS;20051112;6,5;8,3
PARIS-MONTSOURIS;20051113;7,6;11,7
PARIS-MONTSOURIS;20051114;6,2;10,4
PARIS-MONTSOURIS;20051115;4,3;9,6
PARIS-MONTSOURIS;20051116;7,2;9,7
PARIS-MONTSOURIS;20051117;3,3;8,1
PARIS-MONTSOURIS;20051118;0,9;7,2
PARIS-MONTSOURIS;20051119;0,1;3,8
PARIS-MONTSOURIS;20051120;-0,4;3,7
PARIS-MONTSOURIS;20051121;-1,6;7,9
PARIS-MONTSOURIS;20051122;3,1;6,2
PARIS-MONTSOURIS;20051123;-0,5;4,3
PARIS-MONTSOURIS;20051124;0,1;6,5
PARIS-MONTSOURIS;20051125;0,6;3,6
PARIS-MONTSOURIS;20051126;0;3,1
PARIS-MONTSOURIS;20051127;1,7;5,9
PARIS-MONTSOURIS;20051128;2,4;6,1
PARIS-MONTSOURIS;20051129;2;4,8
PARIS-MONTSOURIS;20051130;-0,2;2,1
PARIS-MONTSOURIS;20051201;-0,1;6,7
PARIS-MONTSOURIS;20051202;1,6;10,1
PARIS-MONTSOURIS;20051203;6,1;10,5
PARIS-MONTSOURIS;20051204;7,7;11
PARIS-MONTSOURIS;20051205;5,2;8,7
PARIS-MONTSOURIS;20051206;3,2;7,2
PARIS-MONTSOURIS;20051207;3,7;8,5
PARIS-MONTSOURIS;20051208;5,2;9,2
PARIS-MONTSOURIS;20051209;2,8;5,2
PARIS-MONTSOURIS;20051210;1,9;6,1
PARIS-MONTSOURIS;20051211;-0,3;4,7
PARIS-MONTSOURIS;20051212;2,6;6,9
PARIS-MONTSOURIS;20051213;3,6;7,2
PARIS-MONTSOURIS;20051214;4,9;7,7
PARIS-MONTSOURIS;20051215;5,4;8,8
PARIS-MONTSOURIS;20051216;8;10,9
PARIS-MONTSOURIS;20051217;2,8;4,4
PARIS-MONTSOURIS;20051218;0,4;4,6
PARIS-MONTSOURIS;20051219;1,4;6
PARIS-MONTSOURIS;20051220;1,8;2,7
PARIS-MONTSOURIS;20051221;0,6;3,4
PARIS-MONTSOURIS;20051222;1,6;6
PARIS-MONTSOURIS;20051223;4,7;9,1
PARIS-MONTSOURIS;20051224;6,2;9,1
PARIS-MONTSOURIS;20051225;5,4;7,5
PARIS-MONTSOURIS;20051226;2;5,4
PARIS-MONTSOURIS;20051227;-2,3;0,1
PARIS-MONTSOURIS;20051228;-2,3;0,1
PARIS-MONTSOURIS;20051229;-3;1,2
PARIS-MONTSOURIS;20051230;-2,6;8,2
PARIS-MONTSOURIS;20051231;1;8,9
PARIS-MONTSOURIS;20060101;3;7,6
PARIS-MONTSOURIS;20060102;3,9;6,8
PARIS-MONTSOURIS;20060103;4,5;6,9
PARIS-MONTSOURIS;20060104;1,8;4,3
PARIS-MONTSOURIS;20060105;-0,2;1,5
PARIS-MONTSOURIS;20060106;-0,1;2,4
PARIS-MONTSOURIS;20060107;0,7;4,7
PARIS-MONTSOURIS;20060108;2,6;5,2
PARIS-MONTSOURIS;20060109;3,7;8,1
PARIS-MONTSOURIS;20060110;-0,2;4,8
PARIS-MONTSOURIS;20060111;2,3;5,7
PARIS-MONTSOURIS;20060112;4,7;6,5
PARIS-MONTSOURIS;20060113;1,4;4,1
PARIS-MONTSOURIS;20060114;0,9;8,6
PARIS-MONTSOURIS;20060115;-0,2;6,5
PARIS-MONTSOURIS;20060116;2,8;7
PARIS-MONTSOURIS;20060117;5,8;9,8
PARIS-MONTSOURIS;20060118;7,1;11,6
PARIS-MONTSOURIS;20060119;8,8;11,1
PARIS-MONTSOURIS;20060120;7,3;11,8
PARIS-MONTSOURIS;20060121;3,8;8,6
PARIS-MONTSOURIS;20060122;3,8;6,7
PARIS-MONTSOURIS;20060123;1,6;4,1
PARIS-MONTSOURIS;20060124;-3;1,9
PARIS-MONTSOURIS;20060125;-3,2;3,6
PARIS-MONTSOURIS;20060126;0,8;2,5
PARIS-MONTSOURIS;20060127;-4,7;-2,7
PARIS-MONTSOURIS;20060128;-4,4;2,1
PARIS-MONTSOURIS;20060129;-1,1;6,1
PARIS-MONTSOURIS;20060130;-2,3;5,7
PARIS-MONTSOURIS;20060131;-1,8;5,1
PARIS-MONTSOURIS;20060201;-1,6;6,7
PARIS-MONTSOURIS;20060202;-0,8;-0,2
PARIS-MONTSOURIS;20060203;-3,1;0,9
PARIS-MONTSOURIS;20060204;-2,4;3,8
PARIS-MONTSOURIS;20060205;1,9;6,3
PARIS-MONTSOURIS;20060206;5,2;7,7
PARIS-MONTSOURIS;20060207;4,7;7,6
PARIS-MONTSOURIS;20060208;4,9;9,5
PARIS-MONTSOURIS;20060209;3,3;6,1
PARIS-MONTSOURIS;20060210;0,8;5,8
PARIS-MONTSOURIS;20060211;0,1;5,4
PARIS-MONTSOURIS;20060212;0,9;6,1
PARIS-MONTSOURIS;20060213;2,5;8,3
PARIS-MONTSOURIS;20060214;2,7;7,3
PARIS-MONTSOURIS;20060215;5,3;12,2
PARIS-MONTSOURIS;20060216;6;10,4
PARIS-MONTSOURIS;20060217;4,4;10,7
PARIS-MONTSOURIS;20060218;4,3;8,6
PARIS-MONTSOURIS;20060219;5;7
PARIS-MONTSOURIS;20060220;3,6;9
PARIS-MONTSOURIS;20060221;1,4;4,4
PARIS-MONTSOURIS;20060222;3,4;5,8
PARIS-MONTSOURIS;20060223;0,3;2,4
PARIS-MONTSOURIS;20060224;0,7;5,9
PARIS-MONTSOURIS;20060225;1,2;4,2
PARIS-MONTSOURIS;20060226;-1;1,4
PARIS-MONTSOURIS;20060227;-1,6;5,6
PARIS-MONTSOURIS;20060228;1,8;5,5
PARIS-MONTSOURIS;20060301;-2;5,1
PARIS-MONTSOURIS;20060302;-1,4;6,1
PARIS-MONTSOURIS;20060303;1,1;8,6
PARIS-MONTSOURIS;20060304;0,8;4,1
PARIS-MONTSOURIS;20060305;-0,1;6,7
PARIS-MONTSOURIS;20060306;1,4;8
PARIS-MONTSOURIS;20060307;2,6;9,3
PARIS-MONTSOURIS;20060308;2,7;13,1
PARIS-MONTSOURIS;20060309;8,9;12,7
PARIS-MONTSOURIS;20060310;4,4;9,7
PARIS-MONTSOURIS;20060311;3,2;6,5
PARIS-MONTSOURIS;20060312;-2,4;3,2
PARIS-MONTSOURIS;20060313;-2,7;5,2
PARIS-MONTSOURIS;20060314;-1,4;8,6
PARIS-MONTSOURIS;20060315;2,2;10,9
PARIS-MONTSOURIS;20060316;0,1;5,8
PARIS-MONTSOURIS;20060317;0,2;7,3
PARIS-MONTSOURIS;20060318;0,8;9,5
PARIS-MONTSOURIS;20060319;1,8;11,8
PARIS-MONTSOURIS;20060320;3,6;10,9
PARIS-MONTSOURIS;20060321;3,2;4,9
PARIS-MONTSOURIS;20060322;3,2;4,7
PARIS-MONTSOURIS;20060323;2,7;8,7
PARIS-MONTSOURIS;20060324;7;16,9
PARIS-MONTSOURIS;20060325;10,3;13,6
PARIS-MONTSOURIS;20060326;12,6;19,4
PARIS-MONTSOURIS;20060327;12,7;19
PARIS-MONTSOURIS;20060328;8,2;12
PARIS-MONTSOURIS;20060329;6,7;15
PARIS-MONTSOURIS;20060330;10,7;15,9
PARIS-MONTSOURIS;20060331;11,2;17,3
PARIS-MONTSOURIS;20060401;11,1;16,5
PARIS-MONTSOURIS;20060402;9,4;16,2
PARIS-MONTSOURIS;20060403;8,2;15,1
PARIS-MONTSOURIS;20060404;5,1;12,1
PARIS-MONTSOURIS;20060405;3,1;10,2
PARIS-MONTSOURIS;20060406;2,4;12,7
PARIS-MONTSOURIS;20060407;5;14,9
PARIS-MONTSOURIS;20060408;4,8;14
PARIS-MONTSOURIS;20060409;5,2;11,7
PARIS-MONTSOURIS;20060410;4;11,1
PARIS-MONTSOURIS;20060411;2,8;12,3
PARIS-MONTSOURIS;20060412;7,1;14
PARIS-MONTSOURIS;20060413;7,4;14,8
PARIS-MONTSOURIS;20060414;10,4;17,7
PARIS-MONTSOURIS;20060415;10,7;15,1
PARIS-MONTSOURIS;20060416;9,8;14,1
PARIS-MONTSOURIS;20060417;10;15,3
PARIS-MONTSOURIS;20060418;6,1;14,4
PARIS-MONTSOURIS;20060419;8;16,6
PARIS-MONTSOURIS;20060420;8,4;16,7
PARIS-MONTSOURIS;20060421;9,7;23,5
PARIS-MONTSOURIS;20060422;10,8;20,3
PARIS-MONTSOURIS;20060423;9,7;20,5
PARIS-MONTSOURIS;20060424;11,7;21,6
PARIS-MONTSOURIS;20060425;12;18,4
PARIS-MONTSOURIS;20060426;13,5;18,8
PARIS-MONTSOURIS;20060427;9,9;16,3
PARIS-MONTSOURIS;20060428;7,5;16,7
PARIS-MONTSOURIS;20060429;4,6;12,7
PARIS-MONTSOURIS;20060430;5,8;12
PARIS-MONTSOURIS;20060501;6,8;13,6
PARIS-MONTSOURIS;20060502;8,1;22,9
PARIS-MONTSOURIS;20060503;12,6;25,8
PARIS-MONTSOURIS;20060504;15,1;26,4
PARIS-MONTSOURIS;20060505;14,5;21
PARIS-MONTSOURIS;20060506;12,9;21,1
PARIS-MONTSOURIS;20060507;11,9;20,7
PARIS-MONTSOURIS;20060508;11,4;17,8
PARIS-MONTSOURIS;20060509;9,7;12
PARIS-MONTSOURIS;20060510;9,7;15,9
PARIS-MONTSOURIS;20060511;9,9;24,2
PARIS-MONTSOURIS;20060512;12,6;25,3
PARIS-MONTSOURIS;20060513;12,9;21,2
PARIS-MONTSOURIS;20060514;10,1;18,7
PARIS-MONTSOURIS;20060515;12,3;24,1
PARIS-MONTSOURIS;20060516;15,6;20,9
PARIS-MONTSOURIS;20060517;13,7;22
PARIS-MONTSOURIS;20060518;16,4;22,2
PARIS-MONTSOURIS;20060519;11,5;17,7
PARIS-MONTSOURIS;20060520;11,1;17,9
PARIS-MONTSOURIS;20060521;11,9;21,5
PARIS-MONTSOURIS;20060522;11,3;19,1
PARIS-MONTSOURIS;20060523;8;16,1
PARIS-MONTSOURIS;20060524;7,8;17,1
PARIS-MONTSOURIS;20060525;10,4;18,8
PARIS-MONTSOURIS;20060526;14,8;21,4
PARIS-MONTSOURIS;20060527;16;22,7
PARIS-MONTSOURIS;20060528;13,8;20,7
PARIS-MONTSOURIS;20060529;10,8;17,8
PARIS-MONTSOURIS;20060530;7,4;14,1
PARIS-MONTSOURIS;20060531;7,2;14,2
PARIS-MONTSOURIS;20060601;6,5;15,7
PARIS-MONTSOURIS;20060602;7,1;18,1
PARIS-MONTSOURIS;20060603;10,1;21,1
PARIS-MONTSOURIS;20060604;10,6;20,6
PARIS-MONTSOURIS;20060605;14,2;23,7
PARIS-MONTSOURIS;20060606;9,1;20,5
PARIS-MONTSOURIS;20060607;11,3;23,4
PARIS-MONTSOURIS;20060608;13,6;25,4
PARIS-MONTSOURIS;20060609;15,1;26,4
PARIS-MONTSOURIS;20060610;15,2;29,8
PARIS-MONTSOURIS;20060611;17;31,2
PARIS-MONTSOURIS;20060612;18,1;32,9
PARIS-MONTSOURIS;20060613;20,5;33,5
PARIS-MONTSOURIS;20060614;19,4;25,6
PARIS-MONTSOURIS;20060615;15,4;21,1
PARIS-MONTSOURIS;20060616;13,1;24,4
PARIS-MONTSOURIS;20060617;15,2;27,2
PARIS-MONTSOURIS;20060618;17,9;30,5
PARIS-MONTSOURIS;20060619;18,8;24,7
PARIS-MONTSOURIS;20060620;17,3;24
PARIS-MONTSOURIS;20060621;15,1;21,7
PARIS-MONTSOURIS;20060622;13,2;19,3
PARIS-MONTSOURIS;20060623;12,9;24,4
PARIS-MONTSOURIS;20060624;14,8;27,5
PARIS-MONTSOURIS;20060625;17;18,7
PARIS-MONTSOURIS;20060626;16,1;24,3
PARIS-MONTSOURIS;20060627;16,7;23,7
PARIS-MONTSOURIS;20060628;14,9;25
PARIS-MONTSOURIS;20060629;15,4;26,9
PARIS-MONTSOURIS;20060630;17,3;29,5
PARIS-MONTSOURIS;20060701;18,2;31,1
PARIS-MONTSOURIS;20060702;19,7;31,1
PARIS-MONTSOURIS;20060703;19,8;32,9
PARIS-MONTSOURIS;20060704;21,8;31,1
PARIS-MONTSOURIS;20060705;17,8;26,8
PARIS-MONTSOURIS;20060706;17,9;27,3
PARIS-MONTSOURIS;20060707;17,6;25,5
PARIS-MONTSOURIS;20060708;16,5;26,9
PARIS-MONTSOURIS;20060709;18,7;26,5
PARIS-MONTSOURIS;20060710;17,8;30,3
PARIS-MONTSOURIS;20060711;19,9;26,3
PARIS-MONTSOURIS;20060712;15,4;29,6
PARIS-MONTSOURIS;20060713;15,6;29,1
PARIS-MONTSOURIS;20060714;16,6;27,7
PARIS-MONTSOURIS;20060715;17;30,5
PARIS-MONTSOURIS;20060716;17,9;32,5
PARIS-MONTSOURIS;20060717;19,9;33,2
PARIS-MONTSOURIS;20060718;20,1;35
PARIS-MONTSOURIS;20060719;21,8;37,4
PARIS-MONTSOURIS;20060720;19,7;31,4
PARIS-MONTSOURIS;20060721;21,8;35,4
PARIS-MONTSOURIS;20060722;20,3;32,1
PARIS-MONTSOURIS;20060723;19,7;29,5
PARIS-MONTSOURIS;20060724;19,4;32,2
PARIS-MONTSOURIS;20060725;21,6;34,1
PARIS-MONTSOURIS;20060726;23,5;36,3
PARIS-MONTSOURIS;20060727;20,2;27,4
PARIS-MONTSOURIS;20060728;20,7;29,1
PARIS-MONTSOURIS;20060729;17,8;29,6
PARIS-MONTSOURIS;20060730;19,4;25,2
PARIS-MONTSOURIS;20060731;16,7;25,8
PARIS-MONTSOURIS;20060801;16,6;22,8
PARIS-MONTSOURIS;20060802;14,3;23,8
PARIS-MONTSOURIS;20060803;14,3;21,6
PARIS-MONTSOURIS;20060804;15,9;22,8
PARIS-MONTSOURIS;20060805;15,3;24,2
PARIS-MONTSOURIS;20060806;15,6;26,4
PARIS-MONTSOURIS;20060807;17,9;26,6
PARIS-MONTSOURIS;20060808;17;23,2
PARIS-MONTSOURIS;20060809;16,2;21,8
PARIS-MONTSOURIS;20060810;14,3;21
PARIS-MONTSOURIS;20060811;15,1;19
PARIS-MONTSOURIS;20060812;13,1;18,2
PARIS-MONTSOURIS;20060813;13,7;16,1
PARIS-MONTSOURIS;20060814;12,9;21,1
PARIS-MONTSOURIS;20060815;14,7;22,8
PARIS-MONTSOURIS;20060816;14,3;22,2
PARIS-MONTSOURIS;20060817;15,9;24,2
PARIS-MONTSOURIS;20060818;14,7;23,5
PARIS-MONTSOURIS;20060819;13,7;22,1
PARIS-MONTSOURIS;20060820;14,7;22
PARIS-MONTSOURIS;20060821;13,7;21,1
PARIS-MONTSOURIS;20060822;12,9;23,4
PARIS-MONTSOURIS;20060823;14,5;24,1
PARIS-MONTSOURIS;20060824;14,8;20,5
PARIS-MONTSOURIS;20060825;12,5;22,5
PARIS-MONTSOURIS;20060826;14,1;21
PARIS-MONTSOURIS;20060827;14,2;21,6
PARIS-MONTSOURIS;20060828;14,3;18,9
PARIS-MONTSOURIS;20060829;13,1;14,8
PARIS-MONTSOURIS;20060830;10,9;20,9
PARIS-MONTSOURIS;20060831;11,9;24,3
PARIS-MONTSOURIS;20060901;13,3;27,8
PARIS-MONTSOURIS;20060902;17,5;23,6
PARIS-MONTSOURIS;20060903;19,7;26,6
PARIS-MONTSOURIS;20060904;19,8;25,1
PARIS-MONTSOURIS;20060905;16,7;27,2
PARIS-MONTSOURIS;20060906;17,6;29,9
PARIS-MONTSOURIS;20060907;17,4;23,8
PARIS-MONTSOURIS;20060908;12,1;21,3
PARIS-MONTSOURIS;20060909;12,1;23,8
PARIS-MONTSOURIS;20060910;14,6;27,6
PARIS-MONTSOURIS;20060911;15,4;30
PARIS-MONTSOURIS;20060912;17,2;29,8
PARIS-MONTSOURIS;20060913;16,7;28,5
PARIS-MONTSOURIS;20060914;19,8;23,9
PARIS-MONTSOURIS;20060915;16,7;20,7
PARIS-MONTSOURIS;20060916;16,8;22
PARIS-MONTSOURIS;20060917;17,4;18,9
PARIS-MONTSOURIS;20060918;15,5;22
PARIS-MONTSOURIS;20060919;14,5;21
PARIS-MONTSOURIS;20060920;11;23,2
PARIS-MONTSOURIS;20060921;13,6;27,6
PARIS-MONTSOURIS;20060922;16,7;22,5
PARIS-MONTSOURIS;20060923;16;23,7
PARIS-MONTSOURIS;20060924;15,8;21,2
PARIS-MONTSOURIS;20060925;14,7;21,3
PARIS-MONTSOURIS;20060926;13,9;20,8
PARIS-MONTSOURIS;20060927;12,4;21,7
PARIS-MONTSOURIS;20060928;12,8;22,6
PARIS-MONTSOURIS;20060929;14,3;24
PARIS-MONTSOURIS;20060930;11,7;22,9
PARIS-MONTSOURIS;20061001;13,8;21,4
PARIS-MONTSOURIS;20061002;14;17
PARIS-MONTSOURIS;20061003;12,8;15,4
PARIS-MONTSOURIS;20061004;10,1;17,6
PARIS-MONTSOURIS;20061005;9,2;17,5
PARIS-MONTSOURIS;20061006;14,7;18,8
PARIS-MONTSOURIS;20061007;12;16,9
PARIS-MONTSOURIS;20061008;7,3;18,9
PARIS-MONTSOURIS;20061009;10,1;20
PARIS-MONTSOURIS;20061010;12,8;22,4
PARIS-MONTSOURIS;20061011;13,6;20,7
PARIS-MONTSOURIS;20061012;15;17,9
PARIS-MONTSOURIS;20061013;11,1;18,3
PARIS-MONTSOURIS;20061014;14,6;21,1
PARIS-MONTSOURIS;20061015;11,1;17,9
PARIS-MONTSOURIS;20061016;10,2;20,9
PARIS-MONTSOURIS;20061017;9,7;18,7
PARIS-MONTSOURIS;20061018;13,2;17,5
PARIS-MONTSOURIS;20061019;13,3;18,3
PARIS-MONTSOURIS;20061020;12,8;17,9
PARIS-MONTSOURIS;20061021;12,2;17,9
PARIS-MONTSOURIS;20061022;12,3;21,4
PARIS-MONTSOURIS;20061023;16,2;19,5
PARIS-MONTSOURIS;20061024;12,6;16,2
PARIS-MONTSOURIS;20061025;10;17,5
PARIS-MONTSOURIS;20061026;15,8;22,7
PARIS-MONTSOURIS;20061027;14,2;18,2
PARIS-MONTSOURIS;20061028;12,1;18,7
PARIS-MONTSOURIS;20061029;15,7;18,2
PARIS-MONTSOURIS;20061030;9;17,1
PARIS-MONTSOURIS;20061031;8,9;15,5
PARIS-MONTSOURIS;20061101;6,9;11,4
PARIS-MONTSOURIS;20061102;4,2;10,2
PARIS-MONTSOURIS;20061103;4,2;10,6
PARIS-MONTSOURIS;20061104;3,7;11,5
PARIS-MONTSOURIS;20061105;0,1;7,9
PARIS-MONTSOURIS;20061106;2,3;7,4
PARIS-MONTSOURIS;20061107;3,6;6,6
PARIS-MONTSOURIS;20061108;2,8;13,7
PARIS-MONTSOURIS;20061109;10;14,1
PARIS-MONTSOURIS;20061110;4,2;10,5
PARIS-MONTSOURIS;20061111;4,7;14,5
PARIS-MONTSOURIS;20061112;9,8;12,3
PARIS-MONTSOURIS;20061113;8,6;15,1
PARIS-MONTSOURIS;20061114;13,6;16,6
PARIS-MONTSOURIS;20061115;11,5;16,8
PARIS-MONTSOURIS;20061116;12,2;16,8
PARIS-MONTSOURIS;20061117;8,6;14,3
PARIS-MONTSOURIS;20061118;7,9;12,2
PARIS-MONTSOURIS;20061119;7,1;10
PARIS-MONTSOURIS;20061120;4,8;12,4
PARIS-MONTSOURIS;20061121;6;11,7
PARIS-MONTSOURIS;20061122;4,6;12,9
PARIS-MONTSOURIS;20061123;8;14,4
PARIS-MONTSOURIS;20061124;9,5;17,4
PARIS-MONTSOURIS;20061125;12,8;18,5
PARIS-MONTSOURIS;20061126;10,6;14,9
PARIS-MONTSOURIS;20061127;8,4;15,8
PARIS-MONTSOURIS;20061128;8,4;13,6
PARIS-MONTSOURIS;20061129;6,7;12,7
PARIS-MONTSOURIS;20061130;4,6;7,2
PARIS-MONTSOURIS;20061201;4,7;10,1
PARIS-MONTSOURIS;20061202;9,1;11,4
PARIS-MONTSOURIS;20061203;7,7;11,8
PARIS-MONTSOURIS;20061204;8,7;14,5
PARIS-MONTSOURIS;20061205;11,4;15,7
PARIS-MONTSOURIS;20061206;8,7;10,7
PARIS-MONTSOURIS;20061207;5,5;11,6
PARIS-MONTSOURIS;20061208;7,5;12,2
PARIS-MONTSOURIS;20061209;4,8;9,1
PARIS-MONTSOURIS;20061210;4,1;8,4
PARIS-MONTSOURIS;20061211;3,9;8,3
PARIS-MONTSOURIS;20061212;4,6;7,3
PARIS-MONTSOURIS;20061213;5,5;11,2
PARIS-MONTSOURIS;20061214;3,2;8,6
PARIS-MONTSOURIS;20061215;0,3;9,5
PARIS-MONTSOURIS;20061216;3,8;8,6
PARIS-MONTSOURIS;20061217;1,1;7,9
PARIS-MONTSOURIS;20061218;3,5;6
PARIS-MONTSOURIS;20061219;0,5;5,2
PARIS-MONTSOURIS;20061220;0,5;5,7
PARIS-MONTSOURIS;20061221;1,7;8,5
PARIS-MONTSOURIS;20061222;3,7;6,8
PARIS-MONTSOURIS;20061223;1,9;4,3
PARIS-MONTSOURIS;20061224;1,6;2,8
PARIS-MONTSOURIS;20061225;0,9;1,8
PARIS-MONTSOURIS;20061226;-0,5;0,8
PARIS-MONTSOURIS;20061227;0,3;0,8
PARIS-MONTSOURIS;20061228;-1,3;-0,1
PARIS-MONTSOURIS;20061229;-2,8;9
PARIS-MONTSOURIS;20061230;6,3;12
PARIS-MONTSOURIS;20061231;7,1;14,3
PARIS-MONTSOURIS;20070101;8,3;11
PARIS-MONTSOURIS;20070102;5,6;8,5
PARIS-MONTSOURIS;20070103;5,4;8,5
PARIS-MONTSOURIS;20070104;7,4;11,5
PARIS-MONTSOURIS;20070105;8,9;11,8
PARIS-MONTSOURIS;20070106;10,5;13
PARIS-MONTSOURIS;20070107;5,4;11,1
PARIS-MONTSOURIS;20070108;9,3;13,7
PARIS-MONTSOURIS;20070109;11,2;14,4
PARIS-MONTSOURIS;20070110;9;13,3
PARIS-MONTSOURIS;20070111;4,3;12,1
PARIS-MONTSOURIS;20070112;7,6;12,6
PARIS-MONTSOURIS;20070113;10,4;11,8
PARIS-MONTSOURIS;20070114;6,9;11
PARIS-MONTSOURIS;20070115;2,4;8,5
PARIS-MONTSOURIS;20070116;6,2;10,9
PARIS-MONTSOURIS;20070117;9,4;13,7
PARIS-MONTSOURIS;20070118;11,5;15,6
PARIS-MONTSOURIS;20070119;13,1;14,9
PARIS-MONTSOURIS;20070120;10,3;14,3
PARIS-MONTSOURIS;20070121;6,5;10,4
PARIS-MONTSOURIS;20070122;2,9;8
PARIS-MONTSOURIS;20070123;0,7;2,7
PARIS-MONTSOURIS;20070124;0,3;3,3
PARIS-MONTSOURIS;20070125;-2,2;0,2
PARIS-MONTSOURIS;20070126;-2,9;4,3
PARIS-MONTSOURIS;20070127;2,5;8
PARIS-MONTSOURIS;20070128;1,9;7,1
PARIS-MONTSOURIS;20070129;5,8;9,8
PARIS-MONTSOURIS;20070130;6,4;9,2
PARIS-MONTSOURIS;20070131;7,5;9,6
PARIS-MONTSOURIS;20070201;6,2;11,4
PARIS-MONTSOURIS;20070202;10;10,7
PARIS-MONTSOURIS;20070203;4,7;10,2
PARIS-MONTSOURIS;20070204;3,6;10,7
PARIS-MONTSOURIS;20070205;4,6;6,6
PARIS-MONTSOURIS;20070206;5,2;7,3
PARIS-MONTSOURIS;20070207;0,6;5,8
PARIS-MONTSOURIS;20070208;2;11,1
PARIS-MONTSOURIS;20070209;3,7;10
PARIS-MONTSOURIS;20070210;5,8;12,6
PARIS-MONTSOURIS;20070211;8,6;13,6
PARIS-MONTSOURIS;20070212;8,6;11,8
PARIS-MONTSOURIS;20070213;8,1;10,8
PARIS-MONTSOURIS;20070214;6,6;11,3
PARIS-MONTSOURIS;20070215;2,9;10,6
PARIS-MONTSOURIS;20070216;3,4;12,8
PARIS-MONTSOURIS;20070217;6,9;18,1
PARIS-MONTSOURIS;20070218;9,3;15,8
PARIS-MONTSOURIS;20070219;5,9;9,7
PARIS-MONTSOURIS;20070220;4,5;14
PARIS-MONTSOURIS;20070221;9,3;13,6
PARIS-MONTSOURIS;20070222;4,8;12,6
PARIS-MONTSOURIS;20070223;7,5;11,5
PARIS-MONTSOURIS;20070224;9,7;13,4
PARIS-MONTSOURIS;20070225;6,5;9,9
PARIS-MONTSOURIS;20070226;8,2;11,6
PARIS-MONTSOURIS;20070227;6,1;13,2
PARIS-MONTSOURIS;20070228;9,7;14
PARIS-MONTSOURIS;20070301;9,3;13,1
PARIS-MONTSOURIS;20070302;5,1;12,9
PARIS-MONTSOURIS;20070303;8,4;13,7
PARIS-MONTSOURIS;20070304;5,4;16
PARIS-MONTSOURIS;20070305;7,7;13,4
PARIS-MONTSOURIS;20070306;8,8;10,7
PARIS-MONTSOURIS;20070307;6,9;12,2
PARIS-MONTSOURIS;20070308;5,3;14,2
PARIS-MONTSOURIS;20070309;7,3;12,9
PARIS-MONTSOURIS;20070310;5,1;13,7
PARIS-MONTSOURIS;20070311;4,4;15,2
PARIS-MONTSOURIS;20070312;4,4;16,1
PARIS-MONTSOURIS;20070313;5,1;14,8
PARIS-MONTSOURIS;20070314;6,4;14,9
PARIS-MONTSOURIS;20070315;5,5;15,2
PARIS-MONTSOURIS;20070316;4,6;13,6
PARIS-MONTSOURIS;20070317;7,8;11,8
PARIS-MONTSOURIS;20070318;8,3;10,6
PARIS-MONTSOURIS;20070319;2,1;6,9
PARIS-MONTSOURIS;20070320;1,6;8,1
PARIS-MONTSOURIS;20070321;2,3;8,2
PARIS-MONTSOURIS;20070322;4,4;9,3
PARIS-MONTSOURIS;20070323;2,1;6,1
PARIS-MONTSOURIS;20070324;3;7,1
PARIS-MONTSOURIS;20070325;6;10,7
PARIS-MONTSOURIS;20070326;4,3;15,6
PARIS-MONTSOURIS;20070327;6,9;17,3
PARIS-MONTSOURIS;20070328;6,5;18,8
PARIS-MONTSOURIS;20070329;7,2;12,7
PARIS-MONTSOURIS;20070330;3,3;7,5
PARIS-MONTSOURIS;20070331;3,2;8,5
PARIS-MONTSOURIS;20070401;7,2;16,5
PARIS-MONTSOURIS;20070402;9,1;19,9
PARIS-MONTSOURIS;20070403;8,2;14
PARIS-MONTSOURIS;20070404;4,2;12,3
PARIS-MONTSOURIS;20070405;4,9;16,4
PARIS-MONTSOURIS;20070406;7,6;19,7
PARIS-MONTSOURIS;20070407;6,3;16,3
PARIS-MONTSOURIS;20070408;6,7;17,1
PARIS-MONTSOURIS;20070409;8,2;19,3
PARIS-MONTSOURIS;20070410;8,9;19,4
PARIS-MONTSOURIS;20070411;10,2;20,3
PARIS-MONTSOURIS;20070412;10,2;24,1
PARIS-MONTSOURIS;20070413;14,7;25
PARIS-MONTSOURIS;20070414;15,1;26,3
PARIS-MONTSOURIS;20070415;14,7;26,7
PARIS-MONTSOURIS;20070416;13,9;25,6
PARIS-MONTSOURIS;20070417;11,5;20,3
PARIS-MONTSOURIS;20070418;8,4;17,7
PARIS-MONTSOURIS;20070419;7,9;19,9
PARIS-MONTSOURIS;20070420;9,4;20,7
PARIS-MONTSOURIS;20070421;8,3;21,6
PARIS-MONTSOURIS;20070422;9,9;24,8
PARIS-MONTSOURIS;20070423;12,1;25,4
PARIS-MONTSOURIS;20070424;12,9;26,7
PARIS-MONTSOURIS;20070425;14,2;28,3
PARIS-MONTSOURIS;20070426;13,2;25,7
PARIS-MONTSOURIS;20070427;14;26,4
PARIS-MONTSOURIS;20070428;14,9;26,9
PARIS-MONTSOURIS;20070429;15,7;24,9
PARIS-MONTSOURIS;20070430;13,5;24,2
PARIS-MONTSOURIS;20070501;12,7;24
PARIS-MONTSOURIS;20070502;12;21,9
PARIS-MONTSOURIS;20070503;10,6;22,6
PARIS-MONTSOURIS;20070504;10,5;20,8
PARIS-MONTSOURIS;20070505;10,2;17
PARIS-MONTSOURIS;20070506;7,6;19,4
PARIS-MONTSOURIS;20070507;13,3;19,4
PARIS-MONTSOURIS;20070508;12,3;20
PARIS-MONTSOURIS;20070509;15,1;19
PARIS-MONTSOURIS;20070510;12,9;24,2
PARIS-MONTSOURIS;20070511;12,6;18,1
PARIS-MONTSOURIS;20070512;12,6;20,7
PARIS-MONTSOURIS;20070513;12,2;24
PARIS-MONTSOURIS;20070514;12,7;18,3
PARIS-MONTSOURIS;20070515;9,2;16,7
PARIS-MONTSOURIS;20070516;11,4;18,1
PARIS-MONTSOURIS;20070517;12;17,6
PARIS-MONTSOURIS;20070518;15,1;25,1
PARIS-MONTSOURIS;20070519;14,1;19,9
PARIS-MONTSOURIS;20070520;10,3;15,3
PARIS-MONTSOURIS;20070521;12,9;24,9
PARIS-MONTSOURIS;20070522;15,1;21,5
PARIS-MONTSOURIS;20070523;13,6;23,3
PARIS-MONTSOURIS;20070524;14,2;27,1
PARIS-MONTSOURIS;20070525;16,2;28,3
PARIS-MONTSOURIS;20070526;15;21,5
PARIS-MONTSOURIS;20070527;9,7;14,4
PARIS-MONTSOURIS;20070528;9,2;15,7
PARIS-MONTSOURIS;20070529;7,6;16,8
PARIS-MONTSOURIS;20070530;9;17,1
PARIS-MONTSOURIS;20070531;9,6;20,7
PARIS-MONTSOURIS;20070601;9,8;18,4
PARIS-MONTSOURIS;20070602;11,8;24,5
PARIS-MONTSOURIS;20070603;14,4;24,4
PARIS-MONTSOURIS;20070604;16,6;24,3
PARIS-MONTSOURIS;20070605;15,2;25,4
PARIS-MONTSOURIS;20070606;15,4;26,5
PARIS-MONTSOURIS;20070607;15;22,8
PARIS-MONTSOURIS;20070608;17,2;23,2
PARIS-MONTSOURIS;20070609;16,8;24,4
PARIS-MONTSOURIS;20070610;15,8;25,9
PARIS-MONTSOURIS;20070611;16,8;24,5
PARIS-MONTSOURIS;20070612;15;23
PARIS-MONTSOURIS;20070613;15,8;26,1
PARIS-MONTSOURIS;20070614;16,2;23,8
PARIS-MONTSOURIS;20070615;15,1;22
PARIS-MONTSOURIS;20070616;14,3;21,7
PARIS-MONTSOURIS;20070617;11,8;23,2
PARIS-MONTSOURIS;20070618;14,5;25,7
PARIS-MONTSOURIS;20070619;17,7;31,6
PARIS-MONTSOURIS;20070620;15,1;24,7
PARIS-MONTSOURIS;20070621;15,9;23
PARIS-MONTSOURIS;20070622;14,6;19,1
PARIS-MONTSOURIS;20070623;14,8;22,4
PARIS-MONTSOURIS;20070624;13,8;23
PARIS-MONTSOURIS;20070625;14;20,6
PARIS-MONTSOURIS;20070626;12,7;17,1
PARIS-MONTSOURIS;20070627;11,7;18,8
PARIS-MONTSOURIS;20070628;12,8;19,1
PARIS-MONTSOURIS;20070629;14,1;18,6
PARIS-MONTSOURIS;20070630;15,3;23,3
PARIS-MONTSOURIS;20070701;17;23,5
PARIS-MONTSOURIS;20070702;14,9;22,7
PARIS-MONTSOURIS;20070703;13,4;22
PARIS-MONTSOURIS;20070704;12,8;19,1
PARIS-MONTSOURIS;20070705;13,7;20
PARIS-MONTSOURIS;20070706;14,5;22,2
PARIS-MONTSOURIS;20070707;14,4;22,5
PARIS-MONTSOURIS;20070708;14,4;20,7
PARIS-MONTSOURIS;20070709;11,5;18
PARIS-MONTSOURIS;20070710;11,8;18,1
PARIS-MONTSOURIS;20070711;13,3;20,6
PARIS-MONTSOURIS;20070712;13,1;21,2
PARIS-MONTSOURIS;20070713;15,7;30
PARIS-MONTSOURIS;20070714;18,7;30,8
PARIS-MONTSOURIS;20070715;18,5;33,3
PARIS-MONTSOURIS;20070716;18,7;26,7
PARIS-MONTSOURIS;20070717;13,9;25,8
PARIS-MONTSOURIS;20070718;16,9;25,7
PARIS-MONTSOURIS;20070719;16,5;27,4
PARIS-MONTSOURIS;20070720;18;23,8
PARIS-MONTSOURIS;20070721;14;23,2
PARIS-MONTSOURIS;20070722;12,6;23,1
PARIS-MONTSOURIS;20070723;15,1;20,1
PARIS-MONTSOURIS;20070724;14,9;23,1
PARIS-MONTSOURIS;20070725;13,5;24,8
PARIS-MONTSOURIS;20070726;14,8;25,2
PARIS-MONTSOURIS;20070727;15,8;23,4
PARIS-MONTSOURIS;20070728;17,7;21,9
PARIS-MONTSOURIS;20070729;16,1;21,4
PARIS-MONTSOURIS;20070730;12,7;22
PARIS-MONTSOURIS;20070731;11,6;22,7
PARIS-MONTSOURIS;20070801;13;27,3
PARIS-MONTSOURIS;20070802;15,7;22,8
PARIS-MONTSOURIS;20070803;14,8;25
PARIS-MONTSOURIS;20070804;15,2;28,6
PARIS-MONTSOURIS;20070805;17,3;33,3
PARIS-MONTSOURIS;20070806;16,8;20,4
PARIS-MONTSOURIS;20070807;13,6;23,4
PARIS-MONTSOURIS;20070808;13;18,1
PARIS-MONTSOURIS;20070809;12,7;18,8
PARIS-MONTSOURIS;20070810;13,7;18
PARIS-MONTSOURIS;20070811;15,9;21,5
PARIS-MONTSOURIS;20070812;15;25,2
PARIS-MONTSOURIS;20070813;14;22,9
PARIS-MONTSOURIS;20070814;14,2;24,3
PARIS-MONTSOURIS;20070815;18,5;21,1
PARIS-MONTSOURIS;20070816;14,9;20,7
PARIS-MONTSOURIS;20070817;13,2;20
PARIS-MONTSOURIS;20070818;11,6;22,1
PARIS-MONTSOURIS;20070819;14,3;20,5
PARIS-MONTSOURIS;20070820;12,8;19,1
PARIS-MONTSOURIS;20070821;12,3;22,8
PARIS-MONTSOURIS;20070822;15,8;19,1
PARIS-MONTSOURIS;20070823;15,9;19,5
PARIS-MONTSOURIS;20070824;16,7;21,5
PARIS-MONTSOURIS;20070825;15,2;25,3
PARIS-MONTSOURIS;20070826;15,8;26,1
PARIS-MONTSOURIS;20070827;14,2;22,8
PARIS-MONTSOURIS;20070828;12,5;21,6
PARIS-MONTSOURIS;20070829;12,4;20,5
PARIS-MONTSOURIS;20070830;11,1;21,1
PARIS-MONTSOURIS;20070831;16,1;21
PARIS-MONTSOURIS;20070901;15,8;21,2
PARIS-MONTSOURIS;20070902;15,6;21,5
PARIS-MONTSOURIS;20070903;14,9;18
PARIS-MONTSOURIS;20070904;10,9;18,9
PARIS-MONTSOURIS;20070905;9,9;19,7
PARIS-MONTSOURIS;20070906;15,8;21,3
PARIS-MONTSOURIS;20070907;15,9;21,8
PARIS-MONTSOURIS;20070908;14,2;23,7
PARIS-MONTSOURIS;20070909;15,1;21,4
PARIS-MONTSOURIS;20070910;11,9;20
PARIS-MONTSOURIS;20070911;11,8;18,4
PARIS-MONTSOURIS;20070912;11,1;20,1
PARIS-MONTSOURIS;20070913;11,2;22,6
PARIS-MONTSOURIS;20070914;12,5;22,6
PARIS-MONTSOURIS;20070915;14,9;22,9
PARIS-MONTSOURIS;20070916;12,7;26,4
PARIS-MONTSOURIS;20070917;12,5;21,3
PARIS-MONTSOURIS;20070918;11;15,5
PARIS-MONTSOURIS;20070919;7,6;16,5
PARIS-MONTSOURIS;20070920;7,8;19,8
PARIS-MONTSOURIS;20070921;8,2;22,5
PARIS-MONTSOURIS;20070922;12;20,6
PARIS-MONTSOURIS;20070923;13,5;22,2
PARIS-MONTSOURIS;20070924;13,6;18,1
PARIS-MONTSOURIS;20070925;9,8;17,5
PARIS-MONTSOURIS;20070926;9,8;15,4
PARIS-MONTSOURIS;20070927;9;15,8
PARIS-MONTSOURIS;20070928;12,3;14,1
PARIS-MONTSOURIS;20070929;11,9;17
PARIS-MONTSOURIS;20070930;7,4;19,5
PARIS-MONTSOURIS;20071001;14,4;21,9
PARIS-MONTSOURIS;20071002;16,4;21,6
PARIS-MONTSOURIS;20071003;16,2;21,5
PARIS-MONTSOURIS;20071004;14,8;16,9
PARIS-MONTSOURIS;20071005;12;17,7
PARIS-MONTSOURIS;20071006;9,7;20,1
PARIS-MONTSOURIS;20071007;8,9;19,3
PARIS-MONTSOURIS;20071008;10,5;17,5
PARIS-MONTSOURIS;20071009;11,1;18,2
PARIS-MONTSOURIS;20071010;11;16
PARIS-MONTSOURIS;20071011;11,4;15,7
PARIS-MONTSOURIS;20071012;10,3;17,2
PARIS-MONTSOURIS;20071013;12,5;16,7
PARIS-MONTSOURIS;20071014;9;18,3
PARIS-MONTSOURIS;20071015;9,2;15,9
PARIS-MONTSOURIS;20071016;8,5;21,3
PARIS-MONTSOURIS;20071017;11,4;16
PARIS-MONTSOURIS;20071018;8,7;14,6
PARIS-MONTSOURIS;20071019;6,7;13,2
PARIS-MONTSOURIS;20071020;5,7;11,7
PARIS-MONTSOURIS;20071021;3,5;12
PARIS-MONTSOURIS;20071022;7,4;12
PARIS-MONTSOURIS;20071023;2,7;10,8
PARIS-MONTSOURIS;20071024;2,8;10,6
PARIS-MONTSOURIS;20071025;6,3;10,5
PARIS-MONTSOURIS;20071026;9,3;10,6
PARIS-MONTSOURIS;20071027;9;11,3
PARIS-MONTSOURIS;20071028;5,4;11,7
PARIS-MONTSOURIS;20071029;8;11,5
PARIS-MONTSOURIS;20071030;6,5;12,9
PARIS-MONTSOURIS;20071031;5,5;13,2
PARIS-MONTSOURIS;20071101;6,6;13,6
PARIS-MONTSOURIS;20071102;11,3;14,1
PARIS-MONTSOURIS;20071103;12,7;14,4
PARIS-MONTSOURIS;20071104;10,9;13,4
PARIS-MONTSOURIS;20071105;7,3;13
PARIS-MONTSOURIS;20071106;8,3;11,5
PARIS-MONTSOURIS;20071107;6,1;11,7
PARIS-MONTSOURIS;20071108;10,2;13,4
PARIS-MONTSOURIS;20071109;5,7;9,4
PARIS-MONTSOURIS;20071110;4,7;12,9
PARIS-MONTSOURIS;20071111;10,3;13,3
PARIS-MONTSOURIS;20071112;4,9;8,8
PARIS-MONTSOURIS;20071113;3,5;8,6
PARIS-MONTSOURIS;20071114;6,2;8,4
PARIS-MONTSOURIS;20071115;2,3;5,3
PARIS-MONTSOURIS;20071116;-0,2;4,9
PARIS-MONTSOURIS;20071117;-0,3;7,1
PARIS-MONTSOURIS;20071118;-0,7;4,6
PARIS-MONTSOURIS;20071119;1,9;8,7
PARIS-MONTSOURIS;20071120;7;12,7
PARIS-MONTSOURIS;20071121;9,8;13,4
PARIS-MONTSOURIS;20071122;5,7;13,7
PARIS-MONTSOURIS;20071123;6,9;9,3
PARIS-MONTSOURIS;20071124;2,5;8,2
PARIS-MONTSOURIS;20071125;4,6;10,7
PARIS-MONTSOURIS;20071126;7,3;9,8
PARIS-MONTSOURIS;20071127;5,4;10,6
PARIS-MONTSOURIS;20071128;0,9;5,6
PARIS-MONTSOURIS;20071129;0,1;9,9
PARIS-MONTSOURIS;20071130;4,6;10
PARIS-MONTSOURIS;20071201;7,8;11
PARIS-MONTSOURIS;20071202;7,7;11,8
PARIS-MONTSOURIS;20071203;8,3;11,1
PARIS-MONTSOURIS;20071204;7,2;11,1
PARIS-MONTSOURIS;20071205;10,2;13,3
PARIS-MONTSOURIS;20071206;9,2;13,8
PARIS-MONTSOURIS;20071207;7,9;13,7
PARIS-MONTSOURIS;20071208;4,6;11,1
PARIS-MONTSOURIS;20071209;7,9;10
PARIS-MONTSOURIS;20071210;7,3;8,9
PARIS-MONTSOURIS;20071211;4,3;7,5
PARIS-MONTSOURIS;20071212;2,1;7,1
PARIS-MONTSOURIS;20071213;1;6
PARIS-MONTSOURIS;20071214;0,4;2,2
PARIS-MONTSOURIS;20071215;-0,2;3
PARIS-MONTSOURIS;20071216;-2,3;1,8
PARIS-MONTSOURIS;20071217;-1;0,9
PARIS-MONTSOURIS;20071218;-2,3;0,8
PARIS-MONTSOURIS;20071219;-3,6;0,9
PARIS-MONTSOURIS;20071220;-3,1;2,7
PARIS-MONTSOURIS;20071221;-2,2;5,4
PARIS-MONTSOURIS;20071222;-1,7;7,3
PARIS-MONTSOURIS;20071223;-0,7;8
PARIS-MONTSOURIS;20071224;-1,7;6
PARIS-MONTSOURIS;20071225;-0,1;4,5
PARIS-MONTSOURIS;20071226;1,1;4,9
PARIS-MONTSOURIS;20071227;2,8;7
PARIS-MONTSOURIS;20071228;4,5;6,9
PARIS-MONTSOURIS;20071229;4,9;9,4
PARIS-MONTSOURIS;20071230;5;9,2
PARIS-MONTSOURIS;20071231;5,5;8,1
PARIS-MONTSOURIS;20080101;3,6;6,3
PARIS-MONTSOURIS;20080102;0,1;2,7
PARIS-MONTSOURIS;20080103;-1,4;6,1
PARIS-MONTSOURIS;20080104;4,2;10,3
PARIS-MONTSOURIS;20080105;6,2;9,5
PARIS-MONTSOURIS;20080106;5,5;11,9
PARIS-MONTSOURIS;20080107;7,5;11,2
PARIS-MONTSOURIS;20080108;5;8
PARIS-MONTSOURIS;20080109;5,9;9,9
PARIS-MONTSOURIS;20080110;4;11,3
PARIS-MONTSOURIS;20080111;8,5;11,2
PARIS-MONTSOURIS;20080112;5,2;9,2
PARIS-MONTSOURIS;20080113;5;9,2
PARIS-MONTSOURIS;20080114;5,1;10,4
PARIS-MONTSOURIS;20080115;7,8;9,3
PARIS-MONTSOURIS;20080116;5,9;8,7
PARIS-MONTSOURIS;20080117;5,6;11,6
PARIS-MONTSOURIS;20080118;7,8;13
PARIS-MONTSOURIS;20080119;12;14,9
PARIS-MONTSOURIS;20080120;11,6;13,5
PARIS-MONTSOURIS;20080121;9,5;11,8
PARIS-MONTSOURIS;20080122;6,3;9,1
PARIS-MONTSOURIS;20080123;3,5;11
PARIS-MONTSOURIS;20080124;7,1;11
PARIS-MONTSOURIS;20080125;3,5;10
PARIS-MONTSOURIS;20080126;1,7;9,4
PARIS-MONTSOURIS;20080127;-0,9;11,3
PARIS-MONTSOURIS;20080128;2,4;7,3
PARIS-MONTSOURIS;20080129;1,4;5,4
PARIS-MONTSOURIS;20080130;2,1;5,2
PARIS-MONTSOURIS;20080131;0;7,6
PARIS-MONTSOURIS;20080201;3,9;7,2
PARIS-MONTSOURIS;20080202;1;8,5
PARIS-MONTSOURIS;20080203;-0,7;9,5
PARIS-MONTSOURIS;20080204;5,6;8,1
PARIS-MONTSOURIS;20080205;4;11,7
PARIS-MONTSOURIS;20080206;9;12,9
PARIS-MONTSOURIS;20080207;2,6;12
PARIS-MONTSOURIS;20080208;2;12,6
PARIS-MONTSOURIS;20080209;3,1;13,7
PARIS-MONTSOURIS;20080210;2,8;11,8
PARIS-MONTSOURIS;20080211;3,1;12
PARIS-MONTSOURIS;20080212;3,1;11,8
PARIS-MONTSOURIS;20080213;3,8;11,7
PARIS-MONTSOURIS;20080214;1,5;6,2
PARIS-MONTSOURIS;20080215;0,1;2,5
PARIS-MONTSOURIS;20080216;-1,1;6,5
PARIS-MONTSOURIS;20080217;-1,2;8,4
PARIS-MONTSOURIS;20080218;0;11,1
PARIS-MONTSOURIS;20080219;1,5;10,8
PARIS-MONTSOURIS;20080220;6,7;9,7
PARIS-MONTSOURIS;20080221;7,4;10,6
PARIS-MONTSOURIS;20080222;7,7;14
PARIS-MONTSOURIS;20080223;8,4;13,4
PARIS-MONTSOURIS;20080224;3,7;16,5
PARIS-MONTSOURIS;20080225;10,2;12,7
PARIS-MONTSOURIS;20080226;8,8;11,8
PARIS-MONTSOURIS;20080227;5,4;11,9
PARIS-MONTSOURIS;20080228;7;13,1
PARIS-MONTSOURIS;20080229;9,7;13,2
PARIS-MONTSOURIS;20080301;11,3;14,1
PARIS-MONTSOURIS;20080302;9,8;14,4
PARIS-MONTSOURIS;20080303;6,8;10,9
PARIS-MONTSOURIS;20080304;3,1;7,6
PARIS-MONTSOURIS;20080305;1,2;7,5
PARIS-MONTSOURIS;20080306;0,8;9,1
PARIS-MONTSOURIS;20080307;7,2;10,4
PARIS-MONTSOURIS;20080308;3,2;12,3
PARIS-MONTSOURIS;20080309;7,2;10
PARIS-MONTSOURIS;20080310;4,2;10,2
PARIS-MONTSOURIS;20080311;6,3;14,5
PARIS-MONTSOURIS;20080312;8,8;11,6
PARIS-MONTSOURIS;20080313;6,4;11,9
PARIS-MONTSOURIS;20080314;9;14,7
PARIS-MONTSOURIS;20080315;7,3;17,5
PARIS-MONTSOURIS;20080316;9,4;14
PARIS-MONTSOURIS;20080317;6,2;9
PARIS-MONTSOURIS;20080318;2,9;7,9
PARIS-MONTSOURIS;20080319;3,9;9,1
PARIS-MONTSOURIS;20080320;2,3;9,7
PARIS-MONTSOURIS;20080321;4,3;10,4
PARIS-MONTSOURIS;20080322;2,5;9,1
PARIS-MONTSOURIS;20080323;0,1;7,1
PARIS-MONTSOURIS;20080324;1,3;6,8
PARIS-MONTSOURIS;20080325;1,3;7,5
PARIS-MONTSOURIS;20080326;4,9;10,5
PARIS-MONTSOURIS;20080327;5,1;10,7
PARIS-MONTSOURIS;20080328;2,5;10,2
PARIS-MONTSOURIS;20080329;4,5;13,7
PARIS-MONTSOURIS;20080330;8,7;11
PARIS-MONTSOURIS;20080331;5,4;14,2
PARIS-MONTSOURIS;20080401;5,5;15,1
PARIS-MONTSOURIS;20080402;8,5;13,4
PARIS-MONTSOURIS;20080403;9,5;15,2
PARIS-MONTSOURIS;20080404;4,9;15,9
PARIS-MONTSOURIS;20080405;8,4;11,4
PARIS-MONTSOURIS;20080406;2,3;9,8
PARIS-MONTSOURIS;20080407;0;9,8
PARIS-MONTSOURIS;20080408;1,8;9,3
PARIS-MONTSOURIS;20080409;5,5;9,6
PARIS-MONTSOURIS;20080410;4,6;13,5
PARIS-MONTSOURIS;20080411;6,5;14,3
PARIS-MONTSOURIS;20080412;5;14,6
PARIS-MONTSOURIS;20080413;7,4;14,3
PARIS-MONTSOURIS;20080414;6,1;11
PARIS-MONTSOURIS;20080415;5,6;12,5
PARIS-MONTSOURIS;20080416;3,1;14,3
PARIS-MONTSOURIS;20080417;3,5;13
PARIS-MONTSOURIS;20080418;6,9;15,1
PARIS-MONTSOURIS;20080419;9,8;17,1
PARIS-MONTSOURIS;20080420;9,5;17,3
PARIS-MONTSOURIS;20080421;10,8;15,8
PARIS-MONTSOURIS;20080422;9,1;19,4
PARIS-MONTSOURIS;20080423;9,4;16,8
PARIS-MONTSOURIS;20080424;6,3;19
PARIS-MONTSOURIS;20080425;8,6;18,5
PARIS-MONTSOURIS;20080426;9,3;21,7
PARIS-MONTSOURIS;20080427;11,2;25,3
PARIS-MONTSOURIS;20080428;9,6;16,1
PARIS-MONTSOURIS;20080429;6,6;13,2
PARIS-MONTSOURIS;20080430;8;14,9
PARIS-MONTSOURIS;20080501;6,6;15
PARIS-MONTSOURIS;20080502;7;18,7
PARIS-MONTSOURIS;20080503;11,3;23,8
PARIS-MONTSOURIS;20080504;12,6;25
PARIS-MONTSOURIS;20080505;13,6;22,8
PARIS-MONTSOURIS;20080506;12,3;23,9
PARIS-MONTSOURIS;20080507;13,6;25,7
PARIS-MONTSOURIS;20080508;13,7;26,8
PARIS-MONTSOURIS;20080509;15;25,1
PARIS-MONTSOURIS;20080510;16,7;27,3
PARIS-MONTSOURIS;20080511;16,4;26,1
PARIS-MONTSOURIS;20080512;14,8;26,5
PARIS-MONTSOURIS;20080513;15,4;26,8
PARIS-MONTSOURIS;20080514;17;27
PARIS-MONTSOURIS;20080515;14,1;21,2
PARIS-MONTSOURIS;20080516;12,2;23,2
PARIS-MONTSOURIS;20080517;13;19,8
PARIS-MONTSOURIS;20080518;11,6;17,8
PARIS-MONTSOURIS;20080519;9,3;16,6
PARIS-MONTSOURIS;20080520;9;19,5
PARIS-MONTSOURIS;20080521;9,5;21,1
PARIS-MONTSOURIS;20080522;14,6;20,9
PARIS-MONTSOURIS;20080523;13,1;22,5
PARIS-MONTSOURIS;20080524;16,6;22,4
PARIS-MONTSOURIS;20080525;13,7;22,8
PARIS-MONTSOURIS;20080526;15,5;19,8
PARIS-MONTSOURIS;20080527;12,8;18,1
PARIS-MONTSOURIS;20080528;14,4;22,8
PARIS-MONTSOURIS;20080529;15,6;20,7
PARIS-MONTSOURIS;20080530;15,5;23,7
PARIS-MONTSOURIS;20080531;14,6;19,7
PARIS-MONTSOURIS;20080601;13,9;22,6
PARIS-MONTSOURIS;20080602;16,1;22,4
PARIS-MONTSOURIS;20080603;13,9;18
PARIS-MONTSOURIS;20080604;12,4;19
PARIS-MONTSOURIS;20080605;13,8;19,8
PARIS-MONTSOURIS;20080606;12,9;17,5
PARIS-MONTSOURIS;20080607;11,8;18,9
PARIS-MONTSOURIS;20080608;11,8;21,4
PARIS-MONTSOURIS;20080609;15;27,7
PARIS-MONTSOURIS;20080610;16,5;27,5
PARIS-MONTSOURIS;20080611;15,3;22,3
PARIS-MONTSOURIS;20080612;12,6;17,7
PARIS-MONTSOURIS;20080613;10;17,8
PARIS-MONTSOURIS;20080614;11,7;19,6
PARIS-MONTSOURIS;20080615;11,6;18,1
PARIS-MONTSOURIS;20080616;12,6;20,5
PARIS-MONTSOURIS;20080617;11,4;23,2
PARIS-MONTSOURIS;20080618;13,7;22,7
PARIS-MONTSOURIS;20080619;14;21,5
PARIS-MONTSOURIS;20080620;15,7;23,5
PARIS-MONTSOURIS;20080621;16,4;28,3
PARIS-MONTSOURIS;20080622;18,4;28
PARIS-MONTSOURIS;20080623;13,2;24,6
PARIS-MONTSOURIS;20080624;15,9;29,7
PARIS-MONTSOURIS;20080625;19,4;25,7
PARIS-MONTSOURIS;20080626;14,8;24,9
PARIS-MONTSOURIS;20080627;14,1;22,6
PARIS-MONTSOURIS;20080628;18,4;25,9
PARIS-MONTSOURIS;20080629;17,6;24,7
PARIS-MONTSOURIS;20080630;14,9;26,2
PARIS-MONTSOURIS;20080701;15,7;31,8
PARIS-MONTSOURIS;20080702;19,3;23,9
PARIS-MONTSOURIS;20080703;15,2;23,5
PARIS-MONTSOURIS;20080704;10,4;24,4
PARIS-MONTSOURIS;20080705;17,1;23
PARIS-MONTSOURIS;20080706;12,4;24
PARIS-MONTSOURIS;20080707;13,6;20,8
PARIS-MONTSOURIS;20080708;13,5;19,7
PARIS-MONTSOURIS;20080709;12,8;25,4
PARIS-MONTSOURIS;20080710;15,3;28,3
PARIS-MONTSOURIS;20080711;16,6;23,5
PARIS-MONTSOURIS;20080712;14;20,7
PARIS-MONTSOURIS;20080713;12,8;19,6
PARIS-MONTSOURIS;20080714;12,2;24,9
PARIS-MONTSOURIS;20080715;14,9;27,3
PARIS-MONTSOURIS;20080716;17,1;22,3
PARIS-MONTSOURIS;20080717;15,2;22
PARIS-MONTSOURIS;20080718;15,3;22
PARIS-MONTSOURIS;20080719;17,1;24,2
PARIS-MONTSOURIS;20080720;12,9;20,6
PARIS-MONTSOURIS;20080721;12,6;20,4
PARIS-MONTSOURIS;20080722;12,4;25,7
PARIS-MONTSOURIS;20080723;14,5;28
PARIS-MONTSOURIS;20080724;16,4;29,3
PARIS-MONTSOURIS;20080725;18;26,5
PARIS-MONTSOURIS;20080726;16,4;26,1
PARIS-MONTSOURIS;20080727;19,3;29,7
PARIS-MONTSOURIS;20080728;19,7;31,8
PARIS-MONTSOURIS;20080729;17,4;26,3
PARIS-MONTSOURIS;20080730;17,4;31,3
PARIS-MONTSOURIS;20080731;20,4;34
PARIS-MONTSOURIS;20080801;16,8;24,9
PARIS-MONTSOURIS;20080802;15,2;25
PARIS-MONTSOURIS;20080803;17,4;24,8
PARIS-MONTSOURIS;20080804;17,5;24,5
PARIS-MONTSOURIS;20080805;17,7;28,5
PARIS-MONTSOURIS;20080806;17,4;32,4
PARIS-MONTSOURIS;20080807;17,4;23,9
PARIS-MONTSOURIS;20080808;16,2;21,7
PARIS-MONTSOURIS;20080809;14,2;25
PARIS-MONTSOURIS;20080810;16,2;22,5
PARIS-MONTSOURIS;20080811;14,9;23,4
PARIS-MONTSOURIS;20080812;15,8;24,7
PARIS-MONTSOURIS;20080813;15;22,8
PARIS-MONTSOURIS;20080814;11,9;22,1
PARIS-MONTSOURIS;20080815;14,3;22,8
PARIS-MONTSOURIS;20080816;13,5;24
PARIS-MONTSOURIS;20080817;15,8;22,5
PARIS-MONTSOURIS;20080818;14,5;25,4
PARIS-MONTSOURIS;20080819;15,6;23,2
PARIS-MONTSOURIS;20080820;15,5;21,4
PARIS-MONTSOURIS;20080821;13,7;23,2
PARIS-MONTSOURIS;20080822;16;17,1
PARIS-MONTSOURIS;20080823;12,8;20,1
PARIS-MONTSOURIS;20080824;12;18,9
PARIS-MONTSOURIS;20080825;13,9;22,6
PARIS-MONTSOURIS;20080826;15,6;22,1
PARIS-MONTSOURIS;20080827;14,7;22,8
PARIS-MONTSOURIS;20080828;16,8;19,9
PARIS-MONTSOURIS;20080829;17;22,2
PARIS-MONTSOURIS;20080830;14,6;29,3
PARIS-MONTSOURIS;20080831;18,1;26,8
PARIS-MONTSOURIS;20080901;16,4;22,3
PARIS-MONTSOURIS;20080902;14,9;22,9
PARIS-MONTSOURIS;20080903;12,6;17,1
PARIS-MONTSOURIS;20080904;10,6;19,2
PARIS-MONTSOURIS;20080905;13,8;20,2
PARIS-MONTSOURIS;20080906;14,8;21,6
PARIS-MONTSOURIS;20080907;14,1;19,5
PARIS-MONTSOURIS;20080908;11,8;21,4
PARIS-MONTSOURIS;20080909;11,7;26,9
PARIS-MONTSOURIS;20080910;16,4;25,1
PARIS-MONTSOURIS;20080911;16;27,7
PARIS-MONTSOURIS;20080912;13,5;19
PARIS-MONTSOURIS;20080913;11,1;18,3
PARIS-MONTSOURIS;20080914;12,2;19,9
PARIS-MONTSOURIS;20080915;9,1;17,7
PARIS-MONTSOURIS;20080916;8,9;17,9
PARIS-MONTSOURIS;20080917;9,2;16,3
PARIS-MONTSOURIS;20080918;7,8;16,1
PARIS-MONTSOURIS;20080919;7,9;18,6
PARIS-MONTSOURIS;20080920;8,6;19,8
PARIS-MONTSOURIS;20080921;8,6;18,3
PARIS-MONTSOURIS;20080922;9,3;18,5
PARIS-MONTSOURIS;20080923;9,1;16,8
PARIS-MONTSOURIS;20080924;12;19,7
PARIS-MONTSOURIS;20080925;12,6;19,9
PARIS-MONTSOURIS;20080926;9,7;19,1
PARIS-MONTSOURIS;20080927;8,9;21
PARIS-MONTSOURIS;20080928;9,4;20,4
PARIS-MONTSOURIS;20080929;9,6;17,7
PARIS-MONTSOURIS;20080930;9,9;14,5
PARIS-MONTSOURIS;20081001;12,9;18,6
PARIS-MONTSOURIS;20081002;8,8;14,5
PARIS-MONTSOURIS;20081003;5,9;11,7
PARIS-MONTSOURIS;20081004;6;14
PARIS-MONTSOURIS;20081005;10,2;16,6
PARIS-MONTSOURIS;20081006;14,1;18,4
PARIS-MONTSOURIS;20081007;14;21,4
PARIS-MONTSOURIS;20081008;12;16,4
PARIS-MONTSOURIS;20081009;9,5;17
PARIS-MONTSOURIS;20081010;7,6;19,6
PARIS-MONTSOURIS;20081011;9,5;17,5
PARIS-MONTSOURIS;20081012;10,5;20,7
PARIS-MONTSOURIS;20081013;13,2;24,5
PARIS-MONTSOURIS;20081014;14;18,7
PARIS-MONTSOURIS;20081015;13,5;17,3
PARIS-MONTSOURIS;20081016;12;14,5
PARIS-MONTSOURIS;20081017;6,8;14,5
PARIS-MONTSOURIS;20081018;5,7;15
PARIS-MONTSOURIS;20081019;3,9;16,6
PARIS-MONTSOURIS;20081020;6,7;19,5
PARIS-MONTSOURIS;20081021;10,2;12,2
PARIS-MONTSOURIS;20081022;8,9;13,4
PARIS-MONTSOURIS;20081023;4;14,6
PARIS-MONTSOURIS;20081024;7;13,1
PARIS-MONTSOURIS;20081025;9,5;12,3
PARIS-MONTSOURIS;20081026;7,2;15,2
PARIS-MONTSOURIS;20081027;8,9;13,4
PARIS-MONTSOURIS;20081028;5,7;10,7
PARIS-MONTSOURIS;20081029;1,2;5,8
PARIS-MONTSOURIS;20081030;2,8;6,4
PARIS-MONTSOURIS;20081031;4,3;8
PARIS-MONTSOURIS;20081101;6,7;10,9
PARIS-MONTSOURIS;20081102;6,9;13,2
PARIS-MONTSOURIS;20081103;8,5;17,5
PARIS-MONTSOURIS;20081104;6,8;16,4
PARIS-MONTSOURIS;20081105;8,1;9,7
PARIS-MONTSOURIS;20081106;8,3;10,5
PARIS-MONTSOURIS;20081107;8,8;11,7
PARIS-MONTSOURIS;20081108;4,9;12,6
PARIS-MONTSOURIS;20081109;9,5;13,9
PARIS-MONTSOURIS;20081110;10,7;15,2
PARIS-MONTSOURIS;20081111;8,1;13,5
PARIS-MONTSOURIS;20081112;7,2;9,9
PARIS-MONTSOURIS;20081113;5,5;11,8
PARIS-MONTSOURIS;20081114;6,3;10,9
PARIS-MONTSOURIS;20081115;10,2;12,3
PARIS-MONTSOURIS;20081116;11,6;12,9
PARIS-MONTSOURIS;20081117;7,1;10,7
PARIS-MONTSOURIS;20081118;6,7;11,8
PARIS-MONTSOURIS;20081119;6,5;11,4
PARIS-MONTSOURIS;20081120;9;12,9
PARIS-MONTSOURIS;20081121;8,5;11,8
PARIS-MONTSOURIS;20081122;3,9;7,4
PARIS-MONTSOURIS;20081123;-0,1;7,8
PARIS-MONTSOURIS;20081124;2,9;7,6
PARIS-MONTSOURIS;20081125;0,5;7
PARIS-MONTSOURIS;20081126;4,1;7,7
PARIS-MONTSOURIS;20081127;1,2;5
PARIS-MONTSOURIS;20081128;0,9;3,4
PARIS-MONTSOURIS;20081129;1,3;6,1
PARIS-MONTSOURIS;20081130;0,8;5,4
PARIS-MONTSOURIS;20081201;2,9;6,4
PARIS-MONTSOURIS;20081202;1,3;6,9
PARIS-MONTSOURIS;20081203;3,2;7,8
PARIS-MONTSOURIS;20081204;0,2;10
PARIS-MONTSOURIS;20081205;6,1;8,3
PARIS-MONTSOURIS;20081206;5,8;8,9
PARIS-MONTSOURIS;20081207;2,9;4,7
PARIS-MONTSOURIS;20081208;1,1;2,8
PARIS-MONTSOURIS;20081209;0,6;3,9
PARIS-MONTSOURIS;20081210;2,2;4,8
PARIS-MONTSOURIS;20081211;-0,5;4,6
PARIS-MONTSOURIS;20081212;-1,6;1
PARIS-MONTSOURIS;20081213;-2,1;4,2
PARIS-MONTSOURIS;20081214;2,5;5,3
PARIS-MONTSOURIS;20081215;1,3;3
PARIS-MONTSOURIS;20081216;0,6;1,6
PARIS-MONTSOURIS;20081217;-0,7;6,6
PARIS-MONTSOURIS;20081218;2,4;9,5
PARIS-MONTSOURIS;20081219;6,3;9,7
PARIS-MONTSOURIS;20081220;5,9;12,1
PARIS-MONTSOURIS;20081221;9,7;10,4
PARIS-MONTSOURIS;20081222;9,2;10,3
PARIS-MONTSOURIS;20081223;7,6;10,1
PARIS-MONTSOURIS;20081224;2,5;7,1
PARIS-MONTSOURIS;20081225;4,5;7,2
PARIS-MONTSOURIS;20081226;0,2;3,5
PARIS-MONTSOURIS;20081227;-1;1,7
PARIS-MONTSOURIS;20081228;-2,8;0,9
PARIS-MONTSOURIS;20081229;-3,3;1,4
PARIS-MONTSOURIS;20081230;-1,9;1,3
PARIS-MONTSOURIS;20081231;0,4;3,3
PARIS-MONTSOURIS;20090101;-0,9;2,1
PARIS-MONTSOURIS;20090102;-3,1;2,3
PARIS-MONTSOURIS;20090103;-1,6;1,9
PARIS-MONTSOURIS;20090104;-4,4;0,7
PARIS-MONTSOURIS;20090105;-1,2;0,4
PARIS-MONTSOURIS;20090106;-6,9;-3,9
PARIS-MONTSOURIS;20090107;-8,9;1,1
PARIS-MONTSOURIS;20090108;-1,6;1,8
PARIS-MONTSOURIS;20090109;-6,4;-0,3
PARIS-MONTSOURIS;20090110;-6,3;2
PARIS-MONTSOURIS;20090111;-6,3;3,6
PARIS-MONTSOURIS;20090112;-2;5,9
PARIS-MONTSOURIS;20090113;3,1;6
PARIS-MONTSOURIS;20090114;3,2;5
PARIS-MONTSOURIS;20090115;1;6
PARIS-MONTSOURIS;20090116;0,2;5,7
PARIS-MONTSOURIS;20090117;4,8;8,9
PARIS-MONTSOURIS;20090118;5,8;9
PARIS-MONTSOURIS;20090119;4,7;12,2
PARIS-MONTSOURIS;20090120;1,9;6,3
PARIS-MONTSOURIS;20090121;1,3;3,9
PARIS-MONTSOURIS;20090122;2,3;11,7
PARIS-MONTSOURIS;20090123;6,6;11,6
PARIS-MONTSOURIS;20090124;3;6,7
PARIS-MONTSOURIS;20090125;1,4;7,5
PARIS-MONTSOURIS;20090126;3,1;5,3
PARIS-MONTSOURIS;20090127;2,9;6
PARIS-MONTSOURIS;20090128;2;3,9
PARIS-MONTSOURIS;20090129;-2;4,3
PARIS-MONTSOURIS;20090130;-0,9;5,2
PARIS-MONTSOURIS;20090131;0;4,9
PARIS-MONTSOURIS;20090201;-2,2;2,4
PARIS-MONTSOURIS;20090202;-1,4;5,5
PARIS-MONTSOURIS;20090203;-2,5;2,9
PARIS-MONTSOURIS;20090204;-3,1;5,6
PARIS-MONTSOURIS;20090205;1,8;10,2
PARIS-MONTSOURIS;20090206;3,3;11,3
PARIS-MONTSOURIS;20090207;0,7;4,7
PARIS-MONTSOURIS;20090208;0,3;6,4
PARIS-MONTSOURIS;20090209;1;11,8
PARIS-MONTSOURIS;20090210;4,4;6,4
PARIS-MONTSOURIS;20090211;1;7,2
PARIS-MONTSOURIS;20090212;1,6;5
PARIS-MONTSOURIS;20090213;0,4;3,2
PARIS-MONTSOURIS;20090214;1;4,7
PARIS-MONTSOURIS;20090215;-0,5;6,1
PARIS-MONTSOURIS;20090216;3,9;9,2
PARIS-MONTSOURIS;20090217;5,8;10,6
PARIS-MONTSOURIS;20090218;4,7;6,6
PARIS-MONTSOURIS;20090219;-1;8,1
PARIS-MONTSOURIS;20090220;5,8;9,7
PARIS-MONTSOURIS;20090221;5,1;9,4
PARIS-MONTSOURIS;20090222;5,8;9,4
PARIS-MONTSOURIS;20090223;6,8;8,6
PARIS-MONTSOURIS;20090224;5,6;7,8
PARIS-MONTSOURIS;20090225;2,6;10,5
PARIS-MONTSOURIS;20090226;3,4;9,4
PARIS-MONTSOURIS;20090227;3,9;8,6
PARIS-MONTSOURIS;20090228;2,6;14,6
PARIS-MONTSOURIS;20090301;5,6;13,7
PARIS-MONTSOURIS;20090302;7,2;11,9
PARIS-MONTSOURIS;20090303;2,4;11,6
PARIS-MONTSOURIS;20090304;4;6,9
PARIS-MONTSOURIS;20090305;-0,3;5,8
PARIS-MONTSOURIS;20090306;2,9;9,4
PARIS-MONTSOURIS;20090307;1;11,7
PARIS-MONTSOURIS;20090308;7,2;10,9
PARIS-MONTSOURIS;20090309;4,1;10,6
PARIS-MONTSOURIS;20090310;5,8;12,9
PARIS-MONTSOURIS;20090311;4,4;12,2
PARIS-MONTSOURIS;20090312;6,3;13,2
PARIS-MONTSOURIS;20090313;8,2;13
PARIS-MONTSOURIS;20090314;5,7;12,8
PARIS-MONTSOURIS;20090315;6;14,2
PARIS-MONTSOURIS;20090316;5,9;15,3
PARIS-MONTSOURIS;20090317;6,5;16,8
PARIS-MONTSOURIS;20090318;6,5;17,2
PARIS-MONTSOURIS;20090319;5,7;16,5
PARIS-MONTSOURIS;20090320;4,5;12,5
PARIS-MONTSOURIS;20090321;2,6;12,7
PARIS-MONTSOURIS;20090322;4,4;11
PARIS-MONTSOURIS;20090323;4,9;15,2
PARIS-MONTSOURIS;20090324;3,4;9,8
PARIS-MONTSOURIS;20090325;4,6;11,4
PARIS-MONTSOURIS;20090326;6,8;10,2
PARIS-MONTSOURIS;20090327;6,7;11,7
PARIS-MONTSOURIS;20090328;5,1;11,1
PARIS-MONTSOURIS;20090329;3,5;11,1
PARIS-MONTSOURIS;20090330;3,5;12
PARIS-MONTSOURIS;20090331;4,3;14,9
PARIS-MONTSOURIS;20090401;5,3;17,3
PARIS-MONTSOURIS;20090402;7,9;19,1
PARIS-MONTSOURIS;20090403;8,9;18,6
PARIS-MONTSOURIS;20090404;7,4;15
PARIS-MONTSOURIS;20090405;8,6;16,5
PARIS-MONTSOURIS;20090406;9,8;21,2
PARIS-MONTSOURIS;20090407;10,6;16,3
PARIS-MONTSOURIS;20090408;7;13,5
PARIS-MONTSOURIS;20090409;11,7;21
PARIS-MONTSOURIS;20090410;12,3;20,4
PARIS-MONTSOURIS;20090411;10,6;20,8
PARIS-MONTSOURIS;20090412;11,6;19
PARIS-MONTSOURIS;20090413;9,3;19,4
PARIS-MONTSOURIS;20090414;12,1;20,3
PARIS-MONTSOURIS;20090415;12,9;21,8
PARIS-MONTSOURIS;20090416;10,4;14,5
PARIS-MONTSOURIS;20090417;9,2;16,4
PARIS-MONTSOURIS;20090418;9,1;11,3
PARIS-MONTSOURIS;20090419;10,1;17,2
PARIS-MONTSOURIS;20090420;9,8;20,4
PARIS-MONTSOURIS;20090421;9;20,5
PARIS-MONTSOURIS;20090422;9,2;19,7
PARIS-MONTSOURIS;20090423;8,3;19,3
PARIS-MONTSOURIS;20090424;7,9;19,4
PARIS-MONTSOURIS;20090425;8,9;14,5
PARIS-MONTSOURIS;20090426;9,1;15,2
PARIS-MONTSOURIS;20090427;8,5;16,6
PARIS-MONTSOURIS;20090428;5;14,3
PARIS-MONTSOURIS;20090429;8,1;15,6
PARIS-MONTSOURIS;20090430;6;20,1
PARIS-MONTSOURIS;20090501;9,6;21,5
PARIS-MONTSOURIS;20090502;9,1;18,1
PARIS-MONTSOURIS;20090503;9,9;14,3
PARIS-MONTSOURIS;20090504;7,4;16,2
PARIS-MONTSOURIS;20090505;8,9;16,3
PARIS-MONTSOURIS;20090506;9,7;17
PARIS-MONTSOURIS;20090507;8;24,5
PARIS-MONTSOURIS;20090508;12,5;18,6
PARIS-MONTSOURIS;20090509;10,7;17,2
PARIS-MONTSOURIS;20090510;10,8;21,6
PARIS-MONTSOURIS;20090511;13,9;15,7
PARIS-MONTSOURIS;20090512;12;20,2
PARIS-MONTSOURIS;20090513;13,8;21,6
PARIS-MONTSOURIS;20090514;13,2;18,6
PARIS-MONTSOURIS;20090515;11,5;16,2
PARIS-MONTSOURIS;20090516;9,1;16,4
PARIS-MONTSOURIS;20090517;9,9;16,7
PARIS-MONTSOURIS;20090518;8,1;19,5
PARIS-MONTSOURIS;20090519;8,9;20,2
PARIS-MONTSOURIS;20090520;9,9;23,6
PARIS-MONTSOURIS;20090521;14,3;22,9
PARIS-MONTSOURIS;20090522;10,7;21,5
PARIS-MONTSOURIS;20090523;11,6;22,7
PARIS-MONTSOURIS;20090524;15,5;29,7
PARIS-MONTSOURIS;20090525;18,2;30,1
PARIS-MONTSOURIS;20090526;13,6;17,9
PARIS-MONTSOURIS;20090527;8,3;16,6
PARIS-MONTSOURIS;20090528;13,6;18,2
PARIS-MONTSOURIS;20090529;13;23
PARIS-MONTSOURIS;20090530;12,5;23,8
PARIS-MONTSOURIS;20090531;13,8;23,8
PARIS-MONTSOURIS;20090601;14,6;26
PARIS-MONTSOURIS;20090602;15;24
PARIS-MONTSOURIS;20090603;13,3;23,2
PARIS-MONTSOURIS;20090604;10,5;19,4
PARIS-MONTSOURIS;20090605;9;19,9
PARIS-MONTSOURIS;20090606;10,4;15,2
PARIS-MONTSOURIS;20090607;11,3;17,9
PARIS-MONTSOURIS;20090608;8,9;16,4
PARIS-MONTSOURIS;20090609;10,5;19,7
PARIS-MONTSOURIS;20090610;12;16,5
PARIS-MONTSOURIS;20090611;11,7;20,6
PARIS-MONTSOURIS;20090612;12,8;22,1
PARIS-MONTSOURIS;20090613;14,4;27,2
PARIS-MONTSOURIS;20090614;16,2;29,2
PARIS-MONTSOURIS;20090615;15,2;18,3
PARIS-MONTSOURIS;20090616;12;23
PARIS-MONTSOURIS;20090617;13,1;25,6
PARIS-MONTSOURIS;20090618;16;21,1
PARIS-MONTSOURIS;20090619;13,4;20,6
PARIS-MONTSOURIS;20090620;12,1;17,2
PARIS-MONTSOURIS;20090621;10,4;20,9
PARIS-MONTSOURIS;20090622;13;20,7
PARIS-MONTSOURIS;20090623;11,6;23,3
PARIS-MONTSOURIS;20090624;14,7;25,7
PARIS-MONTSOURIS;20090625;18,2;27,9
PARIS-MONTSOURIS;20090626;18,3;24,3
PARIS-MONTSOURIS;20090627;15,8;26,4
PARIS-MONTSOURIS;20090628;16,2;27,8
PARIS-MONTSOURIS;20090629;19,1;30,4
PARIS-MONTSOURIS;20090630;19,3;31,1
PARIS-MONTSOURIS;20090701;19,2;30,5
PARIS-MONTSOURIS;20090702;19,7;32,6
PARIS-MONTSOURIS;20090703;19,6;28
PARIS-MONTSOURIS;20090704;17,6;28,7
PARIS-MONTSOURIS;20090705;20;26,7
PARIS-MONTSOURIS;20090706;17,1;24,3
PARIS-MONTSOURIS;20090707;14,9;22,4
PARIS-MONTSOURIS;20090708;14,6;20,5
PARIS-MONTSOURIS;20090709;13,8;20,1
PARIS-MONTSOURIS;20090710;13,2;19,7
PARIS-MONTSOURIS;20090711;15,1;22,4
PARIS-MONTSOURIS;20090712;16,8;26,9
PARIS-MONTSOURIS;20090713;15,6;26,4
PARIS-MONTSOURIS;20090714;16,3;27,3
PARIS-MONTSOURIS;20090715;15,5;26,8
PARIS-MONTSOURIS;20090716;17,2;32,1
PARIS-MONTSOURIS;20090717;15,2;21,3
PARIS-MONTSOURIS;20090718;13,8;22,1
PARIS-MONTSOURIS;20090719;15;22,2
PARIS-MONTSOURIS;20090720;14,2;25,2
PARIS-MONTSOURIS;20090721;18,3;31,5
PARIS-MONTSOURIS;20090722;18,7;28,5
PARIS-MONTSOURIS;20090723;17,1;22,9
PARIS-MONTSOURIS;20090724;14,7;23,8
PARIS-MONTSOURIS;20090725;13,7;24,1
PARIS-MONTSOURIS;20090726;12,9;27,5
PARIS-MONTSOURIS;20090727;15;23
PARIS-MONTSOURIS;20090728;14,4;25,9
PARIS-MONTSOURIS;20090729;14,4;28,8
PARIS-MONTSOURIS;20090730;14,1;23,1
PARIS-MONTSOURIS;20090731;14,7;25,5
PARIS-MONTSOURIS;20090801;17,1;28
PARIS-MONTSOURIS;20090802;15,3;21,4
PARIS-MONTSOURIS;20090803;15,5;24,1
PARIS-MONTSOURIS;20090804;13,8;28
PARIS-MONTSOURIS;20090805;17,3;30,5
PARIS-MONTSOURIS;20090806;18,5;32,5
PARIS-MONTSOURIS;20090807;19;24
PARIS-MONTSOURIS;20090808;17,4;23,7
PARIS-MONTSOURIS;20090809;18,3;27,8
PARIS-MONTSOURIS;20090810;17,5;28,4
PARIS-MONTSOURIS;20090811;18,5;24,3
PARIS-MONTSOURIS;20090812;15,6;29,5
PARIS-MONTSOURIS;20090813;18,8;23,5
PARIS-MONTSOURIS;20090814;16,3;27,4
PARIS-MONTSOURIS;20090815;15,7;33,1
PARIS-MONTSOURIS;20090816;18,5;30,6
PARIS-MONTSOURIS;20090817;16;26
PARIS-MONTSOURIS;20090818;14,4;28,7
PARIS-MONTSOURIS;20090819;18,2;35,6
PARIS-MONTSOURIS;20090820;21,8;31,5
PARIS-MONTSOURIS;20090821;16,8;24,5
PARIS-MONTSOURIS;20090822;15,7;26,2
PARIS-MONTSOURIS;20090823;15,6;29,4
PARIS-MONTSOURIS;20090824;15,4;28,1
PARIS-MONTSOURIS;20090825;16,6;23,4
PARIS-MONTSOURIS;20090826;13,9;26,5
PARIS-MONTSOURIS;20090827;16,4;25,8
PARIS-MONTSOURIS;20090828;16,7;23,2
PARIS-MONTSOURIS;20090829;12,1;22,6
PARIS-MONTSOURIS;20090830;11,7;23,7
PARIS-MONTSOURIS;20090831;13,9;29,5
PARIS-MONTSOURIS;20090901;17,2;21,3
PARIS-MONTSOURIS;20090902;13,7;22
PARIS-MONTSOURIS;20090903;15;19,9
PARIS-MONTSOURIS;20090904;12,7;18,1
PARIS-MONTSOURIS;20090905;11,3;18,4
PARIS-MONTSOURIS;20090906;10,3;22,3
PARIS-MONTSOURIS;20090907;11,9;26
PARIS-MONTSOURIS;20090908;13,7;29,4
PARIS-MONTSOURIS;20090909;17,1;24,1
PARIS-MONTSOURIS;20090910;15,3;23
PARIS-MONTSOURIS;20090911;12,8;21,5
PARIS-MONTSOURIS;20090912;12,9;21,5
PARIS-MONTSOURIS;20090913;11,8;19,1
PARIS-MONTSOURIS;20090914;12,1;19,3
PARIS-MONTSOURIS;20090915;12,2;18,7
PARIS-MONTSOURIS;20090916;12,8;20,3
PARIS-MONTSOURIS;20090917;14,3;19
PARIS-MONTSOURIS;20090918;15,6;23,4
PARIS-MONTSOURIS;20090919;15,7;24,3
PARIS-MONTSOURIS;20090920;15,4;23
PARIS-MONTSOURIS;20090921;14,4;22,4
PARIS-MONTSOURIS;20090922;13,5;23,6
PARIS-MONTSOURIS;20090923;12,7;21,2
PARIS-MONTSOURIS;20090924;13,9;21,5
PARIS-MONTSOURIS;20090925;11,2;21,5
PARIS-MONTSOURIS;20090926;11,1;22
PARIS-MONTSOURIS;20090927;11,7;23,5
PARIS-MONTSOURIS;20090928;12;21,9
PARIS-MONTSOURIS;20090929;14,3;21,7
PARIS-MONTSOURIS;20090930;12,6;21,5
PARIS-MONTSOURIS;20091001;14,3;20,2
PARIS-MONTSOURIS;20091002;10,5;17,2
PARIS-MONTSOURIS;20091003;8,1;17,4
PARIS-MONTSOURIS;20091004;13,5;18,7
PARIS-MONTSOURIS;20091005;12,2;20,4
PARIS-MONTSOURIS;20091006;15,4;22,5
PARIS-MONTSOURIS;20091007;15,9;26,3
PARIS-MONTSOURIS;20091008;15,7;21,8
PARIS-MONTSOURIS;20091009;14;18,4
PARIS-MONTSOURIS;20091010;14,4;20
PARIS-MONTSOURIS;20091011;12,1;16,6
PARIS-MONTSOURIS;20091012;10,9;16,8
PARIS-MONTSOURIS;20091013;9,2;15,5
PARIS-MONTSOURIS;20091014;9,4;13,6
PARIS-MONTSOURIS;20091015;3,4;11,5
PARIS-MONTSOURIS;20091016;6,7;14,2
PARIS-MONTSOURIS;20091017;8,7;13,8
PARIS-MONTSOURIS;20091018;5,2;13,5
PARIS-MONTSOURIS;20091019;2,4;11,9
PARIS-MONTSOURIS;20091020;4;16
PARIS-MONTSOURIS;20091021;11,4;12,8
PARIS-MONTSOURIS;20091022;10,3;16
PARIS-MONTSOURIS;20091023;9,8;15,6
PARIS-MONTSOURIS;20091024;10,7;18
PARIS-MONTSOURIS;20091025;9,8;15,7
PARIS-MONTSOURIS;20091026;9,4;17,4
PARIS-MONTSOURIS;20091027;6,5;17,5
PARIS-MONTSOURIS;20091028;7,6;18,2
PARIS-MONTSOURIS;20091029;10,1;16,1
PARIS-MONTSOURIS;20091030;7,6;10
PARIS-MONTSOURIS;20091031;7,5;16,1
PARIS-MONTSOURIS;20091101;12,1;17,8
PARIS-MONTSOURIS;20091102;8,7;11,5
PARIS-MONTSOURIS;20091103;6,9;13,7
PARIS-MONTSOURIS;20091104;7,8;11,7
PARIS-MONTSOURIS;20091105;6,8;13,2
PARIS-MONTSOURIS;20091106;6,3;12,2
PARIS-MONTSOURIS;20091107;6,4;11
PARIS-MONTSOURIS;20091108;4,9;9,1
PARIS-MONTSOURIS;20091109;4,4;10,2
PARIS-MONTSOURIS;20091110;4,7;10
PARIS-MONTSOURIS;20091111;4,4;10
PARIS-MONTSOURIS;20091112;4,5;13,9
PARIS-MONTSOURIS;20091113;11,7;18,7
PARIS-MONTSOURIS;20091114;11,2;14,8
PARIS-MONTSOURIS;20091115;10,1;14,9
PARIS-MONTSOURIS;20091116;10,6;16,2
PARIS-MONTSOURIS;20091117;10,1;11,4
PARIS-MONTSOURIS;20091118;8,9;13,9
PARIS-MONTSOURIS;20091119;7,1;13,3
PARIS-MONTSOURIS;20091120;8,4;16,3
PARIS-MONTSOURIS;20091121;11,8;16,6
PARIS-MONTSOURIS;20091122;10,3;13,6
PARIS-MONTSOURIS;20091123;8,7;14,1
PARIS-MONTSOURIS;20091124;12,8;15
PARIS-MONTSOURIS;20091125;9,3;12,4
PARIS-MONTSOURIS;20091126;7,5;11,8
PARIS-MONTSOURIS;20091127;7,2;11,1
PARIS-MONTSOURIS;20091128;7,1;11,2
PARIS-MONTSOURIS;20091129;7,8;10,1
PARIS-MONTSOURIS;20091130;4,9;7,5
PARIS-MONTSOURIS;20091201;5,8;8,6
PARIS-MONTSOURIS;20091202;4,7;10,5
PARIS-MONTSOURIS;20091203;7,1;11,3
PARIS-MONTSOURIS;20091204;2,4;8,9
PARIS-MONTSOURIS;20091205;5,6;13,2
PARIS-MONTSOURIS;20091206;9,7;13,7
PARIS-MONTSOURIS;20091207;5,1;10,4
PARIS-MONTSOURIS;20091208;5,5;9,1
PARIS-MONTSOURIS;20091209;7,5;13,4
PARIS-MONTSOURIS;20091210;9,5;12
PARIS-MONTSOURIS;20091211;5,2;9,9
PARIS-MONTSOURIS;20091212;3,4;5,7
PARIS-MONTSOURIS;20091213;1,4;3,6
PARIS-MONTSOURIS;20091214;-1,2;1,3
PARIS-MONTSOURIS;20091215;-2,9;0,7
PARIS-MONTSOURIS;20091216;-1,6;1,7
PARIS-MONTSOURIS;20091217;-2,6;1,8
PARIS-MONTSOURIS;20091218;-3,2;0,1
PARIS-MONTSOURIS;20091219;-3,7;-0,6
PARIS-MONTSOURIS;20091220;-3,7;2,9
PARIS-MONTSOURIS;20091221;-3,9;3,7
PARIS-MONTSOURIS;20091222;0,8;3
PARIS-MONTSOURIS;20091223;-0,5;5,1
PARIS-MONTSOURIS;20091224;1,1;6,5
PARIS-MONTSOURIS;20091225;3;7,6
PARIS-MONTSOURIS;20091226;0,7;6,6
PARIS-MONTSOURIS;20091227;1,1;8,9
PARIS-MONTSOURIS;20091228;1,4;6,5
PARIS-MONTSOURIS;20091229;3,6;13,7
PARIS-MONTSOURIS;20091230;9,2;11,5
PARIS-MONTSOURIS;20091231;2,5;8,1
PARIS-MONTSOURIS;20100101;0,2;1,5
PARIS-MONTSOURIS;20100102;-1,2;3,6
PARIS-MONTSOURIS;20100103;-1,3;4,7
PARIS-MONTSOURIS;20100104;-6;-1,1
PARIS-MONTSOURIS;20100105;-3,7;0,4
PARIS-MONTSOURIS;20100106;-3,3;-2
PARIS-MONTSOURIS;20100107;-4,4;-1
PARIS-MONTSOURIS;20100108;-5,7;-1,6
PARIS-MONTSOURIS;20100109;-3,2;-0,7
PARIS-MONTSOURIS;20100110;-1,2;0,2
PARIS-MONTSOURIS;20100111;-0,7;0,9
PARIS-MONTSOURIS;20100112;-0,3;1
PARIS-MONTSOURIS;20100113;-1,7;4,4
PARIS-MONTSOURIS;20100114;2,2;5,9
PARIS-MONTSOURIS;20100115;0,4;4,9
PARIS-MONTSOURIS;20100116;3;9,8
PARIS-MONTSOURIS;20100117;6;10
PARIS-MONTSOURIS;20100118;3,9;5,7
PARIS-MONTSOURIS;20100119;0,9;3
PARIS-MONTSOURIS;20100120;0,1;6,5
PARIS-MONTSOURIS;20100121;4,4;7,2
PARIS-MONTSOURIS;20100122;3,5;8,9
PARIS-MONTSOURIS;20100123;3,3;5
PARIS-MONTSOURIS;20100124;3,4;6,9
PARIS-MONTSOURIS;20100125;3,3;7,5
PARIS-MONTSOURIS;20100126;-1;0,4
PARIS-MONTSOURIS;20100127;-4,6;5,4
PARIS-MONTSOURIS;20100128;1;6,5
PARIS-MONTSOURIS;20100129;3,3;7,2
PARIS-MONTSOURIS;20100130;-0,5;3,1
PARIS-MONTSOURIS;20100131;-0,9;4,3
PARIS-MONTSOURIS;20100201;-0,2;5,2
PARIS-MONTSOURIS;20100202;1,2;8,4
PARIS-MONTSOURIS;20100203;6,6;10,5
PARIS-MONTSOURIS;20100204;4,6;9,6
PARIS-MONTSOURIS;20100205;6,4;12,1
PARIS-MONTSOURIS;20100206;5,2;9
PARIS-MONTSOURIS;20100207;3,3;6,4
PARIS-MONTSOURIS;20100208;3,2;4,5
PARIS-MONTSOURIS;20100209;-2,3;-0,3
PARIS-MONTSOURIS;20100210;-3,1;3,3
PARIS-MONTSOURIS;20100211;-3,9;-0,8
PARIS-MONTSOURIS;20100212;-3,8;1,1
PARIS-MONTSOURIS;20100213;-3,4;-1,6
PARIS-MONTSOURIS;20100214;-2,2;3
PARIS-MONTSOURIS;20100215;-1,4;3,1
PARIS-MONTSOURIS;20100216;-3,6;4,1
PARIS-MONTSOURIS;20100217;-0,4;4,9
PARIS-MONTSOURIS;20100218;1,6;10,6
PARIS-MONTSOURIS;20100219;3,9;8,4
PARIS-MONTSOURIS;20100220;1,1;5,8
PARIS-MONTSOURIS;20100221;1,7;8,4
PARIS-MONTSOURIS;20100222;5,6;14,6
PARIS-MONTSOURIS;20100223;9,1;14,2
PARIS-MONTSOURIS;20100224;6,2;12,5
PARIS-MONTSOURIS;20100225;8,1;12,1
PARIS-MONTSOURIS;20100226;6,3;10,8
PARIS-MONTSOURIS;20100227;4,6;13,3
PARIS-MONTSOURIS;20100228;7,4;10,3
PARIS-MONTSOURIS;20100301;2,2;11,5
PARIS-MONTSOURIS;20100302;4,8;12,2
PARIS-MONTSOURIS;20100303;3,2;10,1
PARIS-MONTSOURIS;20100304;2,3;8,1
PARIS-MONTSOURIS;20100305;-0,6;6,5
PARIS-MONTSOURIS;20100306;1,9;7,2
PARIS-MONTSOURIS;20100307;-2,6;4,5
PARIS-MONTSOURIS;20100308;-1,9;6,5
PARIS-MONTSOURIS;20100309;-1,9;5
PARIS-MONTSOURIS;20100310;-1,6;8,7
PARIS-MONTSOURIS;20100311;-0,9;6,8
PARIS-MONTSOURIS;20100312;0,8;6,5
PARIS-MONTSOURIS;20100313;4,6;7,7
PARIS-MONTSOURIS;20100314;4,3;9,2
PARIS-MONTSOURIS;20100315;4,1;13,1
PARIS-MONTSOURIS;20100316;4,3;14,4
PARIS-MONTSOURIS;20100317;4,8;17,4
PARIS-MONTSOURIS;20100318;7,6;19,6
PARIS-MONTSOURIS;20100319;12,2;19,4
PARIS-MONTSOURIS;20100320;12;16,9
PARIS-MONTSOURIS;20100321;8,7;12,5
PARIS-MONTSOURIS;20100322;5,7;16
PARIS-MONTSOURIS;20100323;6,3;16,4
PARIS-MONTSOURIS;20100324;9,2;19,5
PARIS-MONTSOURIS;20100325;12,2;18,8
PARIS-MONTSOURIS;20100326;8,9;13,6
PARIS-MONTSOURIS;20100327;7;13,3
PARIS-MONTSOURIS;20100328;8,3;14,1
PARIS-MONTSOURIS;20100329;11;18,4
PARIS-MONTSOURIS;20100330;4,8;14,1
PARIS-MONTSOURIS;20100331;5,9;11,4
PARIS-MONTSOURIS;20100401;3,4;12,3
PARIS-MONTSOURIS;20100402;5,1;11,8
PARIS-MONTSOURIS;20100403;6,7;11,7
PARIS-MONTSOURIS;20100404;6,7;12
PARIS-MONTSOURIS;20100405;2,7;13,9
PARIS-MONTSOURIS;20100406;4,3;19,8
PARIS-MONTSOURIS;20100407;10,5;17,7
PARIS-MONTSOURIS;20100408;8,7;13,3
PARIS-MONTSOURIS;20100409;6,2;17,9
PARIS-MONTSOURIS;20100410;8,8;17
PARIS-MONTSOURIS;20100411;5;13,9
PARIS-MONTSOURIS;20100412;4,4;14,3
PARIS-MONTSOURIS;20100413;7,7;16,9
PARIS-MONTSOURIS;20100414;6,5;15,7
PARIS-MONTSOURIS;20100415;6,6;16,8
PARIS-MONTSOURIS;20100416;6,2;16
PARIS-MONTSOURIS;20100417;5,2;19
PARIS-MONTSOURIS;20100418;8,2;22
PARIS-MONTSOURIS;20100419;8,7;21,1
PARIS-MONTSOURIS;20100420;10,4;17,2
PARIS-MONTSOURIS;20100421;6,3;16,4
PARIS-MONTSOURIS;20100422;5,6;16,4
PARIS-MONTSOURIS;20100423;5,3;20,2
PARIS-MONTSOURIS;20100424;9;24,3
PARIS-MONTSOURIS;20100425;11,3;22,3
PARIS-MONTSOURIS;20100426;10,4;17,3
PARIS-MONTSOURIS;20100427;9,2;21,5
PARIS-MONTSOURIS;20100428;11,6;26,4
PARIS-MONTSOURIS;20100429;13,2;27,4
PARIS-MONTSOURIS;20100430;11,9;17,8
PARIS-MONTSOURIS;20100501;11,1;17,2
PARIS-MONTSOURIS;20100502;9,8;17
PARIS-MONTSOURIS;20100503;6,2;9,3
PARIS-MONTSOURIS;20100504;6,3;12,7
PARIS-MONTSOURIS;20100505;4,5;12,7
PARIS-MONTSOURIS;20100506;5,8;16
PARIS-MONTSOURIS;20100507;6,4;14,6
PARIS-MONTSOURIS;20100508;7,4;17,9
PARIS-MONTSOURIS;20100509;9,2;18,6
PARIS-MONTSOURIS;20100510;8,2;16,4
PARIS-MONTSOURIS;20100511;6,1;7,6
PARIS-MONTSOURIS;20100512;6;11,2
PARIS-MONTSOURIS;20100513;5,7;11
PARIS-MONTSOURIS;20100514;8;11,8
PARIS-MONTSOURIS;20100515;8,5;16,5
PARIS-MONTSOURIS;20100516;7,9;18
PARIS-MONTSOURIS;20100517;11,1;18,5
PARIS-MONTSOURIS;20100518;8,8;19,5
PARIS-MONTSOURIS;20100519;9,3;20,5
PARIS-MONTSOURIS;20100520;9,9;22,9
PARIS-MONTSOURIS;20100521;12,4;24,5
PARIS-MONTSOURIS;20100522;13,1;25,4
PARIS-MONTSOURIS;20100523;12,9;27,9
PARIS-MONTSOURIS;20100524;16,1;30,2
PARIS-MONTSOURIS;20100525;17,5;30,1
PARIS-MONTSOURIS;20100526;17,2;20,8
PARIS-MONTSOURIS;20100527;12,9;18,7
PARIS-MONTSOURIS;20100528;10,8;20,3
PARIS-MONTSOURIS;20100529;11,4;17,9
PARIS-MONTSOURIS;20100530;13,5;18
PARIS-MONTSOURIS;20100531;11,9;16,8
PARIS-MONTSOURIS;20100601;11,4;17,4
PARIS-MONTSOURIS;20100602;12;22,7
PARIS-MONTSOURIS;20100603;12,2;25,4
PARIS-MONTSOURIS;20100604;14,8;29
PARIS-MONTSOURIS;20100605;17,7;30,1
PARIS-MONTSOURIS;20100606;17,9;23,2
PARIS-MONTSOURIS;20100607;13,1;23,4
PARIS-MONTSOURIS;20100608;16,6;23
PARIS-MONTSOURIS;20100609;15,6;18,9
PARIS-MONTSOURIS;20100610;16,2;25,6
PARIS-MONTSOURIS;20100611;15,3;26,6
PARIS-MONTSOURIS;20100612;15,6;21,1
PARIS-MONTSOURIS;20100613;11,2;20,5
PARIS-MONTSOURIS;20100614;14,3;20,8
PARIS-MONTSOURIS;20100615;14,5;21,7
PARIS-MONTSOURIS;20100616;10,8;22,8
PARIS-MONTSOURIS;20100617;14,8;21,5
PARIS-MONTSOURIS;20100618;13,9;20,3
PARIS-MONTSOURIS;20100619;11,1;16,8
PARIS-MONTSOURIS;20100620;9,9;15,7
PARIS-MONTSOURIS;20100621;10,6;18,2
PARIS-MONTSOURIS;20100622;12,3;24
PARIS-MONTSOURIS;20100623;14,5;26,4
PARIS-MONTSOURIS;20100624;15,9;27,7
PARIS-MONTSOURIS;20100625;16;28,3
PARIS-MONTSOURIS;20100626;17,5;30,6
PARIS-MONTSOURIS;20100627;19;31,1
PARIS-MONTSOURIS;20100628;20,7;30,4
PARIS-MONTSOURIS;20100629;17,5;29,1
PARIS-MONTSOURIS;20100630;17,5;30,7
PARIS-MONTSOURIS;20100701;19,6;33,8
PARIS-MONTSOURIS;20100702;21,9;35,1
PARIS-MONTSOURIS;20100703;18,3;21,7
PARIS-MONTSOURIS;20100704;15,9;27,4
PARIS-MONTSOURIS;20100705;17,2;24,5
PARIS-MONTSOURIS;20100706;13,9;26
PARIS-MONTSOURIS;20100707;16,2;30,9
PARIS-MONTSOURIS;20100708;19,3;34,3
PARIS-MONTSOURIS;20100709;22,6;33
PARIS-MONTSOURIS;20100710;20,6;28,3
PARIS-MONTSOURIS;20100711;20,5;31,4
PARIS-MONTSOURIS;20100712;19,1;27,6
PARIS-MONTSOURIS;20100713;19,5;28,4
PARIS-MONTSOURIS;20100714;16,8;23,9
PARIS-MONTSOURIS;20100715;14,8;24,9
PARIS-MONTSOURIS;20100716;16,1;24,9
PARIS-MONTSOURIS;20100717;15,1;23,3
PARIS-MONTSOURIS;20100718;13,9;26
PARIS-MONTSOURIS;20100719;16;30
PARIS-MONTSOURIS;20100720;18,9;32,5
PARIS-MONTSOURIS;20100721;19;23
PARIS-MONTSOURIS;20100722;15,3;25,8
PARIS-MONTSOURIS;20100723;15,5;23,4
PARIS-MONTSOURIS;20100724;14,6;24,8
PARIS-MONTSOURIS;20100725;17,5;22,2
PARIS-MONTSOURIS;20100726;16,9;24,4
PARIS-MONTSOURIS;20100727;18,1;26,3
PARIS-MONTSOURIS;20100728;19,3;27,2
PARIS-MONTSOURIS;20100729;15,5;22,7
PARIS-MONTSOURIS;20100730;14,3;26,2
PARIS-MONTSOURIS;20100731;19,8;29,5
PARIS-MONTSOURIS;20100801;17,7;24,6
PARIS-MONTSOURIS;20100802;17;23,8
PARIS-MONTSOURIS;20100803;14,5;24,6
PARIS-MONTSOURIS;20100804;17,5;22,8
PARIS-MONTSOURIS;20100805;14,3;21,8
PARIS-MONTSOURIS;20100806;12,6;24,4
PARIS-MONTSOURIS;20100807;14,7;26,8
PARIS-MONTSOURIS;20100808;15,1;25,4
PARIS-MONTSOURIS;20100809;17,3;27,2
PARIS-MONTSOURIS;20100810;16,4;26
PARIS-MONTSOURIS;20100811;17,4;24,8
PARIS-MONTSOURIS;20100812;14,5;23,2
PARIS-MONTSOURIS;20100813;14,8;22,5
PARIS-MONTSOURIS;20100814;14,2;21,8
PARIS-MONTSOURIS;20100815;14,7;17
PARIS-MONTSOURIS;20100816;13,8;18,7
PARIS-MONTSOURIS;20100817;15,5;19,8
PARIS-MONTSOURIS;20100818;15,9;21,3
PARIS-MONTSOURIS;20100819;10,6;26,1
PARIS-MONTSOURIS;20100820;16;30,1
PARIS-MONTSOURIS;20100821;19;30,9
PARIS-MONTSOURIS;20100822;20,2;29,1
PARIS-MONTSOURIS;20100823;18,6;24,3
PARIS-MONTSOURIS;20100824;14;21,8
PARIS-MONTSOURIS;20100825;15,4;23
PARIS-MONTSOURIS;20100826;20;25,8
PARIS-MONTSOURIS;20100827;17,5;24,8
PARIS-MONTSOURIS;20100828;13,8;21
PARIS-MONTSOURIS;20100829;12,6;19,9
PARIS-MONTSOURIS;20100830;11,3;19,3
PARIS-MONTSOURIS;20100831;11,2;21,5
PARIS-MONTSOURIS;20100901;12,1;23,1
PARIS-MONTSOURIS;20100902;13;24,2
PARIS-MONTSOURIS;20100903;12,7;24,5
PARIS-MONTSOURIS;20100904;13,6;23,2
PARIS-MONTSOURIS;20100905;13,5;25,2
PARIS-MONTSOURIS;20100906;14,6;20,6
PARIS-MONTSOURIS;20100907;14,5;21,8
PARIS-MONTSOURIS;20100908;14,5;17,9
PARIS-MONTSOURIS;20100909;13,3;20,8
PARIS-MONTSOURIS;20100910;12,7;23,2
PARIS-MONTSOURIS;20100911;12,6;25,8
PARIS-MONTSOURIS;20100912;16;21,9
PARIS-MONTSOURIS;20100913;11,9;21,7
PARIS-MONTSOURIS;20100914;14,7;23,8
PARIS-MONTSOURIS;20100915;13,6;20
PARIS-MONTSOURIS;20100916;11,4;20,1
PARIS-MONTSOURIS;20100917;10,7;19,1
PARIS-MONTSOURIS;20100918;8,8;18,2
PARIS-MONTSOURIS;20100919;7,7;21,4
PARIS-MONTSOURIS;20100920;8,8;22,8
PARIS-MONTSOURIS;20100921;11,3;24,4
PARIS-MONTSOURIS;20100922;11,6;26,5
PARIS-MONTSOURIS;20100923;13,7;23,2
PARIS-MONTSOURIS;20100924;13,5;18,9
PARIS-MONTSOURIS;20100925;11,1;14,8
PARIS-MONTSOURIS;20100926;7,5;13,9
PARIS-MONTSOURIS;20100927;8,9;13,8
PARIS-MONTSOURIS;20100928;10,2;15,5
PARIS-MONTSOURIS;20100929;13,1;19,1
PARIS-MONTSOURIS;20100930;13;17,5
PARIS-MONTSOURIS;20101001;9,4;17,5
PARIS-MONTSOURIS;20101002;13,7;21,4
PARIS-MONTSOURIS;20101003;14,8;25,1
PARIS-MONTSOURIS;20101004;15,9;18,8
PARIS-MONTSOURIS;20101005;12,6;17,5
PARIS-MONTSOURIS;20101006;15,1;18,6
PARIS-MONTSOURIS;20101007;15;22,5
PARIS-MONTSOURIS;20101008;13,7;23,3
PARIS-MONTSOURIS;20101009;14,1;24
PARIS-MONTSOURIS;20101010;12,4;20,1
PARIS-MONTSOURIS;20101011;10;20,6
PARIS-MONTSOURIS;20101012;7,6;17,5
PARIS-MONTSOURIS;20101013;5,6;14,4
PARIS-MONTSOURIS;20101014;6,7;15
PARIS-MONTSOURIS;20101015;10,4;13,2
PARIS-MONTSOURIS;20101016;9;14,3
PARIS-MONTSOURIS;20101017;4,1;8,3
PARIS-MONTSOURIS;20101018;4;13,5
PARIS-MONTSOURIS;20101019;10,2;13,6
PARIS-MONTSOURIS;20101020;6,9;11,7
PARIS-MONTSOURIS;20101021;2,1;11,6
PARIS-MONTSOURIS;20101022;2,6;11,5
PARIS-MONTSOURIS;20101023;1,8;12,4
PARIS-MONTSOURIS;20101024;6,5;11,7
PARIS-MONTSOURIS;20101025;5,3;12,3
PARIS-MONTSOURIS;20101026;3,2;13
PARIS-MONTSOURIS;20101027;8,4;14,7
PARIS-MONTSOURIS;20101028;9,5;14,6
PARIS-MONTSOURIS;20101029;8,4;15,6
PARIS-MONTSOURIS;20101030;10,8;15,5
PARIS-MONTSOURIS;20101031;9,2;17,4
PARIS-MONTSOURIS;20101101;9;14,6
PARIS-MONTSOURIS;20101102;6,1;13,7
PARIS-MONTSOURIS;20101103;12,1;16,3
PARIS-MONTSOURIS;20101104;14,5;17,6
PARIS-MONTSOURIS;20101105;11,7;18,1
PARIS-MONTSOURIS;20101106;10,6;13,1
PARIS-MONTSOURIS;20101107;6,7;9
PARIS-MONTSOURIS;20101108;3,6;8,1
PARIS-MONTSOURIS;20101109;5,8;9,9
PARIS-MONTSOURIS;20101110;7,3;9,6
PARIS-MONTSOURIS;20101111;2,2;14,8
PARIS-MONTSOURIS;20101112;10,8;15,3
PARIS-MONTSOURIS;20101113;13,8;15,4
PARIS-MONTSOURIS;20101114;11,9;13,6
PARIS-MONTSOURIS;20101115;7,1;11,1
PARIS-MONTSOURIS;20101116;6,3;11,9
PARIS-MONTSOURIS;20101117;1,9;6,9
PARIS-MONTSOURIS;20101118;5,4;8,4
PARIS-MONTSOURIS;20101119;5,2;7,9
PARIS-MONTSOURIS;20101120;6,2;11,1
PARIS-MONTSOURIS;20101121;4,6;7
PARIS-MONTSOURIS;20101122;4,5;5,4
PARIS-MONTSOURIS;20101123;3,1;7
PARIS-MONTSOURIS;20101124;4,1;8,2
PARIS-MONTSOURIS;20101125;2,2;5,2
PARIS-MONTSOURIS;20101126;0,4;3,7
PARIS-MONTSOURIS;20101127;-0,9;4,1
PARIS-MONTSOURIS;20101128;-0,6;1,6
PARIS-MONTSOURIS;20101129;-1,7;1,4
PARIS-MONTSOURIS;20101130;-3,8;0
PARIS-MONTSOURIS;20101201;-2,4;-1,1
PARIS-MONTSOURIS;20101202;-2,7;-0,6
PARIS-MONTSOURIS;20101203;-1,6;0,5
PARIS-MONTSOURIS;20101204;-3,2;3,1
PARIS-MONTSOURIS;20101205;1,6;4,3
PARIS-MONTSOURIS;20101206;1,5;2,5
PARIS-MONTSOURIS;20101207;0,6;1,5
PARIS-MONTSOURIS;20101208;0,3;2,4
PARIS-MONTSOURIS;20101209;0,8;4,3
PARIS-MONTSOURIS;20101210;-0,6;5,8
PARIS-MONTSOURIS;20101211;5;7,1
PARIS-MONTSOURIS;20101212;5,3;7,8
PARIS-MONTSOURIS;20101213;-1,2;1,9
PARIS-MONTSOURIS;20101214;-2;2,3
PARIS-MONTSOURIS;20101215;-2,9;3,6
PARIS-MONTSOURIS;20101216;1,6;5
PARIS-MONTSOURIS;20101217;-0,4;2,8
PARIS-MONTSOURIS;20101218;-1,8;1,3
PARIS-MONTSOURIS;20101219;-1,5;6,2
PARIS-MONTSOURIS;20101220;0;4,5
PARIS-MONTSOURIS;20101221;1,1;5,5
PARIS-MONTSOURIS;20101222;1,3;3,4
PARIS-MONTSOURIS;20101223;-0,3;0,7
PARIS-MONTSOURIS;20101224;-0,2;0,8
PARIS-MONTSOURIS;20101225;-2;1
PARIS-MONTSOURIS;20101226;-3,1;3,1
PARIS-MONTSOURIS;20101227;-2,3;0,4
PARIS-MONTSOURIS;20101228;-1,4;3,4
PARIS-MONTSOURIS;20101229;2,5;7
PARIS-MONTSOURIS;20101230;1,9;5,1
PARIS-MONTSOURIS;20101231;0,6;1,9
PARIS-MONTSOURIS;20110101;-0,3;3,5
PARIS-MONTSOURIS;20110102;2,1;4,5
PARIS-MONTSOURIS;20110103;1,8;4,3
PARIS-MONTSOURIS;20110104;-0,7;0,9
PARIS-MONTSOURIS;20110105;-1,3;9,9
PARIS-MONTSOURIS;20110106;3,6;12,5
PARIS-MONTSOURIS;20110107;10,7;12,2
PARIS-MONTSOURIS;20110108;10,5;13,1
PARIS-MONTSOURIS;20110109;5,1;8,4
PARIS-MONTSOURIS;20110110;2,4;7,9
PARIS-MONTSOURIS;20110111;1,1;10,4
PARIS-MONTSOURIS;20110112;5,5;12,6
PARIS-MONTSOURIS;20110113;12;14,8
PARIS-MONTSOURIS;20110114;9,6;12,7
PARIS-MONTSOURIS;20110115;6,9;11,4
PARIS-MONTSOURIS;20110116;7,7;12,8
PARIS-MONTSOURIS;20110117;3,5;10,3
PARIS-MONTSOURIS;20110118;7,1;9,5
PARIS-MONTSOURIS;20110119;2,9;6,1
PARIS-MONTSOURIS;20110120;3,1;5,5
PARIS-MONTSOURIS;20110121;0;2,8
PARIS-MONTSOURIS;20110122;0,3;5,4
PARIS-MONTSOURIS;20110123;4;6,4
PARIS-MONTSOURIS;20110124;5,1;6,6
PARIS-MONTSOURIS;20110125;3,1;7,1
PARIS-MONTSOURIS;20110126;4,4;5,5
PARIS-MONTSOURIS;20110127;2,5;4,5
PARIS-MONTSOURIS;20110128;-0,2;2,1
PARIS-MONTSOURIS;20110129;-0,6;1,4
PARIS-MONTSOURIS;20110130;-3;2
PARIS-MONTSOURIS;20110131;-3,6;-0,3
PARIS-MONTSOURIS;20110201;-3,9;0,5
PARIS-MONTSOURIS;20110202;-0,8;4,8
PARIS-MONTSOURIS;20110203;2,6;8,9
PARIS-MONTSOURIS;20110204;4,7;10,7
PARIS-MONTSOURIS;20110205;9,5;11,5
PARIS-MONTSOURIS;20110206;8,2;10,1
PARIS-MONTSOURIS;20110207;2,7;14,8
PARIS-MONTSOURIS;20110208;7,3;11,7
PARIS-MONTSOURIS;20110209;6,2;8,2
PARIS-MONTSOURIS;20110210;3,6;13
PARIS-MONTSOURIS;20110211;11,1;17,4
PARIS-MONTSOURIS;20110212;7,5;11,3
PARIS-MONTSOURIS;20110213;2,8;9,8
PARIS-MONTSOURIS;20110214;6,9;9,8
PARIS-MONTSOURIS;20110215;4,3;9,1
PARIS-MONTSOURIS;20110216;3,3;10,7
PARIS-MONTSOURIS;20110217;3,9;7,7
PARIS-MONTSOURIS;20110218;2,8;5,8
PARIS-MONTSOURIS;20110219;1,3;7,5
PARIS-MONTSOURIS;20110220;5,8;7,5
PARIS-MONTSOURIS;20110221;4,3;9,2
PARIS-MONTSOURIS;20110222;2,2;8,1
PARIS-MONTSOURIS;20110223;1,9;9,1
PARIS-MONTSOURIS;20110224;5;13,1
PARIS-MONTSOURIS;20110225;8;12,3
PARIS-MONTSOURIS;20110226;8,2;12
PARIS-MONTSOURIS;20110227;5,5;9,4
PARIS-MONTSOURIS;20110228;3,4;6,1
PARIS-MONTSOURIS;20110301;2,6;9,2
PARIS-MONTSOURIS;20110302;2,6;9,7
PARIS-MONTSOURIS;20110303;1;9,1
PARIS-MONTSOURIS;20110304;1,5;10,1
PARIS-MONTSOURIS;20110305;1,5;9,4
PARIS-MONTSOURIS;20110306;1,4;8,9
PARIS-MONTSOURIS;20110307;1;9,6
PARIS-MONTSOURIS;20110308;0,4;16
PARIS-MONTSOURIS;20110309;6,1;12,8
PARIS-MONTSOURIS;20110310;4;12,5
PARIS-MONTSOURIS;20110311;8,8;12,7
PARIS-MONTSOURIS;20110312;5,3;15
PARIS-MONTSOURIS;20110313;8,9;12,5
PARIS-MONTSOURIS;20110314;9,2;15,2
PARIS-MONTSOURIS;20110315;8,9;20,8
PARIS-MONTSOURIS;20110316;9,9;17,3
PARIS-MONTSOURIS;20110317;7,1;8,8
PARIS-MONTSOURIS;20110318;6,3;12,8
PARIS-MONTSOURIS;20110319;5,9;9,5
PARIS-MONTSOURIS;20110320;3,3;13,7
PARIS-MONTSOURIS;20110321;4,4;15,3
PARIS-MONTSOURIS;20110322;6,1;17,8
PARIS-MONTSOURIS;20110323;7,6;19,3
PARIS-MONTSOURIS;20110324;8,4;20,5
PARIS-MONTSOURIS;20110325;7,9;21,5
PARIS-MONTSOURIS;20110326;11,8;19,3
PARIS-MONTSOURIS;20110327;10;16,4
PARIS-MONTSOURIS;20110328;8,7;17,8
PARIS-MONTSOURIS;20110329;7,4;17,2
PARIS-MONTSOURIS;20110330;9,9;14,8
PARIS-MONTSOURIS;20110331;9,9;16,5
PARIS-MONTSOURIS;20110401;12,5;15,8
PARIS-MONTSOURIS;20110402;9,5;24,7
PARIS-MONTSOURIS;20110403;9,6;12,7
PARIS-MONTSOURIS;20110404;8,7;15
PARIS-MONTSOURIS;20110405;6,7;19,3
PARIS-MONTSOURIS;20110406;9,2;24,6
PARIS-MONTSOURIS;20110407;13,3;24,2
PARIS-MONTSOURIS;20110408;11,8;21,5
PARIS-MONTSOURIS;20110409;9,9;23,6
PARIS-MONTSOURIS;20110410;11;26,8
PARIS-MONTSOURIS;20110411;13;21,7
PARIS-MONTSOURIS;20110412;8,9;14,2
PARIS-MONTSOURIS;20110413;5,5;14,3
PARIS-MONTSOURIS;20110414;8,9;15,6
PARIS-MONTSOURIS;20110415;10,4;16,9
PARIS-MONTSOURIS;20110416;7,9;18,6
PARIS-MONTSOURIS;20110417;7,9;19,2
PARIS-MONTSOURIS;20110418;9,8;23,4
PARIS-MONTSOURIS;20110419;11,7;25,3
PARIS-MONTSOURIS;20110420;13,4;25,7
PARIS-MONTSOURIS;20110421;11,7;24,7
PARIS-MONTSOURIS;20110422;13,7;25,8
PARIS-MONTSOURIS;20110423;15,2;27,4
PARIS-MONTSOURIS;20110424;13,6;25,5
PARIS-MONTSOURIS;20110425;14,4;25,8
PARIS-MONTSOURIS;20110426;12,1;23,1
PARIS-MONTSOURIS;20110427;11,2;19,9
PARIS-MONTSOURIS;20110428;9;11,9
PARIS-MONTSOURIS;20110429;11,1;17,7
PARIS-MONTSOURIS;20110430;10,4;23,2
PARIS-MONTSOURIS;20110501;12;24,1
PARIS-MONTSOURIS;20110502;14,1;18,3
PARIS-MONTSOURIS;20110503;6,9;18,3
PARIS-MONTSOURIS;20110504;7,2;20,6
PARIS-MONTSOURIS;20110505;8,8;22,2
PARIS-MONTSOURIS;20110506;10,2;26,8
PARIS-MONTSOURIS;20110507;15,1;27,8
PARIS-MONTSOURIS;20110508;16,7;25,6
PARIS-MONTSOURIS;20110509;14,8;26,3
PARIS-MONTSOURIS;20110510;16;24,6
PARIS-MONTSOURIS;20110511;13,5;23,3
PARIS-MONTSOURIS;20110512;11,5;19,5
PARIS-MONTSOURIS;20110513;9,6;22,3
PARIS-MONTSOURIS;20110514;10,8;19,2
PARIS-MONTSOURIS;20110515;10,4;17,3
PARIS-MONTSOURIS;20110516;9,5;19,1
PARIS-MONTSOURIS;20110517;11,2;22,4
PARIS-MONTSOURIS;20110518;12,4;25,9
PARIS-MONTSOURIS;20110519;13;24,5
PARIS-MONTSOURIS;20110520;14,3;21,7
PARIS-MONTSOURIS;20110521;10,7;25,8
PARIS-MONTSOURIS;20110522;15,8;22,1
PARIS-MONTSOURIS;20110523;11;27,2
PARIS-MONTSOURIS;20110524;12,9;19,4
PARIS-MONTSOURIS;20110525;9,8;25,5
PARIS-MONTSOURIS;20110526;13,4;18,9
PARIS-MONTSOURIS;20110527;11,8;17,1
PARIS-MONTSOURIS;20110528;9;22,3
PARIS-MONTSOURIS;20110529;11,6;27,2
PARIS-MONTSOURIS;20110530;13,6;29,6
PARIS-MONTSOURIS;20110531;11,8;18,2
PARIS-MONTSOURIS;20110601;9,8;22,2
PARIS-MONTSOURIS;20110602;11,9;26,3
PARIS-MONTSOURIS;20110603;15,3;28,2
PARIS-MONTSOURIS;20110604;18,9;30,6
PARIS-MONTSOURIS;20110605;18;27,6
PARIS-MONTSOURIS;20110606;15;17,8
PARIS-MONTSOURIS;20110607;14,2;17
PARIS-MONTSOURIS;20110608;12,8;19,9
PARIS-MONTSOURIS;20110609;12,5;19,2
PARIS-MONTSOURIS;20110610;12,5;18,8
PARIS-MONTSOURIS;20110611;9,5;17,6
PARIS-MONTSOURIS;20110612;10,4;21
PARIS-MONTSOURIS;20110613;12,9;24,3
PARIS-MONTSOURIS;20110614;16,3;23,4
PARIS-MONTSOURIS;20110615;17,1;23,8
PARIS-MONTSOURIS;20110616;17,1;21,3
PARIS-MONTSOURIS;20110617;12,5;20
PARIS-MONTSOURIS;20110618;11,4;19,1
PARIS-MONTSOURIS;20110619;11,8;18,4
PARIS-MONTSOURIS;20110620;13,1;22,1
PARIS-MONTSOURIS;20110621;15,2;22,7
PARIS-MONTSOURIS;20110622;13,1;21,8
PARIS-MONTSOURIS;20110623;12,9;20,4
PARIS-MONTSOURIS;20110624;11;20,5
PARIS-MONTSOURIS;20110625;15,6;26,8
PARIS-MONTSOURIS;20110626;17;31
PARIS-MONTSOURIS;20110627;19,7;36,8
PARIS-MONTSOURIS;20110628;21,9;33,9
PARIS-MONTSOURIS;20110629;15,8;22,8
PARIS-MONTSOURIS;20110630;12,3;22,6
PARIS-MONTSOURIS;20110701;12,2;23,3
PARIS-MONTSOURIS;20110702;12,8;22,3
PARIS-MONTSOURIS;20110703;11,8;24,5
PARIS-MONTSOURIS;20110704;14,2;27,6
PARIS-MONTSOURIS;20110705;16,1;31,5
PARIS-MONTSOURIS;20110706;15,7;24,2
PARIS-MONTSOURIS;20110707;12,4;24,2
PARIS-MONTSOURIS;20110708;14,2;24,2
PARIS-MONTSOURIS;20110709;15,6;21
PARIS-MONTSOURIS;20110710;15,8;23,9
PARIS-MONTSOURIS;20110711;14,6;28,2
PARIS-MONTSOURIS;20110712;16,8;24,5
PARIS-MONTSOURIS;20110713;14,3;20,1
PARIS-MONTSOURIS;20110714;11,8;22,5
PARIS-MONTSOURIS;20110715;13,6;27,3
PARIS-MONTSOURIS;20110716;16;20,6
PARIS-MONTSOURIS;20110717;12,8;19,8
PARIS-MONTSOURIS;20110718;13,6;20,5
PARIS-MONTSOURIS;20110719;12,9;16
PARIS-MONTSOURIS;20110720;13;18,1
PARIS-MONTSOURIS;20110721;14,2;21,3
PARIS-MONTSOURIS;20110722;15,5;22,1
PARIS-MONTSOURIS;20110723;12,8;20,1
PARIS-MONTSOURIS;20110724;12,3;21,9
PARIS-MONTSOURIS;20110725;15;24,9
PARIS-MONTSOURIS;20110726;16;22,2
PARIS-MONTSOURIS;20110727;14,4;19,1
PARIS-MONTSOURIS;20110728;15,5;22,4
PARIS-MONTSOURIS;20110729;14,6;23,6
PARIS-MONTSOURIS;20110730;13,4;23,6
PARIS-MONTSOURIS;20110731;12,9;25,3
PARIS-MONTSOURIS;20110801;14;27,4
PARIS-MONTSOURIS;20110802;15,8;29,1
PARIS-MONTSOURIS;20110803;17,9;27,8
PARIS-MONTSOURIS;20110804;17,8;24
PARIS-MONTSOURIS;20110805;17,1;25,5
PARIS-MONTSOURIS;20110806;17,5;21,6
PARIS-MONTSOURIS;20110807;12,8;21,9
PARIS-MONTSOURIS;20110808;13,2;21
PARIS-MONTSOURIS;20110809;13,9;19,7
PARIS-MONTSOURIS;20110810;11,3;24,1
PARIS-MONTSOURIS;20110811;13,3;25,8
PARIS-MONTSOURIS;20110812;17;24,2
PARIS-MONTSOURIS;20110813;16,4;23,9
PARIS-MONTSOURIS;20110814;16,6;22,6
PARIS-MONTSOURIS;20110815;14,2;24
PARIS-MONTSOURIS;20110816;16,7;27,4
PARIS-MONTSOURIS;20110817;16,3;27,7
PARIS-MONTSOURIS;20110818;17,7;25,7
PARIS-MONTSOURIS;20110819;18,3;25,9
PARIS-MONTSOURIS;20110820;16;30,8
PARIS-MONTSOURIS;20110821;22,1;33,2
PARIS-MONTSOURIS;20110822;18,2;27
PARIS-MONTSOURIS;20110823;18,2;27,3
PARIS-MONTSOURIS;20110824;16,3;23,8
PARIS-MONTSOURIS;20110825;17,5;25,8
PARIS-MONTSOURIS;20110826;15,2;17,9
PARIS-MONTSOURIS;20110827;12,2;20,7
PARIS-MONTSOURIS;20110828;13,3;19,6
PARIS-MONTSOURIS;20110829;11,5;20,8
PARIS-MONTSOURIS;20110830;11,3;21,4
PARIS-MONTSOURIS;20110831;11,4;23
PARIS-MONTSOURIS;20110901;15,2;27,2
PARIS-MONTSOURIS;20110902;17,2;29,4
PARIS-MONTSOURIS;20110903;17,2;31,7
PARIS-MONTSOURIS;20110904;17,9;23,3
PARIS-MONTSOURIS;20110905;13,9;20,9
PARIS-MONTSOURIS;20110906;12,7;21,7
PARIS-MONTSOURIS;20110907;13,9;19,3
PARIS-MONTSOURIS;20110908;13,7;19,9
PARIS-MONTSOURIS;20110909;18,6;25,6
PARIS-MONTSOURIS;20110910;17,3;31,4
PARIS-MONTSOURIS;20110911;15,4;19,8
PARIS-MONTSOURIS;20110912;14,8;23,4
PARIS-MONTSOURIS;20110913;16,3;21,1
PARIS-MONTSOURIS;20110914;10,6;20,2
PARIS-MONTSOURIS;20110915;11;21,9
PARIS-MONTSOURIS;20110916;12,3;25,8
PARIS-MONTSOURIS;20110917;13,7;18,7
PARIS-MONTSOURIS;20110918;9,5;17,3
PARIS-MONTSOURIS;20110919;12,3;19,3
PARIS-MONTSOURIS;20110920;13,7;19,4
PARIS-MONTSOURIS;20110921;15,3;20,2
PARIS-MONTSOURIS;20110922;13;20
PARIS-MONTSOURIS;20110923;10,9;20,9
PARIS-MONTSOURIS;20110924;11,3;23,3
PARIS-MONTSOURIS;20110925;13,7;25,8
PARIS-MONTSOURIS;20110926;15,1;26,1
PARIS-MONTSOURIS;20110927;16,6;25,5
PARIS-MONTSOURIS;20110928;15,5;28,4
PARIS-MONTSOURIS;20110929;14,9;28,4
PARIS-MONTSOURIS;20110930;14,7;29,2
PARIS-MONTSOURIS;20111001;15;28,9
PARIS-MONTSOURIS;20111002;15,5;27,7
PARIS-MONTSOURIS;20111003;13,5;28
PARIS-MONTSOURIS;20111004;15,7;21,5
PARIS-MONTSOURIS;20111005;15,2;20
PARIS-MONTSOURIS;20111006;14;19,4
PARIS-MONTSOURIS;20111007;10,1;15,1
PARIS-MONTSOURIS;20111008;10,3;14,9
PARIS-MONTSOURIS;20111009;11,8;17,3
PARIS-MONTSOURIS;20111010;15,1;18,3
PARIS-MONTSOURIS;20111011;15,7;17,7
PARIS-MONTSOURIS;20111012;14,4;17,1
PARIS-MONTSOURIS;20111013;14,8;19,7
PARIS-MONTSOURIS;20111014;10,3;16,7
PARIS-MONTSOURIS;20111015;5,6;16,6
PARIS-MONTSOURIS;20111016;6;17,5
PARIS-MONTSOURIS;20111017;10;17,5
PARIS-MONTSOURIS;20111018;9,8;16
PARIS-MONTSOURIS;20111019;7,8;13,3
PARIS-MONTSOURIS;20111020;6;12,2
PARIS-MONTSOURIS;20111021;3,2;12,5
PARIS-MONTSOURIS;20111022;1,8;11,6
PARIS-MONTSOURIS;20111023;5,4;18,3
PARIS-MONTSOURIS;20111024;7,5;17,7
PARIS-MONTSOURIS;20111025;11,1;16,9
PARIS-MONTSOURIS;20111026;8,2;15,5
PARIS-MONTSOURIS;20111027;8,7;17,3
PARIS-MONTSOURIS;20111028;12,3;17,3
PARIS-MONTSOURIS;20111029;13,7;17,4
PARIS-MONTSOURIS;20111030;11,2;15,8
PARIS-MONTSOURIS;20111031;9,4;17,9
PARIS-MONTSOURIS;20111101;9,8;13,4
PARIS-MONTSOURIS;20111102;9,1;17,1
PARIS-MONTSOURIS;20111103;14,5;17,5
PARIS-MONTSOURIS;20111104;11,5;17,8
PARIS-MONTSOURIS;20111105;13,3;17,4
PARIS-MONTSOURIS;20111106;13,5;15
PARIS-MONTSOURIS;20111107;10,2;11,4
PARIS-MONTSOURIS;20111108;9,2;11
PARIS-MONTSOURIS;20111109;10,5;16,8
PARIS-MONTSOURIS;20111110;8,7;13,8
PARIS-MONTSOURIS;20111111;7,7;9,6
PARIS-MONTSOURIS;20111112;7,8;16,5
PARIS-MONTSOURIS;20111113;8;15
PARIS-MONTSOURIS;20111114;5,4;14
PARIS-MONTSOURIS;20111115;3,5;7,5
PARIS-MONTSOURIS;20111116;2,2;7,6
PARIS-MONTSOURIS;20111117;4,3;13,6
PARIS-MONTSOURIS;20111118;7,3;13,6
PARIS-MONTSOURIS;20111119;5,3;13,4
PARIS-MONTSOURIS;20111120;5,6;13,6
PARIS-MONTSOURIS;20111121;6,6;13
PARIS-MONTSOURIS;20111122;7,5;15
PARIS-MONTSOURIS;20111123;9,1;14,2
PARIS-MONTSOURIS;20111124;8,7;10,2
PARIS-MONTSOURIS;20111125;4,9;10
PARIS-MONTSOURIS;20111126;5,1;9,1
PARIS-MONTSOURIS;20111127;6,1;14
PARIS-MONTSOURIS;20111128;5,3;9,4
PARIS-MONTSOURIS;20111129;5,2;11,5
PARIS-MONTSOURIS;20111130;6,6;12,3
PARIS-MONTSOURIS;20111201;5,7;13,6
PARIS-MONTSOURIS;20111202;7,8;10,5
PARIS-MONTSOURIS;20111203;6,4;12,4
PARIS-MONTSOURIS;20111204;11,5;13,2
PARIS-MONTSOURIS;20111205;4,9;9,7
PARIS-MONTSOURIS;20111206;5,5;10,1
PARIS-MONTSOURIS;20111207;6,9;12,1
PARIS-MONTSOURIS;20111208;5,5;11,8
PARIS-MONTSOURIS;20111209;7,7;9
PARIS-MONTSOURIS;20111210;4,2;8,8
PARIS-MONTSOURIS;20111211;1,1;10
PARIS-MONTSOURIS;20111212;6,2;10,3
PARIS-MONTSOURIS;20111213;6,6;12,4
PARIS-MONTSOURIS;20111214;6,8;9,3
PARIS-MONTSOURIS;20111215;5,2;13,4
PARIS-MONTSOURIS;20111216;4,4;12
PARIS-MONTSOURIS;20111217;3,4;7,9
PARIS-MONTSOURIS;20111218;2,8;5,7
PARIS-MONTSOURIS;20111219;-0,2;8,6
PARIS-MONTSOURIS;20111220;3,2;10
PARIS-MONTSOURIS;20111221;6,2;12
PARIS-MONTSOURIS;20111222;10,2;12,2
PARIS-MONTSOURIS;20111223;8,6;9,5
PARIS-MONTSOURIS;20111224;5,6;8,8
PARIS-MONTSOURIS;20111225;5,4;10,4
PARIS-MONTSOURIS;20111226;6,9;12,6
PARIS-MONTSOURIS;20111227;1,6;4,3
PARIS-MONTSOURIS;20111228;0,7;8,4
PARIS-MONTSOURIS;20111229;4,8;8,9
PARIS-MONTSOURIS;20111230;6,5;11,4
PARIS-MONTSOURIS;20111231;6,4;12,9
PARIS-MONTSOURIS;20120101;12,3;14,3
PARIS-MONTSOURIS;20120102;6;10,4
PARIS-MONTSOURIS;20120103;4,1;12,4
PARIS-MONTSOURIS;20120104;6,5;10,2
PARIS-MONTSOURIS;20120105;8,4;13,4
PARIS-MONTSOURIS;20120106;5,9;8,8
PARIS-MONTSOURIS;20120107;5,1;12
PARIS-MONTSOURIS;20120108;8;9
PARIS-MONTSOURIS;20120109;8;12,2
PARIS-MONTSOURIS;20120110;8,9;11,2
PARIS-MONTSOURIS;20120111;9,2;11,4
PARIS-MONTSOURIS;20120112;4,4;11,3
PARIS-MONTSOURIS;20120113;6,2;9,5
PARIS-MONTSOURIS;20120114;2,1;6,4
PARIS-MONTSOURIS;20120115;0,4;6,3
PARIS-MONTSOURIS;20120116;0,1;5,2
PARIS-MONTSOURIS;20120117;-1,8;5,2
PARIS-MONTSOURIS;20120118;-0,5;10,2
PARIS-MONTSOURIS;20120119;5,8;13,3
PARIS-MONTSOURIS;20120120;7,3;9,8
PARIS-MONTSOURIS;20120121;9,1;13,1
PARIS-MONTSOURIS;20120122;8,2;11,3
PARIS-MONTSOURIS;20120123;6;9,9
PARIS-MONTSOURIS;20120124;5,2;10,1
PARIS-MONTSOURIS;20120125;5,7;11,4
PARIS-MONTSOURIS;20120126;6,6;9,8
PARIS-MONTSOURIS;20120127;2,6;10,5
PARIS-MONTSOURIS;20120128;3,8;5,6
PARIS-MONTSOURIS;20120129;1;3,7
PARIS-MONTSOURIS;20120130;0;1,2
PARIS-MONTSOURIS;20120131;-1,3;1,6
PARIS-MONTSOURIS;20120201;-4,1;-0,9
PARIS-MONTSOURIS;20120202;-7;-1,3
PARIS-MONTSOURIS;20120203;-8,5;-0,9
PARIS-MONTSOURIS;20120204;-6,3;-1,4
PARIS-MONTSOURIS;20120205;-6,4;-2,7
PARIS-MONTSOURIS;20120206;-4,8;0,1
PARIS-MONTSOURIS;20120207;-6,8;-1,5
PARIS-MONTSOURIS;20120208;-6,9;-1,8
PARIS-MONTSOURIS;20120209;-5,6;1,6
PARIS-MONTSOURIS;20120210;-4,4;0,7
PARIS-MONTSOURIS;20120211;-6,5;0,2
PARIS-MONTSOURIS;20120212;-7,2;1,3
PARIS-MONTSOURIS;20120213;-0,6;5
PARIS-MONTSOURIS;20120214;3,5;7,1
PARIS-MONTSOURIS;20120215;4,7;9,3
PARIS-MONTSOURIS;20120216;6,5;8,3
PARIS-MONTSOURIS;20120217;5,2;9,1
PARIS-MONTSOURIS;20120218;7,7;11
PARIS-MONTSOURIS;20120219;3,3;8
PARIS-MONTSOURIS;20120220;0,3;7,5
PARIS-MONTSOURIS;20120221;-0,5;9,7
PARIS-MONTSOURIS;20120222;-0,9;9,9
PARIS-MONTSOURIS;20120223;6,1;12,6
PARIS-MONTSOURIS;20120224;8,9;14,1
PARIS-MONTSOURIS;20120225;9,3;10,9
PARIS-MONTSOURIS;20120226;6,5;11,8
PARIS-MONTSOURIS;20120227;3,7;13,1
PARIS-MONTSOURIS;20120228;8;12,3
PARIS-MONTSOURIS;20120229;7;15
PARIS-MONTSOURIS;20120301;8;11,7
PARIS-MONTSOURIS;20120302;8,6;11,4
PARIS-MONTSOURIS;20120303;6,4;10,8
PARIS-MONTSOURIS;20120304;7,4;11,5
PARIS-MONTSOURIS;20120305;3,8;9
PARIS-MONTSOURIS;20120306;4;7,6
PARIS-MONTSOURIS;20120307;2;7,9
PARIS-MONTSOURIS;20120308;4,4;10,6
PARIS-MONTSOURIS;20120309;3,8;13,3
PARIS-MONTSOURIS;20120310;8,9;12,5
PARIS-MONTSOURIS;20120311;9;13,1
PARIS-MONTSOURIS;20120312;6,7;17,3
PARIS-MONTSOURIS;20120313;7,9;15,8
PARIS-MONTSOURIS;20120314;5;16
PARIS-MONTSOURIS;20120315;5,7;22
PARIS-MONTSOURIS;20120316;8,2;23,5
PARIS-MONTSOURIS;20120317;9,7;12,2
PARIS-MONTSOURIS;20120318;7,5;10,7
PARIS-MONTSOURIS;20120319;5,3;11,6
PARIS-MONTSOURIS;20120320;4,1;14,1
PARIS-MONTSOURIS;20120321;5,4;17,9
PARIS-MONTSOURIS;20120322;9,3;21,4
PARIS-MONTSOURIS;20120323;9,4;22,2
PARIS-MONTSOURIS;20120324;10,1;22
PARIS-MONTSOURIS;20120325;10,2;22,5
PARIS-MONTSOURIS;20120326;9,7;21,9
PARIS-MONTSOURIS;20120327;9,1;21,6
PARIS-MONTSOURIS;20120328;10,4;21,4
PARIS-MONTSOURIS;20120329;9,9;21
PARIS-MONTSOURIS;20120330;9;19,6
PARIS-MONTSOURIS;20120331;6,7;12,6
PARIS-MONTSOURIS;20120401;3,4;13,8
PARIS-MONTSOURIS;20120402;4,6;17,7
PARIS-MONTSOURIS;20120403;7,3;19,2
PARIS-MONTSOURIS;20120404;6,8;13,6
PARIS-MONTSOURIS;20120405;7;12
PARIS-MONTSOURIS;20120406;6,2;14,7
PARIS-MONTSOURIS;20120407;6;14
PARIS-MONTSOURIS;20120408;3,3;11,4
PARIS-MONTSOURIS;20120409;9,1;12,9
PARIS-MONTSOURIS;20120410;8,3;12
PARIS-MONTSOURIS;20120411;3,3;13,2
PARIS-MONTSOURIS;20120412;5,7;14,5
PARIS-MONTSOURIS;20120413;5;15,4
PARIS-MONTSOURIS;20120414;8;15,4
PARIS-MONTSOURIS;20120415;5,1;10,8
PARIS-MONTSOURIS;20120416;3,3;11,4
PARIS-MONTSOURIS;20120417;2,7;9,6
PARIS-MONTSOURIS;20120418;5,3;11
PARIS-MONTSOURIS;20120419;4,9;14,6
PARIS-MONTSOURIS;20120420;5,8;15,1
PARIS-MONTSOURIS;20120421;6,2;13,3
PARIS-MONTSOURIS;20120422;5,2;12,6
PARIS-MONTSOURIS;20120423;5,2;12
PARIS-MONTSOURIS;20120424;6,8;12,9
PARIS-MONTSOURIS;20120425;6,9;13,6
PARIS-MONTSOURIS;20120426;9,5;17,2
PARIS-MONTSOURIS;20120427;9,7;14,4
PARIS-MONTSOURIS;20120428;10,7;19,8
PARIS-MONTSOURIS;20120429;12,2;18,7
PARIS-MONTSOURIS;20120430;8,7;20,5
PARIS-MONTSOURIS;20120501;10,2;19,7
PARIS-MONTSOURIS;20120502;11,1;14,1
PARIS-MONTSOURIS;20120503;10;20,4
PARIS-MONTSOURIS;20120504;11,2;20,7
PARIS-MONTSOURIS;20120505;10,1;17,5
PARIS-MONTSOURIS;20120506;9;14,3
PARIS-MONTSOURIS;20120507;7,7;18,3
PARIS-MONTSOURIS;20120508;11,7;19,1
PARIS-MONTSOURIS;20120509;14,6;22,3
PARIS-MONTSOURIS;20120510;15,3;28,7
PARIS-MONTSOURIS;20120511;14,8;18,8
PARIS-MONTSOURIS;20120512;10;17
PARIS-MONTSOURIS;20120513;6;16,9
PARIS-MONTSOURIS;20120514;7,7;20,7
PARIS-MONTSOURIS;20120515;6,6;13
PARIS-MONTSOURIS;20120516;6,9;16
PARIS-MONTSOURIS;20120517;6,7;16,8
PARIS-MONTSOURIS;20120518;10,1;19,2
PARIS-MONTSOURIS;20120519;9,5;19,7
PARIS-MONTSOURIS;20120520;11,8;22,7
PARIS-MONTSOURIS;20120521;11,7;13,5
PARIS-MONTSOURIS;20120522;12,4;19,9
PARIS-MONTSOURIS;20120523;12,9;25,7
PARIS-MONTSOURIS;20120524;15,2;28,8
PARIS-MONTSOURIS;20120525;19,2;27,7
PARIS-MONTSOURIS;20120526;15,7;27,2
PARIS-MONTSOURIS;20120527;16,1;27,5
PARIS-MONTSOURIS;20120528;14,5;26,6
PARIS-MONTSOURIS;20120529;14,3;26,5
PARIS-MONTSOURIS;20120530;15,7;25,2
PARIS-MONTSOURIS;20120531;14,8;21,6
PARIS-MONTSOURIS;20120601;15,1;22,2
PARIS-MONTSOURIS;20120602;15;27,1
PARIS-MONTSOURIS;20120603;15,2;19,9
PARIS-MONTSOURIS;20120604;12,8;16,1
PARIS-MONTSOURIS;20120605;9,1;18,9
PARIS-MONTSOURIS;20120606;13,8;19,8
PARIS-MONTSOURIS;20120607;14,7;22,5
PARIS-MONTSOURIS;20120608;13,2;20,8
PARIS-MONTSOURIS;20120609;10,3;19,1
PARIS-MONTSOURIS;20120610;12,2;18,4
PARIS-MONTSOURIS;20120611;13,2;19,9
PARIS-MONTSOURIS;20120612;11,6;16
PARIS-MONTSOURIS;20120613;11;19,1
PARIS-MONTSOURIS;20120614;10,5;22,1
PARIS-MONTSOURIS;20120615;14,6;22,1
PARIS-MONTSOURIS;20120616;14,9;20,2
PARIS-MONTSOURIS;20120617;11,8;22,6
PARIS-MONTSOURIS;20120618;13,4;19,9
PARIS-MONTSOURIS;20120619;13,5;21,7
PARIS-MONTSOURIS;20120620;13,1;25,4
PARIS-MONTSOURIS;20120621;16,9;26,5
PARIS-MONTSOURIS;20120622;12,7;21,9
PARIS-MONTSOURIS;20120623;12,6;21,9
PARIS-MONTSOURIS;20120624;13,2;17,6
PARIS-MONTSOURIS;20120625;12,5;20,6
PARIS-MONTSOURIS;20120626;15,5;22
PARIS-MONTSOURIS;20120627;16,3;27,9
PARIS-MONTSOURIS;20120628;18,4;32,6
PARIS-MONTSOURIS;20120629;16,4;23,4
PARIS-MONTSOURIS;20120630;13,9;25,5
PARIS-MONTSOURIS;20120701;14,6;21,6
PARIS-MONTSOURIS;20120702;13,9;24,6
PARIS-MONTSOURIS;20120703;14,7;24,4
PARIS-MONTSOURIS;20120704;18,7;28,7
PARIS-MONTSOURIS;20120705;17,4;23,9
PARIS-MONTSOURIS;20120706;14,8;22,2
PARIS-MONTSOURIS;20120707;12,8;22,8
PARIS-MONTSOURIS;20120708;14,8;20,7
PARIS-MONTSOURIS;20120709;15;23,9
PARIS-MONTSOURIS;20120710;15,5;20,6
PARIS-MONTSOURIS;20120711;13,1;19,3
PARIS-MONTSOURIS;20120712;13,1;19
PARIS-MONTSOURIS;20120713;13,5;19,2
PARIS-MONTSOURIS;20120714;12,8;21,7
PARIS-MONTSOURIS;20120715;12,7;19,4
PARIS-MONTSOURIS;20120716;11,1;22,5
PARIS-MONTSOURIS;20120717;16,3;26,1
PARIS-MONTSOURIS;20120718;17;27,1
PARIS-MONTSOURIS;20120719;15,6;20,5
PARIS-MONTSOURIS;20120720;15,5;21
PARIS-MONTSOURIS;20120721;12,6;22,6
PARIS-MONTSOURIS;20120722;13,4;24,7
PARIS-MONTSOURIS;20120723;15;27,4
PARIS-MONTSOURIS;20120724;16,6;30,4
PARIS-MONTSOURIS;20120725;18,9;32,1
PARIS-MONTSOURIS;20120726;19,8;32,9
PARIS-MONTSOURIS;20120727;22,4;30,3
PARIS-MONTSOURIS;20120728;18,8;24,8
PARIS-MONTSOURIS;20120729;12,8;22
PARIS-MONTSOURIS;20120730;12;20,8
PARIS-MONTSOURIS;20120731;13,5;26,1
PARIS-MONTSOURIS;20120801;15,5;30,6
PARIS-MONTSOURIS;20120802;16,8;25,6
PARIS-MONTSOURIS;20120803;14,4;25,4
PARIS-MONTSOURIS;20120804;14,9;26,5
PARIS-MONTSOURIS;20120805;15,6;22,5
PARIS-MONTSOURIS;20120806;13,9;23,6
PARIS-MONTSOURIS;20120807;13,7;22,4
PARIS-MONTSOURIS;20120808;13,4;27,4
PARIS-MONTSOURIS;20120809;16,5;27,1
PARIS-MONTSOURIS;20120810;15,7;27,2
PARIS-MONTSOURIS;20120811;15,1;28,8
PARIS-MONTSOURIS;20120812;16;27,1
PARIS-MONTSOURIS;20120813;17,1;25,3
PARIS-MONTSOURIS;20120814;16,6;26,7
PARIS-MONTSOURIS;20120815;19,1;30,3
PARIS-MONTSOURIS;20120816;14,1;27,5
PARIS-MONTSOURIS;20120817;17,1;33,1
PARIS-MONTSOURIS;20120818;19,5;38,4
PARIS-MONTSOURIS;20120819;20,5;38,1
PARIS-MONTSOURIS;20120820;20;29,7
PARIS-MONTSOURIS;20120821;20,1;30,3
PARIS-MONTSOURIS;20120822;15,8;24,8
PARIS-MONTSOURIS;20120823;14,8;26
PARIS-MONTSOURIS;20120824;17;24
PARIS-MONTSOURIS;20120825;15,9;25
PARIS-MONTSOURIS;20120826;15,4;23,9
PARIS-MONTSOURIS;20120827;15,8;28,4
PARIS-MONTSOURIS;20120828;18,8;27,8
PARIS-MONTSOURIS;20120829;17,3;27,3
PARIS-MONTSOURIS;20120830;15,1;23,5
PARIS-MONTSOURIS;20120831;11,7;19,5
PARIS-MONTSOURIS;20120901;10;22,3
PARIS-MONTSOURIS;20120902;13,8;23,9
PARIS-MONTSOURIS;20120903;15,4;22,9
PARIS-MONTSOURIS;20120904;15,2;25,8
PARIS-MONTSOURIS;20120905;16,4;23,8
PARIS-MONTSOURIS;20120906;11,5;23,4
PARIS-MONTSOURIS;20120907;11,6;26,6
PARIS-MONTSOURIS;20120908;13,3;29,5
PARIS-MONTSOURIS;20120909;14,4;31,7
PARIS-MONTSOURIS;20120910;17,9;26,5
PARIS-MONTSOURIS;20120911;15;18,6
PARIS-MONTSOURIS;20120912;12,6;17,7
PARIS-MONTSOURIS;20120913;12,5;19,5
PARIS-MONTSOURIS;20120914;9,1;17,7
PARIS-MONTSOURIS;20120915;13,4;22,5
PARIS-MONTSOURIS;20120916;10,8;24
PARIS-MONTSOURIS;20120917;13,5;22,5
PARIS-MONTSOURIS;20120918;14,1;19,1
PARIS-MONTSOURIS;20120919;10,4;17,7
PARIS-MONTSOURIS;20120920;7,5;18,2
PARIS-MONTSOURIS;20120921;8,6;17,1
PARIS-MONTSOURIS;20120922;10;18,8
PARIS-MONTSOURIS;20120923;11,9;23,1
PARIS-MONTSOURIS;20120924;15,3;18,9
PARIS-MONTSOURIS;20120925;12,6;16,5
PARIS-MONTSOURIS;20120926;12,7;17,5
PARIS-MONTSOURIS;20120927;11,7;16,6
PARIS-MONTSOURIS;20120928;9,1;18,9
PARIS-MONTSOURIS;20120929;9,9;17,7
PARIS-MONTSOURIS;20120930;7,6;18
PARIS-MONTSOURIS;20121001;7,2;19,8
PARIS-MONTSOURIS;20121002;13,5;19,9
PARIS-MONTSOURIS;20121003;13,7;17,9
PARIS-MONTSOURIS;20121004;12,6;17,9
PARIS-MONTSOURIS;20121005;12,9;22,1
PARIS-MONTSOURIS;20121006;12,7;18,3
PARIS-MONTSOURIS;20121007;11,1;16,4
PARIS-MONTSOURIS;20121008;10,4;17,2
PARIS-MONTSOURIS;20121009;13,9;16,4
PARIS-MONTSOURIS;20121010;11,8;14,5
PARIS-MONTSOURIS;20121011;13,4;18,1
PARIS-MONTSOURIS;20121012;12,7;16,3
PARIS-MONTSOURIS;20121013;8,8;12,3
PARIS-MONTSOURIS;20121014;6,6;9,2
PARIS-MONTSOURIS;20121015;5,8;14,2
PARIS-MONTSOURIS;20121016;8,9;15,1
PARIS-MONTSOURIS;20121017;9,3;15,8
PARIS-MONTSOURIS;20121018;12,9;20,3
PARIS-MONTSOURIS;20121019;14,1;18,3
PARIS-MONTSOURIS;20121020;13,9;15,2
PARIS-MONTSOURIS;20121021;13,8;22,5
PARIS-MONTSOURIS;20121022;14,1;24,3
PARIS-MONTSOURIS;20121023;14,5;19,2
PARIS-MONTSOURIS;20121024;9;12,6
PARIS-MONTSOURIS;20121025;8,1;17
PARIS-MONTSOURIS;20121026;8;11,8
PARIS-MONTSOURIS;20121027;2,7;9
PARIS-MONTSOURIS;20121028;2,3;10
PARIS-MONTSOURIS;20121029;6;11,1
PARIS-MONTSOURIS;20121030;5,9;11,7
PARIS-MONTSOURIS;20121031;2,2;12,4
PARIS-MONTSOURIS;20121101;7,6;11,8
PARIS-MONTSOURIS;20121102;5,1;10,3
PARIS-MONTSOURIS;20121103;7,2;12,6
PARIS-MONTSOURIS;20121104;6,1;12,5
PARIS-MONTSOURIS;20121105;6,5;11,9
PARIS-MONTSOURIS;20121106;4,4;10,8
PARIS-MONTSOURIS;20121107;7,5;11,8
PARIS-MONTSOURIS;20121108;6,7;11,1
PARIS-MONTSOURIS;20121109;3;11,5
PARIS-MONTSOURIS;20121110;8,4;14,1
PARIS-MONTSOURIS;20121111;6,5;10
PARIS-MONTSOURIS;20121112;3,5;7,6
PARIS-MONTSOURIS;20121113;6,3;8,6
PARIS-MONTSOURIS;20121114;3,4;5
PARIS-MONTSOURIS;20121115;4,3;6,6
PARIS-MONTSOURIS;20121116;2,6;7,1
PARIS-MONTSOURIS;20121117;4,2;10,4
PARIS-MONTSOURIS;20121118;8,7;9,7
PARIS-MONTSOURIS;20121119;8;12,8
PARIS-MONTSOURIS;20121120;8;11,9
PARIS-MONTSOURIS;20121121;6,4;12,5
PARIS-MONTSOURIS;20121122;4,8;9,2
PARIS-MONTSOURIS;20121123;6,4;10,5
PARIS-MONTSOURIS;20121124;7,4;14,6
PARIS-MONTSOURIS;20121125;9;12,3
PARIS-MONTSOURIS;20121126;5,9;12,5
PARIS-MONTSOURIS;20121127;6,8;8,4
PARIS-MONTSOURIS;20121128;6,1;8,6
PARIS-MONTSOURIS;20121129;5,4;7,1
PARIS-MONTSOURIS;20121130;2,4;5,2
PARIS-MONTSOURIS;20121201;0,6;6,1
PARIS-MONTSOURIS;20121202;1,5;5,7
PARIS-MONTSOURIS;20121203;1;11,9
PARIS-MONTSOURIS;20121204;4,3;7,9
PARIS-MONTSOURIS;20121205;2,4;5
PARIS-MONTSOURIS;20121206;1,2;4,3
PARIS-MONTSOURIS;20121207;0,5;6,2
PARIS-MONTSOURIS;20121208;0,5;4,3
PARIS-MONTSOURIS;20121209;-0,9;7,4
PARIS-MONTSOURIS;20121210;4,7;6,6
PARIS-MONTSOURIS;20121211;1,5;4,1
PARIS-MONTSOURIS;20121212;-3;2
PARIS-MONTSOURIS;20121213;-3;6,3
PARIS-MONTSOURIS;20121214;4,1;11,4
PARIS-MONTSOURIS;20121215;7,6;11,4
PARIS-MONTSOURIS;20121216;7,3;11,3
PARIS-MONTSOURIS;20121217;6,3;10,9
PARIS-MONTSOURIS;20121218;5,5;8,9
PARIS-MONTSOURIS;20121219;4,9;8,2
PARIS-MONTSOURIS;20121220;5,5;9,7
PARIS-MONTSOURIS;20121221;6,8;9,3
PARIS-MONTSOURIS;20121222;6,2;14,2
PARIS-MONTSOURIS;20121223;13,3;14,3
PARIS-MONTSOURIS;20121224;8,4;13,1
PARIS-MONTSOURIS;20121225;9,2;12,4
PARIS-MONTSOURIS;20121226;7,9;10,9
PARIS-MONTSOURIS;20121227;8,9;11,2
PARIS-MONTSOURIS;20121228;7,7;11,7
PARIS-MONTSOURIS;20121229;8,1;13,3
PARIS-MONTSOURIS;20121230;6,7;10,1
PARIS-MONTSOURIS;20121231;7,2;11,3
PARIS-MONTSOURIS;20130101;6,1;9,6
PARIS-MONTSOURIS;20130102;4,1;8,9
PARIS-MONTSOURIS;20130103;7,2;11,1
PARIS-MONTSOURIS;20130104;9,5;10,2
PARIS-MONTSOURIS;20130105;8,4;9,7
PARIS-MONTSOURIS;20130106;7,6;8,3
PARIS-MONTSOURIS;20130107;6,3;8,4
PARIS-MONTSOURIS;20130108;4,1;5,3
PARIS-MONTSOURIS;20130109;3,5;6,1
PARIS-MONTSOURIS;20130110;5,2;9
PARIS-MONTSOURIS;20130111;4,4;6,7
PARIS-MONTSOURIS;20130112;2,4;5,7
PARIS-MONTSOURIS;20130113;2,1;4,8
PARIS-MONTSOURIS;20130114;-2,2;2,3
PARIS-MONTSOURIS;20130115;0,5;3,1
PARIS-MONTSOURIS;20130116;-2,4;1
PARIS-MONTSOURIS;20130117;-4,2;0,2
PARIS-MONTSOURIS;20130118;-5,2;-1
PARIS-MONTSOURIS;20130119;-2;-0,3
PARIS-MONTSOURIS;20130120;-3,2;0,8
PARIS-MONTSOURIS;20130121;-0,9;1,7
PARIS-MONTSOURIS;20130122;0,2;2,9
PARIS-MONTSOURIS;20130123;2,3;4,4
PARIS-MONTSOURIS;20130124;-1,5;2,8
PARIS-MONTSOURIS;20130125;-3,5;-1,6
PARIS-MONTSOURIS;20130126;-2,4;5,2
PARIS-MONTSOURIS;20130127;1,8;8,8
PARIS-MONTSOURIS;20130128;3,1;10,5
PARIS-MONTSOURIS;20130129;8,7;13,1
PARIS-MONTSOURIS;20130130;10,8;13,6
PARIS-MONTSOURIS;20130131;4,6;11
PARIS-MONTSOURIS;20130201;7,7;10,3
PARIS-MONTSOURIS;20130202;2,6;6,6
PARIS-MONTSOURIS;20130203;2,2;8,9
PARIS-MONTSOURIS;20130204;4,4;12
PARIS-MONTSOURIS;20130205;2,9;6,9
PARIS-MONTSOURIS;20130206;2,1;7,6
PARIS-MONTSOURIS;20130207;2,3;6,2
PARIS-MONTSOURIS;20130208;1,6;5,6
PARIS-MONTSOURIS;20130209;0,8;4,6
PARIS-MONTSOURIS;20130210;-0,4;5,3
PARIS-MONTSOURIS;20130211;0,9;8,2
PARIS-MONTSOURIS;20130212;2;3
PARIS-MONTSOURIS;20130213;-0,4;2,6
PARIS-MONTSOURIS;20130214;-1,1;6,5
PARIS-MONTSOURIS;20130215;4,9;10,1
PARIS-MONTSOURIS;20130216;2,4;10,3
PARIS-MONTSOURIS;20130217;0,7;6,6
PARIS-MONTSOURIS;20130218;0,5;8,1
PARIS-MONTSOURIS;20130219;0,6;9,4
PARIS-MONTSOURIS;20130220;2,1;8,5
PARIS-MONTSOURIS;20130221;-1,2;3,3
PARIS-MONTSOURIS;20130222;-2,2;1,6
PARIS-MONTSOURIS;20130223;-3,7;-0,7
PARIS-MONTSOURIS;20130224;-1,7;1,5
PARIS-MONTSOURIS;20130225;0,3;2
PARIS-MONTSOURIS;20130226;1;5,5
PARIS-MONTSOURIS;20130227;2,6;4,3
PARIS-MONTSOURIS;20130228;1,9;3
PARIS-MONTSOURIS;20130301;2,3;4,1
PARIS-MONTSOURIS;20130302;1,6;3,9
PARIS-MONTSOURIS;20130303;0,2;7,9
PARIS-MONTSOURIS;20130304;0,8;13,6
PARIS-MONTSOURIS;20130305;5,4;16,4
PARIS-MONTSOURIS;20130306;9,8;15,7
PARIS-MONTSOURIS;20130307;10,1;13,9
PARIS-MONTSOURIS;20130308;10,1;12,9
PARIS-MONTSOURIS;20130309;8,7;15,7
PARIS-MONTSOURIS;20130310;5,4;8,3
PARIS-MONTSOURIS;20130311;1;2,3
PARIS-MONTSOURIS;20130312;-2,6;-1,4
PARIS-MONTSOURIS;20130313;-5,5;3,6
PARIS-MONTSOURIS;20130314;0,4;5,2
PARIS-MONTSOURIS;20130315;-1,5;7,4
PARIS-MONTSOURIS;20130316;2,4;9,3
PARIS-MONTSOURIS;20130317;5,1;9,1
PARIS-MONTSOURIS;20130318;1,8;7,2
PARIS-MONTSOURIS;20130319;4,1;10,3
PARIS-MONTSOURIS;20130320;4,7;9
PARIS-MONTSOURIS;20130321;3,1;10,1
PARIS-MONTSOURIS;20130322;5,3;14,6
PARIS-MONTSOURIS;20130323;7,1;13,3
PARIS-MONTSOURIS;20130324;4,3;7,5
PARIS-MONTSOURIS;20130325;3,2;8,7
PARIS-MONTSOURIS;20130326;1,9;6,7
PARIS-MONTSOURIS;20130327;1,7;6,6
PARIS-MONTSOURIS;20130328;2,9;7,7
PARIS-MONTSOURIS;20130329;-0,5;7,3
PARIS-MONTSOURIS;20130330;0,7;6
PARIS-MONTSOURIS;20130331;-0,7;6,6
PARIS-MONTSOURIS;20130401;0,5;9,7
PARIS-MONTSOURIS;20130402;1,2;10,9
PARIS-MONTSOURIS;20130403;1,9;9,7
PARIS-MONTSOURIS;20130404;1,4;8,2
PARIS-MONTSOURIS;20130405;4;9
PARIS-MONTSOURIS;20130406;3,2;8,1
PARIS-MONTSOURIS;20130407;1,3;12,9
PARIS-MONTSOURIS;20130408;5,4;11,2
PARIS-MONTSOURIS;20130409;5,5;12,3
PARIS-MONTSOURIS;20130410;8,2;14,1
PARIS-MONTSOURIS;20130411;10,1;14,1
PARIS-MONTSOURIS;20130412;9,2;16,4
PARIS-MONTSOURIS;20130413;6,6;15
PARIS-MONTSOURIS;20130414;12,3;25,8
PARIS-MONTSOURIS;20130415;14,5;21,1
PARIS-MONTSOURIS;20130416;12,5;19,4
PARIS-MONTSOURIS;20130417;13,4;24,9
PARIS-MONTSOURIS;20130418;12,7;18
PARIS-MONTSOURIS;20130419;6,7;12,8
PARIS-MONTSOURIS;20130420;5,1;14,5
PARIS-MONTSOURIS;20130421;5,4;16,4
PARIS-MONTSOURIS;20130422;5,6;15,4
PARIS-MONTSOURIS;20130423;7,8;18,8
PARIS-MONTSOURIS;20130424;9,9;24,4
PARIS-MONTSOURIS;20130425;12,5;26,7
PARIS-MONTSOURIS;20130426;7,9;17,3
PARIS-MONTSOURIS;20130427;6,4;12,4
PARIS-MONTSOURIS;20130428;5,3;12,6
PARIS-MONTSOURIS;20130429;3,4;15,3
PARIS-MONTSOURIS;20130430;7,6;13,8
PARIS-MONTSOURIS;20130501;8,2;14,5
PARIS-MONTSOURIS;20130502;10;18,9
PARIS-MONTSOURIS;20130503;9,1;17,6
PARIS-MONTSOURIS;20130504;8;17,6
PARIS-MONTSOURIS;20130505;11,5;20,6
PARIS-MONTSOURIS;20130506;9,5;19,9
PARIS-MONTSOURIS;20130507;10,9;22,3
PARIS-MONTSOURIS;20130508;12,2;21,9
PARIS-MONTSOURIS;20130509;11,5;17,5
PARIS-MONTSOURIS;20130510;9,5;14,5
PARIS-MONTSOURIS;20130511;9,9;18,1
PARIS-MONTSOURIS;20130512;8,1;16,8
PARIS-MONTSOURIS;20130513;11,7;16,9
PARIS-MONTSOURIS;20130514;10,2;15,7
PARIS-MONTSOURIS;20130515;8,5;17,9
PARIS-MONTSOURIS;20130516;9,4;15,1
PARIS-MONTSOURIS;20130517;8,2;18
PARIS-MONTSOURIS;20130518;7,9;16,2
PARIS-MONTSOURIS;20130519;10,6;15,9
PARIS-MONTSOURIS;20130520;10,3;12,2
PARIS-MONTSOURIS;20130521;10,5;12,2
PARIS-MONTSOURIS;20130522;9;16,9
PARIS-MONTSOURIS;20130523;6,6;13
PARIS-MONTSOURIS;20130524;3,7;9,6
PARIS-MONTSOURIS;20130525;5,7;15,6
PARIS-MONTSOURIS;20130526;6,7;16,7
PARIS-MONTSOURIS;20130527;6,9;19,8
PARIS-MONTSOURIS;20130528;11;15,7
PARIS-MONTSOURIS;20130529;6,7;16,5
PARIS-MONTSOURIS;20130530;9,6;15,6
PARIS-MONTSOURIS;20130531;10,9;17,1
PARIS-MONTSOURIS;20130601;11,6;21
PARIS-MONTSOURIS;20130602;9,8;19,3
PARIS-MONTSOURIS;20130603;8,5;18,4
PARIS-MONTSOURIS;20130604;8,4;20
PARIS-MONTSOURIS;20130605;10,8;25,6
PARIS-MONTSOURIS;20130606;13,7;28,3
PARIS-MONTSOURIS;20130607;16,7;28,8
PARIS-MONTSOURIS;20130608;15,4;27
PARIS-MONTSOURIS;20130609;12,3;14,9
PARIS-MONTSOURIS;20130610;11,6;20,5
PARIS-MONTSOURIS;20130611;13,7;21,5
PARIS-MONTSOURIS;20130612;16,4;21,9
PARIS-MONTSOURIS;20130613;13,3;18,2
PARIS-MONTSOURIS;20130614;10,8;21,3
PARIS-MONTSOURIS;20130615;12,9;19,6
PARIS-MONTSOURIS;20130616;12,2;24,4
PARIS-MONTSOURIS;20130617;15,4;27,3
PARIS-MONTSOURIS;20130618;17,6;29,2
PARIS-MONTSOURIS;20130619;17,5;28,7
PARIS-MONTSOURIS;20130620;17,4;24
PARIS-MONTSOURIS;20130621;14,9;20,6
PARIS-MONTSOURIS;20130622;14,8;18,1
PARIS-MONTSOURIS;20130623;13,5;18,2
PARIS-MONTSOURIS;20130624;12,6;17,4
PARIS-MONTSOURIS;20130625;9,9;19
PARIS-MONTSOURIS;20130626;10,9;20,5
PARIS-MONTSOURIS;20130627;12,7;20,3
PARIS-MONTSOURIS;20130628;12,3;17,8
PARIS-MONTSOURIS;20130629;14,4;21,3
PARIS-MONTSOURIS;20130630;12,1;25,3
PARIS-MONTSOURIS;20130701;15;24,1
PARIS-MONTSOURIS;20130702;15,1;25,8
PARIS-MONTSOURIS;20130703;15,7;20,8
PARIS-MONTSOURIS;20130704;13,6;21,4
PARIS-MONTSOURIS;20130705;15,6;25,9
PARIS-MONTSOURIS;20130706;15,4;28,1
PARIS-MONTSOURIS;20130707;18,5;29,7
PARIS-MONTSOURIS;20130708;17,8;29,6
PARIS-MONTSOURIS;20130709;18,5;29,4
PARIS-MONTSOURIS;20130710;16,5;27,4
PARIS-MONTSOURIS;20130711;12,7;23
PARIS-MONTSOURIS;20130712;12,5;25,1
PARIS-MONTSOURIS;20130713;13,5;24,3
PARIS-MONTSOURIS;20130714;15,8;29,2
PARIS-MONTSOURIS;20130715;18,7;30,2
PARIS-MONTSOURIS;20130716;19,6;29,7
PARIS-MONTSOURIS;20130717;19,5;30,4
PARIS-MONTSOURIS;20130718;19,2;30
PARIS-MONTSOURIS;20130719;19,7;31,7
PARIS-MONTSOURIS;20130720;19,4;31,4
PARIS-MONTSOURIS;20130721;19,2;34,4
PARIS-MONTSOURIS;20130722;23,3;35
PARIS-MONTSOURIS;20130723;20,5;32,6
PARIS-MONTSOURIS;20130724;19,1;28,9
PARIS-MONTSOURIS;20130725;20;30,6
PARIS-MONTSOURIS;20130726;19,8;30,2
PARIS-MONTSOURIS;20130727;18,9;31,3
PARIS-MONTSOURIS;20130728;17,6;27,5
PARIS-MONTSOURIS;20130729;16,5;26,4
PARIS-MONTSOURIS;20130730;16,3;24,6
PARIS-MONTSOURIS;20130731;18,1;28,6
PARIS-MONTSOURIS;20130801;18,8;35,5
PARIS-MONTSOURIS;20130802;21,4;33,6
PARIS-MONTSOURIS;20130803;18,1;26,1
PARIS-MONTSOURIS;20130804;17;28,1
PARIS-MONTSOURIS;20130805;16,4;31
PARIS-MONTSOURIS;20130806;16,7;26,1
PARIS-MONTSOURIS;20130807;16,6;21,6
PARIS-MONTSOURIS;20130808;14,6;25,1
PARIS-MONTSOURIS;20130809;16;25,2
PARIS-MONTSOURIS;20130810;14;23,4
PARIS-MONTSOURIS;20130811;13,6;24
PARIS-MONTSOURIS;20130812;16,5;22
PARIS-MONTSOURIS;20130813;13,2;21,9
PARIS-MONTSOURIS;20130814;12,6;24,7
PARIS-MONTSOURIS;20130815;14,8;28
PARIS-MONTSOURIS;20130816;16;30
PARIS-MONTSOURIS;20130817;16,5;27,8
PARIS-MONTSOURIS;20130818;19,9;25,1
PARIS-MONTSOURIS;20130819;16,6;23,2
PARIS-MONTSOURIS;20130820;13,2;25,8
PARIS-MONTSOURIS;20130821;14,6;27,4
PARIS-MONTSOURIS;20130822;17,4;28,3
PARIS-MONTSOURIS;20130823;16,2;30,8
PARIS-MONTSOURIS;20130824;17,5;21,9
PARIS-MONTSOURIS;20130825;12,2;14,8
PARIS-MONTSOURIS;20130826;11,8;24,2
PARIS-MONTSOURIS;20130827;15,9;22,4
PARIS-MONTSOURIS;20130828;15,3;24,5
PARIS-MONTSOURIS;20130829;14,8;24,3
PARIS-MONTSOURIS;20130830;13,7;24,6
PARIS-MONTSOURIS;20130831;17,1;24
PARIS-MONTSOURIS;20130901;12,3;21,3
PARIS-MONTSOURIS;20130902;12,2;24
PARIS-MONTSOURIS;20130903;13,7;27,6
PARIS-MONTSOURIS;20130904;16,2;31,7
PARIS-MONTSOURIS;20130905;17,2;32,9
PARIS-MONTSOURIS;20130906;16,8;22,8
PARIS-MONTSOURIS;20130907;12,6;21,4
PARIS-MONTSOURIS;20130908;13,7;22,5
PARIS-MONTSOURIS;20130909;11,7;17,1
PARIS-MONTSOURIS;20130910;12,4;17,8
PARIS-MONTSOURIS;20130911;12,8;16,1
PARIS-MONTSOURIS;20130912;12,5;17,1
PARIS-MONTSOURIS;20130913;12,1;19,7
PARIS-MONTSOURIS;20130914;13,7;16
PARIS-MONTSOURIS;20130915;11,5;18,4
PARIS-MONTSOURIS;20130916;11;15,9
PARIS-MONTSOURIS;20130917;9,2;17,4
PARIS-MONTSOURIS;20130918;14,5;18,4
PARIS-MONTSOURIS;20130919;10,5;17,3
PARIS-MONTSOURIS;20130920;14,8;20,5
PARIS-MONTSOURIS;20130921;11,3;21,9
PARIS-MONTSOURIS;20130922;15,4;20,4
PARIS-MONTSOURIS;20130923;15,2;24,2
PARIS-MONTSOURIS;20130924;12,4;24,9
PARIS-MONTSOURIS;20130925;12,8;25,3
PARIS-MONTSOURIS;20130926;17;22,8
PARIS-MONTSOURIS;20130927;14,8;24,2
PARIS-MONTSOURIS;20130928;16,4;22,5
PARIS-MONTSOURIS;20130929;15,8;22,5
PARIS-MONTSOURIS;20130930;15;19,1
PARIS-MONTSOURIS;20131001;15,5;19,9
PARIS-MONTSOURIS;20131002;14;23,2
PARIS-MONTSOURIS;20131003;15;23,8
PARIS-MONTSOURIS;20131004;16,7;21,2
PARIS-MONTSOURIS;20131005;15,8;18,9
PARIS-MONTSOURIS;20131006;14,2;19,8
PARIS-MONTSOURIS;20131007;13;20,2
PARIS-MONTSOURIS;20131008;13,8;19,2
PARIS-MONTSOURIS;20131009;13,5;17
PARIS-MONTSOURIS;20131010;8,3;11,6
PARIS-MONTSOURIS;20131011;8,5;11
PARIS-MONTSOURIS;20131012;7,7;12,6
PARIS-MONTSOURIS;20131013;5,4;13,5
PARIS-MONTSOURIS;20131014;8,7;15,5
PARIS-MONTSOURIS;20131015;10,3;15,6
PARIS-MONTSOURIS;20131016;8,2;15,3
PARIS-MONTSOURIS;20131017;10,1;18,7
PARIS-MONTSOURIS;20131018;10,1;16,4
PARIS-MONTSOURIS;20131019;10;19,8
PARIS-MONTSOURIS;20131020;13,9;18,7
PARIS-MONTSOURIS;20131021;12,9;20
PARIS-MONTSOURIS;20131022;14,2;23,3
PARIS-MONTSOURIS;20131023;16,1;20,5
PARIS-MONTSOURIS;20131024;11,6;17,3
PARIS-MONTSOURIS;20131025;13,9;19,5
PARIS-MONTSOURIS;20131026;15,6;20,9
PARIS-MONTSOURIS;20131027;13,7;17
PARIS-MONTSOURIS;20131028;13;17,2
PARIS-MONTSOURIS;20131029;8,2;15,5
PARIS-MONTSOURIS;20131030;5,3;15,1
PARIS-MONTSOURIS;20131031;4,3;14,8
PARIS-MONTSOURIS;20131101;9,1;14,5
PARIS-MONTSOURIS;20131102;9,1;16,1
PARIS-MONTSOURIS;20131103;8,1;13,4
PARIS-MONTSOURIS;20131104;8,6;13,8
PARIS-MONTSOURIS;20131105;3,8;13,4
PARIS-MONTSOURIS;20131106;10,6;16,9
PARIS-MONTSOURIS;20131107;13,6;17,1
PARIS-MONTSOURIS;20131108;11,5;13,6
PARIS-MONTSOURIS;20131109;5,7;10,4
PARIS-MONTSOURIS;20131110;7;10,3
PARIS-MONTSOURIS;20131111;2,3;10,9
PARIS-MONTSOURIS;20131112;7,5;10,7
PARIS-MONTSOURIS;20131113;6,1;11,5
PARIS-MONTSOURIS;20131114;3,3;9,9
PARIS-MONTSOURIS;20131115;6,3;10,5
PARIS-MONTSOURIS;20131116;3;4,5
PARIS-MONTSOURIS;20131117;3;6,1
PARIS-MONTSOURIS;20131118;5,2;6,8
PARIS-MONTSOURIS;20131119;3,5;8,3
PARIS-MONTSOURIS;20131120;2,6;6,2
PARIS-MONTSOURIS;20131121;2,8;4,3
PARIS-MONTSOURIS;20131122;2,2;5,8
PARIS-MONTSOURIS;20131123;4,8;7,1
PARIS-MONTSOURIS;20131124;2,9;8,3
PARIS-MONTSOURIS;20131125;5,5;7,6
PARIS-MONTSOURIS;20131126;4,5;7,3
PARIS-MONTSOURIS;20131127;5,7;7,6
PARIS-MONTSOURIS;20131128;1,9;7,7
PARIS-MONTSOURIS;20131129;6,5;10,2
PARIS-MONTSOURIS;20131130;5,5;9,2
PARIS-MONTSOURIS;20131201;4,6;8,4
PARIS-MONTSOURIS;20131202;5,2;9,2
PARIS-MONTSOURIS;20131203;1,6;7,7
PARIS-MONTSOURIS;20131204;1,6;8,7
PARIS-MONTSOURIS;20131205;6,1;9
PARIS-MONTSOURIS;20131206;6,2;8,5
PARIS-MONTSOURIS;20131207;5,3;9,6
PARIS-MONTSOURIS;20131208;6,3;10,8
PARIS-MONTSOURIS;20131209;0,4;8,7
PARIS-MONTSOURIS;20131210;0,1;7,9
PARIS-MONTSOURIS;20131211;-0,3;6,1
PARIS-MONTSOURIS;20131212;-1,6;4,7
PARIS-MONTSOURIS;20131213;-1,4;7,6
PARIS-MONTSOURIS;20131214;4;11
PARIS-MONTSOURIS;20131215;5,1;10,6
PARIS-MONTSOURIS;20131216;3,3;11,3
PARIS-MONTSOURIS;20131217;3;10,5
PARIS-MONTSOURIS;20131218;7,6;10,8
PARIS-MONTSOURIS;20131219;6,3;10,5
PARIS-MONTSOURIS;20131220;3,6;10,2
PARIS-MONTSOURIS;20131221;4;8,1
PARIS-MONTSOURIS;20131222;4,8;10,5
PARIS-MONTSOURIS;20131223;6,3;12,1
PARIS-MONTSOURIS;20131224;9,2;11,4
PARIS-MONTSOURIS;20131225;6,7;9,2
PARIS-MONTSOURIS;20131226;4,8;9,3
PARIS-MONTSOURIS;20131227;4,6;13,4
PARIS-MONTSOURIS;20131228;6,3;9,7
PARIS-MONTSOURIS;20131229;4,8;8,9
PARIS-MONTSOURIS;20131230;2,1;7
PARIS-MONTSOURIS;20131231;5,8;9,3
PARIS-MONTSOURIS;20140101;6,7;11
PARIS-MONTSOURIS;20140102;8,1;11,7
PARIS-MONTSOURIS;20140103;9,1;13,7
PARIS-MONTSOURIS;20140104;7,7;12,6
PARIS-MONTSOURIS;20140105;4,7;11,7
PARIS-MONTSOURIS;20140106;8,2;13,4
PARIS-MONTSOURIS;20140107;9,7;13,3
PARIS-MONTSOURIS;20140108;8,3;14
PARIS-MONTSOURIS;20140109;9,7;11,9
PARIS-MONTSOURIS;20140110;4,6;7
PARIS-MONTSOURIS;20140111;5,7;9,4
PARIS-MONTSOURIS;20140112;2,2;8,7
PARIS-MONTSOURIS;20140113;5,8;10,6
PARIS-MONTSOURIS;20140114;5;8,2
PARIS-MONTSOURIS;20140115;3,1;8,9
PARIS-MONTSOURIS;20140116;8,1;9,8
PARIS-MONTSOURIS;20140117;6,1;12
PARIS-MONTSOURIS;20140118;3,9;11,1
PARIS-MONTSOURIS;20140119;6,3;9,7
PARIS-MONTSOURIS;20140120;6,2;7,8
PARIS-MONTSOURIS;20140121;1,9;4,1
PARIS-MONTSOURIS;20140122;1,4;6,1
PARIS-MONTSOURIS;20140123;4,4;9,6
PARIS-MONTSOURIS;20140124;4,9;7,8
PARIS-MONTSOURIS;20140125;3,3;10,3
PARIS-MONTSOURIS;20140126;4,6;10,3
PARIS-MONTSOURIS;20140127;3,4;8,2
PARIS-MONTSOURIS;20140128;2,8;7,2
PARIS-MONTSOURIS;20140129;3,7;5,6
PARIS-MONTSOURIS;20140130;4,5;7,1
PARIS-MONTSOURIS;20140131;1,5;8,8
PARIS-MONTSOURIS;20140201;6,1;9,2
PARIS-MONTSOURIS;20140202;2;10,1
PARIS-MONTSOURIS;20140203;1;9,1
PARIS-MONTSOURIS;20140204;4,3;9,7
PARIS-MONTSOURIS;20140205;5,5;9,8
PARIS-MONTSOURIS;20140206;5,7;13,4
PARIS-MONTSOURIS;20140207;8,4;11,1
PARIS-MONTSOURIS;20140208;5,1;10
PARIS-MONTSOURIS;20140209;4,4;9,4
PARIS-MONTSOURIS;20140210;5;9,5
PARIS-MONTSOURIS;20140211;3;8,2
PARIS-MONTSOURIS;20140212;2,1;9,5
PARIS-MONTSOURIS;20140213;5,8;8,9
PARIS-MONTSOURIS;20140214;3,6;13,7
PARIS-MONTSOURIS;20140215;8,6;11,7
PARIS-MONTSOURIS;20140216;5,2;10,9
PARIS-MONTSOURIS;20140217;4,2;11,6
PARIS-MONTSOURIS;20140218;4,7;9,4
PARIS-MONTSOURIS;20140219;6,7;11,8
PARIS-MONTSOURIS;20140220;8,2;11,4
PARIS-MONTSOURIS;20140221;6,4;10,7
PARIS-MONTSOURIS;20140222;4,7;9,7
PARIS-MONTSOURIS;20140223;4,8;13,3
PARIS-MONTSOURIS;20140224;5;14,4
PARIS-MONTSOURIS;20140225;8,7;12,9
PARIS-MONTSOURIS;20140226;4,9;11,6
PARIS-MONTSOURIS;20140227;3,9;10,4
PARIS-MONTSOURIS;20140228;4,5;10,4
PARIS-MONTSOURIS;20140301;4,6;9,6
PARIS-MONTSOURIS;20140302;0,8;10,9
PARIS-MONTSOURIS;20140303;4,6;9,3
PARIS-MONTSOURIS;20140304;4,7;12
PARIS-MONTSOURIS;20140305;4,7;13,4
PARIS-MONTSOURIS;20140306;4,6;14,6
PARIS-MONTSOURIS;20140307;3,8;16,4
PARIS-MONTSOURIS;20140308;5,9;18,5
PARIS-MONTSOURIS;20140309;6,6;21,6
PARIS-MONTSOURIS;20140310;8,8;20,7
PARIS-MONTSOURIS;20140311;8,3;16,6
PARIS-MONTSOURIS;20140312;7,4;18,1
PARIS-MONTSOURIS;20140313;8,1;19,3
PARIS-MONTSOURIS;20140314;7,9;19,7
PARIS-MONTSOURIS;20140315;7,2;15,3
PARIS-MONTSOURIS;20140316;7;18,3
PARIS-MONTSOURIS;20140317;7,4;11
PARIS-MONTSOURIS;20140318;7,6;14,2
PARIS-MONTSOURIS;20140319;8,3;16,3
PARIS-MONTSOURIS;20140320;6;20,6
PARIS-MONTSOURIS;20140321;8,2;14,6
PARIS-MONTSOURIS;20140322;7,7;13,5
PARIS-MONTSOURIS;20140323;3,6;11,8
PARIS-MONTSOURIS;20140324;2,9;11,6
PARIS-MONTSOURIS;20140325;5,4;7,8
PARIS-MONTSOURIS;20140326;4;12,9
PARIS-MONTSOURIS;20140327;3;13,1
PARIS-MONTSOURIS;20140328;4,5;16,4
PARIS-MONTSOURIS;20140329;7,5;20,9
PARIS-MONTSOURIS;20140330;9,9;19,2
PARIS-MONTSOURIS;20140331;10,7;18,3
PARIS-MONTSOURIS;20140401;9,6;22
PARIS-MONTSOURIS;20140402;10,5;20,7
PARIS-MONTSOURIS;20140403;11,9;18,6
PARIS-MONTSOURIS;20140404;12,1;13,8
PARIS-MONTSOURIS;20140405;8,1;20
PARIS-MONTSOURIS;20140406;13,2;18,4
PARIS-MONTSOURIS;20140407;12,2;23,5
PARIS-MONTSOURIS;20140408;7,8;14,9
PARIS-MONTSOURIS;20140409;6,7;17,1
PARIS-MONTSOURIS;20140410;7,7;20,5
PARIS-MONTSOURIS;20140411;9,1;19
PARIS-MONTSOURIS;20140412;7,9;17,9
PARIS-MONTSOURIS;20140413;8,2;15,4
PARIS-MONTSOURIS;20140414;7,9;17
PARIS-MONTSOURIS;20140415;5,6;15,5
PARIS-MONTSOURIS;20140416;5,9;17,2
PARIS-MONTSOURIS;20140417;6,4;21,5
PARIS-MONTSOURIS;20140418;11,1;15,7
PARIS-MONTSOURIS;20140419;5,2;15,5
PARIS-MONTSOURIS;20140420;9,5;19,2
PARIS-MONTSOURIS;20140421;10,9;16
PARIS-MONTSOURIS;20140422;11,2;20,8
PARIS-MONTSOURIS;20140423;9,4;20,6
PARIS-MONTSOURIS;20140424;12,2;20,5
PARIS-MONTSOURIS;20140425;12,9;15,3
PARIS-MONTSOURIS;20140426;8;13,4
PARIS-MONTSOURIS;20140427;6,7;16
PARIS-MONTSOURIS;20140428;8,2;16,7
PARIS-MONTSOURIS;20140429;7,1;14,9
PARIS-MONTSOURIS;20140430;9,8;18,4
PARIS-MONTSOURIS;20140501;9,4;16,8
PARIS-MONTSOURIS;20140502;10,2;15,9
PARIS-MONTSOURIS;20140503;6,4;16,8
PARIS-MONTSOURIS;20140504;6;18,5
PARIS-MONTSOURIS;20140505;8,6;23
PARIS-MONTSOURIS;20140506;12,9;21,3
PARIS-MONTSOURIS;20140507;11,7;17,7
PARIS-MONTSOURIS;20140508;11,4;15,1
PARIS-MONTSOURIS;20140509;13,4;19,9
PARIS-MONTSOURIS;20140510;11,6;18,1
PARIS-MONTSOURIS;20140511;8,9;15,3
PARIS-MONTSOURIS;20140512;8;15
PARIS-MONTSOURIS;20140513;7,9;15,5
PARIS-MONTSOURIS;20140514;7,9;19,1
PARIS-MONTSOURIS;20140515;8;17,5
PARIS-MONTSOURIS;20140516;8,1;20,5
PARIS-MONTSOURIS;20140517;10,4;22,8
PARIS-MONTSOURIS;20140518;12,1;25,2
PARIS-MONTSOURIS;20140519;12,9;26,1
PARIS-MONTSOURIS;20140520;13,9;21,3
PARIS-MONTSOURIS;20140521;12,2;20,9
PARIS-MONTSOURIS;20140522;9,8;22,3
PARIS-MONTSOURIS;20140523;9,9;18,8
PARIS-MONTSOURIS;20140524;9;17,4
PARIS-MONTSOURIS;20140525;8,6;21,9
PARIS-MONTSOURIS;20140526;13,3;16,9
PARIS-MONTSOURIS;20140527;12,7;16,7
PARIS-MONTSOURIS;20140528;12,3;16,4
PARIS-MONTSOURIS;20140529;11,4;19,2
PARIS-MONTSOURIS;20140530;13,9;21,6
PARIS-MONTSOURIS;20140531;12,2;21,4
PARIS-MONTSOURIS;20140601;11;19
PARIS-MONTSOURIS;20140602;12,7;20,1
PARIS-MONTSOURIS;20140603;14,4;20,7
PARIS-MONTSOURIS;20140604;12,9;16,9
PARIS-MONTSOURIS;20140605;9,2;20,5
PARIS-MONTSOURIS;20140606;11,7;28,7
PARIS-MONTSOURIS;20140607;19,1;28,1
PARIS-MONTSOURIS;20140608;16,4;28,7
PARIS-MONTSOURIS;20140609;17,1;27,2
PARIS-MONTSOURIS;20140610;16,7;21,3
PARIS-MONTSOURIS;20140611;17;25,5
PARIS-MONTSOURIS;20140612;15,5;25,5
PARIS-MONTSOURIS;20140613;14,8;25,8
PARIS-MONTSOURIS;20140614;15,6;23
PARIS-MONTSOURIS;20140615;12;21,3
PARIS-MONTSOURIS;20140616;11,7;21
PARIS-MONTSOURIS;20140617;12,7;19,9
PARIS-MONTSOURIS;20140618;13;23,5
PARIS-MONTSOURIS;20140619;13;23,3
PARIS-MONTSOURIS;20140620;13,9;21,7
PARIS-MONTSOURIS;20140621;12,6;25
PARIS-MONTSOURIS;20140622;15,1;26,9
PARIS-MONTSOURIS;20140623;15,7;25,2
PARIS-MONTSOURIS;20140624;15,2;27,1
PARIS-MONTSOURIS;20140625;14,8;23,1
PARIS-MONTSOURIS;20140626;13;25,3
PARIS-MONTSOURIS;20140627;16,2;24,8
PARIS-MONTSOURIS;20140628;14,8;19,3
PARIS-MONTSOURIS;20140629;13,2;19,4
PARIS-MONTSOURIS;20140630;12,4;23,2
PARIS-MONTSOURIS;20140701;15,2;24
PARIS-MONTSOURIS;20140702;13,4;26,5
PARIS-MONTSOURIS;20140703;15,7;29,7
PARIS-MONTSOURIS;20140704;19,9;26
PARIS-MONTSOURIS;20140705;17,1;24,4
PARIS-MONTSOURIS;20140706;14,7;20
PARIS-MONTSOURIS;20140707;12,8;21,8
PARIS-MONTSOURIS;20140708;14,5;20,2
PARIS-MONTSOURIS;20140709;13,1;17,4
PARIS-MONTSOURIS;20140710;13,6;16
PARIS-MONTSOURIS;20140711;14,7;20,6
PARIS-MONTSOURIS;20140712;15,3;23,5
PARIS-MONTSOURIS;20140713;17,1;20,6
PARIS-MONTSOURIS;20140714;13,7;24,3
PARIS-MONTSOURIS;20140715;13,4;25,4
PARIS-MONTSOURIS;20140716;18,2;30,2
PARIS-MONTSOURIS;20140717;18,3;32,4
PARIS-MONTSOURIS;20140718;21;35,8
PARIS-MONTSOURIS;20140719;22,6;31,1
PARIS-MONTSOURIS;20140720;17,6;23,9
PARIS-MONTSOURIS;20140721;17;25,5
PARIS-MONTSOURIS;20140722;17,8;23,7
PARIS-MONTSOURIS;20140723;17,5;31,3
PARIS-MONTSOURIS;20140724;19;31,4
PARIS-MONTSOURIS;20140725;18,7;28,5
PARIS-MONTSOURIS;20140726;18,2;25,6
PARIS-MONTSOURIS;20140727;18;29,1
PARIS-MONTSOURIS;20140728;17,3;24,8
PARIS-MONTSOURIS;20140729;15,8;21,9
PARIS-MONTSOURIS;20140730;16,6;26,2
PARIS-MONTSOURIS;20140731;14,8;27,1
PARIS-MONTSOURIS;20140801;16,7;29,1
PARIS-MONTSOURIS;20140802;17,6;26,7
PARIS-MONTSOURIS;20140803;14,5;24,9
PARIS-MONTSOURIS;20140804;16;24,7
PARIS-MONTSOURIS;20140805;16,2;27
PARIS-MONTSOURIS;20140806;17,3;22,8
PARIS-MONTSOURIS;20140807;17;25,7
PARIS-MONTSOURIS;20140808;18,1;22,9
PARIS-MONTSOURIS;20140809;14,9;23,4
PARIS-MONTSOURIS;20140810;17,4;26,1
PARIS-MONTSOURIS;20140811;14,2;22,5
PARIS-MONTSOURIS;20140812;12,9;21,2
PARIS-MONTSOURIS;20140813;14,5;22,1
PARIS-MONTSOURIS;20140814;13;21,4
PARIS-MONTSOURIS;20140815;13;21,3
PARIS-MONTSOURIS;20140816;13,5;23,6
PARIS-MONTSOURIS;20140817;13,5;20,9
PARIS-MONTSOURIS;20140818;13,9;21,1
PARIS-MONTSOURIS;20140819;12,1;19,4
PARIS-MONTSOURIS;20140820;11,2;20,1
PARIS-MONTSOURIS;20140821;9;20,9
PARIS-MONTSOURIS;20140822;12,8;21,2
PARIS-MONTSOURIS;20140823;12,8;19,3
PARIS-MONTSOURIS;20140824;10,5;21
PARIS-MONTSOURIS;20140825;14,3;17,8
PARIS-MONTSOURIS;20140826;13,9;22,9
PARIS-MONTSOURIS;20140827;15,5;22,5
PARIS-MONTSOURIS;20140828;16,7;22,5
PARIS-MONTSOURIS;20140829;15,7;23,3
PARIS-MONTSOURIS;20140830;14;22,9
PARIS-MONTSOURIS;20140831;13,5;21,3
PARIS-MONTSOURIS;20140901;12,3;23,7
PARIS-MONTSOURIS;20140902;15,9;24,4
PARIS-MONTSOURIS;20140903;14,2;25,1
PARIS-MONTSOURIS;20140904;14,8;21,9
PARIS-MONTSOURIS;20140905;18;23,3
PARIS-MONTSOURIS;20140906;17,5;24,1
PARIS-MONTSOURIS;20140907;16,1;26,4
PARIS-MONTSOURIS;20140908;16,3;27,1
PARIS-MONTSOURIS;20140909;14,7;23,4
PARIS-MONTSOURIS;20140910;12,3;22,7
PARIS-MONTSOURIS;20140911;11,8;22
PARIS-MONTSOURIS;20140912;12,4;23,1
PARIS-MONTSOURIS;20140913;13,9;24,6
PARIS-MONTSOURIS;20140914;15,3;23,4
PARIS-MONTSOURIS;20140915;14;25,7
PARIS-MONTSOURIS;20140916;14,9;27,2
PARIS-MONTSOURIS;20140917;16,6;26,7
PARIS-MONTSOURIS;20140918;17,9;28,3
PARIS-MONTSOURIS;20140919;16,4;27,3
PARIS-MONTSOURIS;20140920;15,6;28,1
PARIS-MONTSOURIS;20140921;16,7;20,8
PARIS-MONTSOURIS;20140922;12,4;18,7
PARIS-MONTSOURIS;20140923;10,6;19,1
PARIS-MONTSOURIS;20140924;10,1;18,7
PARIS-MONTSOURIS;20140925;11,2;19,8
PARIS-MONTSOURIS;20140926;9,6;21,5
PARIS-MONTSOURIS;20140927;13,2;24,4
PARIS-MONTSOURIS;20140928;12,8;25,3
PARIS-MONTSOURIS;20140929;15,8;22,3
PARIS-MONTSOURIS;20140930;14,2;23
PARIS-MONTSOURIS;20141001;14;24,1
PARIS-MONTSOURIS;20141002;15,9;23,2
PARIS-MONTSOURIS;20141003;14,3;24,8
PARIS-MONTSOURIS;20141004;12;24,7
PARIS-MONTSOURIS;20141005;11,1;15,2
PARIS-MONTSOURIS;20141006;8,4;15,5
PARIS-MONTSOURIS;20141007;11,7;16,6
PARIS-MONTSOURIS;20141008;11,4;20
PARIS-MONTSOURIS;20141009;14;20,6
PARIS-MONTSOURIS;20141010;11,8;17,8
PARIS-MONTSOURIS;20141011;13,3;19,7
PARIS-MONTSOURIS;20141012;10,9;16,1
PARIS-MONTSOURIS;20141013;14,1;19,1
PARIS-MONTSOURIS;20141014;8,3;18,2
PARIS-MONTSOURIS;20141015;11,1;16
PARIS-MONTSOURIS;20141016;14,2;18,8
PARIS-MONTSOURIS;20141017;13,9;18,7
PARIS-MONTSOURIS;20141018;13,3;25,1
PARIS-MONTSOURIS;20141019;14,4;24,3
PARIS-MONTSOURIS;20141020;13,4;17,8
PARIS-MONTSOURIS;20141021;9,8;16,6
PARIS-MONTSOURIS;20141022;8;13,3
PARIS-MONTSOURIS;20141023;10,6;14,1
PARIS-MONTSOURIS;20141024;11,7;15,4
PARIS-MONTSOURIS;20141025;11,9;15,8
PARIS-MONTSOURIS;20141026;12,4;18,2
PARIS-MONTSOURIS;20141027;9,6;18,3
PARIS-MONTSOURIS;20141028;8,7;10,8
PARIS-MONTSOURIS;20141029;10,3;16,3
PARIS-MONTSOURIS;20141030;11,6;19,7
PARIS-MONTSOURIS;20141031;12,7;22
PARIS-MONTSOURIS;20141101;10,4;21,4
PARIS-MONTSOURIS;20141102;12,9;17,8
PARIS-MONTSOURIS;20141103;11;15,5
PARIS-MONTSOURIS;20141104;8,2;12
PARIS-MONTSOURIS;20141105;6,3;11,9
PARIS-MONTSOURIS;20141106;4,8;13,1
PARIS-MONTSOURIS;20141107;7,5;14,3
PARIS-MONTSOURIS;20141108;8;14,4
PARIS-MONTSOURIS;20141109;9,4;12,6
PARIS-MONTSOURIS;20141110;5;11,6
PARIS-MONTSOURIS;20141111;5,6;16,3
PARIS-MONTSOURIS;20141112;10,5;14,3
PARIS-MONTSOURIS;20141113;7;14,6
PARIS-MONTSOURIS;20141114;8,8;11,5
PARIS-MONTSOURIS;20141115;9,9;12,7
PARIS-MONTSOURIS;20141116;8,9;11,1
PARIS-MONTSOURIS;20141117;8,2;10,5
PARIS-MONTSOURIS;20141118;7,9;10,7
PARIS-MONTSOURIS;20141119;5,7;7,9
PARIS-MONTSOURIS;20141120;7;10,3
PARIS-MONTSOURIS;20141121;8,1;12,4
PARIS-MONTSOURIS;20141122;7,6;14,6
PARIS-MONTSOURIS;20141123;9,1;15,4
PARIS-MONTSOURIS;20141124;9,6;11,8
PARIS-MONTSOURIS;20141125;8,9;11,6
PARIS-MONTSOURIS;20141126;9,9;13
PARIS-MONTSOURIS;20141127;9,3;12
PARIS-MONTSOURIS;20141128;9,5;14,9
PARIS-MONTSOURIS;20141129;6;11,2
PARIS-MONTSOURIS;20141130;3,9;8,6
PARIS-MONTSOURIS;20141201;3,5;4,4
PARIS-MONTSOURIS;20141202;2,7;4,3
PARIS-MONTSOURIS;20141203;2,1;3,6
PARIS-MONTSOURIS;20141204;2,3;5,2
PARIS-MONTSOURIS;20141205;4,3;5,8
PARIS-MONTSOURIS;20141206;3,9;8,2
PARIS-MONTSOURIS;20141207;0,7;7,3
PARIS-MONTSOURIS;20141208;2,7;6,2
PARIS-MONTSOURIS;20141209;3,2;7,4
PARIS-MONTSOURIS;20141210;4,5;10,7
PARIS-MONTSOURIS;20141211;6,2;9,8
PARIS-MONTSOURIS;20141212;8;11,8
PARIS-MONTSOURIS;20141213;3,1;5,6
PARIS-MONTSOURIS;20141214;1,6;2,9
PARIS-MONTSOURIS;20141215;0,6;6,2
PARIS-MONTSOURIS;20141216;5,2;9,4
PARIS-MONTSOURIS;20141217;6,4;12,6
PARIS-MONTSOURIS;20141218;11,8;15
PARIS-MONTSOURIS;20141219;9,8;12,7
PARIS-MONTSOURIS;20141220;7,5;10,3
PARIS-MONTSOURIS;20141221;6,7;9,1
PARIS-MONTSOURIS;20141222;8,2;10,6
PARIS-MONTSOURIS;20141223;7,7;9,2
PARIS-MONTSOURIS;20141224;6,6;11,7
PARIS-MONTSOURIS;20141225;6,6;9
PARIS-MONTSOURIS;20141226;2,8;9,6
PARIS-MONTSOURIS;20141227;4,2;6,7
PARIS-MONTSOURIS;20141228;-1;0,5
PARIS-MONTSOURIS;20141229;-2,9;5,1
PARIS-MONTSOURIS;20141230;2,1;6,2
PARIS-MONTSOURIS;20141231;4,2;7,2
PARIS-MONTSOURIS;20150101;-0,6;6,5
PARIS-MONTSOURIS;20150102;2,9;10,6
PARIS-MONTSOURIS;20150103;0,6;13,4
PARIS-MONTSOURIS;20150104;3,8;6,8
PARIS-MONTSOURIS;20150105;-0,3;2,6
PARIS-MONTSOURIS;20150106;-1,4;5,5
PARIS-MONTSOURIS;20150107;0,2;8,5
PARIS-MONTSOURIS;20150108;4,6;11,3
PARIS-MONTSOURIS;20150109;6,9;14,9
PARIS-MONTSOURIS;20150110;10,8;13,7
PARIS-MONTSOURIS;20150111;5,1;8,7
PARIS-MONTSOURIS;20150112;6,2;9,4
PARIS-MONTSOURIS;20150113;7,2;10,7
PARIS-MONTSOURIS;20150114;5,4;10,4
PARIS-MONTSOURIS;20150115;6,5;11,3
PARIS-MONTSOURIS;20150116;6,1;8,1
PARIS-MONTSOURIS;20150117;3,1;7,4
PARIS-MONTSOURIS;20150118;1;6,1
PARIS-MONTSOURIS;20150119;2,2;3,8
PARIS-MONTSOURIS;20150120;-0,4;2,8
PARIS-MONTSOURIS;20150121;-0,8;3,7
PARIS-MONTSOURIS;20150122;-0,6;2,4
PARIS-MONTSOURIS;20150123;-0,5;3,3
PARIS-MONTSOURIS;20150124;-1;7,3
PARIS-MONTSOURIS;20150125;1,2;7,1
PARIS-MONTSOURIS;20150126;5,5;9,7
PARIS-MONTSOURIS;20150127;4,8;7,5
PARIS-MONTSOURIS;20150128;5,6;9,5
PARIS-MONTSOURIS;20150129;4,5;6,5
PARIS-MONTSOURIS;20150130;1;5,1
PARIS-MONTSOURIS;20150131;1,6;6,2
PARIS-MONTSOURIS;20150201;2,6;4,5
PARIS-MONTSOURIS;20150202;0,6;4
PARIS-MONTSOURIS;20150203;0,2;3,7
PARIS-MONTSOURIS;20150204;0,2;4,7
PARIS-MONTSOURIS;20150205;0,5;3,9
PARIS-MONTSOURIS;20150206;-1,3;1,8
PARIS-MONTSOURIS;20150207;-1,4;5,4
PARIS-MONTSOURIS;20150208;2,9;7,9
PARIS-MONTSOURIS;20150209;1,1;5
PARIS-MONTSOURIS;20150210;1,8;6,9
PARIS-MONTSOURIS;20150211;2,7;9,3
PARIS-MONTSOURIS;20150212;-1,2;7,3
PARIS-MONTSOURIS;20150213;2;13,3
PARIS-MONTSOURIS;20150214;6;8,8
PARIS-MONTSOURIS;20150215;5,7;9,5
PARIS-MONTSOURIS;20150216;4,6;8,8
PARIS-MONTSOURIS;20150217;4,2;7,6
PARIS-MONTSOURIS;20150218;1,8;6,1
PARIS-MONTSOURIS;20150219;1;7,7
PARIS-MONTSOURIS;20150220;5;8,4
PARIS-MONTSOURIS;20150221;2;5,9
PARIS-MONTSOURIS;20150222;0,8;9,1
PARIS-MONTSOURIS;20150223;4,1;12,6
PARIS-MONTSOURIS;20150224;2,4;10,4
PARIS-MONTSOURIS;20150225;3,4;8,5
PARIS-MONTSOURIS;20150226;6,8;11,7
PARIS-MONTSOURIS;20150227;4,4;9,3
PARIS-MONTSOURIS;20150228;1,1;10,5
PARIS-MONTSOURIS;20150301;7,3;12,6
PARIS-MONTSOURIS;20150302;6,6;11,1
PARIS-MONTSOURIS;20150303;3,2;11,9
PARIS-MONTSOURIS;20150304;2,8;9,6
PARIS-MONTSOURIS;20150305;2,8;11,5
PARIS-MONTSOURIS;20150306;2,9;12,6
PARIS-MONTSOURIS;20150307;2;16,2
PARIS-MONTSOURIS;20150308;3;19,8
PARIS-MONTSOURIS;20150309;8;13,3
PARIS-MONTSOURIS;20150310;9,7;12,1
PARIS-MONTSOURIS;20150311;6,1;14,7
PARIS-MONTSOURIS;20150312;4,1;15,5
PARIS-MONTSOURIS;20150313;4,3;12,5
PARIS-MONTSOURIS;20150314;4,1;10,9
PARIS-MONTSOURIS;20150315;5,2;7,6
PARIS-MONTSOURIS;20150316;3,2;14,1
PARIS-MONTSOURIS;20150317;5,2;18,5
PARIS-MONTSOURIS;20150318;8,5;16,5
PARIS-MONTSOURIS;20150319;5,8;8,2
PARIS-MONTSOURIS;20150320;6,2;12,8
PARIS-MONTSOURIS;20150321;3,6;9,7
PARIS-MONTSOURIS;20150322;6;11,4
PARIS-MONTSOURIS;20150323;2,6;14,3
PARIS-MONTSOURIS;20150324;5,5;8,6
PARIS-MONTSOURIS;20150325;4,2;10,8
PARIS-MONTSOURIS;20150326;1,3;9,9
PARIS-MONTSOURIS;20150327;4,7;12,4
PARIS-MONTSOURIS;20150328;6,9;17,8
PARIS-MONTSOURIS;20150329;10,1;14,2
PARIS-MONTSOURIS;20150330;9,3;13,8
PARIS-MONTSOURIS;20150331;11,1;13,9
PARIS-MONTSOURIS;20150401;5,9;11,7
PARIS-MONTSOURIS;20150402;7,8;11,5
PARIS-MONTSOURIS;20150403;7,4;11
PARIS-MONTSOURIS;20150404;7,7;11
PARIS-MONTSOURIS;20150405;3;12,3
PARIS-MONTSOURIS;20150406;3,8;14,8
PARIS-MONTSOURIS;20150407;5,1;16,8
PARIS-MONTSOURIS;20150408;6,7;18,5
PARIS-MONTSOURIS;20150409;8;22,9
PARIS-MONTSOURIS;20150410;9,6;22,1
PARIS-MONTSOURIS;20150411;11,7;16
PARIS-MONTSOURIS;20150412;7,6;20,1
PARIS-MONTSOURIS;20150413;10,4;21,9
PARIS-MONTSOURIS;20150414;10,4;25,7
PARIS-MONTSOURIS;20150415;11,7;27,3
PARIS-MONTSOURIS;20150416;13,9;23,6
PARIS-MONTSOURIS;20150417;13,3;20,5
PARIS-MONTSOURIS;20150418;8,2;17,6
PARIS-MONTSOURIS;20150419;7;19,3
PARIS-MONTSOURIS;20150420;7,6;22,5
PARIS-MONTSOURIS;20150421;9,6;23,6
PARIS-MONTSOURIS;20150422;9;22,4
PARIS-MONTSOURIS;20150423;8,1;22,1
PARIS-MONTSOURIS;20150424;8,9;20,1
PARIS-MONTSOURIS;20150425;12;19,9
PARIS-MONTSOURIS;20150426;10,9;16,3
PARIS-MONTSOURIS;20150427;9,1;14,7
PARIS-MONTSOURIS;20150428;5,9;14,4
PARIS-MONTSOURIS;20150429;4,9;16,7
PARIS-MONTSOURIS;20150430;8,8;11,1
PARIS-MONTSOURIS;20150501;8,1;11,1
PARIS-MONTSOURIS;20150502;8,8;14,4
PARIS-MONTSOURIS;20150503;12,1;20,7
PARIS-MONTSOURIS;20150504;11,2;18,8
PARIS-MONTSOURIS;20150505;14;19,6
PARIS-MONTSOURIS;20150506;8,8;17,6
PARIS-MONTSOURIS;20150507;7,2;18,1
PARIS-MONTSOURIS;20150508;10,7;20,8
PARIS-MONTSOURIS;20150509;13,5;20,9
PARIS-MONTSOURIS;20150510;12,2;24,1
PARIS-MONTSOURIS;20150511;13,5;27,7
PARIS-MONTSOURIS;20150512;14,8;20,9
PARIS-MONTSOURIS;20150513;10,3;23
PARIS-MONTSOURIS;20150514;12,3;17,7
PARIS-MONTSOURIS;20150515;9,6;16,1
PARIS-MONTSOURIS;20150516;8,5;18,9
PARIS-MONTSOURIS;20150517;8,4;20,5
PARIS-MONTSOURIS;20150518;8,9;20,8
PARIS-MONTSOURIS;20150519;7,3;16,1
PARIS-MONTSOURIS;20150520;6,2;15,5
PARIS-MONTSOURIS;20150521;7,3;19,5
PARIS-MONTSOURIS;20150522;9,7;20
PARIS-MONTSOURIS;20150523;12,9;22,6
PARIS-MONTSOURIS;20150524;11,8;22,3
PARIS-MONTSOURIS;20150525;13,2;20,1
PARIS-MONTSOURIS;20150526;12,2;18,8
PARIS-MONTSOURIS;20150527;10,5;22,6
PARIS-MONTSOURIS;20150528;12,7;20
PARIS-MONTSOURIS;20150529;12,2;19
PARIS-MONTSOURIS;20150530;10,5;19,9
PARIS-MONTSOURIS;20150531;12,6;18,5
PARIS-MONTSOURIS;20150601;8,8;18,2
PARIS-MONTSOURIS;20150602;13;24,9
PARIS-MONTSOURIS;20150603;13,9;22,2
PARIS-MONTSOURIS;20150604;11,8;28
PARIS-MONTSOURIS;20150605;17,5;33,9
PARIS-MONTSOURIS;20150606;12,9;23,6
PARIS-MONTSOURIS;20150607;11,3;23
PARIS-MONTSOURIS;20150608;10,4;21,3
PARIS-MONTSOURIS;20150609;10,6;21,1
PARIS-MONTSOURIS;20150610;11,5;24,3
PARIS-MONTSOURIS;20150611;16,5;29,8
PARIS-MONTSOURIS;20150612;19,6;27,3
PARIS-MONTSOURIS;20150613;16;25,9
PARIS-MONTSOURIS;20150614;15,4;25,5
PARIS-MONTSOURIS;20150615;14,7;20,6
PARIS-MONTSOURIS;20150616;12,3;22,8
PARIS-MONTSOURIS;20150617;12,7;25,9
PARIS-MONTSOURIS;20150618;16,6;21,7
PARIS-MONTSOURIS;20150619;12,6;22,6
PARIS-MONTSOURIS;20150620;13,4;23,1
PARIS-MONTSOURIS;20150621;16,2;23,5
PARIS-MONTSOURIS;20150622;13;18,9
PARIS-MONTSOURIS;20150623;10,3;20,1
PARIS-MONTSOURIS;20150624;11,8;25,2
PARIS-MONTSOURIS;20150625;15,8;29
PARIS-MONTSOURIS;20150626;16,9;32,6
PARIS-MONTSOURIS;20150627;17,5;25,5
PARIS-MONTSOURIS;20150628;15,1;30,6
PARIS-MONTSOURIS;20150629;16,9;29,4
PARIS-MONTSOURIS;20150630;18,2;34,2
PARIS-MONTSOURIS;20150701;21,6;39,7
PARIS-MONTSOURIS;20150702;21,9;31,3
PARIS-MONTSOURIS;20150703;18,8;36,2
PARIS-MONTSOURIS;20150704;23,7;33,6
PARIS-MONTSOURIS;20150705;19,7;26,5
PARIS-MONTSOURIS;20150706;16,1;32,1
PARIS-MONTSOURIS;20150707;19,7;28
PARIS-MONTSOURIS;20150708;15,1;19,9
PARIS-MONTSOURIS;20150709;14;23,8
PARIS-MONTSOURIS;20150710;14;29,9
PARIS-MONTSOURIS;20150711;17;27,2
PARIS-MONTSOURIS;20150712;16,2;24,3
PARIS-MONTSOURIS;20150713;19,1;26,4
PARIS-MONTSOURIS;20150714;18,6;26,6
PARIS-MONTSOURIS;20150715;17,8;32,1
PARIS-MONTSOURIS;20150716;19,1;36,6
PARIS-MONTSOURIS;20150717;19,9;29,6
PARIS-MONTSOURIS;20150718;18,3;30,1
PARIS-MONTSOURIS;20150719;16;26,8
PARIS-MONTSOURIS;20150720;20;27,3
PARIS-MONTSOURIS;20150721;19,6;30,7
PARIS-MONTSOURIS;20150722;19,4;27,7
PARIS-MONTSOURIS;20150723;16,7;25,5
PARIS-MONTSOURIS;20150724;16,6;27,6
PARIS-MONTSOURIS;20150725;14,9;21,7
PARIS-MONTSOURIS;20150726;12,2;20,4
PARIS-MONTSOURIS;20150727;15,3;22,9
PARIS-MONTSOURIS;20150728;14,1;17,8
PARIS-MONTSOURIS;20150729;12,2;21,5
PARIS-MONTSOURIS;20150730;11,8;22,2
PARIS-MONTSOURIS;20150731;11,5;23,6
PARIS-MONTSOURIS;20150801;14,6;25,8
PARIS-MONTSOURIS;20150802;13,9;30,8
PARIS-MONTSOURIS;20150803;17,8;34,6
PARIS-MONTSOURIS;20150804;17,1;25,5
PARIS-MONTSOURIS;20150805;15,2;31
PARIS-MONTSOURIS;20150806;19,5;31,1
PARIS-MONTSOURIS;20150807;16,1;29,5
PARIS-MONTSOURIS;20150808;17,9;28
PARIS-MONTSOURIS;20150809;18,2;25,9
PARIS-MONTSOURIS;20150810;17,3;29,2
PARIS-MONTSOURIS;20150811;18,9;29,8
PARIS-MONTSOURIS;20150812;20,2;33,3
PARIS-MONTSOURIS;20150813;21,2;29,6
PARIS-MONTSOURIS;20150814;17,7;26,7
PARIS-MONTSOURIS;20150815;15,5;21,7
PARIS-MONTSOURIS;20150816;13,7;21,8
PARIS-MONTSOURIS;20150817;15,4;22,1
PARIS-MONTSOURIS;20150818;14,1;22,5
PARIS-MONTSOURIS;20150819;13,9;25,9
PARIS-MONTSOURIS;20150820;16,6;24,1
PARIS-MONTSOURIS;20150821;16;29,4
PARIS-MONTSOURIS;20150822;17,9;31,3
PARIS-MONTSOURIS;20150823;17,8;23,4
PARIS-MONTSOURIS;20150824;15,6;20,7
PARIS-MONTSOURIS;20150825;11,6;20,4
PARIS-MONTSOURIS;20150826;15,6;29,5
PARIS-MONTSOURIS;20150827;13,3;15,1
PARIS-MONTSOURIS;20150828;14,1;23,9
PARIS-MONTSOURIS;20150829;15,7;30,9
PARIS-MONTSOURIS;20150830;19,9;33,5
PARIS-MONTSOURIS;20150831;21;28,3
PARIS-MONTSOURIS;20150901;16,2;21,8
PARIS-MONTSOURIS;20150902;12,7;21,1
PARIS-MONTSOURIS;20150903;10,3;20,3
PARIS-MONTSOURIS;20150904;11,8;17,6
PARIS-MONTSOURIS;20150905;12,9;19,3
PARIS-MONTSOURIS;20150906;11;18
PARIS-MONTSOURIS;20150907;10;20,1
PARIS-MONTSOURIS;20150908;12,6;19,2
PARIS-MONTSOURIS;20150909;11,5;23,2
PARIS-MONTSOURIS;20150910;11,9;23,8
PARIS-MONTSOURIS;20150911;11,1;24,1
PARIS-MONTSOURIS;20150912;16,1;18,6
PARIS-MONTSOURIS;20150913;13,3;18,9
PARIS-MONTSOURIS;20150914;13;19,1
PARIS-MONTSOURIS;20150915;11,7;19,3
PARIS-MONTSOURIS;20150916;13,7;18,3
PARIS-MONTSOURIS;20150917;14,9;19,3
PARIS-MONTSOURIS;20150918;10,7;19,4
PARIS-MONTSOURIS;20150919;12,3;19,3
PARIS-MONTSOURIS;20150920;10;20
PARIS-MONTSOURIS;20150921;8,1;19,6
PARIS-MONTSOURIS;20150922;12,3;17
PARIS-MONTSOURIS;20150923;10,1;18,1
PARIS-MONTSOURIS;20150924;9,7;18,3
PARIS-MONTSOURIS;20150925;12,1;18,9
PARIS-MONTSOURIS;20150926;10,4;18
PARIS-MONTSOURIS;20150927;9,7;20,4
PARIS-MONTSOURIS;20150928;10,1;19,4
PARIS-MONTSOURIS;20150929;10,1;19,3
PARIS-MONTSOURIS;20150930;9,6;18,7
PARIS-MONTSOURIS;20151001;8,8;17,6
PARIS-MONTSOURIS;20151002;8,1;20,7
PARIS-MONTSOURIS;20151003;10,4;21,6
PARIS-MONTSOURIS;20151004;9,7;15
PARIS-MONTSOURIS;20151005;13;17,1
PARIS-MONTSOURIS;20151006;15,2;20,3
PARIS-MONTSOURIS;20151007;13;16,8
PARIS-MONTSOURIS;20151008;10,9;16,6
PARIS-MONTSOURIS;20151009;8,5;16,8
PARIS-MONTSOURIS;20151010;9,4;18,7
PARIS-MONTSOURIS;20151011;8,8;16,1
PARIS-MONTSOURIS;20151012;8,7;16,1
PARIS-MONTSOURIS;20151013;8,3;12,4
PARIS-MONTSOURIS;20151014;3,7;10,5
PARIS-MONTSOURIS;20151015;4,6;7,9
PARIS-MONTSOURIS;20151016;4,7;8,2
PARIS-MONTSOURIS;20151017;7,2;13,9
PARIS-MONTSOURIS;20151018;8,6;11,7
PARIS-MONTSOURIS;20151019;6,1;12,3
PARIS-MONTSOURIS;20151020;8,9;13,9
PARIS-MONTSOURIS;20151021;7,7;14,3
PARIS-MONTSOURIS;20151022;10,6;15
PARIS-MONTSOURIS;20151023;11,2;14,4
PARIS-MONTSOURIS;20151024;9,7;15,6
PARIS-MONTSOURIS;20151025;10,9;14,6
PARIS-MONTSOURIS;20151026;8,9;14,6
PARIS-MONTSOURIS;20151027;11;21,8
PARIS-MONTSOURIS;20151028;10,3;15,7
PARIS-MONTSOURIS;20151029;9,1;15,5
PARIS-MONTSOURIS;20151030;8,2;16,6
PARIS-MONTSOURIS;20151031;8;17,8
PARIS-MONTSOURIS;20151101;7,7;19,2
PARIS-MONTSOURIS;20151102;6,3;10,1
PARIS-MONTSOURIS;20151103;8,6;16,6
PARIS-MONTSOURIS;20151104;12,5;16,8
PARIS-MONTSOURIS;20151105;12,3;18,5
PARIS-MONTSOURIS;20151106;15;18,6
PARIS-MONTSOURIS;20151107;15;21,6
PARIS-MONTSOURIS;20151108;14,6;20,9
PARIS-MONTSOURIS;20151109;14,1;17,8
PARIS-MONTSOURIS;20151110;10,3;14,6
PARIS-MONTSOURIS;20151111;9,3;14,5
PARIS-MONTSOURIS;20151112;10,9;14,6
PARIS-MONTSOURIS;20151113;12,4;15,7
PARIS-MONTSOURIS;20151114;6,8;12,9
PARIS-MONTSOURIS;20151115;11,5;17,7
PARIS-MONTSOURIS;20151116;11,3;16
PARIS-MONTSOURIS;20151117;13,5;17
PARIS-MONTSOURIS;20151118;11,2;15,7
PARIS-MONTSOURIS;20151119;12,6;16,2
PARIS-MONTSOURIS;20151120;9,1;11,4
PARIS-MONTSOURIS;20151121;3,8;7,2
PARIS-MONTSOURIS;20151122;2,8;6,7
PARIS-MONTSOURIS;20151123;1,8;6,9
PARIS-MONTSOURIS;20151124;1,3;8,6
PARIS-MONTSOURIS;20151125;6;9,5
PARIS-MONTSOURIS;20151126;4,9;9,7
PARIS-MONTSOURIS;20151127;1,1;8,2
PARIS-MONTSOURIS;20151128;5;10,4
PARIS-MONTSOURIS;20151129;7,7;13,9
PARIS-MONTSOURIS;20151130;10,5;13,2
PARIS-MONTSOURIS;20151201;11,6;13,7
PARIS-MONTSOURIS;20151202;10,2;12,4
PARIS-MONTSOURIS;20151203;6,8;11,4
PARIS-MONTSOURIS;20151204;7,4;11,8
PARIS-MONTSOURIS;20151205;2,5;9,9
PARIS-MONTSOURIS;20151206;6,2;12,8
PARIS-MONTSOURIS;20151207;8,6;14,6
PARIS-MONTSOURIS;20151208;7;11,3
PARIS-MONTSOURIS;20151209;5,9;11,6
PARIS-MONTSOURIS;20151210;2,6;5
PARIS-MONTSOURIS;20151211;1,6;10,9
PARIS-MONTSOURIS;20151212;8,8;11,6
PARIS-MONTSOURIS;20151213;5,3;7,1
PARIS-MONTSOURIS;20151214;3,5;7,9
PARIS-MONTSOURIS;20151215;6,5;11,9
PARIS-MONTSOURIS;20151216;10,5;14,8
PARIS-MONTSOURIS;20151217;11;15,9
PARIS-MONTSOURIS;20151218;11,3;13,2
PARIS-MONTSOURIS;20151219;9;15
PARIS-MONTSOURIS;20151220;10;15
PARIS-MONTSOURIS;20151221;9,9;13,4
PARIS-MONTSOURIS;20151222;11,4;15,3
PARIS-MONTSOURIS;20151223;10,1;13,8
PARIS-MONTSOURIS;20151224;7,7;13,1
PARIS-MONTSOURIS;20151225;9,1;14
PARIS-MONTSOURIS;20151226;8,4;13,6
PARIS-MONTSOURIS;20151227;7,2;13,1
PARIS-MONTSOURIS;20151228;5,2;11,6
PARIS-MONTSOURIS;20151229;8,6;12,5
PARIS-MONTSOURIS;20151230;6;11,9
PARIS-MONTSOURIS;20151231;7,8;12,1
PARIS-MONTSOURIS;20160101;4,5;8,7
PARIS-MONTSOURIS;20160102;6,9;10,9
PARIS-MONTSOURIS;20160103;6;8,5
PARIS-MONTSOURIS;20160104;5,9;10,4
PARIS-MONTSOURIS;20160105;5,8;9,4
PARIS-MONTSOURIS;20160106;7,2;10,3
PARIS-MONTSOURIS;20160107;6,7;12
PARIS-MONTSOURIS;20160108;3,6;8,4
PARIS-MONTSOURIS;20160109;4,2;11,5
PARIS-MONTSOURIS;20160110;4,8;8,5
PARIS-MONTSOURIS;20160111;3,9;9,1
PARIS-MONTSOURIS;20160112;5,7;8,4
PARIS-MONTSOURIS;20160113;3,6;7,4
PARIS-MONTSOURIS;20160114;3,2;8,1
PARIS-MONTSOURIS;20160115;2,4;5,8
PARIS-MONTSOURIS;20160116;1,2;5,9
PARIS-MONTSOURIS;20160117;2,6;4,9
PARIS-MONTSOURIS;20160118;-1,2;1,3
PARIS-MONTSOURIS;20160119;-2,3;1,6
PARIS-MONTSOURIS;20160120;-4,4;-0,4
PARIS-MONTSOURIS;20160121;-4,4;4
PARIS-MONTSOURIS;20160122;-0,9;7,9
PARIS-MONTSOURIS;20160123;5,5;7,3
PARIS-MONTSOURIS;20160124;6,1;11,2
PARIS-MONTSOURIS;20160125;5,2;13,8
PARIS-MONTSOURIS;20160126;7,6;11,9
PARIS-MONTSOURIS;20160127;9,9;12,3
PARIS-MONTSOURIS;20160128;7,9;10
PARIS-MONTSOURIS;20160129;3,8;9,6
PARIS-MONTSOURIS;20160130;7,2;9,7
PARIS-MONTSOURIS;20160131;6,8;13,9
PARIS-MONTSOURIS;20160201;11,4;13,4
PARIS-MONTSOURIS;20160202;8,4;12,8
PARIS-MONTSOURIS;20160203;5,6;8,6
PARIS-MONTSOURIS;20160204;4,4;11,5
PARIS-MONTSOURIS;20160205;9,6;11,2
PARIS-MONTSOURIS;20160206;6,5;14,3
PARIS-MONTSOURIS;20160207;7,1;11,9
PARIS-MONTSOURIS;20160208;6,4;11,9
PARIS-MONTSOURIS;20160209;4,4;12,9
PARIS-MONTSOURIS;20160210;3;9,1
PARIS-MONTSOURIS;20160211;3,5;9,4
PARIS-MONTSOURIS;20160212;2,6;4,8
PARIS-MONTSOURIS;20160213;3,9;9,3
PARIS-MONTSOURIS;20160214;5,4;8,4
PARIS-MONTSOURIS;20160215;3,6;7,4
PARIS-MONTSOURIS;20160216;1;6,4
PARIS-MONTSOURIS;20160217;-1,3;4,8
PARIS-MONTSOURIS;20160218;-1,3;5,1
PARIS-MONTSOURIS;20160219;1,3;9,8
PARIS-MONTSOURIS;20160220;5,5;12,6
PARIS-MONTSOURIS;20160221;10,6;13,3
PARIS-MONTSOURIS;20160222;9,8;12,7
PARIS-MONTSOURIS;20160223;5;9,8
PARIS-MONTSOURIS;20160224;2,2;7,5
PARIS-MONTSOURIS;20160225;1,8;7,4
PARIS-MONTSOURIS;20160226;0,2;7,5
PARIS-MONTSOURIS;20160227;1;8,1
PARIS-MONTSOURIS;20160228;0,8;7,6
PARIS-MONTSOURIS;20160229;0,8;8,2
PARIS-MONTSOURIS;20160301;2,1;10,1
PARIS-MONTSOURIS;20160302;1,8;10,9
PARIS-MONTSOURIS;20160303;4,8;8,6
PARIS-MONTSOURIS;20160304;4,7;9,5
PARIS-MONTSOURIS;20160305;0,9;8
PARIS-MONTSOURIS;20160306;3,2;8,2
PARIS-MONTSOURIS;20160307;2,8;6,6
PARIS-MONTSOURIS;20160308;2,7;9,4
PARIS-MONTSOURIS;20160309;4,3;9,4
PARIS-MONTSOURIS;20160310;5;9,4
PARIS-MONTSOURIS;20160311;4,5;11,9
PARIS-MONTSOURIS;20160312;3,4;12,2
PARIS-MONTSOURIS;20160313;1,9;11,6
PARIS-MONTSOURIS;20160314;3,4;9
PARIS-MONTSOURIS;20160315;2,7;13,2
PARIS-MONTSOURIS;20160316;4;8
PARIS-MONTSOURIS;20160317;3;13,2
PARIS-MONTSOURIS;20160318;3,4;11,5
PARIS-MONTSOURIS;20160319;4,8;7,4
PARIS-MONTSOURIS;20160320;5;7,1
PARIS-MONTSOURIS;20160321;4,8;10,7
PARIS-MONTSOURIS;20160322;6,7;13,6
PARIS-MONTSOURIS;20160323;4,6;11,2
PARIS-MONTSOURIS;20160324;7,5;11,1
PARIS-MONTSOURIS;20160325;7,2;15,1
PARIS-MONTSOURIS;20160326;7,3;15,1
PARIS-MONTSOURIS;20160327;6,7;14,1
PARIS-MONTSOURIS;20160328;6,7;15,3
PARIS-MONTSOURIS;20160329;5,9;14,9
PARIS-MONTSOURIS;20160330;7,6;10,4
PARIS-MONTSOURIS;20160331;6,1;7,7
PARIS-MONTSOURIS;20160401;5,4;12,8
PARIS-MONTSOURIS;20160402;3,9;10,9
PARIS-MONTSOURIS;20160403;9,4;21,5
PARIS-MONTSOURIS;20160404;9,7;17,5
PARIS-MONTSOURIS;20160405;10,5;17,3
PARIS-MONTSOURIS;20160406;8,4;15,3
PARIS-MONTSOURIS;20160407;5,7;12,2
PARIS-MONTSOURIS;20160408;7;13,9
PARIS-MONTSOURIS;20160409;4,9;13,9
PARIS-MONTSOURIS;20160410;4;18,2
PARIS-MONTSOURIS;20160411;10,8;15,2
PARIS-MONTSOURIS;20160412;5,9;17,3
PARIS-MONTSOURIS;20160413;9,5;17,5
PARIS-MONTSOURIS;20160414;8,8;17,6
PARIS-MONTSOURIS;20160415;9,4;16,3
PARIS-MONTSOURIS;20160416;9,2;16
PARIS-MONTSOURIS;20160417;5,4;12,4
PARIS-MONTSOURIS;20160418;4,1;15
PARIS-MONTSOURIS;20160419;6,6;16,8
PARIS-MONTSOURIS;20160420;7,3;20,3
PARIS-MONTSOURIS;20160421;11,2;22
PARIS-MONTSOURIS;20160422;13,4;16,9
PARIS-MONTSOURIS;20160423;8,4;11,3
PARIS-MONTSOURIS;20160424;4;9,2
PARIS-MONTSOURIS;20160425;4,2;11,9
PARIS-MONTSOURIS;20160426;4,1;9,3
PARIS-MONTSOURIS;20160427;2,5;11,7
PARIS-MONTSOURIS;20160428;2,3;13
PARIS-MONTSOURIS;20160429;5,2;15,1
PARIS-MONTSOURIS;20160430;5,8;10,6
PARIS-MONTSOURIS;20160501;5;16,4
PARIS-MONTSOURIS;20160502;6,9;19,3
PARIS-MONTSOURIS;20160503;9;17,2
PARIS-MONTSOURIS;20160504;7;19,5
PARIS-MONTSOURIS;20160505;9,6;21,5
PARIS-MONTSOURIS;20160506;10,1;26,1
PARIS-MONTSOURIS;20160507;13,8;24,5
PARIS-MONTSOURIS;20160508;13;26,1
PARIS-MONTSOURIS;20160509;16,9;21,5
PARIS-MONTSOURIS;20160510;14,6;19
PARIS-MONTSOURIS;20160511;13,6;18,3
PARIS-MONTSOURIS;20160512;13,6;19,6
PARIS-MONTSOURIS;20160513;14,1;23,6
PARIS-MONTSOURIS;20160514;9,7;15
PARIS-MONTSOURIS;20160515;6,4;16,2
PARIS-MONTSOURIS;20160516;9,2;17,5
PARIS-MONTSOURIS;20160517;8,3;19
PARIS-MONTSOURIS;20160518;12,6;16,8
PARIS-MONTSOURIS;20160519;9,2;17,4
PARIS-MONTSOURIS;20160520;11,3;21,9
PARIS-MONTSOURIS;20160521;13;25,3
PARIS-MONTSOURIS;20160522;13,4;17,3
PARIS-MONTSOURIS;20160523;10,9;15,5
PARIS-MONTSOURIS;20160524;9,9;15,5
PARIS-MONTSOURIS;20160525;8,1;20,7
PARIS-MONTSOURIS;20160526;12,2;21,9
PARIS-MONTSOURIS;20160527;13,6;25
PARIS-MONTSOURIS;20160528;15,4;22,9
PARIS-MONTSOURIS;20160529;14,8;17,6
PARIS-MONTSOURIS;20160530;12,7;13,9
PARIS-MONTSOURIS;20160531;12,4;14,5
PARIS-MONTSOURIS;20160601;13,8;17,3
PARIS-MONTSOURIS;20160602;12,6;13,5
PARIS-MONTSOURIS;20160603;11;14
PARIS-MONTSOURIS;20160604;12,8;17,3
PARIS-MONTSOURIS;20160605;14;20
PARIS-MONTSOURIS;20160606;14,8;25
PARIS-MONTSOURIS;20160607;16,9;27,1
PARIS-MONTSOURIS;20160608;15,3;24,1
PARIS-MONTSOURIS;20160609;12,4;25,2
PARIS-MONTSOURIS;20160610;15,4;24,8
PARIS-MONTSOURIS;20160611;16,5;22,2
PARIS-MONTSOURIS;20160612;15,6;19,9
PARIS-MONTSOURIS;20160613;13;18,5
PARIS-MONTSOURIS;20160614;14,5;20,4
PARIS-MONTSOURIS;20160615;12,1;21,3
PARIS-MONTSOURIS;20160616;13,4;19,3
PARIS-MONTSOURIS;20160617;12,9;21,4
PARIS-MONTSOURIS;20160618;13,7;19,9
PARIS-MONTSOURIS;20160619;14,1;22,4
PARIS-MONTSOURIS;20160620;14,8;17,3
PARIS-MONTSOURIS;20160621;16,3;23,1
PARIS-MONTSOURIS;20160622;18,8;29
PARIS-MONTSOURIS;20160623;20,6;32,5
PARIS-MONTSOURIS;20160624;17,7;25,5
PARIS-MONTSOURIS;20160625;14,8;21,5
PARIS-MONTSOURIS;20160626;12,7;22,1
PARIS-MONTSOURIS;20160627;15,6;22,1
PARIS-MONTSOURIS;20160628;15,3;22,7
PARIS-MONTSOURIS;20160629;13,9;23,8
PARIS-MONTSOURIS;20160630;16,5;24
PARIS-MONTSOURIS;20160701;17,2;22,7
PARIS-MONTSOURIS;20160702;14,2;20,1
PARIS-MONTSOURIS;20160703;14,1;18,4
PARIS-MONTSOURIS;20160704;14,3;22,5
PARIS-MONTSOURIS;20160705;16,7;22,2
PARIS-MONTSOURIS;20160706;12,5;24,8
PARIS-MONTSOURIS;20160707;14,6;28,8
PARIS-MONTSOURIS;20160708;16,9;28,5
PARIS-MONTSOURIS;20160709;17,1;29,1
PARIS-MONTSOURIS;20160710;19,2;31
PARIS-MONTSOURIS;20160711;17,8;22,3
PARIS-MONTSOURIS;20160712;14,8;22,7
PARIS-MONTSOURIS;20160713;12,8;19,9
PARIS-MONTSOURIS;20160714;12,1;21,1
PARIS-MONTSOURIS;20160715;12,9;23,6
PARIS-MONTSOURIS;20160716;16,1;27,4
PARIS-MONTSOURIS;20160717;17,3;29,7
PARIS-MONTSOURIS;20160718;18,4;32,3
PARIS-MONTSOURIS;20160719;20,4;35,6
PARIS-MONTSOURIS;20160720;21,8;29,9
PARIS-MONTSOURIS;20160721;18,2;26
PARIS-MONTSOURIS;20160722;18;28
PARIS-MONTSOURIS;20160723;16,8;28,4
PARIS-MONTSOURIS;20160724;16,8;28,1
PARIS-MONTSOURIS;20160725;21,4;25,9
PARIS-MONTSOURIS;20160726;15,8;24,5
PARIS-MONTSOURIS;20160727;15,8;25,7
PARIS-MONTSOURIS;20160728;18,1;25,1
PARIS-MONTSOURIS;20160729;18,5;26,9
PARIS-MONTSOURIS;20160730;18;23,2
PARIS-MONTSOURIS;20160731;17,3;25,5
PARIS-MONTSOURIS;20160801;15,2;24,4
PARIS-MONTSOURIS;20160802;16,4;22,7
PARIS-MONTSOURIS;20160803;17,6;25,7
PARIS-MONTSOURIS;20160804;16,3;22
PARIS-MONTSOURIS;20160805;14,3;23,4
PARIS-MONTSOURIS;20160806;14,1;25,2
PARIS-MONTSOURIS;20160807;16;30,3
PARIS-MONTSOURIS;20160808;16,7;22
PARIS-MONTSOURIS;20160809;14,2;23,3
PARIS-MONTSOURIS;20160810;12;18,7
PARIS-MONTSOURIS;20160811;11,7;23,2
PARIS-MONTSOURIS;20160812;14,7;27,8
PARIS-MONTSOURIS;20160813;16,2;29,3
PARIS-MONTSOURIS;20160814;15,9;27,8
PARIS-MONTSOURIS;20160815;15,2;28,8
PARIS-MONTSOURIS;20160816;15,9;30,6
PARIS-MONTSOURIS;20160817;17,3;30,5
PARIS-MONTSOURIS;20160818;18,3;22,6
PARIS-MONTSOURIS;20160819;17,6;24,2
PARIS-MONTSOURIS;20160820;15,1;25
PARIS-MONTSOURIS;20160821;14,4;22,2
PARIS-MONTSOURIS;20160822;16,4;28,7
PARIS-MONTSOURIS;20160823;17,6;32,8
PARIS-MONTSOURIS;20160824;19,3;36,6
PARIS-MONTSOURIS;20160825;20,6;36,5
PARIS-MONTSOURIS;20160826;22,5;34
PARIS-MONTSOURIS;20160827;21,2;34,6
PARIS-MONTSOURIS;20160828;19,4;27,8
PARIS-MONTSOURIS;20160829;18,3;23,9
PARIS-MONTSOURIS;20160830;15,5;27
PARIS-MONTSOURIS;20160831;16,6;28,3
PARIS-MONTSOURIS;20160901;16,6;26,7
PARIS-MONTSOURIS;20160902;16,1;28,5
PARIS-MONTSOURIS;20160903;17,2;28,3
PARIS-MONTSOURIS;20160904;18,3;22,2
PARIS-MONTSOURIS;20160905;15,5;20,2
PARIS-MONTSOURIS;20160906;19,2;23,7
PARIS-MONTSOURIS;20160907;15,6;28,8
PARIS-MONTSOURIS;20160908;15,2;24,7
PARIS-MONTSOURIS;20160909;13,4;26,4
PARIS-MONTSOURIS;20160910;14,9;27,4
PARIS-MONTSOURIS;20160911;18,6;25,3
PARIS-MONTSOURIS;20160912;17,3;31,7
PARIS-MONTSOURIS;20160913;21,9;32,4
PARIS-MONTSOURIS;20160914;17,8;28,5
PARIS-MONTSOURIS;20160915;17,2;20,4
PARIS-MONTSOURIS;20160916;14,4;21,4
PARIS-MONTSOURIS;20160917;13,5;17,2
PARIS-MONTSOURIS;20160918;12,7;21,7
PARIS-MONTSOURIS;20160919;15;19,8
PARIS-MONTSOURIS;20160920;15,4;20,9
PARIS-MONTSOURIS;20160921;11,1;22,5
PARIS-MONTSOURIS;20160922;11,7;23,9
PARIS-MONTSOURIS;20160923;14,9;23,7
PARIS-MONTSOURIS;20160924;12,4;25,1
PARIS-MONTSOURIS;20160925;14;20
PARIS-MONTSOURIS;20160926;11,6;20,5
PARIS-MONTSOURIS;20160927;11,2;23,2
PARIS-MONTSOURIS;20160928;16,1;23,4
PARIS-MONTSOURIS;20160929;13,3;21,8
PARIS-MONTSOURIS;20160930;14,3;18,2
PARIS-MONTSOURIS;20161001;12,1;18,7
PARIS-MONTSOURIS;20161002;10,3;17,8
PARIS-MONTSOURIS;20161003;8,8;19,3
PARIS-MONTSOURIS;20161004;10,6;20,2
PARIS-MONTSOURIS;20161005;9,8;18
PARIS-MONTSOURIS;20161006;6,5;15,3
PARIS-MONTSOURIS;20161007;9,6;14,8
PARIS-MONTSOURIS;20161008;10,8;17,3
PARIS-MONTSOURIS;20161009;7,1;15,7
PARIS-MONTSOURIS;20161010;6,2;14,5
PARIS-MONTSOURIS;20161011;5,8;13,2
PARIS-MONTSOURIS;20161012;4,9;15
PARIS-MONTSOURIS;20161013;6;12,1
PARIS-MONTSOURIS;20161014;9,3;13
PARIS-MONTSOURIS;20161015;7,6;18,3
PARIS-MONTSOURIS;20161016;9;21,2
PARIS-MONTSOURIS;20161017;11,3;18,6
PARIS-MONTSOURIS;20161018;8,9;16,5
PARIS-MONTSOURIS;20161019;8;13,9
PARIS-MONTSOURIS;20161020;9,8;13,6
PARIS-MONTSOURIS;20161021;10,1;13,2
PARIS-MONTSOURIS;20161022;8;14,2
PARIS-MONTSOURIS;20161023;5,4;13
PARIS-MONTSOURIS;20161024;10,5;14,2
PARIS-MONTSOURIS;20161025;12,1;15
PARIS-MONTSOURIS;20161026;10,3;14,3
PARIS-MONTSOURIS;20161027;9;15,5
PARIS-MONTSOURIS;20161028;6,9;14,7
PARIS-MONTSOURIS;20161029;11,8;13,9
PARIS-MONTSOURIS;20161030;8,9;17,4
PARIS-MONTSOURIS;20161031;8,4;17,9
PARIS-MONTSOURIS;20161101;8;14,3
PARIS-MONTSOURIS;20161102;9;12,9
PARIS-MONTSOURIS;20161103;3,8;12,2
PARIS-MONTSOURIS;20161104;4,8;8,7
PARIS-MONTSOURIS;20161105;6,8;11,3
PARIS-MONTSOURIS;20161106;5;9,6
PARIS-MONTSOURIS;20161107;1,5;4,8
PARIS-MONTSOURIS;20161108;3,3;8,8
PARIS-MONTSOURIS;20161109;5,4;10,3
PARIS-MONTSOURIS;20161110;7,1;10,8
PARIS-MONTSOURIS;20161111;6;10
PARIS-MONTSOURIS;20161112;0,3;7,3
PARIS-MONTSOURIS;20161113;5,8;9,9
PARIS-MONTSOURIS;20161114;6,3;8,9
PARIS-MONTSOURIS;20161115;7,9;12,8
PARIS-MONTSOURIS;20161116;11,9;12,9
PARIS-MONTSOURIS;20161117;10,5;13,8
PARIS-MONTSOURIS;20161118;8,1;11,6
PARIS-MONTSOURIS;20161119;4,5;11,7
PARIS-MONTSOURIS;20161120;7,8;13,1
PARIS-MONTSOURIS;20161121;10,9;16,5
PARIS-MONTSOURIS;20161122;8,9;12,1
PARIS-MONTSOURIS;20161123;9,4;14,8
PARIS-MONTSOURIS;20161124;9,8;13,7
PARIS-MONTSOURIS;20161125;7,7;10
PARIS-MONTSOURIS;20161126;8,8;10,8
PARIS-MONTSOURIS;20161127;5,7;9,5
PARIS-MONTSOURIS;20161128;3,7;6,9
PARIS-MONTSOURIS;20161129;-0,8;5,4
PARIS-MONTSOURIS;20161130;-1,5;7,1
PARIS-MONTSOURIS;20161201;-1,5;7,7
PARIS-MONTSOURIS;20161202;3;7,5
PARIS-MONTSOURIS;20161203;4,2;7,2
PARIS-MONTSOURIS;20161204;-0,3;5,9
PARIS-MONTSOURIS;20161205;1,3;8,8
PARIS-MONTSOURIS;20161206;1,9;10,9
PARIS-MONTSOURIS;20161207;2,4;9,8
PARIS-MONTSOURIS;20161208;1,3;9,6
PARIS-MONTSOURIS;20161209;2,7;10,8
PARIS-MONTSOURIS;20161210;2,1;9,6
PARIS-MONTSOURIS;20161211;4,7;11,9
PARIS-MONTSOURIS;20161212;3,7;6,1
PARIS-MONTSOURIS;20161213;5,2;8,9
PARIS-MONTSOURIS;20161214;3,7;10,3
PARIS-MONTSOURIS;20161215;2;8,4
PARIS-MONTSOURIS;20161216;5,6;11,6
PARIS-MONTSOURIS;20161217;4,1;9,5
PARIS-MONTSOURIS;20161218;3,1;4,1
PARIS-MONTSOURIS;20161219;2,7;7
PARIS-MONTSOURIS;20161220;3,8;6,6
PARIS-MONTSOURIS;20161221;1,4;7,4
PARIS-MONTSOURIS;20161222;6;9
PARIS-MONTSOURIS;20161223;1,7;8,7
PARIS-MONTSOURIS;20161224;6,2;10
PARIS-MONTSOURIS;20161225;7,7;11
PARIS-MONTSOURIS;20161226;9,1;11,8
PARIS-MONTSOURIS;20161227;2,5;8,8
PARIS-MONTSOURIS;20161228;1,6;8,6
PARIS-MONTSOURIS;20161229;-0,4;3,8
PARIS-MONTSOURIS;20161230;-1,7;-0,8
PARIS-MONTSOURIS;20161231;-3,5;-2,4
PARIS-MONTSOURIS;20170101;-4,3;1,4
PARIS-MONTSOURIS;20170102;-0,6;2,8
PARIS-MONTSOURIS;20170103;0,9;3,3
PARIS-MONTSOURIS;20170104;0,1;6,6
PARIS-MONTSOURIS;20170105;2;7,1
PARIS-MONTSOURIS;20170106;-1,9;3
PARIS-MONTSOURIS;20170107;-3,8;5,7
PARIS-MONTSOURIS;20170108;1;8,2
PARIS-MONTSOURIS;20170109;5,4;8,1
PARIS-MONTSOURIS;20170110;4,7;7,7
PARIS-MONTSOURIS;20170111;5,1;11,2
PARIS-MONTSOURIS;20170112;6,2;8,6
PARIS-MONTSOURIS;20170113;1,6;5,8
PARIS-MONTSOURIS;20170114;1,7;5,1
PARIS-MONTSOURIS;20170115;1,1;4,9
PARIS-MONTSOURIS;20170116;1;3,7
PARIS-MONTSOURIS;20170117;-2,3;0,6
PARIS-MONTSOURIS;20170118;-3,5;0,8
PARIS-MONTSOURIS;20170119;-3,3;0,6
PARIS-MONTSOURIS;20170120;-2,8;1,4
PARIS-MONTSOURIS;20170121;-4,8;2,5
PARIS-MONTSOURIS;20170122;-2,1;5,4
PARIS-MONTSOURIS;20170123;-1,7;0,6
PARIS-MONTSOURIS;20170124;-2,2;2,9
PARIS-MONTSOURIS;20170125;-0,8;0,5
PARIS-MONTSOURIS;20170126;-4,9;2,7
PARIS-MONTSOURIS;20170127;-0,5;9,2
PARIS-MONTSOURIS;20170128;6,8;9,6
PARIS-MONTSOURIS;20170129;2,5;8,4
PARIS-MONTSOURIS;20170130;6,4;11,3
PARIS-MONTSOURIS;20170131;10,3;13,2
PARIS-MONTSOURIS;20170201;9;12,7
PARIS-MONTSOURIS;20170202;7,7;12,6
PARIS-MONTSOURIS;20170203;7,3;11,6
PARIS-MONTSOURIS;20170204;5,5;7,9
PARIS-MONTSOURIS;20170205;4,5;11,5
PARIS-MONTSOURIS;20170206;5,1;9
PARIS-MONTSOURIS;20170207;5,3;11,4
PARIS-MONTSOURIS;20170208;5,3;8
PARIS-MONTSOURIS;20170209;3,3;6,2
PARIS-MONTSOURIS;20170210;1,2;3,5
PARIS-MONTSOURIS;20170211;-0,3;1,5
PARIS-MONTSOURIS;20170212;0;8,8
PARIS-MONTSOURIS;20170213;3,2;10,2
PARIS-MONTSOURIS;20170214;4,1;12,9
PARIS-MONTSOURIS;20170215;6,7;16,9
PARIS-MONTSOURIS;20170216;9,5;13,4
PARIS-MONTSOURIS;20170217;6,4;11,6
PARIS-MONTSOURIS;20170218;2,7;11,8
PARIS-MONTSOURIS;20170219;1,9;12,4
PARIS-MONTSOURIS;20170220;8,2;12,4
PARIS-MONTSOURIS;20170221;10,3;12,9
PARIS-MONTSOURIS;20170222;10,2;12,4
PARIS-MONTSOURIS;20170223;8,9;12,7
PARIS-MONTSOURIS;20170224;5,5;9,4
PARIS-MONTSOURIS;20170225;1,2;11,9
PARIS-MONTSOURIS;20170226;6,1;12,7
PARIS-MONTSOURIS;20170227;8,3;12,4
PARIS-MONTSOURIS;20170228;4,5;9
PARIS-MONTSOURIS;20170301;5,9;11,8
PARIS-MONTSOURIS;20170302;5,8;12,6
PARIS-MONTSOURIS;20170303;6,3;15,6
PARIS-MONTSOURIS;20170304;7,1;9,2
PARIS-MONTSOURIS;20170305;4,5;10,1
PARIS-MONTSOURIS;20170306;4;7,7
PARIS-MONTSOURIS;20170307;6,1;10,4
PARIS-MONTSOURIS;20170308;5,9;13,9
PARIS-MONTSOURIS;20170309;11,9;15
PARIS-MONTSOURIS;20170310;7,9;11
PARIS-MONTSOURIS;20170311;5,1;17,8
PARIS-MONTSOURIS;20170312;8;17,5
PARIS-MONTSOURIS;20170313;8,2;16,1
PARIS-MONTSOURIS;20170314;6,4;15,6
PARIS-MONTSOURIS;20170315;9,8;15,7
PARIS-MONTSOURIS;20170316;8,2;20,4
PARIS-MONTSOURIS;20170317;8,1;13,7
PARIS-MONTSOURIS;20170318;7,2;15,4
PARIS-MONTSOURIS;20170319;11,2;13,7
PARIS-MONTSOURIS;20170320;10,1;12,8
PARIS-MONTSOURIS;20170321;7,2;11,1
PARIS-MONTSOURIS;20170322;4,7;13,7
PARIS-MONTSOURIS;20170323;6,3;14,1
PARIS-MONTSOURIS;20170324;7,8;14,2
PARIS-MONTSOURIS;20170325;6,8;18,9
PARIS-MONTSOURIS;20170326;7,8;18,6
PARIS-MONTSOURIS;20170327;8,4;19,3
PARIS-MONTSOURIS;20170328;8,3;18,9
PARIS-MONTSOURIS;20170329;7,9;20,7
PARIS-MONTSOURIS;20170330;10;23,7
PARIS-MONTSOURIS;20170331;13,2;18,6
PARIS-MONTSOURIS;20170401;9,3;17,5
PARIS-MONTSOURIS;20170402;9,2;18,7
PARIS-MONTSOURIS;20170403;8,4;20,2
PARIS-MONTSOURIS;20170404;10;17,5
PARIS-MONTSOURIS;20170405;8,1;15,8
PARIS-MONTSOURIS;20170406;6,8;15,2
PARIS-MONTSOURIS;20170407;6,6;19,3
PARIS-MONTSOURIS;20170408;8,6;21,9
PARIS-MONTSOURIS;20170409;9,5;26,5
PARIS-MONTSOURIS;20170410;11;17,1
PARIS-MONTSOURIS;20170411;7,1;17,3
PARIS-MONTSOURIS;20170412;7,5;19
PARIS-MONTSOURIS;20170413;8,4;15,7
PARIS-MONTSOURIS;20170414;10,4;17,2
PARIS-MONTSOURIS;20170415;9,2;16,1
PARIS-MONTSOURIS;20170416;7,5;14,6
PARIS-MONTSOURIS;20170417;9,1;14,9
PARIS-MONTSOURIS;20170418;4,4;12,4
PARIS-MONTSOURIS;20170419;3,5;12,6
PARIS-MONTSOURIS;20170420;1,9;14,2
PARIS-MONTSOURIS;20170421;4,8;18,9
PARIS-MONTSOURIS;20170422;10,4;16,3
PARIS-MONTSOURIS;20170423;5,8;15,9
PARIS-MONTSOURIS;20170424;5,7;17,6
PARIS-MONTSOURIS;20170425;5,5;11,5
PARIS-MONTSOURIS;20170426;3,7;10,4
PARIS-MONTSOURIS;20170427;3,2;11,9
PARIS-MONTSOURIS;20170428;5,6;14,8
PARIS-MONTSOURIS;20170429;6;19,1
PARIS-MONTSOURIS;20170430;7,6;19,9
PARIS-MONTSOURIS;20170501;7,4;16,3
PARIS-MONTSOURIS;20170502;7,7;17,7
PARIS-MONTSOURIS;20170503;9,3;11,4
PARIS-MONTSOURIS;20170504;8,4;17,5
PARIS-MONTSOURIS;20170505;8,6;18,8
PARIS-MONTSOURIS;20170506;11,5;12,6
PARIS-MONTSOURIS;20170507;10,3;14,5
PARIS-MONTSOURIS;20170508;9,6;12,6
PARIS-MONTSOURIS;20170509;5,8;17,5
PARIS-MONTSOURIS;20170510;6,9;22,1
PARIS-MONTSOURIS;20170511;13,4;21,5
PARIS-MONTSOURIS;20170512;10,8;22,3
PARIS-MONTSOURIS;20170513;11,1;20,7
PARIS-MONTSOURIS;20170514;11,4;20,5
PARIS-MONTSOURIS;20170515;11,2;24,9
PARIS-MONTSOURIS;20170516;15,3;28,4
PARIS-MONTSOURIS;20170517;18;29,7
PARIS-MONTSOURIS;20170518;12,1;22,4
PARIS-MONTSOURIS;20170519;9,4;17,4
PARIS-MONTSOURIS;20170520;7,1;19
PARIS-MONTSOURIS;20170521;9,6;22,8
PARIS-MONTSOURIS;20170522;12,1;26,5
PARIS-MONTSOURIS;20170523;14,5;24,6
PARIS-MONTSOURIS;20170524;15,6;25,4
PARIS-MONTSOURIS;20170525;16;27,5
PARIS-MONTSOURIS;20170526;16,5;28,8
PARIS-MONTSOURIS;20170527;17,8;31,2
PARIS-MONTSOURIS;20170528;17,5;32,3
PARIS-MONTSOURIS;20170529;20,7;28,7
PARIS-MONTSOURIS;20170530;17,1;22,7
PARIS-MONTSOURIS;20170531;14,4;24,9
PARIS-MONTSOURIS;20170601;15,6;28,3
PARIS-MONTSOURIS;20170602;19,5;28,1
PARIS-MONTSOURIS;20170603;15;20,7
PARIS-MONTSOURIS;20170604;11;20,2
PARIS-MONTSOURIS;20170605;12,4;24,3
PARIS-MONTSOURIS;20170606;11,8;17,5
PARIS-MONTSOURIS;20170607;10,5;20,5
PARIS-MONTSOURIS;20170608;12,1;28
PARIS-MONTSOURIS;20170609;15,6;23
PARIS-MONTSOURIS;20170610;15,2;28
PARIS-MONTSOURIS;20170611;16,3;29,9
PARIS-MONTSOURIS;20170612;14,1;21,6
PARIS-MONTSOURIS;20170613;12,9;24,7
PARIS-MONTSOURIS;20170614;16,7;30
PARIS-MONTSOURIS;20170615;19,5;28,3
PARIS-MONTSOURIS;20170616;14;23,6
PARIS-MONTSOURIS;20170617;15,4;28,2
PARIS-MONTSOURIS;20170618;19,3;30,5
PARIS-MONTSOURIS;20170619;18,9;34,4
PARIS-MONTSOURIS;20170620;21,2;34,6
PARIS-MONTSOURIS;20170621;23,4;36,9
PARIS-MONTSOURIS;20170622;23,7;34,7
PARIS-MONTSOURIS;20170623;16,5;24,4
PARIS-MONTSOURIS;20170624;16,8;26
PARIS-MONTSOURIS;20170625;18,6;27,5
PARIS-MONTSOURIS;20170626;17;29,5
PARIS-MONTSOURIS;20170627;19,6;25,8
PARIS-MONTSOURIS;20170628;16,9;24,4
PARIS-MONTSOURIS;20170629;15,1;22,4
PARIS-MONTSOURIS;20170630;14;20,4
PARIS-MONTSOURIS;20170701;14,6;21,1
PARIS-MONTSOURIS;20170702;13,5;23,5
PARIS-MONTSOURIS;20170703;14,8;24,8
PARIS-MONTSOURIS;20170704;14,9;29,1
PARIS-MONTSOURIS;20170705;17,4;32,8
PARIS-MONTSOURIS;20170706;20,2;35,2
PARIS-MONTSOURIS;20170707;21,8;33,5
PARIS-MONTSOURIS;20170708;19;30,6
PARIS-MONTSOURIS;20170709;19,6;29,1
PARIS-MONTSOURIS;20170710;16,3;22,9
PARIS-MONTSOURIS;20170711;14,7;25
PARIS-MONTSOURIS;20170712;16,5;23,3
PARIS-MONTSOURIS;20170713;15,5;25,4
PARIS-MONTSOURIS;20170714;15,1;23,2
PARIS-MONTSOURIS;20170715;14,1;25,8
PARIS-MONTSOURIS;20170716;18,8;29,2
PARIS-MONTSOURIS;20170717;17,9;30,1
PARIS-MONTSOURIS;20170718;19,5;33,9
PARIS-MONTSOURIS;20170719;23,1;29,4
PARIS-MONTSOURIS;20170720;18,3;22,9
PARIS-MONTSOURIS;20170721;14,7;25,3
PARIS-MONTSOURIS;20170722;16,5;21,9
PARIS-MONTSOURIS;20170723;13,7;21,9
PARIS-MONTSOURIS;20170724;13,8;20,9
PARIS-MONTSOURIS;20170725;15,8;22
PARIS-MONTSOURIS;20170726;13;24,1
PARIS-MONTSOURIS;20170727;17,2;22,1
PARIS-MONTSOURIS;20170728;16,1;23,3
PARIS-MONTSOURIS;20170729;18,3;28,9
PARIS-MONTSOURIS;20170730;19,9;25,9
PARIS-MONTSOURIS;20170731;14,7;24,1
PARIS-MONTSOURIS;20170801;16,7;26,8
PARIS-MONTSOURIS;20170802;17,2;30,1
PARIS-MONTSOURIS;20170803;18,2;26,6
PARIS-MONTSOURIS;20170804;17,9;26,1
PARIS-MONTSOURIS;20170805;15,6;24,1
PARIS-MONTSOURIS;20170806;13,5;24,4
PARIS-MONTSOURIS;20170807;13,8;27,5
PARIS-MONTSOURIS;20170808;15,7;20,2
PARIS-MONTSOURIS;20170809;13,6;19,7
PARIS-MONTSOURIS;20170810;12,6;20,3
PARIS-MONTSOURIS;20170811;14;21
PARIS-MONTSOURIS;20170812;13,9;20,7
PARIS-MONTSOURIS;20170813;12,9;23,9
PARIS-MONTSOURIS;20170814;11,9;28,3
PARIS-MONTSOURIS;20170815;17,6;26,6
PARIS-MONTSOURIS;20170816;15,7;26
PARIS-MONTSOURIS;20170817;16,6;24,8
PARIS-MONTSOURIS;20170818;17,4;23,1
PARIS-MONTSOURIS;20170819;12,2;21,9
PARIS-MONTSOURIS;20170820;11,9;23,1
PARIS-MONTSOURIS;20170821;16,3;23,8
PARIS-MONTSOURIS;20170822;16,3;28,9
PARIS-MONTSOURIS;20170823;17,4;28,1
PARIS-MONTSOURIS;20170824;15,5;25,1
PARIS-MONTSOURIS;20170825;17;23
PARIS-MONTSOURIS;20170826;17,6;28,5
PARIS-MONTSOURIS;20170827;17,9;28,9
PARIS-MONTSOURIS;20170828;18,9;30,5
PARIS-MONTSOURIS;20170829;19,6;32,9
PARIS-MONTSOURIS;20170830;16,1;23,4
PARIS-MONTSOURIS;20170831;12;21,6
PARIS-MONTSOURIS;20170901;13,8;22,7
PARIS-MONTSOURIS;20170902;12,7;21
PARIS-MONTSOURIS;20170903;11;21,9
PARIS-MONTSOURIS;20170904;16;25
PARIS-MONTSOURIS;20170905;18,7;22
PARIS-MONTSOURIS;20170906;14,3;21
PARIS-MONTSOURIS;20170907;13,2;20,5
PARIS-MONTSOURIS;20170908;15,4;19,8
PARIS-MONTSOURIS;20170909;13,2;18,4
PARIS-MONTSOURIS;20170910;10,2;19,8
PARIS-MONTSOURIS;20170911;12;18,4
PARIS-MONTSOURIS;20170912;11,6;19,2
PARIS-MONTSOURIS;20170913;12,3;18,4
PARIS-MONTSOURIS;20170914;11,3;16,8
PARIS-MONTSOURIS;20170915;9,6;17,8
PARIS-MONTSOURIS;20170916;8,3;16,4
PARIS-MONTSOURIS;20170917;9;17,2
PARIS-MONTSOURIS;20170918;7,9;17,9
PARIS-MONTSOURIS;20170919;10,4;17,3
PARIS-MONTSOURIS;20170920;7;18,6
PARIS-MONTSOURIS;20170921;8,8;21,4
PARIS-MONTSOURIS;20170922;12,7;20,3
PARIS-MONTSOURIS;20170923;10,2;21
PARIS-MONTSOURIS;20170924;11,4;23,5
PARIS-MONTSOURIS;20170925;15,1;22,1
PARIS-MONTSOURIS;20170926;15,1;21,7
PARIS-MONTSOURIS;20170927;12,6;20,1
PARIS-MONTSOURIS;20170928;14,6;20,1
PARIS-MONTSOURIS;20170929;15,1;25,6
PARIS-MONTSOURIS;20170930;13,6;18,7
PARIS-MONTSOURIS;20171001;13;16,2
PARIS-MONTSOURIS;20171002;14,8;19,8
PARIS-MONTSOURIS;20171003;11,9;17,5
PARIS-MONTSOURIS;20171004;9,7;17,9
PARIS-MONTSOURIS;20171005;9,9;16,8
PARIS-MONTSOURIS;20171006;9,3;16,4
PARIS-MONTSOURIS;20171007;5,9;16,4
PARIS-MONTSOURIS;20171008;12,7;17,5
PARIS-MONTSOURIS;20171009;11,4;18,7
PARIS-MONTSOURIS;20171010;13,4;17,6
PARIS-MONTSOURIS;20171011;14,3;18,7
PARIS-MONTSOURIS;20171012;14,5;20,6
PARIS-MONTSOURIS;20171013;14,2;22,3
PARIS-MONTSOURIS;20171014;12,6;23,6
PARIS-MONTSOURIS;20171015;11,6;24,4
PARIS-MONTSOURIS;20171016;13,7;25,2
PARIS-MONTSOURIS;20171017;14,1;23,7
PARIS-MONTSOURIS;20171018;12,1;20,9
PARIS-MONTSOURIS;20171019;12,9;22,2
PARIS-MONTSOURIS;20171020;11,4;17,1
PARIS-MONTSOURIS;20171021;10,9;17,7
PARIS-MONTSOURIS;20171022;9,6;14,1
PARIS-MONTSOURIS;20171023;10,2;15,2
PARIS-MONTSOURIS;20171024;13,3;19,2
PARIS-MONTSOURIS;20171025;14,3;19,5
PARIS-MONTSOURIS;20171026;11,7;15,6
PARIS-MONTSOURIS;20171027;12;16,7
PARIS-MONTSOURIS;20171028;7,1;14,5
PARIS-MONTSOURIS;20171029;11,1;15,4
PARIS-MONTSOURIS;20171030;6,8;12,4
PARIS-MONTSOURIS;20171031;5,1;13,4
PARIS-MONTSOURIS;20171101;5;13,7
PARIS-MONTSOURIS;20171102;7,2;14,2
PARIS-MONTSOURIS;20171103;10,9;17
PARIS-MONTSOURIS;20171104;9,2;15,8
PARIS-MONTSOURIS;20171105;6,7;10,6
PARIS-MONTSOURIS;20171106;5,4;11,2
PARIS-MONTSOURIS;20171107;2,8;9,4
PARIS-MONTSOURIS;20171108;1,2;9,4
PARIS-MONTSOURIS;20171109;7,3;11,3
PARIS-MONTSOURIS;20171110;8,5;13,6
PARIS-MONTSOURIS;20171111;8,7;13,5
PARIS-MONTSOURIS;20171112;6,7;12,6
PARIS-MONTSOURIS;20171113;6,1;9,7
PARIS-MONTSOURIS;20171114;3,8;11
PARIS-MONTSOURIS;20171115;5,1;9,8
PARIS-MONTSOURIS;20171116;6,4;11,7
PARIS-MONTSOURIS;20171117;8,5;10,6
PARIS-MONTSOURIS;20171118;3,9;9,6
PARIS-MONTSOURIS;20171119;6,2;8,8
PARIS-MONTSOURIS;20171120;4,6;10,3
PARIS-MONTSOURIS;20171121;7,9;10,8
PARIS-MONTSOURIS;20171122;7,5;14
PARIS-MONTSOURIS;20171123;10,7;16,8
PARIS-MONTSOURIS;20171124;9,7;12,1
PARIS-MONTSOURIS;20171125;4,6;7
PARIS-MONTSOURIS;20171126;3,3;8
PARIS-MONTSOURIS;20171127;4,7;8,5
PARIS-MONTSOURIS;20171128;5,7;10,5
PARIS-MONTSOURIS;20171129;1,9;5,8
PARIS-MONTSOURIS;20171130;2,1;5,2
PARIS-MONTSOURIS;20171201;0,8;4,5
PARIS-MONTSOURIS;20171202;-0,3;1,8
PARIS-MONTSOURIS;20171203;-1,9;5,8
PARIS-MONTSOURIS;20171204;2,9;9,4
PARIS-MONTSOURIS;20171205;3,1;8,3
PARIS-MONTSOURIS;20171206;5,4;6,7
PARIS-MONTSOURIS;20171207;2,1;9,5
PARIS-MONTSOURIS;20171208;2,2;5,2
PARIS-MONTSOURIS;20171209;0,5;6
PARIS-MONTSOURIS;20171210;1,2;10,4
PARIS-MONTSOURIS;20171211;3,2;10,1
PARIS-MONTSOURIS;20171212;1,8;6,7
PARIS-MONTSOURIS;20171213;3,2;9,5
PARIS-MONTSOURIS;20171214;4,1;7,7
PARIS-MONTSOURIS;20171215;3,9;6,6
PARIS-MONTSOURIS;20171216;4,6;6,2
PARIS-MONTSOURIS;20171217;2,8;9,2
PARIS-MONTSOURIS;20171218;4,5;8,6
PARIS-MONTSOURIS;20171219;3,4;6,4
PARIS-MONTSOURIS;20171220;3,6;9,4
PARIS-MONTSOURIS;20171221;9;11,2
PARIS-MONTSOURIS;20171222;9;10,9
PARIS-MONTSOURIS;20171223;9,1;9,8
PARIS-MONTSOURIS;20171224;8,7;9,1
PARIS-MONTSOURIS;20171225;4,3;7,5
PARIS-MONTSOURIS;20171226;4,3;8,1
PARIS-MONTSOURIS;20171227;3,9;6,4
PARIS-MONTSOURIS;20171228;1,4;6,4
PARIS-MONTSOURIS;20171229;0,3;11,9
PARIS-MONTSOURIS;20171230;6,9;14,9
PARIS-MONTSOURIS;20171231;10,7;15,1
PARIS-MONTSOURIS;20180101;6,4;9,6
PARIS-MONTSOURIS;20180102;6,2;13,8
PARIS-MONTSOURIS;20180103;6,9;11,6
PARIS-MONTSOURIS;20180104;8,2;14,7
PARIS-MONTSOURIS;20180105;7,9;10,9
PARIS-MONTSOURIS;20180106;5,4;8,9
PARIS-MONTSOURIS;20180107;6;7
PARIS-MONTSOURIS;20180108;6,3;9,1
PARIS-MONTSOURIS;20180109;4,7;8,3
PARIS-MONTSOURIS;20180110;6,8;10,3
PARIS-MONTSOURIS;20180111;5,8;8,7
PARIS-MONTSOURIS;20180112;5,6;7,2
PARIS-MONTSOURIS;20180113;4,1;5,9
PARIS-MONTSOURIS;20180114;1,8;8,7
PARIS-MONTSOURIS;20180115;4,3;10,1
PARIS-MONTSOURIS;20180116;6,3;11
PARIS-MONTSOURIS;20180117;3,7;9,4
PARIS-MONTSOURIS;20180118;6;11,8
PARIS-MONTSOURIS;20180119;3,9;7,5
PARIS-MONTSOURIS;20180120;3,7;11,9
PARIS-MONTSOURIS;20180121;5,9;12,2
PARIS-MONTSOURIS;20180122;8;13,5
PARIS-MONTSOURIS;20180123;7,4;12,3
PARIS-MONTSOURIS;20180124;11,2;13,5
PARIS-MONTSOURIS;20180125;8,6;9,2
PARIS-MONTSOURIS;20180126;5,4;10,8
PARIS-MONTSOURIS;20180127;4,5;6,6
PARIS-MONTSOURIS;20180128;4,5;11,5
PARIS-MONTSOURIS;20180129;9,5;11,4
PARIS-MONTSOURIS;20180130;8,7;11,3
PARIS-MONTSOURIS;20180131;7,7;9,2
PARIS-MONTSOURIS;20180201;2,8;8,2
PARIS-MONTSOURIS;20180202;3,4;6,9
PARIS-MONTSOURIS;20180203;3,1;5,2
PARIS-MONTSOURIS;20180204;1,9;3,4
PARIS-MONTSOURIS;20180205;-1,2;1,9
PARIS-MONTSOURIS;20180206;-0,8;0,4
PARIS-MONTSOURIS;20180207;-1,8;0,2
PARIS-MONTSOURIS;20180208;-2,7;5,4
PARIS-MONTSOURIS;20180209;-4;2,3
PARIS-MONTSOURIS;20180210;0,1;6,3
PARIS-MONTSOURIS;20180211;2,7;8,6
PARIS-MONTSOURIS;20180212;0,7;7,1
PARIS-MONTSOURIS;20180213;-0,9;4,3
PARIS-MONTSOURIS;20180214;0,2;7,3
PARIS-MONTSOURIS;20180215;4,6;11,1
PARIS-MONTSOURIS;20180216;3,9;10,3
PARIS-MONTSOURIS;20180217;5,1;8,8
PARIS-MONTSOURIS;20180218;0,6;8,4
PARIS-MONTSOURIS;20180219;0,7;5,8
PARIS-MONTSOURIS;20180220;3,7;7,2
PARIS-MONTSOURIS;20180221;0,5;5,1
PARIS-MONTSOURIS;20180222;-1,2;5
PARIS-MONTSOURIS;20180223;-1,4;4,6
PARIS-MONTSOURIS;20180224;-0,8;6,1
PARIS-MONTSOURIS;20180225;-1,9;3,5
PARIS-MONTSOURIS;20180226;-3,8;0,7
PARIS-MONTSOURIS;20180227;-5,6;-1,5
PARIS-MONTSOURIS;20180228;-7;-0,6
PARIS-MONTSOURIS;20180301;-4,4;2,5
PARIS-MONTSOURIS;20180302;1,1;9,4
PARIS-MONTSOURIS;20180303;1,6;11,1
PARIS-MONTSOURIS;20180304;3,4;8,6
PARIS-MONTSOURIS;20180305;5;12,6
PARIS-MONTSOURIS;20180306;6;11,7
PARIS-MONTSOURIS;20180307;3,8;10,4
PARIS-MONTSOURIS;20180308;3,9;10,6
PARIS-MONTSOURIS;20180309;6,1;14,8
PARIS-MONTSOURIS;20180310;10,9;17,4
PARIS-MONTSOURIS;20180311;10,6;18,6
PARIS-MONTSOURIS;20180312;9,5;13,9
PARIS-MONTSOURIS;20180313;8,4;13,3
PARIS-MONTSOURIS;20180314;3,8;14,9
PARIS-MONTSOURIS;20180315;8,7;13,5
PARIS-MONTSOURIS;20180316;7,1;13,3
PARIS-MONTSOURIS;20180317;1,2;8,2
PARIS-MONTSOURIS;20180318;-0,6;1,8
PARIS-MONTSOURIS;20180319;-1,3;1,7
PARIS-MONTSOURIS;20180320;-1,3;8,8
PARIS-MONTSOURIS;20180321;1,1;8,8
PARIS-MONTSOURIS;20180322;2;8,6
PARIS-MONTSOURIS;20180323;5,1;7,2
PARIS-MONTSOURIS;20180324;5,9;14,1
PARIS-MONTSOURIS;20180325;7,5;15,7
PARIS-MONTSOURIS;20180326;7,1;13,8
PARIS-MONTSOURIS;20180327;5,9;13,5
PARIS-MONTSOURIS;20180328;7,2;14,6
PARIS-MONTSOURIS;20180329;3,4;12,6
PARIS-MONTSOURIS;20180330;5,6;11,1
PARIS-MONTSOURIS;20180331;4,9;11,1
PARIS-MONTSOURIS;20180401;6,8;11,8
PARIS-MONTSOURIS;20180402;7,5;16,9
PARIS-MONTSOURIS;20180403;10,4;15,4
PARIS-MONTSOURIS;20180404;8,2;14,4
PARIS-MONTSOURIS;20180405;7,3;11,7
PARIS-MONTSOURIS;20180406;5,7;19,5
PARIS-MONTSOURIS;20180407;10,5;21,6
PARIS-MONTSOURIS;20180408;11,6;23,5
PARIS-MONTSOURIS;20180409;11,9;16,1
PARIS-MONTSOURIS;20180410;10,3;17,4
PARIS-MONTSOURIS;20180411;7,5;20
PARIS-MONTSOURIS;20180412;10,1;14,9
PARIS-MONTSOURIS;20180413;9,8;18,9
PARIS-MONTSOURIS;20180414;9,9;17,5
PARIS-MONTSOURIS;20180415;8,9;17,8
PARIS-MONTSOURIS;20180416;9,2;18,5
PARIS-MONTSOURIS;20180417;8;22,6
PARIS-MONTSOURIS;20180418;11,4;27
PARIS-MONTSOURIS;20180419;13,4;28,7
PARIS-MONTSOURIS;20180420;15;29,2
PARIS-MONTSOURIS;20180421;16;28,5
PARIS-MONTSOURIS;20180422;15,3;27,7
PARIS-MONTSOURIS;20180423;13,3;19,9
PARIS-MONTSOURIS;20180424;10;21,4
PARIS-MONTSOURIS;20180425;12,6;17,3
PARIS-MONTSOURIS;20180426;7,8;16,7
PARIS-MONTSOURIS;20180427;7,8;20,1
PARIS-MONTSOURIS;20180428;11;16,5
PARIS-MONTSOURIS;20180429;9,8;12,3
PARIS-MONTSOURIS;20180430;5,2;6,8
PARIS-MONTSOURIS;20180501;4,3;14,6
PARIS-MONTSOURIS;20180502;4;18,1
PARIS-MONTSOURIS;20180503;7,8;17,9
PARIS-MONTSOURIS;20180504;8,2;20,1
PARIS-MONTSOURIS;20180505;10,4;25,1
PARIS-MONTSOURIS;20180506;13,8;28,5
PARIS-MONTSOURIS;20180507;15,6;27,3
PARIS-MONTSOURIS;20180508;15,3;28,5
PARIS-MONTSOURIS;20180509;12,9;23
PARIS-MONTSOURIS;20180510;11,8;17,7
PARIS-MONTSOURIS;20180511;9;22,8
PARIS-MONTSOURIS;20180512;11,4;22,3
PARIS-MONTSOURIS;20180513;9,5;15,4
PARIS-MONTSOURIS;20180514;10,9;14,3
PARIS-MONTSOURIS;20180515;12,1;21,4
PARIS-MONTSOURIS;20180516;11,9;22,9
PARIS-MONTSOURIS;20180517;10,4;20,4
PARIS-MONTSOURIS;20180518;7,3;20,1
PARIS-MONTSOURIS;20180519;8,1;21
PARIS-MONTSOURIS;20180520;8,8;24,5
PARIS-MONTSOURIS;20180521;12,7;24,7
PARIS-MONTSOURIS;20180522;15,2;24,3
PARIS-MONTSOURIS;20180523;13,3;22,5
PARIS-MONTSOURIS;20180524;14,7;25,7
PARIS-MONTSOURIS;20180525;15,3;27,7
PARIS-MONTSOURIS;20180526;16;28,5
PARIS-MONTSOURIS;20180527;18,4;29
PARIS-MONTSOURIS;20180528;18,7;28
PARIS-MONTSOURIS;20180529;16,3;24,4
PARIS-MONTSOURIS;20180530;15,5;26,7
PARIS-MONTSOURIS;20180531;17;25,9
PARIS-MONTSOURIS;20180601;16,5;21,7
PARIS-MONTSOURIS;20180602;16;24,6
PARIS-MONTSOURIS;20180603;16;27,3
PARIS-MONTSOURIS;20180604;18,5;26,5
PARIS-MONTSOURIS;20180605;16,2;22,6
PARIS-MONTSOURIS;20180606;14,8;24
PARIS-MONTSOURIS;20180607;17,1;25,1
PARIS-MONTSOURIS;20180608;17,4;26,2
PARIS-MONTSOURIS;20180609;16,1;25,1
PARIS-MONTSOURIS;20180610;17;25,9
PARIS-MONTSOURIS;20180611;18;21,1
PARIS-MONTSOURIS;20180612;14,6;20,5
PARIS-MONTSOURIS;20180613;11,4;18,3
PARIS-MONTSOURIS;20180614;11;21,4
PARIS-MONTSOURIS;20180615;14,4;24,9
PARIS-MONTSOURIS;20180616;14,8;23
PARIS-MONTSOURIS;20180617;14,5;21,8
PARIS-MONTSOURIS;20180618;17;24,3
PARIS-MONTSOURIS;20180619;17,4;25,9
PARIS-MONTSOURIS;20180620;16,6;29,1
PARIS-MONTSOURIS;20180621;16,6;21,5
PARIS-MONTSOURIS;20180622;10,9;22,4
PARIS-MONTSOURIS;20180623;10,5;22,9
PARIS-MONTSOURIS;20180624;14,4;23,5
PARIS-MONTSOURIS;20180625;13,9;25,8
PARIS-MONTSOURIS;20180626;16,1;28,2
PARIS-MONTSOURIS;20180627;15,9;29,8
PARIS-MONTSOURIS;20180628;17,2;29,2
PARIS-MONTSOURIS;20180629;18,6;29,7
PARIS-MONTSOURIS;20180630;18,4;33
PARIS-MONTSOURIS;20180701;21,7;33,8
PARIS-MONTSOURIS;20180702;20,7;31,3
PARIS-MONTSOURIS;20180703;19,9;30,5
PARIS-MONTSOURIS;20180704;20,4;30
PARIS-MONTSOURIS;20180705;20,4;26,8
PARIS-MONTSOURIS;20180706;17,7;30
PARIS-MONTSOURIS;20180707;19,8;31,4
PARIS-MONTSOURIS;20180708;20,6;30,7
PARIS-MONTSOURIS;20180709;17,4;27,3
PARIS-MONTSOURIS;20180710;17,1;23,7
PARIS-MONTSOURIS;20180711;15,1;22,6
PARIS-MONTSOURIS;20180712;15,5;26
PARIS-MONTSOURIS;20180713;18;28,7
PARIS-MONTSOURIS;20180714;18,4;30,7
PARIS-MONTSOURIS;20180715;19;31,5
PARIS-MONTSOURIS;20180716;19,7;30,9
PARIS-MONTSOURIS;20180717;18,8;26,9
PARIS-MONTSOURIS;20180718;17,8;29,4
PARIS-MONTSOURIS;20180719;18,5;31,2
PARIS-MONTSOURIS;20180720;19,3;26,5
PARIS-MONTSOURIS;20180721;16,7;26,9
PARIS-MONTSOURIS;20180722;18,3;27,9
PARIS-MONTSOURIS;20180723;19,8;30,9
PARIS-MONTSOURIS;20180724;20;32,4
PARIS-MONTSOURIS;20180725;22;34,4
PARIS-MONTSOURIS;20180726;22,4;36,2
PARIS-MONTSOURIS;20180727;21;37,4
PARIS-MONTSOURIS;20180728;19,6;26,3
PARIS-MONTSOURIS;20180729;18,6;28,9
PARIS-MONTSOURIS;20180730;19,4;29,1
PARIS-MONTSOURIS;20180731;20,8;28,7
PARIS-MONTSOURIS;20180801;18,6;30,9
PARIS-MONTSOURIS;20180802;18,8;33,3
PARIS-MONTSOURIS;20180803;20,7;35,4
PARIS-MONTSOURIS;20180804;22;33,8
PARIS-MONTSOURIS;20180805;18,4;31,8
PARIS-MONTSOURIS;20180806;19,5;34,4
PARIS-MONTSOURIS;20180807;21,2;36,9
PARIS-MONTSOURIS;20180808;18,1;27,6
PARIS-MONTSOURIS;20180809;16,1;19,4
PARIS-MONTSOURIS;20180810;12;23,5
PARIS-MONTSOURIS;20180811;15,1;25,5
PARIS-MONTSOURIS;20180812;15;31,5
PARIS-MONTSOURIS;20180813;18,2;25
PARIS-MONTSOURIS;20180814;17,3;25,2
PARIS-MONTSOURIS;20180815;17,6;26,4
PARIS-MONTSOURIS;20180816;16,4;31,4
PARIS-MONTSOURIS;20180817;16,4;25,4
PARIS-MONTSOURIS;20180818;14,9;25,7
PARIS-MONTSOURIS;20180819;16;28,7
PARIS-MONTSOURIS;20180820;19,5;24,1
PARIS-MONTSOURIS;20180821;19,4;26,7
PARIS-MONTSOURIS;20180822;18,1;29,8
PARIS-MONTSOURIS;20180823;17,1;26,3
PARIS-MONTSOURIS;20180824;14,7;21
PARIS-MONTSOURIS;20180825;13;20,3
PARIS-MONTSOURIS;20180826;9,9;23,6
PARIS-MONTSOURIS;20180827;17;23,5
PARIS-MONTSOURIS;20180828;13,2;28,1
PARIS-MONTSOURIS;20180829;17,1;21,4
PARIS-MONTSOURIS;20180830;15,6;21
PARIS-MONTSOURIS;20180831;14,2;23,3
PARIS-MONTSOURIS;20180901;12,4;23,5
PARIS-MONTSOURIS;20180902;12;25,2
PARIS-MONTSOURIS;20180903;14,5;25,3
PARIS-MONTSOURIS;20180904;17,3;20,3
PARIS-MONTSOURIS;20180905;18,2;25,9
PARIS-MONTSOURIS;20180906;17,8;21,9
PARIS-MONTSOURIS;20180907;13,6;20,6
PARIS-MONTSOURIS;20180908;10,5;23,9
PARIS-MONTSOURIS;20180909;12,2;29,5
PARIS-MONTSOURIS;20180910;15,5;24,7
PARIS-MONTSOURIS;20180911;13,8;29,2
PARIS-MONTSOURIS;20180912;16,1;27,4
PARIS-MONTSOURIS;20180913;15,4;17,8
PARIS-MONTSOURIS;20180914;12,7;20,9
PARIS-MONTSOURIS;20180915;11,3;22,6
PARIS-MONTSOURIS;20180916;12,2;25,1
PARIS-MONTSOURIS;20180917;12,8;29,2
PARIS-MONTSOURIS;20180918;16,7;24,4
PARIS-MONTSOURIS;20180919;17,1;25,3
PARIS-MONTSOURIS;20180920;15,1;25,6
PARIS-MONTSOURIS;20180921;13,7;18,8
PARIS-MONTSOURIS;20180922;11,7;20,2
PARIS-MONTSOURIS;20180923;13,2;22,9
PARIS-MONTSOURIS;20180924;9,1;17,7
PARIS-MONTSOURIS;20180925;8,6;17,9
PARIS-MONTSOURIS;20180926;7,9;21,7
PARIS-MONTSOURIS;20180927;9,1;25,6
PARIS-MONTSOURIS;20180928;13,1;18,9
PARIS-MONTSOURIS;20180929;8,7;18,5
PARIS-MONTSOURIS;20180930;7,2;17,8
PARIS-MONTSOURIS;20181001;10,2;16,1
PARIS-MONTSOURIS;20181002;10,2;16,2
PARIS-MONTSOURIS;20181003;14,5;18,9
PARIS-MONTSOURIS;20181004;11;20,7
PARIS-MONTSOURIS;20181005;9,2;24,5
PARIS-MONTSOURIS;20181006;11,4;24
PARIS-MONTSOURIS;20181007;12,7;15,4
PARIS-MONTSOURIS;20181008;8,9;18,2
PARIS-MONTSOURIS;20181009;9,5;23,1
PARIS-MONTSOURIS;20181010;12,4;25
PARIS-MONTSOURIS;20181011;15,4;25,7
PARIS-MONTSOURIS;20181012;15,1;25,2
PARIS-MONTSOURIS;20181013;15,7;27,2
PARIS-MONTSOURIS;20181014;14,7;26,4
PARIS-MONTSOURIS;20181015;16;26,4
PARIS-MONTSOURIS;20181016;15,1;25,6
PARIS-MONTSOURIS;20181017;14,1;20,7
PARIS-MONTSOURIS;20181018;12,5;20,5
PARIS-MONTSOURIS;20181019;10,6;18,4
PARIS-MONTSOURIS;20181020;9;17,5
PARIS-MONTSOURIS;20181021;7,2;18,2
PARIS-MONTSOURIS;20181022;11,3;14,9
PARIS-MONTSOURIS;20181023;6,7;16,8
PARIS-MONTSOURIS;20181024;11,8;16,1
PARIS-MONTSOURIS;20181025;12,3;15,8
PARIS-MONTSOURIS;20181026;9,4;14,3
PARIS-MONTSOURIS;20181027;5,1;9,8
PARIS-MONTSOURIS;20181028;4,7;8,1
PARIS-MONTSOURIS;20181029;3,6;5,8
PARIS-MONTSOURIS;20181030;3,4;11,3
PARIS-MONTSOURIS;20181031;3,6;11
PARIS-MONTSOURIS;20181101;7,5;12,3
PARIS-MONTSOURIS;20181102;6,4;12,3
PARIS-MONTSOURIS;20181103;3,1;11,3
PARIS-MONTSOURIS;20181104;3,8;11,5
PARIS-MONTSOURIS;20181105;9,1;18,6
PARIS-MONTSOURIS;20181106;12,2;19,4
PARIS-MONTSOURIS;20181107;9;13,5
PARIS-MONTSOURIS;20181108;7;12,5
PARIS-MONTSOURIS;20181109;6,5;14,6
PARIS-MONTSOURIS;20181110;11;12,4
PARIS-MONTSOURIS;20181111;11;12,4
PARIS-MONTSOURIS;20181112;10,1;11,7
PARIS-MONTSOURIS;20181113;9,7;15,4
PARIS-MONTSOURIS;20181114;6;13,8
PARIS-MONTSOURIS;20181115;8;10,2
PARIS-MONTSOURIS;20181116;6,6;8,7
PARIS-MONTSOURIS;20181117;3,1;8,2
PARIS-MONTSOURIS;20181118;2,9;7,8
PARIS-MONTSOURIS;20181119;0,5;6,3
PARIS-MONTSOURIS;20181120;1,8;3,1
PARIS-MONTSOURIS;20181121;-1,6;6,5
PARIS-MONTSOURIS;20181122;1,3;5,4
PARIS-MONTSOURIS;20181123;2,7;7,3
PARIS-MONTSOURIS;20181124;5,9;8,9
PARIS-MONTSOURIS;20181125;5,5;8,5
PARIS-MONTSOURIS;20181126;4,9;6,6
PARIS-MONTSOURIS;20181127;6;10,3
PARIS-MONTSOURIS;20181128;6,6;11,5
PARIS-MONTSOURIS;20181129;10,3;14,6
PARIS-MONTSOURIS;20181130;9;13,5
PARIS-MONTSOURIS;20181201;5,9;13,3
PARIS-MONTSOURIS;20181202;10,5;15,9
PARIS-MONTSOURIS;20181203;11,6;14,7
PARIS-MONTSOURIS;20181204;9,9;11,8
PARIS-MONTSOURIS;20181205;8,4;12,4
PARIS-MONTSOURIS;20181206;10,6;14
PARIS-MONTSOURIS;20181207;8,6;12,2
PARIS-MONTSOURIS;20181208;6,9;12,5
PARIS-MONTSOURIS;20181209;9,4;11,2
PARIS-MONTSOURIS;20181210;7,4;10,6
PARIS-MONTSOURIS;20181211;4,7;8,5
PARIS-MONTSOURIS;20181212;0,1;5,8
PARIS-MONTSOURIS;20181213;0,2;4,3
PARIS-MONTSOURIS;20181214;-1,5;3
PARIS-MONTSOURIS;20181215;-0,9;4
PARIS-MONTSOURIS;20181216;0,7;7,6
PARIS-MONTSOURIS;20181217;4,8;8,4
PARIS-MONTSOURIS;20181218;4,2;8,7
PARIS-MONTSOURIS;20181219;7,4;10,8
PARIS-MONTSOURIS;20181220;7,1;12
PARIS-MONTSOURIS;20181221;8,1;15,1
PARIS-MONTSOURIS;20181222;11,1;13,2
PARIS-MONTSOURIS;20181223;9,3;14,3
PARIS-MONTSOURIS;20181224;7,3;9,6
PARIS-MONTSOURIS;20181225;2,1;7,6
PARIS-MONTSOURIS;20181226;-0,4;3
PARIS-MONTSOURIS;20181227;-1,3;0,8
PARIS-MONTSOURIS;20181228;-0,2;2,2
PARIS-MONTSOURIS;20181229;1,4;8,4
PARIS-MONTSOURIS;20181230;7;9,5
PARIS-MONTSOURIS;20181231;8,5;9,9
PARIS-MONTSOURIS;20190101;7,6;8,8
PARIS-MONTSOURIS;20190102;5,6;7,2
PARIS-MONTSOURIS;20190103;4,1;6,6
PARIS-MONTSOURIS;20190104;3,1;6
PARIS-MONTSOURIS;20190105;4,2;5,9
PARIS-MONTSOURIS;20190106;4,3;6,9
PARIS-MONTSOURIS;20190107;6;9,7
PARIS-MONTSOURIS;20190108;7,4;9,6
PARIS-MONTSOURIS;20190109;4;6,3
PARIS-MONTSOURIS;20190110;2,1;5,5
PARIS-MONTSOURIS;20190111;4,2;8,3
PARIS-MONTSOURIS;20190112;6,7;10,1
PARIS-MONTSOURIS;20190113;8,8;11,9
PARIS-MONTSOURIS;20190114;8,5;9,4
PARIS-MONTSOURIS;20190115;6,9;8,6
PARIS-MONTSOURIS;20190116;1,9;7,8
PARIS-MONTSOURIS;20190117;4;8,5
PARIS-MONTSOURIS;20190118;0,6;6,1
PARIS-MONTSOURIS;20190119;-1,7;2,8
PARIS-MONTSOURIS;20190120;1,9;3,1
PARIS-MONTSOURIS;20190121;-2,2;3,6
PARIS-MONTSOURIS;20190122;-2,4;2,1
PARIS-MONTSOURIS;20190123;0,6;1,9
PARIS-MONTSOURIS;20190124;-0,4;2,5
PARIS-MONTSOURIS;20190125;1,7;8,6
PARIS-MONTSOURIS;20190126;5,5;9,6
PARIS-MONTSOURIS;20190127;4,4;8,2
PARIS-MONTSOURIS;20190128;2,7;6,9
PARIS-MONTSOURIS;20190129;-0,8;5,2
PARIS-MONTSOURIS;20190130;0,5;5,2
PARIS-MONTSOURIS;20190131;-1;4,5
PARIS-MONTSOURIS;20190201;2,2;7,7
PARIS-MONTSOURIS;20190202;3,5;5,2
PARIS-MONTSOURIS;20190203;2,4;6,6
PARIS-MONTSOURIS;20190204;-0,8;4,2
PARIS-MONTSOURIS;20190205;3,1;8,8
PARIS-MONTSOURIS;20190206;3;10,1
PARIS-MONTSOURIS;20190207;6,8;11,6
PARIS-MONTSOURIS;20190208;6,6;10,1
PARIS-MONTSOURIS;20190209;7,7;12,3
PARIS-MONTSOURIS;20190210;6,9;10,4
PARIS-MONTSOURIS;20190211;3,9;9,7
PARIS-MONTSOURIS;20190212;1,6;8,8
PARIS-MONTSOURIS;20190213;-0,1;8,6
PARIS-MONTSOURIS;20190214;1,3;13,4
PARIS-MONTSOURIS;20190215;2,8;15,2
PARIS-MONTSOURIS;20190216;2;16,2
PARIS-MONTSOURIS;20190217;3,7;17,4
PARIS-MONTSOURIS;20190218;3,8;15,2
PARIS-MONTSOURIS;20190219;7,3;10,7
PARIS-MONTSOURIS;20190220;2,3;13,5
PARIS-MONTSOURIS;20190221;4,1;16,4
PARIS-MONTSOURIS;20190222;5,2;18,1
PARIS-MONTSOURIS;20190223;6,7;16,6
PARIS-MONTSOURIS;20190224;4,1;15,6
PARIS-MONTSOURIS;20190225;6,2;17,9
PARIS-MONTSOURIS;20190226;6,8;19,3
PARIS-MONTSOURIS;20190227;5,4;20,4
PARIS-MONTSOURIS;20190228;7,6;15,3
PARIS-MONTSOURIS;20190301;9,2;11,9
PARIS-MONTSOURIS;20190302;8;12,9
PARIS-MONTSOURIS;20190303;10,1;15,1
PARIS-MONTSOURIS;20190304;7,5;11,2
PARIS-MONTSOURIS;20190305;5,2;12,6
PARIS-MONTSOURIS;20190306;7,9;12
PARIS-MONTSOURIS;20190307;7,2;13,1
PARIS-MONTSOURIS;20190308;5;14
PARIS-MONTSOURIS;20190309;8,5;15,1
PARIS-MONTSOURIS;20190310;9,8;14
PARIS-MONTSOURIS;20190311;4,4;10,4
PARIS-MONTSOURIS;20190312;4,7;13
PARIS-MONTSOURIS;20190313;4,6;11,4
PARIS-MONTSOURIS;20190314;7,1;12,2
PARIS-MONTSOURIS;20190315;10,8;14,6
PARIS-MONTSOURIS;20190316;9,4;14,7
PARIS-MONTSOURIS;20190317;5,2;9,8
PARIS-MONTSOURIS;20190318;4,4;11,1
PARIS-MONTSOURIS;20190319;4,1;13,6
PARIS-MONTSOURIS;20190320;4,8;13,9
PARIS-MONTSOURIS;20190321;7;16,9
PARIS-MONTSOURIS;20190322;6,7;18,8
PARIS-MONTSOURIS;20190323;6;14,4
PARIS-MONTSOURIS;20190324;8,5;13,2
PARIS-MONTSOURIS;20190325;5,6;13,2
PARIS-MONTSOURIS;20190326;6,6;13,2
PARIS-MONTSOURIS;20190327;5,6;14,3
PARIS-MONTSOURIS;20190328;7,1;15,6
PARIS-MONTSOURIS;20190329;6,8;18,8
PARIS-MONTSOURIS;20190330;6,6;20,5
PARIS-MONTSOURIS;20190331;8,5;21,5
PARIS-MONTSOURIS;20190401;8;21,6
PARIS-MONTSOURIS;20190402;8,1;17,6
PARIS-MONTSOURIS;20190403;4,6;11,1
PARIS-MONTSOURIS;20190404;2,4;12,7
PARIS-MONTSOURIS;20190405;2,8;14,2
PARIS-MONTSOURIS;20190406;5,9;18,5
PARIS-MONTSOURIS;20190407;9,5;15,6
PARIS-MONTSOURIS;20190408;8,1;17,3
PARIS-MONTSOURIS;20190409;9,3;14,8
PARIS-MONTSOURIS;20190410;9,4;12,4
PARIS-MONTSOURIS;20190411;4,3;14,7
PARIS-MONTSOURIS;20190412;3,6;12,1
PARIS-MONTSOURIS;20190413;2,3;11,1
PARIS-MONTSOURIS;20190414;1;11,2
PARIS-MONTSOURIS;20190415;3,7;16,9
PARIS-MONTSOURIS;20190416;10;13,5
PARIS-MONTSOURIS;20190417;7;20,1
PARIS-MONTSOURIS;20190418;11,7;23,8
PARIS-MONTSOURIS;20190419;11,9;26
PARIS-MONTSOURIS;20190420;14,2;27,2
PARIS-MONTSOURIS;20190421;12,8;25,5
PARIS-MONTSOURIS;20190422;12,3;25,3
PARIS-MONTSOURIS;20190423;14,7;21,5
PARIS-MONTSOURIS;20190424;12,1;17,5
PARIS-MONTSOURIS;20190425;10,5;16,5
PARIS-MONTSOURIS;20190426;6,1;17,1
PARIS-MONTSOURIS;20190427;8,2;13,4
PARIS-MONTSOURIS;20190428;7;13,3
PARIS-MONTSOURIS;20190429;6,7;17,5
PARIS-MONTSOURIS;20190430;8,4;17,9
PARIS-MONTSOURIS;20190501;7,9;19,7
PARIS-MONTSOURIS;20190502;10,3;15,3
PARIS-MONTSOURIS;20190503;8,2;16,7
PARIS-MONTSOURIS;20190504;3,6;10,7
PARIS-MONTSOURIS;20190505;4,1;12,3
PARIS-MONTSOURIS;20190506;4,3;13,6
PARIS-MONTSOURIS;20190507;5,9;17,3
PARIS-MONTSOURIS;20190508;10,3;15,8
PARIS-MONTSOURIS;20190509;9,9;15
PARIS-MONTSOURIS;20190510;9,9;17,4
PARIS-MONTSOURIS;20190511;9,6;17,4
PARIS-MONTSOURIS;20190512;6,8;16,5
PARIS-MONTSOURIS;20190513;7,1;18,9
PARIS-MONTSOURIS;20190514;8,8;19,5
PARIS-MONTSOURIS;20190515;9,7;19,7
PARIS-MONTSOURIS;20190516;8,6;18,6
PARIS-MONTSOURIS;20190517;9,9;19,3
PARIS-MONTSOURIS;20190518;12,1;19
PARIS-MONTSOURIS;20190519;12,1;18,1
PARIS-MONTSOURIS;20190520;11,5;19,6
PARIS-MONTSOURIS;20190521;11,6;19,9
PARIS-MONTSOURIS;20190522;10,6;22,4
PARIS-MONTSOURIS;20190523;10,9;23,5
PARIS-MONTSOURIS;20190524;15,1;23,1
PARIS-MONTSOURIS;20190525;13,9;20,8
PARIS-MONTSOURIS;20190526;13,7;19,9
PARIS-MONTSOURIS;20190527;14,8;21
PARIS-MONTSOURIS;20190528;11,1;17,9
PARIS-MONTSOURIS;20190529;9,8;19,8
PARIS-MONTSOURIS;20190530;14,4;21,2
PARIS-MONTSOURIS;20190531;14,2;25,9
PARIS-MONTSOURIS;20190601;14,8;29,8
PARIS-MONTSOURIS;20190602;17,3;32,8
PARIS-MONTSOURIS;20190603;18;21,9
PARIS-MONTSOURIS;20190604;15,8;28,6
PARIS-MONTSOURIS;20190605;11,4;16,4
PARIS-MONTSOURIS;20190606;10,4;21
PARIS-MONTSOURIS;20190607;14,4;17,5
PARIS-MONTSOURIS;20190608;11,7;20,1
PARIS-MONTSOURIS;20190609;12,3;21
PARIS-MONTSOURIS;20190610;13;18,9
PARIS-MONTSOURIS;20190611;9,5;19,8
PARIS-MONTSOURIS;20190612;9,7;18
PARIS-MONTSOURIS;20190613;10,3;19,8
PARIS-MONTSOURIS;20190614;13,5;23,6
PARIS-MONTSOURIS;20190615;13,8;22,3
PARIS-MONTSOURIS;20190616;14,1;23,4
PARIS-MONTSOURIS;20190617;13,5;27,4
PARIS-MONTSOURIS;20190618;16,4;29,7
PARIS-MONTSOURIS;20190619;19,2;26,7
PARIS-MONTSOURIS;20190620;14,6;21,5
PARIS-MONTSOURIS;20190621;13,5;22,8
PARIS-MONTSOURIS;20190622;13,5;25,5
PARIS-MONTSOURIS;20190623;17,2;29,9
PARIS-MONTSOURIS;20190624;20,4;31,4
PARIS-MONTSOURIS;20190625;21,7;33,2
PARIS-MONTSOURIS;20190626;21;34,6
PARIS-MONTSOURIS;20190627;20,2;33
PARIS-MONTSOURIS;20190628;19,5;33,9
PARIS-MONTSOURIS;20190629;21;36,5
PARIS-MONTSOURIS;20190630;19,8;28,8
PARIS-MONTSOURIS;20190701;17;24,8
PARIS-MONTSOURIS;20190702;14,5;26,4
PARIS-MONTSOURIS;20190703;14,7;26,9
PARIS-MONTSOURIS;20190704;14,2;28,8
PARIS-MONTSOURIS;20190705;16,6;32,3
PARIS-MONTSOURIS;20190706;19,2;32,3
PARIS-MONTSOURIS;20190707;17,7;27,8
PARIS-MONTSOURIS;20190708;15,5;24,9
PARIS-MONTSOURIS;20190709;13,2;26,1
PARIS-MONTSOURIS;20190710;15,7;28,5
PARIS-MONTSOURIS;20190711;19,7;29,4
PARIS-MONTSOURIS;20190712;17,1;27
PARIS-MONTSOURIS;20190713;17;26,9
PARIS-MONTSOURIS;20190714;14,2;23
PARIS-MONTSOURIS;20190715;13,2;25,5
PARIS-MONTSOURIS;20190716;13,8;27,1
PARIS-MONTSOURIS;20190717;15,7;29,5
PARIS-MONTSOURIS;20190718;17;27,8
PARIS-MONTSOURIS;20190719;17,9;29,2
PARIS-MONTSOURIS;20190720;18,8;28,2
PARIS-MONTSOURIS;20190721;17,4;28,1
PARIS-MONTSOURIS;20190722;17,4;33
PARIS-MONTSOURIS;20190723;21;37,6
PARIS-MONTSOURIS;20190724;23,3;39,5
PARIS-MONTSOURIS;20190725;25;42,6
PARIS-MONTSOURIS;20190726;22,3;30,2
PARIS-MONTSOURIS;20190727;16,3;23,2
PARIS-MONTSOURIS;20190728;15,7;25,1
PARIS-MONTSOURIS;20190729;15,5;29,4
PARIS-MONTSOURIS;20190730;17,4;25,9
PARIS-MONTSOURIS;20190731;15,2;24,4
PARIS-MONTSOURIS;20190801;16,5;27,4
PARIS-MONTSOURIS;20190802;17,9;28,1
PARIS-MONTSOURIS;20190803;16,1;25,6
PARIS-MONTSOURIS;20190804;16,9;31,5
PARIS-MONTSOURIS;20190805;18,4;27,3
PARIS-MONTSOURIS;20190806;18,5;23,8
PARIS-MONTSOURIS;20190807;17,4;26,5
PARIS-MONTSOURIS;20190808;16,4;29,9
PARIS-MONTSOURIS;20190809;21,1;24,6
PARIS-MONTSOURIS;20190810;18,3;26,1
PARIS-MONTSOURIS;20190811;14,5;23,1
PARIS-MONTSOURIS;20190812;13,8;21,1
PARIS-MONTSOURIS;20190813;12,4;21,3
PARIS-MONTSOURIS;20190814;14,1;25,2
PARIS-MONTSOURIS;20190815;17;23,9
PARIS-MONTSOURIS;20190816;14,1;25,4
PARIS-MONTSOURIS;20190817;17,8;20,5
PARIS-MONTSOURIS;20190818;17,9;22,7
PARIS-MONTSOURIS;20190819;14,7;23
PARIS-MONTSOURIS;20190820;15,8;23,3
PARIS-MONTSOURIS;20190821;12,8;24,7
PARIS-MONTSOURIS;20190822;14,1;27,3
PARIS-MONTSOURIS;20190823;14,9;29,3
PARIS-MONTSOURIS;20190824;16,6;31,6
PARIS-MONTSOURIS;20190825;18,3;32,8
PARIS-MONTSOURIS;20190826;18,5;33,4
PARIS-MONTSOURIS;20190827;20,6;33,4
PARIS-MONTSOURIS;20190828;19,2;29,9
PARIS-MONTSOURIS;20190829;18,8;25,2
PARIS-MONTSOURIS;20190830;14,4;28,8
PARIS-MONTSOURIS;20190831;17,6;31,6
PARIS-MONTSOURIS;20190901;15,7;23,2
PARIS-MONTSOURIS;20190902;12,8;23,2
PARIS-MONTSOURIS;20190903;13,8;23,7
PARIS-MONTSOURIS;20190904;13,1;24,6
PARIS-MONTSOURIS;20190905;12,5;19,1
PARIS-MONTSOURIS;20190906;9,9;21,5
PARIS-MONTSOURIS;20190907;14,1;19,9
PARIS-MONTSOURIS;20190908;11,5;19,2
PARIS-MONTSOURIS;20190909;9,6;19,8
PARIS-MONTSOURIS;20190910;11,4;23,3
PARIS-MONTSOURIS;20190911;14,5;24,1
PARIS-MONTSOURIS;20190912;17,1;23,8
PARIS-MONTSOURIS;20190913;16,6;24
PARIS-MONTSOURIS;20190914;13,8;26,3
PARIS-MONTSOURIS;20190915;14,6;27,7
PARIS-MONTSOURIS;20190916;15,7;25,9
PARIS-MONTSOURIS;20190917;16,9;22,7
PARIS-MONTSOURIS;20190918;10,9;20,1
PARIS-MONTSOURIS;20190919;10,3;20
PARIS-MONTSOURIS;20190920;11,1;23,7
PARIS-MONTSOURIS;20190921;11,5;27,7
PARIS-MONTSOURIS;20190922;16,3;22,1
PARIS-MONTSOURIS;20190923;13;22
PARIS-MONTSOURIS;20190924;14,9;19,6
PARIS-MONTSOURIS;20190925;13,4;19,7
PARIS-MONTSOURIS;20190926;16,1;21,6
PARIS-MONTSOURIS;20190927;13,7;20,4
PARIS-MONTSOURIS;20190928;13,5;19,5
PARIS-MONTSOURIS;20190929;13,4;20,2
PARIS-MONTSOURIS;20190930;12,4;19,1
PARIS-MONTSOURIS;20191001;15,5;21,6
PARIS-MONTSOURIS;20191002;12,2;17,4
PARIS-MONTSOURIS;20191003;5,6;13,3
PARIS-MONTSOURIS;20191004;9,5;16,8
PARIS-MONTSOURIS;20191005;13,2;17,8
PARIS-MONTSOURIS;20191006;13,7;18,3
PARIS-MONTSOURIS;20191007;11,9;17,4
PARIS-MONTSOURIS;20191008;12,9;15,5
PARIS-MONTSOURIS;20191009;10,7;16,8
PARIS-MONTSOURIS;20191010;11,1;18,1
PARIS-MONTSOURIS;20191011;10,8;20
PARIS-MONTSOURIS;20191012;11,5;20,5
PARIS-MONTSOURIS;20191013;14,7;24,9
PARIS-MONTSOURIS;20191014;15;24,3
PARIS-MONTSOURIS;20191015;13,2;16,4
PARIS-MONTSOURIS;20191016;11;17
PARIS-MONTSOURIS;20191017;11,9;16,6
PARIS-MONTSOURIS;20191018;10,6;17,3
PARIS-MONTSOURIS;20191019;12,1;15
PARIS-MONTSOURIS;20191020;10,6;12,9
PARIS-MONTSOURIS;20191021;10,4;15
PARIS-MONTSOURIS;20191022;7,4;14,2
PARIS-MONTSOURIS;20191023;10,8;14,6
PARIS-MONTSOURIS;20191024;11,7;17,3
PARIS-MONTSOURIS;20191025;10,2;17
PARIS-MONTSOURIS;20191026;10,7;20,1
PARIS-MONTSOURIS;20191027;7,7;12,6
PARIS-MONTSOURIS;20191028;7,4;13,3
PARIS-MONTSOURIS;20191029;8,1;11,8
PARIS-MONTSOURIS;20191030;8,3;10,8
PARIS-MONTSOURIS;20191031;8,8;12,8
PARIS-MONTSOURIS;20191101;10,9;16
PARIS-MONTSOURIS;20191102;12;14,4
PARIS-MONTSOURIS;20191103;10,7;13,3
PARIS-MONTSOURIS;20191104;10;15,1
PARIS-MONTSOURIS;20191105;7,6;13,1
PARIS-MONTSOURIS;20191106;9;13,1
PARIS-MONTSOURIS;20191107;8,1;11,3
PARIS-MONTSOURIS;20191108;4,1;10,5
PARIS-MONTSOURIS;20191109;4,3;9,8
PARIS-MONTSOURIS;20191110;5,6;7,6
PARIS-MONTSOURIS;20191111;4,5;8,9
PARIS-MONTSOURIS;20191112;3,7;9,1
PARIS-MONTSOURIS;20191113;3,3;11,1
PARIS-MONTSOURIS;20191114;4,9;7,5
PARIS-MONTSOURIS;20191115;0,8;5
PARIS-MONTSOURIS;20191116;1;6,7
PARIS-MONTSOURIS;20191117;5,5;9,2
PARIS-MONTSOURIS;20191118;5,3;8,4
PARIS-MONTSOURIS;20191119;5,1;9,9
PARIS-MONTSOURIS;20191120;0,7;7,5
PARIS-MONTSOURIS;20191121;0,8;10,6
PARIS-MONTSOURIS;20191122;5,3;11,8
PARIS-MONTSOURIS;20191123;8,9;10,9
PARIS-MONTSOURIS;20191124;7,1;12,4
PARIS-MONTSOURIS;20191125;7,9;13,9
PARIS-MONTSOURIS;20191126;10,6;13
PARIS-MONTSOURIS;20191127;10,3;12,3
PARIS-MONTSOURIS;20191128;10,3;12,5
PARIS-MONTSOURIS;20191129;8,2;9,7
PARIS-MONTSOURIS;20191130;4,5;9,2
PARIS-MONTSOURIS;20191201;3,3;4,3
PARIS-MONTSOURIS;20191202;1,3;7,1
PARIS-MONTSOURIS;20191203;2,5;6,2
PARIS-MONTSOURIS;20191204;0,4;6,5
PARIS-MONTSOURIS;20191205;-0,2;2
PARIS-MONTSOURIS;20191206;-0,6;10,1
PARIS-MONTSOURIS;20191207;7,9;11,8
PARIS-MONTSOURIS;20191208;9,3;12,4
PARIS-MONTSOURIS;20191209;6,1;10,5
PARIS-MONTSOURIS;20191210;1,4;7,5
PARIS-MONTSOURIS;20191211;6,6;8,5
PARIS-MONTSOURIS;20191212;2,4;8,6
PARIS-MONTSOURIS;20191213;5,9;12,1
PARIS-MONTSOURIS;20191214;7,1;11,2
PARIS-MONTSOURIS;20191215;8;10,5
PARIS-MONTSOURIS;20191216;8,2;11
PARIS-MONTSOURIS;20191217;9;15,4
PARIS-MONTSOURIS;20191218;5,3;11,3
PARIS-MONTSOURIS;20191219;8,9;14,7
PARIS-MONTSOURIS;20191220;9;12,5
PARIS-MONTSOURIS;20191221;7,1;11
PARIS-MONTSOURIS;20191222;8,5;10,8
PARIS-MONTSOURIS;20191223;7,9;10,8
PARIS-MONTSOURIS;20191224;7,9;13,5
PARIS-MONTSOURIS;20191225;7,4;10,7
PARIS-MONTSOURIS;20191226;4,2;11,6
PARIS-MONTSOURIS;20191227;9,1;10
PARIS-MONTSOURIS;20191228;5,9;8,6
PARIS-MONTSOURIS;20191229;1;6,2
PARIS-MONTSOURIS;20191230;0,4;8,3
PARIS-MONTSOURIS;20191231;-0,9;5,4
PARIS-MONTSOURIS;20200101;-0,8;5,6
PARIS-MONTSOURIS;20200102;4,3;9,2
PARIS-MONTSOURIS;20200103;8,4;12,2
PARIS-MONTSOURIS;20200104;4,3;9,1
PARIS-MONTSOURIS;20200105;7,1;9,1
PARIS-MONTSOURIS;20200106;1,6;8,4
PARIS-MONTSOURIS;20200107;5,5;11,9
PARIS-MONTSOURIS;20200108;8,8;12,4
PARIS-MONTSOURIS;20200109;11;12,6
PARIS-MONTSOURIS;20200110;7,4;9,5
PARIS-MONTSOURIS;20200111;4,2;8,8
PARIS-MONTSOURIS;20200112;3,1;9,2
PARIS-MONTSOURIS;20200113;6,6;10,6
PARIS-MONTSOURIS;20200114;9,5;12,4
PARIS-MONTSOURIS;20200115;8,5;13,1
PARIS-MONTSOURIS;20200116;4,8;13,9
PARIS-MONTSOURIS;20200117;6,4;12,3
PARIS-MONTSOURIS;20200118;2,8;9,3
PARIS-MONTSOURIS;20200119;3,3;7,5
PARIS-MONTSOURIS;20200120;2,3;6,4
PARIS-MONTSOURIS;20200121;0,6;5,6
PARIS-MONTSOURIS;20200122;-1,1;4
PARIS-MONTSOURIS;20200123;-0,4;4,5
PARIS-MONTSOURIS;20200124;-0,6;5,4
PARIS-MONTSOURIS;20200125;-0,7;6,7
PARIS-MONTSOURIS;20200126;2,4;9,3
PARIS-MONTSOURIS;20200127;7,7;9,3
PARIS-MONTSOURIS;20200128;5,5;8,3
PARIS-MONTSOURIS;20200129;5,3;10
PARIS-MONTSOURIS;20200130;4,1;13,4
PARIS-MONTSOURIS;20200131;11,4;14,7
PARIS-MONTSOURIS;20200201;11,5;14,4
PARIS-MONTSOURIS;20200202;11,1;16,2
PARIS-MONTSOURIS;20200203;11,1;13,9
PARIS-MONTSOURIS;20200204;5,8;9,4
PARIS-MONTSOURIS;20200205;7,2;10,1
PARIS-MONTSOURIS;20200206;2,5;10,9
PARIS-MONTSOURIS;20200207;2;11,8
PARIS-MONTSOURIS;20200208;7,8;10,7
PARIS-MONTSOURIS;20200209;7,2;14,3
PARIS-MONTSOURIS;20200210;7,2;12,3
PARIS-MONTSOURIS;20200211;4,6;9,9
PARIS-MONTSOURIS;20200212;4,1;10
PARIS-MONTSOURIS;20200213;5;13,6
PARIS-MONTSOURIS;20200214;8,9;12,3
PARIS-MONTSOURIS;20200215;6,4;14,2
PARIS-MONTSOURIS;20200216;11,4;18,2
PARIS-MONTSOURIS;20200217;7,8;13,5
PARIS-MONTSOURIS;20200218;4;11,7
PARIS-MONTSOURIS;20200219;5,4;10,2
PARIS-MONTSOURIS;20200220;7,8;11,5
PARIS-MONTSOURIS;20200221;2,8;10,7
PARIS-MONTSOURIS;20200222;5,1;13,1
PARIS-MONTSOURIS;20200223;9,8;13,8
PARIS-MONTSOURIS;20200224;10,8;13
PARIS-MONTSOURIS;20200225;7,3;12,3
PARIS-MONTSOURIS;20200226;2,8;7,4
PARIS-MONTSOURIS;20200227;3,6;11,8
PARIS-MONTSOURIS;20200228;1,7;11,1
PARIS-MONTSOURIS;20200229;6,5;13,3
PARIS-MONTSOURIS;20200301;2,3;9,5
PARIS-MONTSOURIS;20200302;4,2;9,3
PARIS-MONTSOURIS;20200303;2,1;9,4
PARIS-MONTSOURIS;20200304;3,3;8,8
PARIS-MONTSOURIS;20200305;6,7;12,9
PARIS-MONTSOURIS;20200306;6;10
PARIS-MONTSOURIS;20200307;3,6;11,7
PARIS-MONTSOURIS;20200308;7,6;11,3
PARIS-MONTSOURIS;20200309;5,5;12,7
PARIS-MONTSOURIS;20200310;7,3;15,2
PARIS-MONTSOURIS;20200311;12,7;17,4
PARIS-MONTSOURIS;20200312;8,8;13,9
PARIS-MONTSOURIS;20200313;4,9;12,4
PARIS-MONTSOURIS;20200314;6,9;11,9
PARIS-MONTSOURIS;20200315;7,4;17,1
PARIS-MONTSOURIS;20200316;7,9;11,6
PARIS-MONTSOURIS;20200317;9;15,7
PARIS-MONTSOURIS;20200318;11;18,4
PARIS-MONTSOURIS;20200319;8,6;20,9
PARIS-MONTSOURIS;20200320;10,6;17
PARIS-MONTSOURIS;20200321;6,5;8,7
PARIS-MONTSOURIS;20200322;5,6;11,8
PARIS-MONTSOURIS;20200323;2;12,1
PARIS-MONTSOURIS;20200324;1,9;13,8
PARIS-MONTSOURIS;20200325;1,8;13,4
PARIS-MONTSOURIS;20200326;3,4;11,7
PARIS-MONTSOURIS;20200327;4;13,9
PARIS-MONTSOURIS;20200328;5,7;17,5
PARIS-MONTSOURIS;20200329;4,5;10,6
PARIS-MONTSOURIS;20200330;0,1;10,6
PARIS-MONTSOURIS;20200331;3;12,7
PARIS-MONTSOURIS;20200401;2,1;14,1
PARIS-MONTSOURIS;20200402;3;11,4
PARIS-MONTSOURIS;20200403;7,2;14,9
PARIS-MONTSOURIS;20200404;6,2;17,9
PARIS-MONTSOURIS;20200405;7,2;23,2
PARIS-MONTSOURIS;20200406;10;16,8
PARIS-MONTSOURIS;20200407;10,9;24,1
PARIS-MONTSOURIS;20200408;11,1;25,6
PARIS-MONTSOURIS;20200409;11,3;27,1
PARIS-MONTSOURIS;20200410;12,2;26,4
PARIS-MONTSOURIS;20200411;13,8;26
PARIS-MONTSOURIS;20200412;13,7;26
PARIS-MONTSOURIS;20200413;12,2;18,2
PARIS-MONTSOURIS;20200414;3,6;14,5
PARIS-MONTSOURIS;20200415;5,6;20,7
PARIS-MONTSOURIS;20200416;8,5;24,6
PARIS-MONTSOURIS;20200417;13,6;24,9
PARIS-MONTSOURIS;20200418;14,7;24,1
PARIS-MONTSOURIS;20200419;12,5;21,2
PARIS-MONTSOURIS;20200420;10,9;22,6
PARIS-MONTSOURIS;20200421;11;21,6
PARIS-MONTSOURIS;20200422;11,4;23
PARIS-MONTSOURIS;20200423;11,4;26,1
PARIS-MONTSOURIS;20200424;14,3;24,7
PARIS-MONTSOURIS;20200425;12,6;21,5
PARIS-MONTSOURIS;20200426;7,9;21,8
PARIS-MONTSOURIS;20200427;9,7;25,6
PARIS-MONTSOURIS;20200428;13,3;18,8
PARIS-MONTSOURIS;20200429;10,3;16,9
PARIS-MONTSOURIS;20200430;8,7;15
PARIS-MONTSOURIS;20200501;8,9;18
PARIS-MONTSOURIS;20200502;7,7;17,9
PARIS-MONTSOURIS;20200503;10,7;21,2
PARIS-MONTSOURIS;20200504;12,5;20,6
PARIS-MONTSOURIS;20200505;10,9;15,6
PARIS-MONTSOURIS;20200506;12,2;21,9
PARIS-MONTSOURIS;20200507;9,6;23,4
PARIS-MONTSOURIS;20200508;11,7;25,6
PARIS-MONTSOURIS;20200509;16,7;24,7
PARIS-MONTSOURIS;20200510;14,7;23,4
PARIS-MONTSOURIS;20200511;6,3;15,2
PARIS-MONTSOURIS;20200512;5,1;15,5
PARIS-MONTSOURIS;20200513;6,6;17,1
PARIS-MONTSOURIS;20200514;5,5;16,4
PARIS-MONTSOURIS;20200515;5,9;18,8
PARIS-MONTSOURIS;20200516;7,6;20
PARIS-MONTSOURIS;20200517;8,9;21,5
PARIS-MONTSOURIS;20200518;11,5;24,2
PARIS-MONTSOURIS;20200519;11,6;25,1
PARIS-MONTSOURIS;20200520;13,8;28,7
PARIS-MONTSOURIS;20200521;16,3;30,5
PARIS-MONTSOURIS;20200522;17,5;26,7
PARIS-MONTSOURIS;20200523;11,9;20,3
PARIS-MONTSOURIS;20200524;10,4;20,9
PARIS-MONTSOURIS;20200525;11,9;24,6
PARIS-MONTSOURIS;20200526;14,1;26
PARIS-MONTSOURIS;20200527;15;26,6
PARIS-MONTSOURIS;20200528;12,6;25,3
PARIS-MONTSOURIS;20200529;13,8;25,6
PARIS-MONTSOURIS;20200530;13,4;26,1
PARIS-MONTSOURIS;20200531;14,8;24,4
PARIS-MONTSOURIS;20200601;14,1;27,7
PARIS-MONTSOURIS;20200602;16,4;30,4
PARIS-MONTSOURIS;20200603;17,6;26,9
PARIS-MONTSOURIS;20200604;12,4;17,1
PARIS-MONTSOURIS;20200605;11,4;18
PARIS-MONTSOURIS;20200606;11,1;18,7
PARIS-MONTSOURIS;20200607;10;20,5
PARIS-MONTSOURIS;20200608;11,7;19,5
PARIS-MONTSOURIS;20200609;11,6;20,1
PARIS-MONTSOURIS;20200610;10,7;20,9
PARIS-MONTSOURIS;20200611;12,4;24,2
PARIS-MONTSOURIS;20200612;13,9;21,4
PARIS-MONTSOURIS;20200613;13;24,9
PARIS-MONTSOURIS;20200614;13,2;23,3
PARIS-MONTSOURIS;20200615;13,8;22,5
PARIS-MONTSOURIS;20200616;14,5;23,8
PARIS-MONTSOURIS;20200617;14,1;21,6
PARIS-MONTSOURIS;20200618;14,2;22,3
PARIS-MONTSOURIS;20200619;13;21,1
PARIS-MONTSOURIS;20200620;15,9;25
PARIS-MONTSOURIS;20200621;14,7;22,7
PARIS-MONTSOURIS;20200622;12,9;25,2
PARIS-MONTSOURIS;20200623;15,3;30,3
PARIS-MONTSOURIS;20200624;17,9;33,4
PARIS-MONTSOURIS;20200625;20,2;35,2
PARIS-MONTSOURIS;20200626;20,9;31,8
PARIS-MONTSOURIS;20200627;18,3;23,4
PARIS-MONTSOURIS;20200628;16,2;24,1
PARIS-MONTSOURIS;20200629;15;22,4
PARIS-MONTSOURIS;20200630;16;22,9
PARIS-MONTSOURIS;20200701;18;23,6
PARIS-MONTSOURIS;20200702;15,1;22
PARIS-MONTSOURIS;20200703;13,6;23
PARIS-MONTSOURIS;20200704;14,6;24
PARIS-MONTSOURIS;20200705;18,4;24,4
PARIS-MONTSOURIS;20200706;12,4;21,8
PARIS-MONTSOURIS;20200707;12,4;25,3
PARIS-MONTSOURIS;20200708;14;27,8
PARIS-MONTSOURIS;20200709;16,9;31,7
PARIS-MONTSOURIS;20200710;17,5;23,5
PARIS-MONTSOURIS;20200711;13,2;24,6
PARIS-MONTSOURIS;20200712;12,8;26,5
PARIS-MONTSOURIS;20200713;14,8;27,8
PARIS-MONTSOURIS;20200714;16,6;22,9
PARIS-MONTSOURIS;20200715;16,3;22,4
PARIS-MONTSOURIS;20200716;15,6;20,9
PARIS-MONTSOURIS;20200717;15,7;27,3
PARIS-MONTSOURIS;20200718;16,8;29
PARIS-MONTSOURIS;20200719;16,2;31
PARIS-MONTSOURIS;20200720;16,8;27,2
PARIS-MONTSOURIS;20200721;14,3;26,6
PARIS-MONTSOURIS;20200722;13,6;25,8
PARIS-MONTSOURIS;20200723;14,9;28,8
PARIS-MONTSOURIS;20200724;17,6;25,3
PARIS-MONTSOURIS;20200725;17,2;27,5
PARIS-MONTSOURIS;20200726;16,1;25,9
PARIS-MONTSOURIS;20200727;15,7;32
PARIS-MONTSOURIS;20200728;18;23,9
PARIS-MONTSOURIS;20200729;14,4;27,1
PARIS-MONTSOURIS;20200730;15;33,2
PARIS-MONTSOURIS;20200731;20,8;39,3
PARIS-MONTSOURIS;20200801;19,5;27,6
PARIS-MONTSOURIS;20200802;16,8;24,6
PARIS-MONTSOURIS;20200803;15,6;23,3
PARIS-MONTSOURIS;20200804;13,9;26,6
PARIS-MONTSOURIS;20200805;13,8;31,4
PARIS-MONTSOURIS;20200806;17,1;35,1
PARIS-MONTSOURIS;20200807;21;37,1
PARIS-MONTSOURIS;20200808;22,8;37,8
PARIS-MONTSOURIS;20200809;24,3;39,1
PARIS-MONTSOURIS;20200810;22,7;34,9
PARIS-MONTSOURIS;20200811;22,9;36,8
PARIS-MONTSOURIS;20200812;22,1;36,4
PARIS-MONTSOURIS;20200813;19,5;28,7
PARIS-MONTSOURIS;20200814;18,9;27,1
PARIS-MONTSOURIS;20200815;18,9;28,5
PARIS-MONTSOURIS;20200816;17,7;27,6
PARIS-MONTSOURIS;20200817;17;24,3
PARIS-MONTSOURIS;20200818;16,6;27
PARIS-MONTSOURIS;20200819;17,4;25,6
PARIS-MONTSOURIS;20200820;20,3;31,6
PARIS-MONTSOURIS;20200821;20,4;29,2
PARIS-MONTSOURIS;20200822;16,9;26,1
PARIS-MONTSOURIS;20200823;15,5;22,7
PARIS-MONTSOURIS;20200824;14,3;22,9
PARIS-MONTSOURIS;20200825;15,6;29,4
PARIS-MONTSOURIS;20200826;16,2;24,3
PARIS-MONTSOURIS;20200827;14,3;26,6
PARIS-MONTSOURIS;20200828;15,1;22,5
PARIS-MONTSOURIS;20200829;12,3;18,2
PARIS-MONTSOURIS;20200830;13,1;21,6
PARIS-MONTSOURIS;20200831;13,4;20,5
PARIS-MONTSOURIS;20200901;11,7;22,1
PARIS-MONTSOURIS;20200902;11,3;22,4
PARIS-MONTSOURIS;20200903;14,9;27,7
PARIS-MONTSOURIS;20200904;18,1;29,3
PARIS-MONTSOURIS;20200905;15,5;21,1
PARIS-MONTSOURIS;20200906;12,2;20,1
PARIS-MONTSOURIS;20200907;12,2;22,8
PARIS-MONTSOURIS;20200908;15;26
PARIS-MONTSOURIS;20200909;19,3;26,9
PARIS-MONTSOURIS;20200910;16,9;26,2
PARIS-MONTSOURIS;20200911;15,9;26,1
PARIS-MONTSOURIS;20200912;14,3;22,7
PARIS-MONTSOURIS;20200913;13,7;28,6
PARIS-MONTSOURIS;20200914;15,2;33,5
PARIS-MONTSOURIS;20200915;18;34,3
PARIS-MONTSOURIS;20200916;18,7;31,4
PARIS-MONTSOURIS;20200917;17,2;26
PARIS-MONTSOURIS;20200918;14,3;27,5
PARIS-MONTSOURIS;20200919;21,2;29
PARIS-MONTSOURIS;20200920;17,2;28
PARIS-MONTSOURIS;20200921;15,2;26,3
PARIS-MONTSOURIS;20200922;13,2;26
PARIS-MONTSOURIS;20200923;15,7;22,5
PARIS-MONTSOURIS;20200924;10,6;17,9
PARIS-MONTSOURIS;20200925;8,7;13,7
PARIS-MONTSOURIS;20200926;8,8;15
PARIS-MONTSOURIS;20200927;10,3;14,6
PARIS-MONTSOURIS;20200928;12,2;15,5
PARIS-MONTSOURIS;20200929;13,2;17,8
PARIS-MONTSOURIS;20200930;14,6;19,8
PARIS-MONTSOURIS;20201001;12,8;16,6
PARIS-MONTSOURIS;20201002;11;14,6
PARIS-MONTSOURIS;20201003;8,6;14,9
PARIS-MONTSOURIS;20201004;8,9;15,4
PARIS-MONTSOURIS;20201005;10,5;14
PARIS-MONTSOURIS;20201006;11,9;16,3
PARIS-MONTSOURIS;20201007;12;17,6
PARIS-MONTSOURIS;20201008;13,7;18,9
PARIS-MONTSOURIS;20201009;14,1;17
PARIS-MONTSOURIS;20201010;10,1;14,6
PARIS-MONTSOURIS;20201011;9,6;14
PARIS-MONTSOURIS;20201012;7,8;14,2
PARIS-MONTSOURIS;20201013;9,4;13,6
PARIS-MONTSOURIS;20201014;7,6;14,4
PARIS-MONTSOURIS;20201015;8,1;13,9
PARIS-MONTSOURIS;20201016;9,2;15
PARIS-MONTSOURIS;20201017;9,6;13,3
PARIS-MONTSOURIS;20201018;6,4;15,3
PARIS-MONTSOURIS;20201019;5,4;14,9
PARIS-MONTSOURIS;20201020;9,8;14,6
PARIS-MONTSOURIS;20201021;12,9;21,2
PARIS-MONTSOURIS;20201022;14;19,9
PARIS-MONTSOURIS;20201023;14,6;18,8
PARIS-MONTSOURIS;20201024;10,9;16
PARIS-MONTSOURIS;20201025;10,5;12,5
PARIS-MONTSOURIS;20201026;7;14,4
PARIS-MONTSOURIS;20201027;7,9;13,4
PARIS-MONTSOURIS;20201028;9,5;14,4
PARIS-MONTSOURIS;20201029;10,4;14,8
PARIS-MONTSOURIS;20201030;13,6;16,3
PARIS-MONTSOURIS;20201031;10,4;18
PARIS-MONTSOURIS;20201101;12,9;18,5
PARIS-MONTSOURIS;20201102;13,3;19,9
PARIS-MONTSOURIS;20201103;7,1;13
PARIS-MONTSOURIS;20201104;3,2;11,9
PARIS-MONTSOURIS;20201105;4,7;12,1
PARIS-MONTSOURIS;20201106;3,7;13,7
PARIS-MONTSOURIS;20201107;6,9;16,2
PARIS-MONTSOURIS;20201108;10,8;17,8
PARIS-MONTSOURIS;20201109;10,3;18,6
PARIS-MONTSOURIS;20201110;12,5;14,9
PARIS-MONTSOURIS;20201111;10,1;11,9
PARIS-MONTSOURIS;20201112;9,8;14,2
PARIS-MONTSOURIS;20201113;8;15,6
PARIS-MONTSOURIS;20201114;10,4;17,6
PARIS-MONTSOURIS;20201115;11,9;15,2
PARIS-MONTSOURIS;20201116;10,1;12,6
PARIS-MONTSOURIS;20201117;10,3;13,5
PARIS-MONTSOURIS;20201118;6,5;15,9
PARIS-MONTSOURIS;20201119;8,5;12,3
PARIS-MONTSOURIS;20201120;5,5;9,8
PARIS-MONTSOURIS;20201121;4,1;11,3
PARIS-MONTSOURIS;20201122;4,6;11,2
PARIS-MONTSOURIS;20201123;8,2;12,7
PARIS-MONTSOURIS;20201124;5,6;9,8
PARIS-MONTSOURIS;20201125;4,1;12,5
PARIS-MONTSOURIS;20201126;4,3;11,8
PARIS-MONTSOURIS;20201127;7,5;12
PARIS-MONTSOURIS;20201128;4,9;11,8
PARIS-MONTSOURIS;20201129;2,8;4,6
PARIS-MONTSOURIS;20201130;1;9,1
PARIS-MONTSOURIS;20201201;4,3;9,2
PARIS-MONTSOURIS;20201202;6,9;8,6
PARIS-MONTSOURIS;20201203;5,8;8
PARIS-MONTSOURIS;20201204;4,6;8,1
PARIS-MONTSOURIS;20201205;3;6,5
PARIS-MONTSOURIS;20201206;4;7
PARIS-MONTSOURIS;20201207;2,1;5,5
PARIS-MONTSOURIS;20201208;2,5;5,7
PARIS-MONTSOURIS;20201209;-0,6;4,3
PARIS-MONTSOURIS;20201210;3,1;8
PARIS-MONTSOURIS;20201211;6;11,6
PARIS-MONTSOURIS;20201212;8,7;11
PARIS-MONTSOURIS;20201213;3;9,3
PARIS-MONTSOURIS;20201214;7,7;12,2
PARIS-MONTSOURIS;20201215;9,3;12,3
PARIS-MONTSOURIS;20201216;5,5;10,8
PARIS-MONTSOURIS;20201217;8,3;10,7
PARIS-MONTSOURIS;20201218;5,5;11,8
PARIS-MONTSOURIS;20201219;6,3;11,6
PARIS-MONTSOURIS;20201220;8,5;11,6
PARIS-MONTSOURIS;20201221;7,7;14,2
PARIS-MONTSOURIS;20201222;13,2;15,5
PARIS-MONTSOURIS;20201223;11;13,9
PARIS-MONTSOURIS;20201224;5,5;8,2
PARIS-MONTSOURIS;20201225;3,7;6,4
PARIS-MONTSOURIS;20201226;1,4;6
PARIS-MONTSOURIS;20201227;4,2;7,5
PARIS-MONTSOURIS;20201228;3,3;5,6
PARIS-MONTSOURIS;20201229;1,9;5,1
PARIS-MONTSOURIS;20201230;2,7;7,4
PARIS-MONTSOURIS;20201231;3,6;6,2
PARIS-MONTSOURIS;20210101;0,6;4,1
PARIS-MONTSOURIS;20210102;-0,3;4,7
PARIS-MONTSOURIS;20210103;2,7;4,5
PARIS-MONTSOURIS;20210104;2,6;3,7
PARIS-MONTSOURIS;20210105;2,8;3,3
PARIS-MONTSOURIS;20210106;2,8;4,4
PARIS-MONTSOURIS;20210107;2,8;4,2
PARIS-MONTSOURIS;20210108;1,5;4,6
PARIS-MONTSOURIS;20210109;-0,2;4,6
PARIS-MONTSOURIS;20210110;-0,6;4,6
PARIS-MONTSOURIS;20210111;0,5;5,8
PARIS-MONTSOURIS;20210112;4,4;9,8
PARIS-MONTSOURIS;20210113;5,8;10,1
PARIS-MONTSOURIS;20210114;9;11,3
PARIS-MONTSOURIS;20210115;1,5;3,7
PARIS-MONTSOURIS;20210116;-0,2;5,9
PARIS-MONTSOURIS;20210117;1;7,9
PARIS-MONTSOURIS;20210118;2,6;8,2
PARIS-MONTSOURIS;20210119;4,7;7,4
PARIS-MONTSOURIS;20210120;5,3;12,9
PARIS-MONTSOURIS;20210121;5,8;10,2
PARIS-MONTSOURIS;20210122;4,2;8,4
PARIS-MONTSOURIS;20210123;2,9;6,1
PARIS-MONTSOURIS;20210124;-0,6;2,9
PARIS-MONTSOURIS;20210125;1,6;5,7
PARIS-MONTSOURIS;20210126;1;4,7
PARIS-MONTSOURIS;20210127;2,1;10,9
PARIS-MONTSOURIS;20210128;8;14,3
PARIS-MONTSOURIS;20210129;10,1;12,5
PARIS-MONTSOURIS;20210130;7,2;13,6
PARIS-MONTSOURIS;20210131;6,5;9,6
PARIS-MONTSOURIS;20210201;8,2;10,3
PARIS-MONTSOURIS;20210202;6,8;15,3
PARIS-MONTSOURIS;20210203;9,2;13,2
PARIS-MONTSOURIS;20210204;5,4;11,6
PARIS-MONTSOURIS;20210205;7;12,3
PARIS-MONTSOURIS;20210206;7,8;9
PARIS-MONTSOURIS;20210207;1;5,2
PARIS-MONTSOURIS;20210208;-0,9;0,5
PARIS-MONTSOURIS;20210209;-2,9;-0,6
PARIS-MONTSOURIS;20210210;-5,7;-0,6
PARIS-MONTSOURIS;20210211;-4,7;1
PARIS-MONTSOURIS;20210212;-3;1,6
PARIS-MONTSOURIS;20210213;-4,8;0,6
PARIS-MONTSOURIS;20210214;-4,6;3
PARIS-MONTSOURIS;20210215;1,3;9,1
PARIS-MONTSOURIS;20210216;6,2;11,9
PARIS-MONTSOURIS;20210217;8;13,5
PARIS-MONTSOURIS;20210218;7;10,6
PARIS-MONTSOURIS;20210219;5,1;14,3
PARIS-MONTSOURIS;20210220;7,6;18,6
PARIS-MONTSOURIS;20210221;7,8;19,1
PARIS-MONTSOURIS;20210222;10;15,4
PARIS-MONTSOURIS;20210223;10,6;18,2
PARIS-MONTSOURIS;20210224;9,7;20
PARIS-MONTSOURIS;20210225;9;17,5
PARIS-MONTSOURIS;20210226;7,9;12,6
PARIS-MONTSOURIS;20210227;3,7;11,5
PARIS-MONTSOURIS;20210228;3,5;11,6
PARIS-MONTSOURIS;20210301;3,4;14,2
PARIS-MONTSOURIS;20210302;4,8;17,2
PARIS-MONTSOURIS;20210303;8,3;18,8
PARIS-MONTSOURIS;20210304;9;12,3
PARIS-MONTSOURIS;20210305;4,1;6,7
PARIS-MONTSOURIS;20210306;0,9;9,7
PARIS-MONTSOURIS;20210307;-0,1;10
PARIS-MONTSOURIS;20210308;0,3;8,7
PARIS-MONTSOURIS;20210309;2,5;12,2
PARIS-MONTSOURIS;20210310;3;11,5
PARIS-MONTSOURIS;20210311;7,1;15,2
PARIS-MONTSOURIS;20210312;4,8;12,2
PARIS-MONTSOURIS;20210313;6,5;12,4
PARIS-MONTSOURIS;20210314;2,5;11,8
PARIS-MONTSOURIS;20210315;7;11,2
PARIS-MONTSOURIS;20210316;5,3;10,5
PARIS-MONTSOURIS;20210317;6,1;10,5
PARIS-MONTSOURIS;20210318;4,9;8,3
PARIS-MONTSOURIS;20210319;4,1;9,2
PARIS-MONTSOURIS;20210320;2,6;9,8
PARIS-MONTSOURIS;20210321;4,6;12,2
PARIS-MONTSOURIS;20210322;4,1;8,8
PARIS-MONTSOURIS;20210323;2,7;14,9
PARIS-MONTSOURIS;20210324;4,1;18,9
PARIS-MONTSOURIS;20210325;8,4;14,6
PARIS-MONTSOURIS;20210326;5;15,4
PARIS-MONTSOURIS;20210327;4,5;13,1
PARIS-MONTSOURIS;20210328;5,6;17,4
PARIS-MONTSOURIS;20210329;6,1;23,4
PARIS-MONTSOURIS;20210330;9,3;25,5
PARIS-MONTSOURIS;20210331;10,4;26
PARIS-MONTSOURIS;20210401;12,2;25,6
PARIS-MONTSOURIS;20210402;6,8;15
PARIS-MONTSOURIS;20210403;5,5;12,7
PARIS-MONTSOURIS;20210404;3,4;13,7
PARIS-MONTSOURIS;20210405;4,3;9,8
PARIS-MONTSOURIS;20210406;0,6;7,8
PARIS-MONTSOURIS;20210407;0;9,9
PARIS-MONTSOURIS;20210408;4,6;13,4
PARIS-MONTSOURIS;20210409;3,7;16,9
PARIS-MONTSOURIS;20210410;7,8;14,9
PARIS-MONTSOURIS;20210411;4,3;8,2
PARIS-MONTSOURIS;20210412;2,3;12,1
PARIS-MONTSOURIS;20210413;2,2;12,2
PARIS-MONTSOURIS;20210414;3,1;12,5
PARIS-MONTSOURIS;20210415;2,8;11,8
PARIS-MONTSOURIS;20210416;3,1;11,4
PARIS-MONTSOURIS;20210417;4,5;14,9
PARIS-MONTSOURIS;20210418;4,5;15
PARIS-MONTSOURIS;20210419;5,6;18
PARIS-MONTSOURIS;20210420;8,3;19,6
PARIS-MONTSOURIS;20210421;8,7;20,4
PARIS-MONTSOURIS;20210422;6,3;18,3
PARIS-MONTSOURIS;20210423;7,4;20,1
PARIS-MONTSOURIS;20210424;7,3;21
PARIS-MONTSOURIS;20210425;7,6;18,1
PARIS-MONTSOURIS;20210426;5,8;19,6
PARIS-MONTSOURIS;20210427;6,3;20,1
PARIS-MONTSOURIS;20210428;8,1;20,8
PARIS-MONTSOURIS;20210429;7,4;14,4
PARIS-MONTSOURIS;20210430;8;14,6
PARIS-MONTSOURIS;20210501;8,3;11,9
PARIS-MONTSOURIS;20210502;5,8;14,5
PARIS-MONTSOURIS;20210503;5,5;18,4
PARIS-MONTSOURIS;20210504;9,4;15,4
PARIS-MONTSOURIS;20210505;6,1;13,5
PARIS-MONTSOURIS;20210506;7;10,9
PARIS-MONTSOURIS;20210507;5,4;16,5
PARIS-MONTSOURIS;20210508;9,3;22,4
PARIS-MONTSOURIS;20210509;13,4;28,1
PARIS-MONTSOURIS;20210510;12;20,3
PARIS-MONTSOURIS;20210511;9,5;16,6
PARIS-MONTSOURIS;20210512;7,3;16,2
PARIS-MONTSOURIS;20210513;8,3;17,9
PARIS-MONTSOURIS;20210514;8,8;14,2
PARIS-MONTSOURIS;20210515;9,4;17
PARIS-MONTSOURIS;20210516;9;17,8
PARIS-MONTSOURIS;20210517;10,5;16,6
PARIS-MONTSOURIS;20210518;10,1;17
PARIS-MONTSOURIS;20210519;9,9;16
PARIS-MONTSOURIS;20210520;7,7;17,9
PARIS-MONTSOURIS;20210521;11,2;19,2
PARIS-MONTSOURIS;20210522;10,1;16,7
PARIS-MONTSOURIS;20210523;8,7;18,6
PARIS-MONTSOURIS;20210524;9,2;16,2
PARIS-MONTSOURIS;20210525;7,6;16,1
PARIS-MONTSOURIS;20210526;9,9;16,1
PARIS-MONTSOURIS;20210527;8,9;22
PARIS-MONTSOURIS;20210528;11,3;23,8
PARIS-MONTSOURIS;20210529;12;23,6
PARIS-MONTSOURIS;20210530;12,9;24,2
PARIS-MONTSOURIS;20210531;14,5;25,1
PARIS-MONTSOURIS;20210601;13,9;28,7
PARIS-MONTSOURIS;20210602;16,8;27,5
PARIS-MONTSOURIS;20210603;18;28,7
PARIS-MONTSOURIS;20210604;15,9;22,2
PARIS-MONTSOURIS;20210605;13,4;19,9
PARIS-MONTSOURIS;20210606;12,3;24,1
PARIS-MONTSOURIS;20210607;13,5;24,7
PARIS-MONTSOURIS;20210608;15;26,3
PARIS-MONTSOURIS;20210609;15,7;28,3
PARIS-MONTSOURIS;20210610;17,7;27,8
PARIS-MONTSOURIS;20210611;16,5;26,6
PARIS-MONTSOURIS;20210612;17,1;23,7
PARIS-MONTSOURIS;20210613;15,5;27,4
PARIS-MONTSOURIS;20210614;15,9;31,1
PARIS-MONTSOURIS;20210615;18,2;30,1
PARIS-MONTSOURIS;20210616;20,3;33,3
PARIS-MONTSOURIS;20210617;19,2;28,4
PARIS-MONTSOURIS;20210618;18,8;26,8
PARIS-MONTSOURIS;20210619;18,2;26,8
PARIS-MONTSOURIS;20210620;15,7;25,6
PARIS-MONTSOURIS;20210621;16,9;25,9
PARIS-MONTSOURIS;20210622;14,3;20
PARIS-MONTSOURIS;20210623;13,4;16,6
PARIS-MONTSOURIS;20210624;13;21,5
PARIS-MONTSOURIS;20210625;11,2;21,4
PARIS-MONTSOURIS;20210626;15,6;22
PARIS-MONTSOURIS;20210627;17,4;24,5
PARIS-MONTSOURIS;20210628;16,9;25,7
PARIS-MONTSOURIS;20210629;13,4;19,5
PARIS-MONTSOURIS;20210630;13,9;18,4
PARIS-MONTSOURIS;20210701;13,6;23,7
PARIS-MONTSOURIS;20210702;16;27,4
PARIS-MONTSOURIS;20210703;18,3;24
PARIS-MONTSOURIS;20210704;16,7;22,7
PARIS-MONTSOURIS;20210705;14,7;22,7
PARIS-MONTSOURIS;20210706;16,3;23,3
PARIS-MONTSOURIS;20210707;14,8;23,8
PARIS-MONTSOURIS;20210708;14,5;23,1
PARIS-MONTSOURIS;20210709;15,7;22,3
PARIS-MONTSOURIS;20210710;16,5;20,2
PARIS-MONTSOURIS;20210711;15;24,4
PARIS-MONTSOURIS;20210712;16,8;24,3
PARIS-MONTSOURIS;20210713;16,7;18,9
PARIS-MONTSOURIS;20210714;15,6;21,7
PARIS-MONTSOURIS;20210715;16,7;24,9
PARIS-MONTSOURIS;20210716;16,9;21,7
PARIS-MONTSOURIS;20210717;14,2;26,4
PARIS-MONTSOURIS;20210718;16,7;29,9
PARIS-MONTSOURIS;20210719;18,6;30,3
PARIS-MONTSOURIS;20210720;19,1;29,2
PARIS-MONTSOURIS;20210721;19;30
PARIS-MONTSOURIS;20210722;18,7;29,3
PARIS-MONTSOURIS;20210723;18,1;30,3
PARIS-MONTSOURIS;20210724;18,7;26,6
PARIS-MONTSOURIS;20210725;17,7;24,3
PARIS-MONTSOURIS;20210726;16,3;25
PARIS-MONTSOURIS;20210727;17,6;19,2
PARIS-MONTSOURIS;20210728;15,9;24
PARIS-MONTSOURIS;20210729;14,5;23,4
PARIS-MONTSOURIS;20210730;14,6;23,3
PARIS-MONTSOURIS;20210731;14,7;23,4
PARIS-MONTSOURIS;20210801;15,3;23,5
PARIS-MONTSOURIS;20210802;14,9;23,6
PARIS-MONTSOURIS;20210803;15,2;19,9
PARIS-MONTSOURIS;20210804;12;20,9
PARIS-MONTSOURIS;20210805;16,5;25
PARIS-MONTSOURIS;20210806;16,5;23,8
PARIS-MONTSOURIS;20210807;13,9;22,6
PARIS-MONTSOURIS;20210808;13,5;23
PARIS-MONTSOURIS;20210809;13,7;23,2
PARIS-MONTSOURIS;20210810;16,5;24,5
PARIS-MONTSOURIS;20210811;16,4;27,2
PARIS-MONTSOURIS;20210812;17,2;30,5
PARIS-MONTSOURIS;20210813;17,7;29
PARIS-MONTSOURIS;20210814;16,2;31
PARIS-MONTSOURIS;20210815;18,1;29,9
PARIS-MONTSOURIS;20210816;17;21,5
PARIS-MONTSOURIS;20210817;13,5;19,7
PARIS-MONTSOURIS;20210818;15,8;21,1
PARIS-MONTSOURIS;20210819;16,9;20,7
PARIS-MONTSOURIS;20210820;14,6;24,8
PARIS-MONTSOURIS;20210821;15,6;26,8
PARIS-MONTSOURIS;20210822;16,1;22,3
PARIS-MONTSOURIS;20210823;16,8;20,6
PARIS-MONTSOURIS;20210824;15;24,7
PARIS-MONTSOURIS;20210825;13,6;25,3
PARIS-MONTSOURIS;20210826;13,9;21,6
PARIS-MONTSOURIS;20210827;14,3;22,6
PARIS-MONTSOURIS;20210828;13,3;22
PARIS-MONTSOURIS;20210829;14,3;19,6
PARIS-MONTSOURIS;20210830;15,2;22,5
PARIS-MONTSOURIS;20210831;16;24,1
PARIS-MONTSOURIS;20210901;14,7;23,5
PARIS-MONTSOURIS;20210902;12,2;25,7
PARIS-MONTSOURIS;20210903;14,2;28,6
PARIS-MONTSOURIS;20210904;18,8;28,4
PARIS-MONTSOURIS;20210905;18,3;30,3
PARIS-MONTSOURIS;20210906;17,8;30
PARIS-MONTSOURIS;20210907;17,2;30
PARIS-MONTSOURIS;20210908;17,3;30,5
PARIS-MONTSOURIS;20210909;19,7;26,8
PARIS-MONTSOURIS;20210910;19;25,5
PARIS-MONTSOURIS;20210911;15,3;22,4
PARIS-MONTSOURIS;20210912;13,6;22,8
PARIS-MONTSOURIS;20210913;13,5;26,6
PARIS-MONTSOURIS;20210914;17,9;26,3
PARIS-MONTSOURIS;20210915;19;21,3
PARIS-MONTSOURIS;20210916;15,6;22,9
PARIS-MONTSOURIS;20210917;13,3;24,1
PARIS-MONTSOURIS;20210918;14,8;24,6
PARIS-MONTSOURIS;20210919;15,5;22,7
PARIS-MONTSOURIS;20210920;13,6;20,5
PARIS-MONTSOURIS;20210921;11,6;18,9
PARIS-MONTSOURIS;20210922;10,7;21,4
PARIS-MONTSOURIS;20210923;11,6;22
PARIS-MONTSOURIS;20210924;13,9;22,2
PARIS-MONTSOURIS;20210925;12,4;24,6
PARIS-MONTSOURIS;20210926;15,4;22,2
PARIS-MONTSOURIS;20210927;13,9;19,1
PARIS-MONTSOURIS;20210928;9,8;19,1
PARIS-MONTSOURIS;20210929;12,7;16,1
PARIS-MONTSOURIS;20210930;7;18,1
PARIS-MONTSOURIS;20211001;8,6;17,9
PARIS-MONTSOURIS;20211002;12,2;17,2
PARIS-MONTSOURIS;20211003;12,3;16,1
PARIS-MONTSOURIS;20211004;8,7;19,2
PARIS-MONTSOURIS;20211005;11,9;16,7
PARIS-MONTSOURIS;20211006;10,7;17,8
PARIS-MONTSOURIS;20211007;9,4;19
PARIS-MONTSOURIS;20211008;9,6;19,5
PARIS-MONTSOURIS;20211009;9,6;18,8
PARIS-MONTSOURIS;20211010;8,6;18,2
PARIS-MONTSOURIS;20211011;12;17,4
PARIS-MONTSOURIS;20211012;8,2;16,2
PARIS-MONTSOURIS;20211013;8,1;15
PARIS-MONTSOURIS;20211014;6,5;17,2
PARIS-MONTSOURIS;20211015;7,9;17,8
PARIS-MONTSOURIS;20211016;9,2;18
PARIS-MONTSOURIS;20211017;6,1;16,8
PARIS-MONTSOURIS;20211018;6,7;18,9
PARIS-MONTSOURIS;20211019;14,9;24
PARIS-MONTSOURIS;20211020;15;19,8
PARIS-MONTSOURIS;20211021;9,5;14,8
PARIS-MONTSOURIS;20211022;4,4;13,7
PARIS-MONTSOURIS;20211023;9,2;15,9
PARIS-MONTSOURIS;20211024;3,9;14,5
PARIS-MONTSOURIS;20211025;6,9;14,5
PARIS-MONTSOURIS;20211026;8;15,6
PARIS-MONTSOURIS;20211027;8,1;16,5
PARIS-MONTSOURIS;20211028;7;18,9
PARIS-MONTSOURIS;20211029;9,6;14,8
PARIS-MONTSOURIS;20211030;11,9;15,1
PARIS-MONTSOURIS;20211031;9,4;17,6
PARIS-MONTSOURIS;20211101;8,2;14,5
PARIS-MONTSOURIS;20211102;7,5;13,2
PARIS-MONTSOURIS;20211103;7,7;12,7
PARIS-MONTSOURIS;20211104;5,8;10,9
PARIS-MONTSOURIS;20211105;7,9;11,6
PARIS-MONTSOURIS;20211106;3,1;11,7
PARIS-MONTSOURIS;20211107;6,6;13,4
PARIS-MONTSOURIS;20211108;5,8;13,1
PARIS-MONTSOURIS;20211109;3,8;12,4
PARIS-MONTSOURIS;20211110;2,4;9,9
PARIS-MONTSOURIS;20211111;0,5;9,3
PARIS-MONTSOURIS;20211112;2,4;12
PARIS-MONTSOURIS;20211113;10,5;13,3
PARIS-MONTSOURIS;20211114;10,3;12,6
PARIS-MONTSOURIS;20211115;6,1;7,9
PARIS-MONTSOURIS;20211116;6,3;9,2
PARIS-MONTSOURIS;20211117;7,9;13,4
PARIS-MONTSOURIS;20211118;6;12,3
PARIS-MONTSOURIS;20211119;6,4;11,4
PARIS-MONTSOURIS;20211120;6,4;7,6
PARIS-MONTSOURIS;20211121;6,3;8,7
PARIS-MONTSOURIS;20211122;4,4;8,2
PARIS-MONTSOURIS;20211123;2;8,6
PARIS-MONTSOURIS;20211124;2,7;6,3
PARIS-MONTSOURIS;20211125;2,8;7,2
PARIS-MONTSOURIS;20211126;3,7;7
PARIS-MONTSOURIS;20211127;2;5,4
PARIS-MONTSOURIS;20211128;2,8;6
PARIS-MONTSOURIS;20211129;2;6,2
PARIS-MONTSOURIS;20211130;2,9;9,2
PARIS-MONTSOURIS;20211201;7,9;11,2
PARIS-MONTSOURIS;20211202;4;6,8
PARIS-MONTSOURIS;20211203;2,3;12,2
PARIS-MONTSOURIS;20211204;4,6;12
PARIS-MONTSOURIS;20211205;3,3;6,5
PARIS-MONTSOURIS;20211206;5,6;7,8
PARIS-MONTSOURIS;20211207;3,1;8,3
PARIS-MONTSOURIS;20211208;3,6;8,5
PARIS-MONTSOURIS;20211209;2,9;8,5
PARIS-MONTSOURIS;20211210;4,5;8,3
PARIS-MONTSOURIS;20211211;3,2;7,7
PARIS-MONTSOURIS;20211212;5,9;11,3
PARIS-MONTSOURIS;20211213;7,3;8,9
PARIS-MONTSOURIS;20211214;5,4;8,3
PARIS-MONTSOURIS;20211215;7,3;9,5
PARIS-MONTSOURIS;20211216;7;11,5
PARIS-MONTSOURIS;20211217;6;9,7
PARIS-MONTSOURIS;20211218;3,9;9,6
PARIS-MONTSOURIS;20211219;4,8;6,2
PARIS-MONTSOURIS;20211220;5;5,9
PARIS-MONTSOURIS;20211221;1,3;4,6
PARIS-MONTSOURIS;20211222;-1,5;0,1
PARIS-MONTSOURIS;20211223;-1,6;9,3
PARIS-MONTSOURIS;20211224;8;10,5
PARIS-MONTSOURIS;20211225;8;10,5
PARIS-MONTSOURIS;20211226;8,7;11,7
PARIS-MONTSOURIS;20211227;8,8;12,8
PARIS-MONTSOURIS;20211228;10,3;13,3
PARIS-MONTSOURIS;20211229;9,8;15,3
PARIS-MONTSOURIS;20211230;13;15,4
PARIS-MONTSOURIS;20211231;8,5;15,4
PARIS-MONTSOURIS;20220101;7,9;14,1
PARIS-MONTSOURIS;20220102;9,5;14,3
PARIS-MONTSOURIS;20220103;10,8;13
PARIS-MONTSOURIS;20220104;7,9;9,8
PARIS-MONTSOURIS;20220105;2,4;7
PARIS-MONTSOURIS;20220106;1,5;7,4
PARIS-MONTSOURIS;20220107;3;8,6
PARIS-MONTSOURIS;20220108;3,2;8,8
PARIS-MONTSOURIS;20220109;4,5;5,9
PARIS-MONTSOURIS;20220110;2,4;4,3
PARIS-MONTSOURIS;20220111;0,7;3,2
PARIS-MONTSOURIS;20220112;-0,2;5,6
PARIS-MONTSOURIS;20220113;2,1;3,6
PARIS-MONTSOURIS;20220114;1,4;7,6
PARIS-MONTSOURIS;20220115;0,4;8
PARIS-MONTSOURIS;20220116;-1;6,1
PARIS-MONTSOURIS;20220117;4,6;7,7
PARIS-MONTSOURIS;20220118;2,2;9,6
PARIS-MONTSOURIS;20220119;4,5;6,8
PARIS-MONTSOURIS;20220120;3,8;7,1
PARIS-MONTSOURIS;20220121;2,7;5,9
PARIS-MONTSOURIS;20220122;4,4;6,4
PARIS-MONTSOURIS;20220123;3,7;5
PARIS-MONTSOURIS;20220124;0,7;7,6
PARIS-MONTSOURIS;20220125;-1,3;2
PARIS-MONTSOURIS;20220126;0,1;3,8
PARIS-MONTSOURIS;20220127;2,6;8,2
PARIS-MONTSOURIS;20220128;6,3;7,5
PARIS-MONTSOURIS;20220129;6,2;10,7
PARIS-MONTSOURIS;20220130;7;10,5
PARIS-MONTSOURIS;20220131;6,1;9
PARIS-MONTSOURIS;20220201;3;11
PARIS-MONTSOURIS;20220202;9,9;11,4
PARIS-MONTSOURIS;20220203;7,1;8,3
PARIS-MONTSOURIS;20220204;6,9;11,3
PARIS-MONTSOURIS;20220205;2;10,3
PARIS-MONTSOURIS;20220206;6,9;11,2
PARIS-MONTSOURIS;20220207;5,9;10,5
PARIS-MONTSOURIS;20220208;5,3;11,4
PARIS-MONTSOURIS;20220209;3,3;12,7
PARIS-MONTSOURIS;20220210;6,2;10,3
PARIS-MONTSOURIS;20220211;3,2;9,1
PARIS-MONTSOURIS;20220212;0,6;9,6
PARIS-MONTSOURIS;20220213;0,2;14,3
PARIS-MONTSOURIS;20220214;7,4;12,2
PARIS-MONTSOURIS;20220215;4,8;11
PARIS-MONTSOURIS;20220216;9,2;15,7
PARIS-MONTSOURIS;20220217;10,8;14,1
PARIS-MONTSOURIS;20220218;9,4;12,5
PARIS-MONTSOURIS;20220219;3,4;11
PARIS-MONTSOURIS;20220220;8,3;13,5
PARIS-MONTSOURIS;20220221;6;10,4
PARIS-MONTSOURIS;20220222;6,2;12,5
PARIS-MONTSOURIS;20220223;6;11,7
PARIS-MONTSOURIS;20220224;6,9;12,1
PARIS-MONTSOURIS;20220225;3,5;10,7
PARIS-MONTSOURIS;20220226;2,5;10,5
PARIS-MONTSOURIS;20220227;1,4;9,9
PARIS-MONTSOURIS;20220228;0,8;12,2
PARIS-MONTSOURIS;20220301;3,7;13,2
PARIS-MONTSOURIS;20220302;6,4;12,8
PARIS-MONTSOURIS;20220303;7,2;12,7
PARIS-MONTSOURIS;20220304;8,6;12,8
PARIS-MONTSOURIS;20220305;7;12,4
PARIS-MONTSOURIS;20220306;1,9;9,3
PARIS-MONTSOURIS;20220307;0,1;7,2
PARIS-MONTSOURIS;20220308;0,2;13,2
PARIS-MONTSOURIS;20220309;3,9;15,8
PARIS-MONTSOURIS;20220310;5,5;17,5
PARIS-MONTSOURIS;20220311;7,1;13,2
PARIS-MONTSOURIS;20220312;6;10,8
PARIS-MONTSOURIS;20220313;7,1;12
PARIS-MONTSOURIS;20220314;4,1;15,2
PARIS-MONTSOURIS;20220315;9,5;11,4
PARIS-MONTSOURIS;20220316;9;14,8
PARIS-MONTSOURIS;20220317;8,1;9,6
PARIS-MONTSOURIS;20220318;4,5;15,9
PARIS-MONTSOURIS;20220319;6;16,8
PARIS-MONTSOURIS;20220320;3,7;13,6
PARIS-MONTSOURIS;20220321;7;18,6
PARIS-MONTSOURIS;20220322;8;18,6
PARIS-MONTSOURIS;20220323;5,1;18,9
PARIS-MONTSOURIS;20220324;8,4;21,3
PARIS-MONTSOURIS;20220325;8,2;20,3
PARIS-MONTSOURIS;20220326;7,8;20,1
PARIS-MONTSOURIS;20220327;9,1;21,8
PARIS-MONTSOURIS;20220328;9,2;22,2
PARIS-MONTSOURIS;20220329;12,6;18,9
PARIS-MONTSOURIS;20220330;10,2;14,5
PARIS-MONTSOURIS;20220331;3,6;8,4
PARIS-MONTSOURIS;20220401;1,2;3,5
PARIS-MONTSOURIS;20220402;1,4;8,2
PARIS-MONTSOURIS;20220403;1,6;9,7
PARIS-MONTSOURIS;20220404;1,8;10,7
PARIS-MONTSOURIS;20220405;8,1;13,2
PARIS-MONTSOURIS;20220406;8,1;13,4
PARIS-MONTSOURIS;20220407;10,6;15,3
PARIS-MONTSOURIS;20220408;2;7,6
PARIS-MONTSOURIS;20220409;2,2;11,2
PARIS-MONTSOURIS;20220410;1,9;14,7
PARIS-MONTSOURIS;20220411;5,9;19,8
PARIS-MONTSOURIS;20220412;10,8;21,7
PARIS-MONTSOURIS;20220413;12,6;16,8
PARIS-MONTSOURIS;20220414;11,4;22,1
PARIS-MONTSOURIS;20220415;11,4;21,5
PARIS-MONTSOURIS;20220416;10,2;20,4
PARIS-MONTSOURIS;20220417;8,2;22,6
PARIS-MONTSOURIS;20220418;8,9;20,2
PARIS-MONTSOURIS;20220419;8,8;18,7
PARIS-MONTSOURIS;20220420;8,7;20,8
PARIS-MONTSOURIS;20220421;9,9;20,9
PARIS-MONTSOURIS;20220422;10,3;20,2
PARIS-MONTSOURIS;20220423;10,4;21
PARIS-MONTSOURIS;20220424;10,5;19,6
PARIS-MONTSOURIS;20220425;9,5;17,6
PARIS-MONTSOURIS;20220426;7,9;16,2
PARIS-MONTSOURIS;20220427;6,3;19,9
PARIS-MONTSOURIS;20220428;8,3;21,8
PARIS-MONTSOURIS;20220429;11,5;20,9
PARIS-MONTSOURIS;20220430;7,7;17,9
PARIS-MONTSOURIS;20220501;6,8;18,7
PARIS-MONTSOURIS;20220502;9,2;19,5
PARIS-MONTSOURIS;20220503;10,2;21,1
PARIS-MONTSOURIS;20220504;10,1;20
PARIS-MONTSOURIS;20220505;10,8;19,5
PARIS-MONTSOURIS;20220506;10,4;22,6
PARIS-MONTSOURIS;20220507;11,7;22,9
PARIS-MONTSOURIS;20220508;11,9;22,9
PARIS-MONTSOURIS;20220509;11,4;26,6
PARIS-MONTSOURIS;20220510;15,3;28,2
PARIS-MONTSOURIS;20220511;13,9;25,4
PARIS-MONTSOURIS;20220512;12,9;20,6
PARIS-MONTSOURIS;20220513;11,5;22,2
PARIS-MONTSOURIS;20220514;11,7;24,6
PARIS-MONTSOURIS;20220515;14,6;29,7
PARIS-MONTSOURIS;20220516;16,2;26,5
PARIS-MONTSOURIS;20220517;16,5;29,5
PARIS-MONTSOURIS;20220518;17,2;29,6
PARIS-MONTSOURIS;20220519;20,3;26,1
PARIS-MONTSOURIS;20220520;16,5;23,5
PARIS-MONTSOURIS;20220521;12,1;25,6
PARIS-MONTSOURIS;20220522;15,3;23,1
PARIS-MONTSOURIS;20220523;15,4;18,8
PARIS-MONTSOURIS;20220524;11,1;19,7
PARIS-MONTSOURIS;20220525;10,2;20,1
PARIS-MONTSOURIS;20220526;13,9;20,6
PARIS-MONTSOURIS;20220527;13,5;21,9
PARIS-MONTSOURIS;20220528;11,3;20,6
PARIS-MONTSOURIS;20220529;8,8;17,4
PARIS-MONTSOURIS;20220530;8,4;20,4
PARIS-MONTSOURIS;20220531;12,7;21,8
PARIS-MONTSOURIS;20220601;11,1;23,2
PARIS-MONTSOURIS;20220602;11,6;25,5
PARIS-MONTSOURIS;20220603;15,1;23,4
PARIS-MONTSOURIS;20220604;16,4;29,8
PARIS-MONTSOURIS;20220605;16,5;22,2
PARIS-MONTSOURIS;20220606;13,7;22,1
PARIS-MONTSOURIS;20220607;15,9;23,7
PARIS-MONTSOURIS;20220608;14,5;21,7
PARIS-MONTSOURIS;20220609;12,7;21,9
PARIS-MONTSOURIS;20220610;14,3;23,6
PARIS-MONTSOURIS;20220611;15,9;26,3
PARIS-MONTSOURIS;20220612;14,4;24,6
PARIS-MONTSOURIS;20220613;12,9;24
PARIS-MONTSOURIS;20220614;13,9;27,5
PARIS-MONTSOURIS;20220615;16,6;31
PARIS-MONTSOURIS;20220616;18,1;30,4
PARIS-MONTSOURIS;20220617;19,1;34,9
PARIS-MONTSOURIS;20220618;21,2;36,7
PARIS-MONTSOURIS;20220619;15,4;25,3
PARIS-MONTSOURIS;20220620;14,7;23,3
PARIS-MONTSOURIS;20220621;14,9;27,4
PARIS-MONTSOURIS;20220622;16,7;26,1
PARIS-MONTSOURIS;20220623;18,5;28,7
PARIS-MONTSOURIS;20220624;17,5;25
PARIS-MONTSOURIS;20220625;16,5;19,1
PARIS-MONTSOURIS;20220626;13,2;23,2
PARIS-MONTSOURIS;20220627;15,2;24,1
PARIS-MONTSOURIS;20220628;13,9;28
PARIS-MONTSOURIS;20220629;15,4;27,3
PARIS-MONTSOURIS;20220630;13,6;18,7
PARIS-MONTSOURIS;20220701;11,7;22,3
PARIS-MONTSOURIS;20220702;12;27,7
PARIS-MONTSOURIS;20220703;15,2;25
PARIS-MONTSOURIS;20220704;13,7;26,8
PARIS-MONTSOURIS;20220705;13,8;26,1
PARIS-MONTSOURIS;20220706;14,4;26,7
PARIS-MONTSOURIS;20220707;16,4;21,9
PARIS-MONTSOURIS;20220708;12,9;28
PARIS-MONTSOURIS;20220709;17,4;29,9
PARIS-MONTSOURIS;20220710;14,6;28,5
PARIS-MONTSOURIS;20220711;18,2;30,8
PARIS-MONTSOURIS;20220712;19,2;33,6
PARIS-MONTSOURIS;20220713;21,2;36,6
PARIS-MONTSOURIS;20220714;21,5;31
PARIS-MONTSOURIS;20220715;16,2;27,4
PARIS-MONTSOURIS;20220716;15,9;29,7
PARIS-MONTSOURIS;20220717;17,9;32,7
PARIS-MONTSOURIS;20220718;20,2;38,5
PARIS-MONTSOURIS;20220719;23,2;40,5
PARIS-MONTSOURIS;20220720;18,8;23
PARIS-MONTSOURIS;20220721;17,7;27,7
PARIS-MONTSOURIS;20220722;17,3;25,7
PARIS-MONTSOURIS;20220723;18,9;27,1
PARIS-MONTSOURIS;20220724;18,2;33,5
PARIS-MONTSOURIS;20220725;19,9;27,8
PARIS-MONTSOURIS;20220726;17,1;22,8
PARIS-MONTSOURIS;20220727;14,8;26,6
PARIS-MONTSOURIS;20220728;16,5;27,8
PARIS-MONTSOURIS;20220729;17,1;29,8
PARIS-MONTSOURIS;20220730;18,4;30,4
PARIS-MONTSOURIS;20220731;18,9;28,9
PARIS-MONTSOURIS;20220801;20,2;27,3
PARIS-MONTSOURIS;20220802;18,7;31,7
PARIS-MONTSOURIS;20220803;20,5;35,9
PARIS-MONTSOURIS;20220804;21,2;28,7
PARIS-MONTSOURIS;20220805;16,2;26,1
PARIS-MONTSOURIS;20220806;13,7;25,7
PARIS-MONTSOURIS;20220807;14,5;28,1
PARIS-MONTSOURIS;20220808;15,6;29,6
PARIS-MONTSOURIS;20220809;17;32
PARIS-MONTSOURIS;20220810;18,8;33,5
PARIS-MONTSOURIS;20220811;19,9;33,1
PARIS-MONTSOURIS;20220812;20,4;34,5
PARIS-MONTSOURIS;20220813;20,5;33,2
PARIS-MONTSOURIS;20220814;18,1;28,3
PARIS-MONTSOURIS;20220815;16,4;27,1
PARIS-MONTSOURIS;20220816;17,8;28,3
PARIS-MONTSOURIS;20220817;17,5;27,7
PARIS-MONTSOURIS;20220818;17;28,3
PARIS-MONTSOURIS;20220819;18,4;24,4
PARIS-MONTSOURIS;20220820;14,2;25,4
PARIS-MONTSOURIS;20220821;15,3;26,9
PARIS-MONTSOURIS;20220822;16,9;26,4
PARIS-MONTSOURIS;20220823;18,6;28,1
PARIS-MONTSOURIS;20220824;19,5;32,8
PARIS-MONTSOURIS;20220825;19,7;31,2
PARIS-MONTSOURIS;20220826;18,6;26,8
PARIS-MONTSOURIS;20220827;16,7;25,5
PARIS-MONTSOURIS;20220828;15,7;26,8
PARIS-MONTSOURIS;20220829;16,8;29,3
PARIS-MONTSOURIS;20220830;15,3;27,7
PARIS-MONTSOURIS;20220831;17;27,5
PARIS-MONTSOURIS;20220901;17,4;28,6
PARIS-MONTSOURIS;20220902;18,2;24,8
PARIS-MONTSOURIS;20220903;17,7;24,3
PARIS-MONTSOURIS;20220904;15,4;29,7
PARIS-MONTSOURIS;20220905;17,4;30,3
PARIS-MONTSOURIS;20220906;16,1;29,1
PARIS-MONTSOURIS;20220907;16;21,9
PARIS-MONTSOURIS;20220908;14,9;23,4
PARIS-MONTSOURIS;20220909;15,1;20
PARIS-MONTSOURIS;20220910;14,9;20,1
PARIS-MONTSOURIS;20220911;13,1;23,2
PARIS-MONTSOURIS;20220912;13,9;27,6
PARIS-MONTSOURIS;20220913;19,5;26,4
PARIS-MONTSOURIS;20220914;19,2;26,6
PARIS-MONTSOURIS;20220915;15,2;22,5
PARIS-MONTSOURIS;20220916;13,2;18,8
PARIS-MONTSOURIS;20220917;10,2;17,4
PARIS-MONTSOURIS;20220918;9;19,5
PARIS-MONTSOURIS;20220919;10,6;18,9
PARIS-MONTSOURIS;20220920;9,4;17,5
PARIS-MONTSOURIS;20220921;10;19,8
PARIS-MONTSOURIS;20220922;9,7;21
PARIS-MONTSOURIS;20220923;10,9;21
PARIS-MONTSOURIS;20220924;13,2;17,6
PARIS-MONTSOURIS;20220925;11,9;20
PARIS-MONTSOURIS;20220926;11,8;15
PARIS-MONTSOURIS;20220927;10,7;14,2
PARIS-MONTSOURIS;20220928;11,3;15,5
PARIS-MONTSOURIS;20220929;10,5;14,8
PARIS-MONTSOURIS;20220930;7,7;18,6
PARIS-MONTSOURIS;20221001;12,3;20,5
PARIS-MONTSOURIS;20221002;14,2;20,1
PARIS-MONTSOURIS;20221003;10;14,4
PARIS-MONTSOURIS;20221004;7,5;19,1
PARIS-MONTSOURIS;20221005;11,4;20,9
PARIS-MONTSOURIS;20221006;10,8;19,5
PARIS-MONTSOURIS;20221007;7,7;19,9
PARIS-MONTSOURIS;20221008;11,2;18,4
PARIS-MONTSOURIS;20221009;7,2;19,8
PARIS-MONTSOURIS;20221010;9,8;19,5
PARIS-MONTSOURIS;20221011;9,8;18
PARIS-MONTSOURIS;20221012;8,7;19,6
PARIS-MONTSOURIS;20221013;12,5;15,6
PARIS-MONTSOURIS;20221014;14,2;17,3
PARIS-MONTSOURIS;20221015;15,3;18,8
PARIS-MONTSOURIS;20221016;13,9;20,5
PARIS-MONTSOURIS;20221017;16,6;18,7
PARIS-MONTSOURIS;20221018;15,3;18,7
PARIS-MONTSOURIS;20221019;14,1;21,6
PARIS-MONTSOURIS;20221020;15,6;22,8
PARIS-MONTSOURIS;20221021;14,2;21,1
PARIS-MONTSOURIS;20221022;13,2;21,9
PARIS-MONTSOURIS;20221023;15;23,3
PARIS-MONTSOURIS;20221024;14,8;18,6
PARIS-MONTSOURIS;20221025;13,1;18,6
PARIS-MONTSOURIS;20221026;13,8;22,4
PARIS-MONTSOURIS;20221027;13,5;23,1
PARIS-MONTSOURIS;20221028;15,5;22,8
PARIS-MONTSOURIS;20221029;15,5;24,3
PARIS-MONTSOURIS;20221030;13;18,3
PARIS-MONTSOURIS;20221031;12,7;20,5
PARIS-MONTSOURIS;20221101;10,7;16,9
PARIS-MONTSOURIS;20221102;9,8;15,6
PARIS-MONTSOURIS;20221103;11;14,8
PARIS-MONTSOURIS;20221104;9,2;13
PARIS-MONTSOURIS;20221105;6;12,9
PARIS-MONTSOURIS;20221106;9;12,4
PARIS-MONTSOURIS;20221107;11,1;16,5
PARIS-MONTSOURIS;20221108;9,7;17,4
PARIS-MONTSOURIS;20221109;10,5;15,7
PARIS-MONTSOURIS;20221110;6,7;11,3
PARIS-MONTSOURIS;20221111;8,8;12,7
PARIS-MONTSOURIS;20221112;7,5;14,9
PARIS-MONTSOURIS;20221113;7,6;14,7
PARIS-MONTSOURIS;20221114;6,1;13
PARIS-MONTSOURIS;20221115;7,7;13
PARIS-MONTSOURIS;20221116;8,1;13,5
PARIS-MONTSOURIS;20221117;10,9;13,9
PARIS-MONTSOURIS;20221118;7,5;12,9
PARIS-MONTSOURIS;20221119;6,1;11,4
PARIS-MONTSOURIS;20221120;5,1;10,4
PARIS-MONTSOURIS;20221121;6,1;8,1
PARIS-MONTSOURIS;20221122;4,8;11,3
PARIS-MONTSOURIS;20221123;5,5;13
PARIS-MONTSOURIS;20221124;6,8;12,7
PARIS-MONTSOURIS;20221125;7,4;12,4
PARIS-MONTSOURIS;20221126;4,8;8,5
PARIS-MONTSOURIS;20221127;6;9,8
PARIS-MONTSOURIS;20221128;8,2;11,4
PARIS-MONTSOURIS;20221129;7,3;9,1
PARIS-MONTSOURIS;20221130;4,6;8,2
PARIS-MONTSOURIS;20221201;4,7;6,4
PARIS-MONTSOURIS;20221202;3,5;5,5
PARIS-MONTSOURIS;20221203;2,8;4,2
PARIS-MONTSOURIS;20221204;2,5;4,6
PARIS-MONTSOURIS;20221205;1,8;3,6
PARIS-MONTSOURIS;20221206;2,7;5,5
PARIS-MONTSOURIS;20221207;1,3;6,6
PARIS-MONTSOURIS;20221208;2,1;3,8
PARIS-MONTSOURIS;20221209;0,2;3,5
PARIS-MONTSOURIS;20221210;1;4,6
PARIS-MONTSOURIS;20221211;-2,3;0
PARIS-MONTSOURIS;20221212;-2;0,2
PARIS-MONTSOURIS;20221213;-2,7;2
PARIS-MONTSOURIS;20221214;-0,4;2,4
PARIS-MONTSOURIS;20221215;-2;2,4
PARIS-MONTSOURIS;20221216;-1;1,6
PARIS-MONTSOURIS;20221217;-1,8;-0,4
PARIS-MONTSOURIS;20221218;-5;6,7
PARIS-MONTSOURIS;20221219;2;12,4
PARIS-MONTSOURIS;20221220;10,5;11,8
PARIS-MONTSOURIS;20221221;7,9;12,5
PARIS-MONTSOURIS;20221222;11,1;14,4
PARIS-MONTSOURIS;20221223;12,9;15,7
PARIS-MONTSOURIS;20221224;10,3;11,8
PARIS-MONTSOURIS;20221225;10,1;13,5
PARIS-MONTSOURIS;20221226;7,7;12,2
PARIS-MONTSOURIS;20221227;4;10,3
PARIS-MONTSOURIS;20221228;6,8;11,6
PARIS-MONTSOURIS;20221229;8,7;12,4
PARIS-MONTSOURIS;20221230;5,3;15,7
PARIS-MONTSOURIS;20221231;14,3;16,1
PARIS-MONTSOURIS;20230101;11,4;14,5
PARIS-MONTSOURIS;20230102;9,2;11,9
PARIS-MONTSOURIS;20230103;5,4;10,8
PARIS-MONTSOURIS;20230104;9,2;13,6
PARIS-MONTSOURIS;20230105;11,8;13,9
PARIS-MONTSOURIS;20230106;10,5;13,4
PARIS-MONTSOURIS;20230107;7,6;11,4
PARIS-MONTSOURIS;20230108;7,5;11,2
PARIS-MONTSOURIS;20230109;6,6;9,5
PARIS-MONTSOURIS;20230110;4,3;12,2
PARIS-MONTSOURIS;20230111;9,9;11,8
PARIS-MONTSOURIS;20230112;9,3;11,8
PARIS-MONTSOURIS;20230113;8,3;11,1
PARIS-MONTSOURIS;20230114;7,8;12,5
PARIS-MONTSOURIS;20230115;5,6;9,4
PARIS-MONTSOURIS;20230116;4,3;6,5
PARIS-MONTSOURIS;20230117;0,9;4,2
PARIS-MONTSOURIS;20230118;-0,2;5,7
PARIS-MONTSOURIS;20230119;0,4;2,9
PARIS-MONTSOURIS;20230120;-0,1;6,5
PARIS-MONTSOURIS;20230121;0,5;3,8
PARIS-MONTSOURIS;20230122;-0,2;2,6
PARIS-MONTSOURIS;20230123;1,1;3,3
PARIS-MONTSOURIS;20230124;1,5;3,4
PARIS-MONTSOURIS;20230125;-0,3;2
PARIS-MONTSOURIS;20230126;-0,4;5,5
PARIS-MONTSOURIS;20230127;4,6;5,4
PARIS-MONTSOURIS;20230128;1,9;4,1
PARIS-MONTSOURIS;20230129;-0,8;4,9
PARIS-MONTSOURIS;20230130;4;9,4
PARIS-MONTSOURIS;20230131;1,8;9,4
PARIS-MONTSOURIS;20230201;6,8;10,2
PARIS-MONTSOURIS;20230202;5,8;10,2
PARIS-MONTSOURIS;20230203;7,2;10,6
PARIS-MONTSOURIS;20230204;9,1;10,4
PARIS-MONTSOURIS;20230205;7,3;10,2
PARIS-MONTSOURIS;20230206;2,1;7,9
PARIS-MONTSOURIS;20230207;0,6;6,8
PARIS-MONTSOURIS;20230208;-0,5;7,5
PARIS-MONTSOURIS;20230209;-2,1;7,7
PARIS-MONTSOURIS;20230210;3,2;10,3
PARIS-MONTSOURIS;20230211;1,9;10,7
PARIS-MONTSOURIS;20230212;6,9;9,6
PARIS-MONTSOURIS;20230213;3,2;12,3
PARIS-MONTSOURIS;20230214;1,6;13,4
PARIS-MONTSOURIS;20230215;2,5;12,2
PARIS-MONTSOURIS;20230216;4,2;14,7
PARIS-MONTSOURIS;20230217;11;15,7
PARIS-MONTSOURIS;20230218;10,9;12,3
PARIS-MONTSOURIS;20230219;10,1;12,8
PARIS-MONTSOURIS;20230220;3,7;12,9
PARIS-MONTSOURIS;20230221;3,5;16,5
PARIS-MONTSOURIS;20230222;8,5;9,8
PARIS-MONTSOURIS;20230223;6,3;10,7
PARIS-MONTSOURIS;20230224;6,6;11,2
PARIS-MONTSOURIS;20230225;4;9,1
PARIS-MONTSOURIS;20230226;0,4;6,4
PARIS-MONTSOURIS;20230227;-0,4;7,6
PARIS-MONTSOURIS;20230228;-0,5;5,9
PARIS-MONTSOURIS;20230301;-0,8;8,2
PARIS-MONTSOURIS;20230302;0,5;9,6
PARIS-MONTSOURIS;20230303;1,7;10,3
PARIS-MONTSOURIS;20230304;1,4;6,4
PARIS-MONTSOURIS;20230305;5,1;6,8
PARIS-MONTSOURIS;20230306;3,7;7,4
PARIS-MONTSOURIS;20230307;4,6;9,6
PARIS-MONTSOURIS;20230308;5,3;15,1
PARIS-MONTSOURIS;20230309;9;15,5
PARIS-MONTSOURIS;20230310;5,5;9,5
PARIS-MONTSOURIS;20230311;3,5;9,6
PARIS-MONTSOURIS;20230312;7,7;15,4
PARIS-MONTSOURIS;20230313;12,1;16
PARIS-MONTSOURIS;20230314;7;12
PARIS-MONTSOURIS;20230315;2,4;12,1
PARIS-MONTSOURIS;20230316;5,3;18
PARIS-MONTSOURIS;20230317;9,2;17
PARIS-MONTSOURIS;20230318;9,2;16,7
PARIS-MONTSOURIS;20230319;9,3;12,2
PARIS-MONTSOURIS;20230320;3,7;15,2
PARIS-MONTSOURIS;20230321;9,1;15,6
PARIS-MONTSOURIS;20230322;9,2;14,7
PARIS-MONTSOURIS;20230323;11,9;17,1
PARIS-MONTSOURIS;20230324;10,9;15,9
PARIS-MONTSOURIS;20230325;8,8;14,9
PARIS-MONTSOURIS;20230326;8,6;13,2
PARIS-MONTSOURIS;20230327;5,8;10,7
PARIS-MONTSOURIS;20230328;3,8;11,3
PARIS-MONTSOURIS;20230329;9,3;21
PARIS-MONTSOURIS;20230330;12,7;18
PARIS-MONTSOURIS;20230331;11,5;15,9
PARIS-MONTSOURIS;20230401;10,1;15,5
PARIS-MONTSOURIS;20230402;7,4;9,1
PARIS-MONTSOURIS;20230403;5,4;12,9
PARIS-MONTSOURIS;20230404;2,8;13,1
PARIS-MONTSOURIS;20230405;3,5;16,6
PARIS-MONTSOURIS;20230406;9,1;16
PARIS-MONTSOURIS;20230407;7,4;15
PARIS-MONTSOURIS;20230408;5,2;16,2
PARIS-MONTSOURIS;20230409;6,4;19
PARIS-MONTSOURIS;20230410;9,6;17,2
PARIS-MONTSOURIS;20230411;8,3;14,1
PARIS-MONTSOURIS;20230412;6,8;14,5
PARIS-MONTSOURIS;20230413;6,4;14,3
PARIS-MONTSOURIS;20230414;4,6;9,9
PARIS-MONTSOURIS;20230415;8,2;14,6
PARIS-MONTSOURIS;20230416;5,4;16,6
PARIS-MONTSOURIS;20230417;6,9;12,8
PARIS-MONTSOURIS;20230418;7,5;17,2
PARIS-MONTSOURIS;20230419;9;19,8
PARIS-MONTSOURIS;20230420;7,2;13,4
PARIS-MONTSOURIS;20230421;4,6;15,4
PARIS-MONTSOURIS;20230422;8,3;17,5
PARIS-MONTSOURIS;20230423;8,5;15,7
PARIS-MONTSOURIS;20230424;8,1;15,1
PARIS-MONTSOURIS;20230425;7,6;11,9
PARIS-MONTSOURIS;20230426;6,2;14,5
PARIS-MONTSOURIS;20230427;10,1;19,1
PARIS-MONTSOURIS;20230428;15;22,9
PARIS-MONTSOURIS;20230429;10,7;16,8
PARIS-MONTSOURIS;20230430;8,9;19,8
PARIS-MONTSOURIS;20230501;11;16,4
PARIS-MONTSOURIS;20230502;9,8;19,2
PARIS-MONTSOURIS;20230503;8,3;22,3
PARIS-MONTSOURIS;20230504;11,6;24,1
PARIS-MONTSOURIS;20230505;13,4;21,3
PARIS-MONTSOURIS;20230506;11,8;21,4
PARIS-MONTSOURIS;20230507;14,1;18,8
PARIS-MONTSOURIS;20230508;11,4;19,6
PARIS-MONTSOURIS;20230509;11,8;17,8
PARIS-MONTSOURIS;20230510;10,3;18,7
PARIS-MONTSOURIS;20230511;11,4;15,9
PARIS-MONTSOURIS;20230512;10,6;14,4
PARIS-MONTSOURIS;20230513;12;22,6
PARIS-MONTSOURIS;20230514;10;21
PARIS-MONTSOURIS;20230515;9,5;16,1
PARIS-MONTSOURIS;20230516;7,1;17,4
PARIS-MONTSOURIS;20230517;9,4;18,9
PARIS-MONTSOURIS;20230518;8,6;18,8
PARIS-MONTSOURIS;20230519;9,2;20,8
PARIS-MONTSOURIS;20230520;11,8;22,4
PARIS-MONTSOURIS;20230521;13,3;22,4
PARIS-MONTSOURIS;20230522;12,8;22,9
PARIS-MONTSOURIS;20230523;12,5;20,9
PARIS-MONTSOURIS;20230524;8,6;21
PARIS-MONTSOURIS;20230525;10,6;22,7
PARIS-MONTSOURIS;20230526;11;23,7
PARIS-MONTSOURIS;20230527;12,1;25,5
PARIS-MONTSOURIS;20230528;13,9;27,5
PARIS-MONTSOURIS;20230529;13,7;25,6
PARIS-MONTSOURIS;20230530;12;23,8
PARIS-MONTSOURIS;20230531;12,2;27,2
PARIS-MONTSOURIS;20230601;14,6;28
PARIS-MONTSOURIS;20230602;10,8;22
PARIS-MONTSOURIS;20230603;11,8;25,7
PARIS-MONTSOURIS;20230604;14,1;27,1
PARIS-MONTSOURIS;20230605;13,6;27,1
PARIS-MONTSOURIS;20230606;12,3;28,1
PARIS-MONTSOURIS;20230607;14,3;29,2
PARIS-MONTSOURIS;20230608;15,7;29,3
PARIS-MONTSOURIS;20230609;17,5;30,8
PARIS-MONTSOURIS;20230610;19,4;30,7
PARIS-MONTSOURIS;20230611;20,5;27,3
PARIS-MONTSOURIS;20230612;18;28,1
PARIS-MONTSOURIS;20230613;17,5;30
PARIS-MONTSOURIS;20230614;16,9;30,1
PARIS-MONTSOURIS;20230615;17,9;29
PARIS-MONTSOURIS;20230616;18,1;30,3
PARIS-MONTSOURIS;20230617;19,7;31,1
PARIS-MONTSOURIS;20230618;19,2;30,3
PARIS-MONTSOURIS;20230619;16,2;25,8
PARIS-MONTSOURIS;20230620;18,3;27,6
PARIS-MONTSOURIS;20230621;18,1;28,7
PARIS-MONTSOURIS;20230622;17,8;25,3
PARIS-MONTSOURIS;20230623;15,9;29,6
PARIS-MONTSOURIS;20230624;17,8;30,7
PARIS-MONTSOURIS;20230625;19,6;33,8
PARIS-MONTSOURIS;20230626;16,7;24
PARIS-MONTSOURIS;20230627;15,8;25,6
PARIS-MONTSOURIS;20230628;16,9;26,3
PARIS-MONTSOURIS;20230629;20,1;26,1
PARIS-MONTSOURIS;20230630;15,5;24,4
PARIS-MONTSOURIS;20230701;16,5;23,5
PARIS-MONTSOURIS;20230702;14,6;24,2
PARIS-MONTSOURIS;20230703;16,7;24,5
PARIS-MONTSOURIS;20230704;15;24,7
PARIS-MONTSOURIS;20230705;12,1;21,9
PARIS-MONTSOURIS;20230706;13,8;27,3
PARIS-MONTSOURIS;20230707;16,6;31,6
PARIS-MONTSOURIS;20230708;21,1;34,2
PARIS-MONTSOURIS;20230709;21,7;28,5
PARIS-MONTSOURIS;20230710;18,3;29,6
PARIS-MONTSOURIS;20230711;17,9;32
PARIS-MONTSOURIS;20230712;17,1;25,3
PARIS-MONTSOURIS;20230713;16,9;24,2
PARIS-MONTSOURIS;20230714;17,3;31,8
PARIS-MONTSOURIS;20230715;20,3;25,5
PARIS-MONTSOURIS;20230716;14,8;25,6
PARIS-MONTSOURIS;20230717;13,9;25,4
PARIS-MONTSOURIS;20230718;15,9;29,7
PARIS-MONTSOURIS;20230719;17,3;23,9
PARIS-MONTSOURIS;20230720;15,4;25,9
PARIS-MONTSOURIS;20230721;15,7;24,4
PARIS-MONTSOURIS;20230722;14,1;26,3
PARIS-MONTSOURIS;20230723;17,6;25,1
PARIS-MONTSOURIS;20230724;17,4;24
PARIS-MONTSOURIS;20230725;13,8;20,2
PARIS-MONTSOURIS;20230726;12,3;24,1
PARIS-MONTSOURIS;20230727;18,7;22,3
PARIS-MONTSOURIS;20230728;18,6;24,9
PARIS-MONTSOURIS;20230729;16,8;25,9
PARIS-MONTSOURIS;20230730;15,6;24,2
PARIS-MONTSOURIS;20230731;17,6;21,4
PARIS-MONTSOURIS;20230801;15,6;22,6
PARIS-MONTSOURIS;20230802;17;24,7
PARIS-MONTSOURIS;20230803;15,4;20
PARIS-MONTSOURIS;20230804;15,2;22,1
PARIS-MONTSOURIS;20230805;13,4;19,5
PARIS-MONTSOURIS;20230806;13,7;19,4
PARIS-MONTSOURIS;20230807;12,8;22,8
PARIS-MONTSOURIS;20230808;15,4;24,1
PARIS-MONTSOURIS;20230809;17,1;25
PARIS-MONTSOURIS;20230810;16;29
PARIS-MONTSOURIS;20230811;18;27,4
PARIS-MONTSOURIS;20230812;18,1;26,6
PARIS-MONTSOURIS;20230813;16,3;25
PARIS-MONTSOURIS;20230814;16;28,9
PARIS-MONTSOURIS;20230815;17,7;25,3
PARIS-MONTSOURIS;20230816;17,9;28,2
PARIS-MONTSOURIS;20230817;18,6;29,2
PARIS-MONTSOURIS;20230818;19,5;31,9
PARIS-MONTSOURIS;20230819;21,3;27,4
PARIS-MONTSOURIS;20230820;18,4;31
PARIS-MONTSOURIS;20230821;18,6;29,5
PARIS-MONTSOURIS;20230822;19,1;31,2
PARIS-MONTSOURIS;20230823;18,8;31,9
PARIS-MONTSOURIS;20230824;21,3;28,5
PARIS-MONTSOURIS;20230825;19,7;21,9
PARIS-MONTSOURIS;20230826;14,1;22,7
PARIS-MONTSOURIS;20230827;13,3;21,3
PARIS-MONTSOURIS;20230828;13,9;21,3
PARIS-MONTSOURIS;20230829;13,6;21,2
PARIS-MONTSOURIS;20230830;13,8;20,4
PARIS-MONTSOURIS;20230831;13,9;18,9
PARIS-MONTSOURIS;20230901;17,1;23,4
PARIS-MONTSOURIS;20230902;16,5;30,4
PARIS-MONTSOURIS;20230903;18,9;31,9
PARIS-MONTSOURIS;20230904;18,2;31,5
PARIS-MONTSOURIS;20230905;18,7;33,9
PARIS-MONTSOURIS;20230906;20,7;33,7
PARIS-MONTSOURIS;20230907;18;33,6
PARIS-MONTSOURIS;20230908;20,2;35,1
PARIS-MONTSOURIS;20230909;21,5;35,5
PARIS-MONTSOURIS;20230910;21,1;34,8
PARIS-MONTSOURIS;20230911;20,5;28
PARIS-MONTSOURIS;20230912;18,6;19,9
PARIS-MONTSOURIS;20230913;17,1;22,1
PARIS-MONTSOURIS;20230914;16,2;25,5
PARIS-MONTSOURIS;20230915;15,9;28,4
PARIS-MONTSOURIS;20230916;16,4;26,1
PARIS-MONTSOURIS;20230917;17,4;26,8
PARIS-MONTSOURIS;20230918;17,2;24,5
PARIS-MONTSOURIS;20230919;13,4;21,6
PARIS-MONTSOURIS;20230920;15,9;24,5
PARIS-MONTSOURIS;20230921;14,8;17,4
PARIS-MONTSOURIS;20230922;12,5;17,4
PARIS-MONTSOURIS;20230923;10,7;18
PARIS-MONTSOURIS;20230924;8,5;22
PARIS-MONTSOURIS;20230925;10;23,9
PARIS-MONTSOURIS;20230926;14,1;26,2
PARIS-MONTSOURIS;20230927;13,8;27,1
PARIS-MONTSOURIS;20230928;16,8;23
PARIS-MONTSOURIS;20230929;18,4;21,7
PARIS-MONTSOURIS;20230930;12,1;22,3
PARIS-MONTSOURIS;20231001;12,8;27,4
PARIS-MONTSOURIS;20231002;14,5;28,6
PARIS-MONTSOURIS;20231003;16,7;20,4
PARIS-MONTSOURIS;20231004;10,6;18,3
PARIS-MONTSOURIS;20231005;11,6;20,1
PARIS-MONTSOURIS;20231006;9,5;22
PARIS-MONTSOURIS;20231007;10,8;24,1
PARIS-MONTSOURIS;20231008;12,7;27,3
PARIS-MONTSOURIS;20231009;14;26,6
PARIS-MONTSOURIS;20231010;12,4;28
PARIS-MONTSOURIS;20231011;12,8;25,7
PARIS-MONTSOURIS;20231012;16,5;22,6
PARIS-MONTSOURIS;20231013;17,3;25,6
PARIS-MONTSOURIS;20231014;12;15
PARIS-MONTSOURIS;20231015;8,9;13,6
PARIS-MONTSOURIS;20231016;5,6;13,9
PARIS-MONTSOURIS;20231017;5,9;16,7
PARIS-MONTSOURIS;20231018;11,2;18,6
PARIS-MONTSOURIS;20231019;15,3;22,6
PARIS-MONTSOURIS;20231020;13,8;18,5
PARIS-MONTSOURIS;20231021;12,2;15,9
PARIS-MONTSOURIS;20231022;11,8;16,6
PARIS-MONTSOURIS;20231023;8,5;12,1
PARIS-MONTSOURIS;20231024;11,1;16,8
PARIS-MONTSOURIS;20231025;11,4;15,3
PARIS-MONTSOURIS;20231026;10,4;15,4
PARIS-MONTSOURIS;20231027;10,9;15,4
PARIS-MONTSOURIS;20231028;10,2;14,7
PARIS-MONTSOURIS;20231029;11,5;16,9
PARIS-MONTSOURIS;20231030;10;13,6
PARIS-MONTSOURIS;20231031;8,4;15,7
PARIS-MONTSOURIS;20231101;11,2;14,2
PARIS-MONTSOURIS;20231102;10,4;14,4
PARIS-MONTSOURIS;20231103;5,9;10,5
PARIS-MONTSOURIS;20231104;7,7;15
PARIS-MONTSOURIS;20231105;10,4;14,7
PARIS-MONTSOURIS;20231106;8,5;14,6
PARIS-MONTSOURIS;20231107;7,5;13
PARIS-MONTSOURIS;20231108;7,2;13,2
PARIS-MONTSOURIS;20231109;7,9;11,8
PARIS-MONTSOURIS;20231110;6,6;12,3
PARIS-MONTSOURIS;20231111;6,3;11,9
PARIS-MONTSOURIS;20231112;6,7;14,3
PARIS-MONTSOURIS;20231113;11,9;17,1
PARIS-MONTSOURIS;20231114;11,6;13,6
PARIS-MONTSOURIS;20231115;10;14
PARIS-MONTSOURIS;20231116;8,1;10,8
PARIS-MONTSOURIS;20231117;7,7;12,3
PARIS-MONTSOURIS;20231118;8,5;14,6
PARIS-MONTSOURIS;20231119;11,9;15,4
PARIS-MONTSOURIS;20231120;10,1;12,8
PARIS-MONTSOURIS;20231121;9,6;12,2
PARIS-MONTSOURIS;20231122;5,8;9,8
PARIS-MONTSOURIS;20231123;6,2;12,5
PARIS-MONTSOURIS;20231124;7,2;11,9
PARIS-MONTSOURIS;20231125;3,9;8,1
PARIS-MONTSOURIS;20231126;1,6;6,9
PARIS-MONTSOURIS;20231127;4,1;9,3
PARIS-MONTSOURIS;20231128;4,8;7,1
PARIS-MONTSOURIS;20231129;2,8;9,7
PARIS-MONTSOURIS;20231130;2,8;7,4
PARIS-MONTSOURIS;20231201;1,4;4
PARIS-MONTSOURIS;20231202;-1,3;3,4
PARIS-MONTSOURIS;20231203;-2,1;3,8
PARIS-MONTSOURIS;20231204;2,2;9,5
PARIS-MONTSOURIS;20231205;6,6;8,9
PARIS-MONTSOURIS;20231206;5,1;8,9
PARIS-MONTSOURIS;20231207;3;8,1
PARIS-MONTSOURIS;20231208;5,6;11,3
PARIS-MONTSOURIS;20231209;6;13,4
PARIS-MONTSOURIS;20231210;8,8;12,7
PARIS-MONTSOURIS;20231211;10,3;12,9
PARIS-MONTSOURIS;20231212;10,1;13
PARIS-MONTSOURIS;20231213;7,5;10,1
PARIS-MONTSOURIS;20231214;7,6;8,7
PARIS-MONTSOURIS;20231215;7,8;10,9
PARIS-MONTSOURIS;20231216;4,9;11,7
PARIS-MONTSOURIS;20231217;0,5;5,3
PARIS-MONTSOURIS;20231218;0,7;5,1
PARIS-MONTSOURIS;20231219;2,1;9,8
PARIS-MONTSOURIS;20231220;5,7;10,5
PARIS-MONTSOURIS;20231221;9,4;12,3
PARIS-MONTSOURIS;20231222;9,8;11,4
PARIS-MONTSOURIS;20231223;9;12,2
PARIS-MONTSOURIS;20231224;9,6;12,6
PARIS-MONTSOURIS;20231225;11,5;12,5
PARIS-MONTSOURIS;20231226;10,3;11,3
PARIS-MONTSOURIS;20231227;7,8;11
PARIS-MONTSOURIS;20231228;9;11,9
PARIS-MONTSOURIS;20231229;8,8;11,8
PARIS-MONTSOURIS;20231230;6,9;11,2
PARIS-MONTSOURIS;20231231;8,1;11,4
PARIS-MONTSOURIS;20240101;6,1;11,1
PARIS-MONTSOURIS;20240102;9;12,1
PARIS-MONTSOURIS;20240103;10,1;12,7
PARIS-MONTSOURIS;20240104;7,5;11,1
PARIS-MONTSOURIS;20240105;6,1;9,7
PARIS-MONTSOURIS;20240106;5,4;7,5
PARIS-MONTSOURIS;20240107;2,9;4
PARIS-MONTSOURIS;20240108;-1,2;-0,2
PARIS-MONTSOURIS;20240109;-2,1;-1,2
PARIS-MONTSOURIS;20240110;-2,2;1,2
PARIS-MONTSOURIS;20240111;-1,5;2,6
PARIS-MONTSOURIS;20240112;-0,4;3,5
PARIS-MONTSOURIS;20240113;-1,4;-0,8
PARIS-MONTSOURIS;20240114;-2,9;1,7
PARIS-MONTSOURIS;20240115;-0,8;5
PARIS-MONTSOURIS;20240116;-3,2;4,1
PARIS-MONTSOURIS;20240117;-0,3;5,4
PARIS-MONTSOURIS;20240118;-0,5;3,2
PARIS-MONTSOURIS;20240119;-1,7;5,5
PARIS-MONTSOURIS;20240120;-3,9;3,2
PARIS-MONTSOURIS;20240121;-1;11,6
PARIS-MONTSOURIS;20240122;7,9;13,3
PARIS-MONTSOURIS;20240123;7,6;14
PARIS-MONTSOURIS;20240124;11,8;14,5
PARIS-MONTSOURIS;20240125;10,2;13,5
PARIS-MONTSOURIS;20240126;8,8;12,3
PARIS-MONTSOURIS;20240127;1,4;8,7
PARIS-MONTSOURIS;20240128;1,5;9,1
PARIS-MONTSOURIS;20240129;4,1;14,4
PARIS-MONTSOURIS;20240130;8,9;11,7
PARIS-MONTSOURIS;20240131;5,6;10,5
PARIS-MONTSOURIS;20240201;7,6;12,1
PARIS-MONTSOURIS;20240202;3,9;10,4
PARIS-MONTSOURIS;20240203;7,5;10,9
PARIS-MONTSOURIS;20240204;9,5;10,8
PARIS-MONTSOURIS;20240205;8,1;9,3
PARIS-MONTSOURIS;20240206;7,6;12,2
PARIS-MONTSOURIS;20240207;10,8;12,5
PARIS-MONTSOURIS;20240208;11,6;13,9
PARIS-MONTSOURIS;20240209;10,2;14
PARIS-MONTSOURIS;20240210;7,7;10,6
PARIS-MONTSOURIS;20240211;6,9;11
PARIS-MONTSOURIS;20240212;5,5;11
PARIS-MONTSOURIS;20240213;3,3;10,6
PARIS-MONTSOURIS;20240214;9,7;15,7
PARIS-MONTSOURIS;20240215;9,9;18,7
PARIS-MONTSOURIS;20240216;12,4;14,5
PARIS-MONTSOURIS;20240217;10,4;15,8
PARIS-MONTSOURIS;20240218;7,2;12,2
PARIS-MONTSOURIS;20240219;10,3;11,9
PARIS-MONTSOURIS;20240220;7,3;10,6
PARIS-MONTSOURIS;20240221;6,6;12
PARIS-MONTSOURIS;20240222;8,4;13,4
PARIS-MONTSOURIS;20240223;4,5;9,8
PARIS-MONTSOURIS;20240224;3,4;9,3
PARIS-MONTSOURIS;20240225;5;9
PARIS-MONTSOURIS;20240226;6,1;10,3
PARIS-MONTSOURIS;20240227;5,1;9,6
PARIS-MONTSOURIS;20240228;2,7;11,2
PARIS-MONTSOURIS;20240229;7,6;10,7
PARIS-MONTSOURIS;20240301;4,7;11,1
PARIS-MONTSOURIS;20240302;4,9;8,9
PARIS-MONTSOURIS;20240303;5,5;9,7
PARIS-MONTSOURIS;20240304;2,6;12
PARIS-MONTSOURIS;20240305;6,7;10,8
PARIS-MONTSOURIS;20240306;5,4;10,3
PARIS-MONTSOURIS;20240307;3,8;14,2
PARIS-MONTSOURIS;20240308;3,6;13,9
PARIS-MONTSOURIS;20240309;6,4;14,5
PARIS-MONTSOURIS;20240310;7,1;11,4
PARIS-MONTSOURIS;20240311;6,4;13
PARIS-MONTSOURIS;20240312;7,7;12
PARIS-MONTSOURIS;20240313;10,4;14,1
PARIS-MONTSOURIS;20240314;6,5;18,7
PARIS-MONTSOURIS;20240315;12,8;17,6
PARIS-MONTSOURIS;20240316;10;15,3
PARIS-MONTSOURIS;20240317;10,3;15,2
PARIS-MONTSOURIS;20240318;12,4;17,4
PARIS-MONTSOURIS;20240319;9,2;18,8
PARIS-MONTSOURIS;20240320;9,3;21,2
PARIS-MONTSOURIS;20240321;10,7;19,8
PARIS-MONTSOURIS;20240322;10,4;18,9
PARIS-MONTSOURIS;20240323;5;12,4
PARIS-MONTSOURIS;20240324;4,8;13
PARIS-MONTSOURIS;20240325;3,7;14,3
PARIS-MONTSOURIS;20240326;8,5;12,6
PARIS-MONTSOURIS;20240327;6;13,9
PARIS-MONTSOURIS;20240328;5,8;13
PARIS-MONTSOURIS;20240329;8,7;16,1
PARIS-MONTSOURIS;20240330;7;11,6
PARIS-MONTSOURIS;20240331;7,8;16,8
PARIS-MONTSOURIS;20240401;8,4;14,4
PARIS-MONTSOURIS;20240402;8,1;14,8
PARIS-MONTSOURIS;20240403;10,3;17,7
PARIS-MONTSOURIS;20240404;10,2;19,7
PARIS-MONTSOURIS;20240405;13,2;18,5
PARIS-MONTSOURIS;20240406;13;24,4
PARIS-MONTSOURIS;20240407;14,8;18,9
PARIS-MONTSOURIS;20240408;11,1;23,3
PARIS-MONTSOURIS;20240409;8,6;13,5
PARIS-MONTSOURIS;20240410;6,2;17,2
PARIS-MONTSOURIS;20240411;11,4;19,6
PARIS-MONTSOURIS;20240412;10,8;23,8
PARIS-MONTSOURIS;20240413;12,4;26,7
PARIS-MONTSOURIS;20240414;11,3;20,4
PARIS-MONTSOURIS;20240415;8,1;15
PARIS-MONTSOURIS;20240416;7,2;13,5
PARIS-MONTSOURIS;20240417;6,6;12,5
PARIS-MONTSOURIS;20240418;4;14
PARIS-MONTSOURIS;20240419;8,5;12
PARIS-MONTSOURIS;20240420;5,5;11,4
PARIS-MONTSOURIS;20240421;4,7;13,1
PARIS-MONTSOURIS;20240422;4,2;13
PARIS-MONTSOURIS;20240423;3,6;13
PARIS-MONTSOURIS;20240424;6,8;10,6
PARIS-MONTSOURIS;20240425;4,3;14,2
PARIS-MONTSOURIS;20240426;5,5;16,4
PARIS-MONTSOURIS;20240427;9,9;16,9
PARIS-MONTSOURIS;20240428;9,7;18,2
PARIS-MONTSOURIS;20240429;7,4;19,8
PARIS-MONTSOURIS;20240430;12,3;19,6
PARIS-MONTSOURIS;20240501;13;20,3
PARIS-MONTSOURIS;20240502;11;13,5
PARIS-MONTSOURIS;20240503;9,2;18,1
PARIS-MONTSOURIS;20240504;6,7;15,2
PARIS-MONTSOURIS;20240505;10;17,9
PARIS-MONTSOURIS;20240506;10,9;19,7
PARIS-MONTSOURIS;20240507;9,7;20,6
PARIS-MONTSOURIS;20240508;9,3;14,5
PARIS-MONTSOURIS;20240509;9,5;22,3
PARIS-MONTSOURIS;20240510;12,2;25,5
PARIS-MONTSOURIS;20240511;13,5;27,5
PARIS-MONTSOURIS;20240512;15,5;27,6
PARIS-MONTSOURIS;20240513;15,3;22,9
PARIS-MONTSOURIS;20240514;13,6;16,2
PARIS-MONTSOURIS;20240515;12,5;22,3
PARIS-MONTSOURIS;20240516;12,6;20,9
PARIS-MONTSOURIS;20240517;10,4;21,2
PARIS-MONTSOURIS;20240518;12,7;21,1
PARIS-MONTSOURIS;20240519;14,5;22,3
PARIS-MONTSOURIS;20240520;12,5;22,9
PARIS-MONTSOURIS;20240521;13,2;21,4
PARIS-MONTSOURIS;20240522;13,6;21
PARIS-MONTSOURIS;20240523;13,4;20,7
PARIS-MONTSOURIS;20240524;13,3;20,3
PARIS-MONTSOURIS;20240525;11,6;23,2
PARIS-MONTSOURIS;20240526;15,7;23,1
PARIS-MONTSOURIS;20240527;13,9;18,1
PARIS-MONTSOURIS;20240528;10;17,1
PARIS-MONTSOURIS;20240529;14,1;17
PARIS-MONTSOURIS;20240530;12,4;16,4
PARIS-MONTSOURIS;20240531;12,8;16,6
PARIS-MONTSOURIS;20240601;13;14,2
PARIS-MONTSOURIS;20240602;12,2;17,9
PARIS-MONTSOURIS;20240603;10;23,2
PARIS-MONTSOURIS;20240604;14,3;24,6
PARIS-MONTSOURIS;20240605;15,1;21,5
PARIS-MONTSOURIS;20240606;11,1;21,8
PARIS-MONTSOURIS;20240607;10,9;22,7
PARIS-MONTSOURIS;20240608;11,7;22,5
PARIS-MONTSOURIS;20240609;12,2;22,1
PARIS-MONTSOURIS;20240610;11,6;17,8
PARIS-MONTSOURIS;20240611;9,9;18,2
PARIS-MONTSOURIS;20240612;9,6;18,8
PARIS-MONTSOURIS;20240613;10,8;21,4
PARIS-MONTSOURIS;20240614;13,3;23,5
PARIS-MONTSOURIS;20240615;11,6;18,2
PARIS-MONTSOURIS;20240616;13,1;19,1
PARIS-MONTSOURIS;20240617;14,5;24,4
PARIS-MONTSOURIS;20240618;16,5;24,7
PARIS-MONTSOURIS;20240619;16,3;22,6
PARIS-MONTSOURIS;20240620;16,4;23
PARIS-MONTSOURIS;20240621;16,6;24,6
PARIS-MONTSOURIS;20240622;13,6;21,2
PARIS-MONTSOURIS;20240623;13,3;25
PARIS-MONTSOURIS;20240624;15,6;29
PARIS-MONTSOURIS;20240625;18,2;30,6
PARIS-MONTSOURIS;20240626;19,9;31,1
PARIS-MONTSOURIS;20240627;20;31
PARIS-MONTSOURIS;20240628;15;25,1
PARIS-MONTSOURIS;20240629;15;24,1
PARIS-MONTSOURIS;20240630;15;24,3
PARIS-MONTSOURIS;20240701;15,3;20,6
PARIS-MONTSOURIS;20240702;15,2;21,9
PARIS-MONTSOURIS;20240703;13,8;20,9
PARIS-MONTSOURIS;20240704;14,7;22,4
PARIS-MONTSOURIS;20240705;13,3;26,8
PARIS-MONTSOURIS;20240706;14,4;21,7
PARIS-MONTSOURIS;20240707;11,1;22,5
PARIS-MONTSOURIS;20240708;13,3;26,5
PARIS-MONTSOURIS;20240709;17,4;25,6
PARIS-MONTSOURIS;20240710;19,1;26
PARIS-MONTSOURIS;20240711;16,9;25,9
PARIS-MONTSOURIS;20240712;14,2;20,3
PARIS-MONTSOURIS;20240713;13;23,8
PARIS-MONTSOURIS;20240714;13,3;23,7
PARIS-MONTSOURIS;20240715;14,1;27,2
PARIS-MONTSOURIS;20240716;15,9;23,6
PARIS-MONTSOURIS;20240717;15;26,2
PARIS-MONTSOURIS;20240718;17;30,1
PARIS-MONTSOURIS;20240719;20;34,4
PARIS-MONTSOURIS;20240720;20,6;31,2
PARIS-MONTSOURIS;20240721;19,7;26,3
PARIS-MONTSOURIS;20240722;15,3;25,7
PARIS-MONTSOURIS;20240723;18,8;23,5
PARIS-MONTSOURIS;20240724;15,6;25,9
PARIS-MONTSOURIS;20240725;18,2;28,9
PARIS-MONTSOURIS;20240726;18,4;22,3
PARIS-MONTSOURIS;20240727;16,4;19
PARIS-MONTSOURIS;20240728;13;25,7
PARIS-MONTSOURIS;20240729;16,6;31,5
PARIS-MONTSOURIS;20240730;21,1;36,2
PARIS-MONTSOURIS;20240731;21,3;32,4
PARIS-MONTSOURIS;20240801;20,4;30,8
PARIS-MONTSOURIS;20240802;19,9;28
PARIS-MONTSOURIS;20240803;16,8;25,1
PARIS-MONTSOURIS;20240804;17,3;25,1
PARIS-MONTSOURIS;20240805;16;30
PARIS-MONTSOURIS;20240806;17,3;29,5
PARIS-MONTSOURIS;20240807;16,3;24,7
PARIS-MONTSOURIS;20240808;17,2;27,8
PARIS-MONTSOURIS;20240809;19;26,9
PARIS-MONTSOURIS;20240810;16,2;29,9
PARIS-MONTSOURIS;20240811;18,4;32,6
PARIS-MONTSOURIS;20240812;21,6;37,1
PARIS-MONTSOURIS;20240813;20,9;26,8
PARIS-MONTSOURIS;20240814;20,3;28,2
PARIS-MONTSOURIS;20240815;19,4;27,3
PARIS-MONTSOURIS;20240816;18,2;26,1
PARIS-MONTSOURIS;20240817;19,8;20,6
PARIS-MONTSOURIS;20240818;14,9;21,3
PARIS-MONTSOURIS;20240819;13,2;23,6
PARIS-MONTSOURIS;20240820;13,9;24,8
PARIS-MONTSOURIS;20240821;12,3;22,5
PARIS-MONTSOURIS;20240822;12,1;26
PARIS-MONTSOURIS;20240823;16,6;26,2
PARIS-MONTSOURIS;20240824;18,6;30,3
PARIS-MONTSOURIS;20240825;11,8;22,6
PARIS-MONTSOURIS;20240826;12,5;24,5
PARIS-MONTSOURIS;20240827;14,8;28,2
PARIS-MONTSOURIS;20240828;16,3;32,4
PARIS-MONTSOURIS;20240829;17,9;25,3
PARIS-MONTSOURIS;20240830;16,8;19,1
PARIS-MONTSOURIS;20240831;15,5;25
PARIS-MONTSOURIS;20240901;18,8;29,2
PARIS-MONTSOURIS;20240902;17,6;26,3
PARIS-MONTSOURIS;20240903;18,2;21,8
PARIS-MONTSOURIS;20240904;17;22,6
PARIS-MONTSOURIS;20240905;15,5;17,9
PARIS-MONTSOURIS;20240906;12,5;23,7
PARIS-MONTSOURIS;20240907;16,9;22,6
PARIS-MONTSOURIS;20240908;13,1;21,9
PARIS-MONTSOURIS;20240909;15,2;18,2
PARIS-MONTSOURIS;20240910;11,9;18,5
PARIS-MONTSOURIS;20240911;11,9;17,4
PARIS-MONTSOURIS;20240912;9;15,9
PARIS-MONTSOURIS;20240913;8;17,9
PARIS-MONTSOURIS;20240914;8,5;18,2
PARIS-MONTSOURIS;20240915;8,5;20
PARIS-MONTSOURIS;20240916;12,8;19,9
PARIS-MONTSOURIS;20240917;13,9;21,7
PARIS-MONTSOURIS;20240918;14,1;24,2
PARIS-MONTSOURIS;20240919;15,4;25,9
PARIS-MONTSOURIS;20240920;14,5;24,7
PARIS-MONTSOURIS;20240921;15;24,4
PARIS-MONTSOURIS;20240922;16,8;20,3
PARIS-MONTSOURIS;20240923;14,4;20,4
PARIS-MONTSOURIS;20240924;13,5;17,7
PARIS-MONTSOURIS;20240925;13,2;16,3
PARIS-MONTSOURIS;20240926;14,9;19,6
PARIS-MONTSOURIS;20240927;11,5;17,4
PARIS-MONTSOURIS;20240928;8,5;15,3
PARIS-MONTSOURIS;20240929;6,4;14,1
PARIS-MONTSOURIS;20240930;11,9;18
PARIS-MONTSOURIS;20241001;12,1;18,7
PARIS-MONTSOURIS;20241002;12,6;15,3
PARIS-MONTSOURIS;20241003;11,7;14,5
PARIS-MONTSOURIS;20241004;7,3;17,3
PARIS-MONTSOURIS;20241005;7,5;18
PARIS-MONTSOURIS;20241006;10,5;17,1
PARIS-MONTSOURIS;20241007;12,8;17,2
PARIS-MONTSOURIS;20241008;12,9;19,4
PARIS-MONTSOURIS;20241009;13,4;16,6
PARIS-MONTSOURIS;20241010;12,4;17,9
PARIS-MONTSOURIS;20241011;8;15,7
PARIS-MONTSOURIS;20241012;8,6;15,1
PARIS-MONTSOURIS;20241013;10;16,1
PARIS-MONTSOURIS;20241014;10,6;19,7
PARIS-MONTSOURIS;20241015;12,5;19
PARIS-MONTSOURIS;20241016;15,1;25,9
PARIS-MONTSOURIS;20241017;16,1;18,7
PARIS-MONTSOURIS;20241018;12,7;15
PARIS-MONTSOURIS;20241019;10,9;16,4
PARIS-MONTSOURIS;20241020;12,1;18,9
PARIS-MONTSOURIS;20241021;16,1;20
PARIS-MONTSOURIS;20241022;11,3;17,5
PARIS-MONTSOURIS;20241023;9,1;18,2
PARIS-MONTSOURIS;20241024;7,9;19,1
PARIS-MONTSOURIS;20241025;11,9;20,4
PARIS-MONTSOURIS;20241026;14,8;18,4
PARIS-MONTSOURIS;20241027;13,9;16,9
PARIS-MONTSOURIS;20241028;12,2;16,4
PARIS-MONTSOURIS;20241029;10,7;13,4
PARIS-MONTSOURIS;20241030;10;13,9
PARIS-MONTSOURIS;20241031;10,3;11,6
PARIS-MONTSOURIS;20241101;8,8;11,3
PARIS-MONTSOURIS;20241102;9,9;12,4
PARIS-MONTSOURIS;20241103;9,4;10,9
PARIS-MONTSOURIS;20241104;6;15,1
PARIS-MONTSOURIS;20241105;7,9;12,3
PARIS-MONTSOURIS;20241106;9,4;12
PARIS-MONTSOURIS;20241107;10;12,3
PARIS-MONTSOURIS;20241108;7,4;9,9
PARIS-MONTSOURIS;20241109;9,5;11,3
PARIS-MONTSOURIS;20241110;9,9;12
PARIS-MONTSOURIS;20241111;7,1;13
PARIS-MONTSOURIS;20241112;8,2;10,6
PARIS-MONTSOURIS;20241113;7,5;9,7
PARIS-MONTSOURIS;20241114;7,1;12,8
PARIS-MONTSOURIS;20241115;9,3;10,8
PARIS-MONTSOURIS;20241116;7,2;10,3
PARIS-MONTSOURIS;20241117;4,6;10
PARIS-MONTSOURIS;20241118;7,3;11,4
PARIS-MONTSOURIS;20241119;8,7;12,6
PARIS-MONTSOURIS;20241120;3,2;7,6
PARIS-MONTSOURIS;20241121;0,6;1,8
PARIS-MONTSOURIS;20241122;-0,7;4,8
PARIS-MONTSOURIS;20241123;0,9;12,7
PARIS-MONTSOURIS;20241124;8,6;17,3
PARIS-MONTSOURIS;20241125;9,1;14,8
PARIS-MONTSOURIS;20241126;8,1;10,3
PARIS-MONTSOURIS;20241127;7,8;13,9
PARIS-MONTSOURIS;20241128;6,4;10,5
PARIS-MONTSOURIS;20241129;2,3;8,7
PARIS-MONTSOURIS;20241130;1,1;7,9
PARIS-MONTSOURIS;20241201;0,9;11
PARIS-MONTSOURIS;20241202;8,9;12,8
PARIS-MONTSOURIS;20241203;6,5;8,6
PARIS-MONTSOURIS;20241204;4,1;8,1
PARIS-MONTSOURIS;20241205;4,9;13,4
PARIS-MONTSOURIS;20241206;8,5;11,7
PARIS-MONTSOURIS;20241207;7,1;10,8
PARIS-MONTSOURIS;20241208;7;8,4
PARIS-MONTSOURIS;20241209;5,4;6,7
PARIS-MONTSOURIS;20241210;4,8;6,7
PARIS-MONTSOURIS;20241211;4,6;5,4
PARIS-MONTSOURIS;20241212;4;5,2
PARIS-MONTSOURIS;20241213;0,9;3,9
PARIS-MONTSOURIS;20241214;0,7;5,5
PARIS-MONTSOURIS;20241215;3,7;10
PARIS-MONTSOURIS;20241216;8,8;9,8
PARIS-MONTSOURIS;20241217;6,5;8,1
PARIS-MONTSOURIS;20241218;6,1;13,5
PARIS-MONTSOURIS;20241219;5,6;12,6
PARIS-MONTSOURIS;20241220;3,3;8,9
PARIS-MONTSOURIS;20241221;6,9;11,8
PARIS-MONTSOURIS;20241222;4,1;8,2
PARIS-MONTSOURIS;20241223;5,6;8
PARIS-MONTSOURIS;20241224;5,2;10
PARIS-MONTSOURIS;20241225;8,4;10
PARIS-MONTSOURIS;20241226;5,4;9,1
PARIS-MONTSOURIS;20241227;1,9;8
PARIS-MONTSOURIS;20241228;-1,1;1,6
PARIS-MONTSOURIS;20241229;0,6;5
PARIS-MONTSOURIS;20241230;1,4;4,2
PARIS-MONTSOURIS;20241231;1,1;5,2
